dataset,model,evaluation_mode,utility,analysis_role,condition,method,method_label,metric,mean,ci95_low,ci95_high,n_users,n_seeds,missing_users
Amazon-Digital-Music,itemknn,full_unseen_catalogue,target_margin,full_catalogue,full_catalogue,greedy_cf,Greedy sequential deletion,aia,0.44942518937932346,0.3916398531604451,0.5049889294813074,250,5,0
Amazon-Digital-Music,itemknn,full_unseen_catalogue,target_margin,full_catalogue,full_catalogue,greedy_cf,Greedy sequential deletion,aia_ndcg,0.3683009668705503,-0.17044961258299604,0.810497879236778,6,5,244
Amazon-Digital-Music,itemknn,full_unseen_catalogue,target_margin,full_catalogue,full_catalogue,greedy_cf,Greedy sequential deletion,faithfulness_alignment,0.5730582514096894,0.5254843211354798,0.6183595374848132,250,5,0
Amazon-Digital-Music,itemknn,full_unseen_catalogue,target_margin,full_catalogue,full_catalogue,greedy_cf,Greedy sequential deletion,actionability_gap,-0.12363306203036592,-0.16905522989596072,-0.08341520444106129,250,5,0
Amazon-Digital-Music,itemknn,full_unseen_catalogue,target_margin,full_catalogue,full_catalogue,greedy_cf,Greedy sequential deletion,signed_alignment,0.060276260700764396,-0.0012179153521653134,0.12195177270255231,250,5,0
Amazon-Digital-Music,itemknn,full_unseen_catalogue,target_margin,full_catalogue,full_catalogue,greedy_cf,Greedy sequential deletion,signed_alignment_ndcg,0.6236427681320299,0.35515607797529847,0.8160928578619052,6,5,244
Amazon-Digital-Music,itemknn,full_unseen_catalogue,target_margin,full_catalogue,full_catalogue,greedy_cf,Greedy sequential deletion,direction_accuracy,0.6097928444104915,0.5865885610304727,0.6326040834818776,250,5,0
Amazon-Digital-Music,itemknn,full_unseen_catalogue,target_margin,full_catalogue,full_catalogue,greedy_cf,Greedy sequential deletion,direction_accuracy_ndcg,0.6944444444444445,0.38888888888888884,0.9444444444444445,6,5,244
Amazon-Digital-Music,itemknn,full_unseen_catalogue,target_margin,full_catalogue,full_catalogue,greedy_cf,Greedy sequential deletion,top1_precision,0.028,0.008,0.04809999999999855,250,5,0
Amazon-Digital-Music,itemknn,full_unseen_catalogue,target_margin,full_catalogue,full_catalogue,greedy_cf,Greedy sequential deletion,top3_precision,0.24266666666666664,0.21333333333333332,0.2733333333333333,250,5,0
Amazon-Digital-Music,itemknn,full_unseen_catalogue,target_margin,full_catalogue,full_catalogue,greedy_cf,Greedy sequential deletion,top5_precision,0.20753333333333335,0.18053333333333332,0.23453333333333334,250,5,0
Amazon-Digital-Music,itemknn,full_unseen_catalogue,target_margin,full_catalogue,full_catalogue,greedy_cf,Greedy sequential deletion,joint_effect_primary,-0.0010470257804664918,-0.0013507933098231694,-0.0007429387740875152,250,5,0
Amazon-Digital-Music,itemknn,full_unseen_catalogue,target_margin,full_catalogue,full_catalogue,greedy_cf,Greedy sequential deletion,joint_effect_ndcg,0.0024659794897988396,0.0,0.005863917959195359,250,5,0
Amazon-Digital-Music,itemknn,full_unseen_catalogue,target_margin,full_catalogue,full_catalogue,greedy_cf,Greedy sequential deletion,joint_effect_target_margin,-0.0010470257804664918,-0.001342108565530888,-0.0007416963892316925,250,5,0
Amazon-Digital-Music,itemknn,full_unseen_catalogue,target_margin,full_catalogue,full_catalogue,greedy_cf,Greedy sequential deletion,intervention_success,0.34,0.28,0.4,250,5,0
Amazon-Digital-Music,itemknn,full_unseen_catalogue,target_margin,full_catalogue,full_catalogue,greedy_cf,Greedy sequential deletion,abstention,0.0,0.0,0.0,250,5,0
Amazon-Digital-Music,itemknn,full_unseen_catalogue,target_margin,full_catalogue,full_catalogue,greedy_cf,Greedy sequential deletion,joint_regret_primary,0.0030517013322370052,0.0027390837006818236,0.003381772713861465,250,5,0
Amazon-Digital-Music,itemknn,full_unseen_catalogue,target_margin,full_catalogue,full_catalogue,greedy_cf,Greedy sequential deletion,normalized_regret_primary,4.505814787270545,2.0065793429936765,9.150839575437926,215,5,35
Amazon-Digital-Music,itemknn,full_unseen_catalogue,target_margin,full_catalogue,full_catalogue,greedy_cf,Greedy sequential deletion,joint_regret_ndcg,0.0024895926386048844,0.0,0.006101952586572659,250,5,0
Amazon-Digital-Music,itemknn,full_unseen_catalogue,target_margin,full_catalogue,full_catalogue,greedy_cf,Greedy sequential deletion,normalized_regret_ndcg,0.41938200260161124,0.01938200260161127,0.8193820026016112,5,5,245
Amazon-Digital-Music,itemknn,full_unseen_catalogue,target_margin,full_catalogue,full_catalogue,greedy_cf,Greedy sequential deletion,intervention_success_ndcg,0.012,0.0,0.028,250,5,0
Amazon-Digital-Music,itemknn,full_unseen_catalogue,target_margin,full_catalogue,full_catalogue,greedy_cf,Greedy sequential deletion,aia_null_mean,0.0009986307807697342,-0.002132311240890474,0.004154294089059627,250,5,0
Amazon-Digital-Music,itemknn,full_unseen_catalogue,target_margin,full_catalogue,full_catalogue,greedy_cf,Greedy sequential deletion,aia_null_p95,0.7835808698668508,0.7583081280160492,0.8084889845606791,250,5,0
Amazon-Digital-Music,itemknn,full_unseen_catalogue,target_margin,full_catalogue,full_catalogue,greedy_cf,Greedy sequential deletion,aia_permutation_p,0.315009900990099,0.2846249504950495,0.3457346534653466,250,5,0
Amazon-Digital-Music,itemknn,full_unseen_catalogue,target_margin,full_catalogue,full_catalogue,lime,LIME,aia,0.7215169201592685,0.6767789850602236,0.7639685500833657,250,5,0
Amazon-Digital-Music,itemknn,full_unseen_catalogue,target_margin,full_catalogue,full_catalogue,lime,LIME,aia_ndcg,0.1712587719036708,-0.4284205966552152,0.7497468226363525,6,5,244
Amazon-Digital-Music,itemknn,full_unseen_catalogue,target_margin,full_catalogue,full_catalogue,lime,LIME,faithfulness_alignment,0.9215359318931166,0.9012952657756512,0.9386175318304985,250,5,0
Amazon-Digital-Music,itemknn,full_unseen_catalogue,target_margin,full_catalogue,full_catalogue,lime,LIME,actionability_gap,-0.200019011733848,-0.2423122324690957,-0.16029118816320492,250,5,0
Amazon-Digital-Music,itemknn,full_unseen_catalogue,target_margin,full_catalogue,full_catalogue,lime,LIME,signed_alignment,0.9340014252571249,0.9151313498426458,0.9500896933200167,250,5,0
Amazon-Digital-Music,itemknn,full_unseen_catalogue,target_margin,full_catalogue,full_catalogue,lime,LIME,signed_alignment_ndcg,0.7096807291348362,0.4070154592375548,0.9330127018922193,6,5,244
Amazon-Digital-Music,itemknn,full_unseen_catalogue,target_margin,full_catalogue,full_catalogue,lime,LIME,direction_accuracy,0.8753511391223155,0.8571515875137935,0.8931467206731176,250,5,0
Amazon-Digital-Music,itemknn,full_unseen_catalogue,target_margin,full_catalogue,full_catalogue,lime,LIME,direction_accuracy_ndcg,0.9166666666666666,0.75,1.0,6,5,244
Amazon-Digital-Music,itemknn,full_unseen_catalogue,target_margin,full_catalogue,full_catalogue,lime,LIME,top1_precision,0.4688,0.4104,0.5272,250,5,0
Amazon-Digital-Music,itemknn,full_unseen_catalogue,target_margin,full_catalogue,full_catalogue,lime,LIME,top3_precision,0.3194666666666667,0.27626666666666666,0.36267333333333324,250,5,0
Amazon-Digital-Music,itemknn,full_unseen_catalogue,target_margin,full_catalogue,full_catalogue,lime,LIME,top5_precision,0.24365333333333333,0.209693,0.27952033333333337,250,5,0
Amazon-Digital-Music,itemknn,full_unseen_catalogue,target_margin,full_catalogue,full_catalogue,lime,LIME,joint_effect_primary,0.001368347549922399,0.001131109014818536,0.001625396605039095,250,5,0
Amazon-Digital-Music,itemknn,full_unseen_catalogue,target_margin,full_catalogue,full_catalogue,lime,LIME,joint_effect_ndcg,0.0025951928404762486,0.0,0.006143532708154651,250,5,0
Amazon-Digital-Music,itemknn,full_unseen_catalogue,target_margin,full_catalogue,full_catalogue,lime,LIME,joint_effect_target_margin,0.001368347549922399,0.0011362811641742255,0.0016173267289957384,250,5,0
Amazon-Digital-Music,itemknn,full_unseen_catalogue,target_margin,full_catalogue,full_catalogue,lime,LIME,intervention_success,0.5392,0.4784,0.6008,250,5,0
Amazon-Digital-Music,itemknn,full_unseen_catalogue,target_margin,full_catalogue,full_catalogue,lime,LIME,abstention,0.4608,0.39998000000000006,0.5232,250,5,0
Amazon-Digital-Music,itemknn,full_unseen_catalogue,target_margin,full_catalogue,full_catalogue,lime,LIME,joint_regret_primary,0.0006363280018481148,0.0005174942878756268,0.00075929473591122,250,5,0
Amazon-Digital-Music,itemknn,full_unseen_catalogue,target_margin,full_catalogue,full_catalogue,lime,LIME,normalized_regret_primary,0.455559210833423,0.39621546425170356,0.5146232021924597,215,5,35
Amazon-Digital-Music,itemknn,full_unseen_catalogue,target_margin,full_catalogue,full_catalogue,lime,LIME,joint_regret_ndcg,0.0023603792879274767,0.0,0.005924878558510878,250,5,0
Amazon-Digital-Music,itemknn,full_unseen_catalogue,target_margin,full_catalogue,full_catalogue,lime,LIME,normalized_regret_ndcg,0.4,0.0,0.8,5,5,245
Amazon-Digital-Music,itemknn,full_unseen_catalogue,target_margin,full_catalogue,full_catalogue,lime,LIME,intervention_success_ndcg,0.012,0.0,0.028,250,5,0
Amazon-Digital-Music,itemknn,full_unseen_catalogue,target_margin,full_catalogue,full_catalogue,lime,LIME,aia_null_mean,0.0006125075531332914,-0.002549977910783291,0.0037632446740466763,250,5,0
Amazon-Digital-Music,itemknn,full_unseen_catalogue,target_margin,full_catalogue,full_catalogue,lime,LIME,aia_null_p95,0.7825896531625409,0.7573543655132818,0.807476169543924,250,5,0
Amazon-Digital-Music,itemknn,full_unseen_catalogue,target_margin,full_catalogue,full_catalogue,lime,LIME,aia_permutation_p,0.17684752475247523,0.15355247524752477,0.20265386138613864,250,5,0
Amazon-Digital-Music,itemknn,full_unseen_catalogue,target_margin,full_catalogue,full_catalogue,loo,Leave-one-out,aia,0.7895246292120621,0.7443626134945387,0.8291258465358237,250,5,0
Amazon-Digital-Music,itemknn,full_unseen_catalogue,target_margin,full_catalogue,full_catalogue,loo,Leave-one-out,aia_ndcg,0.17183670529731918,-0.4278426632615669,0.7491869744869449,6,5,244
Amazon-Digital-Music,itemknn,full_unseen_catalogue,target_margin,full_catalogue,full_catalogue,loo,Leave-one-out,faithfulness_alignment,1.0,1.0,1.0,250,5,0
Amazon-Digital-Music,itemknn,full_unseen_catalogue,target_margin,full_catalogue,full_catalogue,loo,Leave-one-out,actionability_gap,-0.21047537078793802,-0.25439140069162736,-0.171506362348701,250,5,0
Amazon-Digital-Music,itemknn,full_unseen_catalogue,target_margin,full_catalogue,full_catalogue,loo,Leave-one-out,signed_alignment,0.9565633743734209,0.9382869301192004,0.9717185525179061,250,5,0
Amazon-Digital-Music,itemknn,full_unseen_catalogue,target_margin,full_catalogue,full_catalogue,loo,Leave-one-out,signed_alignment_ndcg,0.7102586625284845,0.39925442856441135,0.9330127018922193,6,5,244
Amazon-Digital-Music,itemknn,full_unseen_catalogue,target_margin,full_catalogue,full_catalogue,loo,Leave-one-out,direction_accuracy,0.8905973644003057,0.8724553451532128,0.9079477391562686,250,5,0
Amazon-Digital-Music,itemknn,full_unseen_catalogue,target_margin,full_catalogue,full_catalogue,loo,Leave-one-out,direction_accuracy_ndcg,0.9166666666666666,0.75,1.0,6,5,244
Amazon-Digital-Music,itemknn,full_unseen_catalogue,target_margin,full_catalogue,full_catalogue,loo,Leave-one-out,top1_precision,0.5,0.44,0.56,250,5,0
Amazon-Digital-Music,itemknn,full_unseen_catalogue,target_margin,full_catalogue,full_catalogue,loo,Leave-one-out,top3_precision,0.3466666666666666,0.30133333333333334,0.392,250,5,0
Amazon-Digital-Music,itemknn,full_unseen_catalogue,target_margin,full_catalogue,full_catalogue,loo,Leave-one-out,top5_precision,0.2647333333333334,0.2273983333333333,0.3024666666666667,250,5,0
Amazon-Digital-Music,itemknn,full_unseen_catalogue,target_margin,full_catalogue,full_catalogue,loo,Leave-one-out,joint_effect_primary,0.0013871405299843195,0.0011494409442103007,0.0016421941832070123,250,5,0
Amazon-Digital-Music,itemknn,full_unseen_catalogue,target_margin,full_catalogue,full_catalogue,loo,Leave-one-out,joint_effect_ndcg,0.0025951928404762486,0.0,0.0060948760571433195,250,5,0
Amazon-Digital-Music,itemknn,full_unseen_catalogue,target_margin,full_catalogue,full_catalogue,loo,Leave-one-out,joint_effect_target_margin,0.0013871405299843195,0.0011526249083676796,0.0016341156321218091,250,5,0
Amazon-Digital-Music,itemknn,full_unseen_catalogue,target_margin,full_catalogue,full_catalogue,loo,Leave-one-out,intervention_success,0.544,0.484,0.604,250,5,0
Amazon-Digital-Music,itemknn,full_unseen_catalogue,target_margin,full_catalogue,full_catalogue,loo,Leave-one-out,abstention,0.456,0.392,0.5160999999999986,250,5,0
Amazon-Digital-Music,itemknn,full_unseen_catalogue,target_margin,full_catalogue,full_catalogue,loo,Leave-one-out,joint_regret_primary,0.0006175350217861942,0.0004976799385643209,0.0007432817833946771,250,5,0
Amazon-Digital-Music,itemknn,full_unseen_catalogue,target_margin,full_catalogue,full_catalogue,loo,Leave-one-out,normalized_regret_primary,0.44127084679554796,0.38017959681931146,0.5021960100389575,215,5,35
Amazon-Digital-Music,itemknn,full_unseen_catalogue,target_margin,full_catalogue,full_catalogue,loo,Leave-one-out,joint_regret_ndcg,0.0023603792879274767,0.0,0.005972739235895251,250,5,0
Amazon-Digital-Music,itemknn,full_unseen_catalogue,target_margin,full_catalogue,full_catalogue,loo,Leave-one-out,normalized_regret_ndcg,0.4,0.0,0.8,5,5,245
Amazon-Digital-Music,itemknn,full_unseen_catalogue,target_margin,full_catalogue,full_catalogue,loo,Leave-one-out,intervention_success_ndcg,0.012,0.0,0.028,250,5,0
Amazon-Digital-Music,itemknn,full_unseen_catalogue,target_margin,full_catalogue,full_catalogue,loo,Leave-one-out,aia_null_mean,-0.0001687991355213303,-0.0032271016541817444,0.0029004158785182342,250,5,0
Amazon-Digital-Music,itemknn,full_unseen_catalogue,target_margin,full_catalogue,full_catalogue,loo,Leave-one-out,aia_null_p95,0.7817162796027182,0.7563118060886077,0.8069436441596267,250,5,0
Amazon-Digital-Music,itemknn,full_unseen_catalogue,target_margin,full_catalogue,full_catalogue,loo,Leave-one-out,aia_permutation_p,0.15892277227722773,0.13612633663366336,0.18352475247524752,250,5,0
Amazon-Digital-Music,itemknn,full_unseen_catalogue,target_margin,full_catalogue,full_catalogue,random,Random control,aia,-0.004055777944546741,-0.0365815667943706,0.028057888223706428,250,5,0
Amazon-Digital-Music,itemknn,full_unseen_catalogue,target_margin,full_catalogue,full_catalogue,random,Random control,aia_ndcg,0.057226319843517254,-0.15162388643513117,0.27980762113533164,6,5,244
Amazon-Digital-Music,itemknn,full_unseen_catalogue,target_margin,full_catalogue,full_catalogue,random,Random control,faithfulness_alignment,-0.0012165369943580888,-0.031199272770104976,0.02828261433993934,250,5,0
Amazon-Digital-Music,itemknn,full_unseen_catalogue,target_margin,full_catalogue,full_catalogue,random,Random control,actionability_gap,-0.002839240950188648,-0.020627382903392173,0.0156560174188507,250,5,0
Amazon-Digital-Music,itemknn,full_unseen_catalogue,target_margin,full_catalogue,full_catalogue,random,Random control,signed_alignment,0.003750725298282401,-0.02534465554658934,0.032434579701812426,250,5,0
Amazon-Digital-Music,itemknn,full_unseen_catalogue,target_margin,full_catalogue,full_catalogue,random,Random control,signed_alignment_ndcg,0.09457263827544944,-0.11547005383792515,0.2721794126179664,6,5,244
Amazon-Digital-Music,itemknn,full_unseen_catalogue,target_margin,full_catalogue,full_catalogue,random,Random control,direction_accuracy,0.4957240471946354,0.48226042975978267,0.5092165911637382,250,5,0
Amazon-Digital-Music,itemknn,full_unseen_catalogue,target_margin,full_catalogue,full_catalogue,random,Random control,direction_accuracy_ndcg,0.5277777777777778,0.4166666666666667,0.6611111111111111,6,5,244
Amazon-Digital-Music,itemknn,full_unseen_catalogue,target_margin,full_catalogue,full_catalogue,random,Random control,top1_precision,0.15680000000000002,0.13440000000000002,0.1808,250,5,0
Amazon-Digital-Music,itemknn,full_unseen_catalogue,target_margin,full_catalogue,full_catalogue,random,Random control,top3_precision,0.18239999999999998,0.1653333333333333,0.19946666666666668,250,5,0
Amazon-Digital-Music,itemknn,full_unseen_catalogue,target_margin,full_catalogue,full_catalogue,random,Random control,top5_precision,0.17413333333333333,0.15866633333333335,0.18996033333333334,250,5,0
Amazon-Digital-Music,itemknn,full_unseen_catalogue,target_margin,full_catalogue,full_catalogue,random,Random control,joint_effect_primary,-0.0012670103804304726,-0.0014579522377812183,-0.0010772397667837452,250,5,0
Amazon-Digital-Music,itemknn,full_unseen_catalogue,target_margin,full_catalogue,full_catalogue,random,Random control,joint_effect_ndcg,0.0004775273946962379,-0.0013830850877544019,0.0025068357277668513,250,5,0
Amazon-Digital-Music,itemknn,full_unseen_catalogue,target_margin,full_catalogue,full_catalogue,random,Random control,joint_effect_target_margin,-0.0012670103804304726,-0.0014574707842598678,-0.001079280943716997,250,5,0
Amazon-Digital-Music,itemknn,full_unseen_catalogue,target_margin,full_catalogue,full_catalogue,random,Random control,intervention_success,0.26639999999999997,0.2344,0.2984,250,5,0
Amazon-Digital-Music,itemknn,full_unseen_catalogue,target_margin,full_catalogue,full_catalogue,random,Random control,abstention,0.0528,0.039200000000000006,0.06720000000000001,250,5,0
Amazon-Digital-Music,itemknn,full_unseen_catalogue,target_margin,full_catalogue,full_catalogue,random,Random control,joint_regret_primary,0.0032716859322009864,0.0029771212598632382,0.003584206007985405,250,5,0
Amazon-Digital-Music,itemknn,full_unseen_catalogue,target_margin,full_catalogue,full_catalogue,random,Random control,normalized_regret_primary,2.778604396815337,2.0241111664976605,3.7361020480424796,215,5,35
Amazon-Digital-Music,itemknn,full_unseen_catalogue,target_margin,full_catalogue,full_catalogue,random,Random control,joint_regret_ndcg,0.004478044733707487,0.001248428650301683,0.00844620224536686,250,5,0
Amazon-Digital-Music,itemknn,full_unseen_catalogue,target_margin,full_catalogue,full_catalogue,random,Random control,normalized_regret_ndcg,0.792808021511551,0.6160664246334846,0.9247152798023374,5,5,245
Amazon-Digital-Music,itemknn,full_unseen_catalogue,target_margin,full_catalogue,full_catalogue,random,Random control,intervention_success_ndcg,0.0048000000000000004,0.0008,0.0112,250,5,0
Amazon-Digital-Music,itemknn,full_unseen_catalogue,target_margin,full_catalogue,full_catalogue,random,Random control,aia_null_mean,-0.0019879659809653185,-0.005065835371524035,0.0010410683902299274,250,5,0
Amazon-Digital-Music,itemknn,full_unseen_catalogue,target_margin,full_catalogue,full_catalogue,random,Random control,aia_null_p95,0.782797068719203,0.7576253067279756,0.8075012621429243,250,5,0
Amazon-Digital-Music,itemknn,full_unseen_catalogue,target_margin,full_catalogue,full_catalogue,random,Random control,aia_permutation_p,0.5548594059405941,0.5363637623762377,0.573330891089109,250,5,0
Amazon-Digital-Music,itemknn,full_unseen_catalogue,target_margin,full_catalogue,full_catalogue,shapley_mc,Monte Carlo Shapley,aia,-0.11857895195218802,-0.1940826516167129,-0.042449806515345356,250,5,0
Amazon-Digital-Music,itemknn,full_unseen_catalogue,target_margin,full_catalogue,full_catalogue,shapley_mc,Monte Carlo Shapley,aia_ndcg,0.4459718675012901,-0.09245008972987524,0.7827595245285718,6,5,244
Amazon-Digital-Music,itemknn,full_unseen_catalogue,target_margin,full_catalogue,full_catalogue,shapley_mc,Monte Carlo Shapley,faithfulness_alignment,-0.2875059628372279,-0.3562172822734821,-0.21868219932046762,250,5,0
Amazon-Digital-Music,itemknn,full_unseen_catalogue,target_margin,full_catalogue,full_catalogue,shapley_mc,Monte Carlo Shapley,actionability_gap,0.1689270108850399,0.12756427899975148,0.21169432970064186,250,5,0
Amazon-Digital-Music,itemknn,full_unseen_catalogue,target_margin,full_catalogue,full_catalogue,shapley_mc,Monte Carlo Shapley,signed_alignment,0.7202807195357189,0.6795562532832574,0.7571801174786373,250,5,0
Amazon-Digital-Music,itemknn,full_unseen_catalogue,target_margin,full_catalogue,full_catalogue,shapley_mc,Monte Carlo Shapley,signed_alignment_ndcg,0.6569761014653632,0.3683009668705503,0.8849001794597505,6,5,244
Amazon-Digital-Music,itemknn,full_unseen_catalogue,target_margin,full_catalogue,full_catalogue,shapley_mc,Monte Carlo Shapley,direction_accuracy,0.5122146091163738,0.47956323614294205,0.5441387265087851,250,5,0
Amazon-Digital-Music,itemknn,full_unseen_catalogue,target_margin,full_catalogue,full_catalogue,shapley_mc,Monte Carlo Shapley,direction_accuracy_ndcg,0.9166666666666666,0.75,1.0,6,5,244
Amazon-Digital-Music,itemknn,full_unseen_catalogue,target_margin,full_catalogue,full_catalogue,shapley_mc,Monte Carlo Shapley,top1_precision,0.6144000000000001,0.5568000000000001,0.6712,250,5,0
Amazon-Digital-Music,itemknn,full_unseen_catalogue,target_margin,full_catalogue,full_catalogue,shapley_mc,Monte Carlo Shapley,top3_precision,0.4237333333333333,0.3890666666666666,0.4584,250,5,0
Amazon-Digital-Music,itemknn,full_unseen_catalogue,target_margin,full_catalogue,full_catalogue,shapley_mc,Monte Carlo Shapley,top5_precision,0.3535333333333333,0.324079,0.3832276666666667,250,5,0
Amazon-Digital-Music,itemknn,full_unseen_catalogue,target_margin,full_catalogue,full_catalogue,shapley_mc,Monte Carlo Shapley,joint_effect_primary,0.0012887041776634871,0.0009909359935131234,0.0015956013853109879,250,5,0
Amazon-Digital-Music,itemknn,full_unseen_catalogue,target_margin,full_catalogue,full_catalogue,shapley_mc,Monte Carlo Shapley,joint_effect_ndcg,0.003455118146059062,0.0005237190142858301,0.007219533827832698,250,5,0
Amazon-Digital-Music,itemknn,full_unseen_catalogue,target_margin,full_catalogue,full_catalogue,shapley_mc,Monte Carlo Shapley,joint_effect_target_margin,0.0012887041776634871,0.000996716790050911,0.0015889867805437977,250,5,0
Amazon-Digital-Music,itemknn,full_unseen_catalogue,target_margin,full_catalogue,full_catalogue,shapley_mc,Monte Carlo Shapley,intervention_success,0.7375999999999999,0.684,0.7895999999999999,250,5,0
Amazon-Digital-Music,itemknn,full_unseen_catalogue,target_margin,full_catalogue,full_catalogue,shapley_mc,Monte Carlo Shapley,abstention,0.0,0.0,0.0,250,5,0
Amazon-Digital-Music,itemknn,full_unseen_catalogue,target_margin,full_catalogue,full_catalogue,shapley_mc,Monte Carlo Shapley,joint_regret_primary,0.0007159713741070266,0.0005936961027591239,0.0008400256566420886,250,5,0
Amazon-Digital-Music,itemknn,full_unseen_catalogue,target_margin,full_catalogue,full_catalogue,shapley_mc,Monte Carlo Shapley,normalized_regret_primary,0.7350588200272745,0.47490733784715367,1.0477692350056396,215,5,35
Amazon-Digital-Music,itemknn,full_unseen_catalogue,target_margin,full_catalogue,full_catalogue,shapley_mc,Monte Carlo Shapley,joint_regret_ndcg,0.0015004539823446632,0.0,0.0041921300406493785,250,5,0
Amazon-Digital-Music,itemknn,full_unseen_catalogue,target_margin,full_catalogue,full_catalogue,shapley_mc,Monte Carlo Shapley,normalized_regret_ndcg,0.25550560208128903,0.015505602081289016,0.64,5,5,245
Amazon-Digital-Music,itemknn,full_unseen_catalogue,target_margin,full_catalogue,full_catalogue,shapley_mc,Monte Carlo Shapley,intervention_success_ndcg,0.0152,0.0032,0.0312,250,5,0
Amazon-Digital-Music,itemknn,full_unseen_catalogue,target_margin,full_catalogue,full_catalogue,shapley_mc,Monte Carlo Shapley,aia_null_mean,0.0009536365995110299,-0.00222777735859594,0.004102961625407823,250,5,0
Amazon-Digital-Music,itemknn,full_unseen_catalogue,target_margin,full_catalogue,full_catalogue,shapley_mc,Monte Carlo Shapley,aia_null_p95,0.7834430725694697,0.7580907881804598,0.808596027220262,250,5,0
Amazon-Digital-Music,itemknn,full_unseen_catalogue,target_margin,full_catalogue,full_catalogue,shapley_mc,Monte Carlo Shapley,aia_permutation_p,0.5696475247524752,0.5271249504950495,0.6112334653465346,250,5,0
Amazon-Digital-Music,itemknn,sampled_unseen_negatives_with_target,target_margin,primary,primary,greedy_cf,Greedy sequential deletion,aia,0.1310298051163378,0.09840079336051268,0.16316821122124472,993,5,7
Amazon-Digital-Music,itemknn,sampled_unseen_negatives_with_target,target_margin,primary,primary,greedy_cf,Greedy sequential deletion,aia_ndcg,0.14500836274025125,0.07591617308838991,0.2133534780880943,233,5,767
Amazon-Digital-Music,itemknn,sampled_unseen_negatives_with_target,target_margin,primary,primary,greedy_cf,Greedy sequential deletion,faithfulness_alignment,0.19107508737536089,0.15898612786882896,0.22298779074116676,993,5,7
Amazon-Digital-Music,itemknn,sampled_unseen_negatives_with_target,target_margin,primary,primary,greedy_cf,Greedy sequential deletion,actionability_gap,-0.060045282259023114,-0.07638134681885539,-0.04417488498301494,993,5,7
Amazon-Digital-Music,itemknn,sampled_unseen_negatives_with_target,target_margin,primary,primary,greedy_cf,Greedy sequential deletion,signed_alignment,0.10880689467622204,0.07500690702990316,0.1434440056560728,993,5,7
Amazon-Digital-Music,itemknn,sampled_unseen_negatives_with_target,target_margin,primary,primary,greedy_cf,Greedy sequential deletion,signed_alignment_ndcg,0.3819833657394476,0.3280534513208228,0.43557862765440925,233,5,767
Amazon-Digital-Music,itemknn,sampled_unseen_negatives_with_target,target_margin,primary,primary,greedy_cf,Greedy sequential deletion,direction_accuracy,0.5427375245810562,0.5272416987990953,0.558741983498535,993,5,7
Amazon-Digital-Music,itemknn,sampled_unseen_negatives_with_target,target_margin,primary,primary,greedy_cf,Greedy sequential deletion,direction_accuracy_ndcg,0.8897726498584868,0.8598602053644973,0.9180550871994004,233,5,767
Amazon-Digital-Music,itemknn,sampled_unseen_negatives_with_target,target_margin,primary,primary,greedy_cf,Greedy sequential deletion,top1_precision,0.149,0.127,0.172,1000,5,0
Amazon-Digital-Music,itemknn,sampled_unseen_negatives_with_target,target_margin,primary,primary,greedy_cf,Greedy sequential deletion,top3_precision,0.3613333333333334,0.3436666666666666,0.379,1000,5,0
Amazon-Digital-Music,itemknn,sampled_unseen_negatives_with_target,target_margin,primary,primary,greedy_cf,Greedy sequential deletion,top5_precision,0.39613333333333334,0.38151625,0.41078374999999995,1000,5,0
Amazon-Digital-Music,itemknn,sampled_unseen_negatives_with_target,target_margin,primary,primary,greedy_cf,Greedy sequential deletion,joint_effect_primary,0.0006813753571975132,0.0005485189965750866,0.0008256188236540798,1000,5,0
Amazon-Digital-Music,itemknn,sampled_unseen_negatives_with_target,target_margin,primary,primary,greedy_cf,Greedy sequential deletion,joint_effect_ndcg,0.010152178285546723,0.0056499586943513785,0.01488500024571364,1000,5,0
Amazon-Digital-Music,itemknn,sampled_unseen_negatives_with_target,target_margin,primary,primary,greedy_cf,Greedy sequential deletion,joint_effect_target_margin,0.0006813753571975132,0.0005482847510156887,0.0008226865128948586,1000,5,0
Amazon-Digital-Music,itemknn,sampled_unseen_negatives_with_target,target_margin,primary,primary,greedy_cf,Greedy sequential deletion,intervention_success,0.534,0.503,0.565,1000,5,0
Amazon-Digital-Music,itemknn,sampled_unseen_negatives_with_target,target_margin,primary,primary,greedy_cf,Greedy sequential deletion,abstention,0.007,0.002,0.013,1000,5,0
Amazon-Digital-Music,itemknn,sampled_unseen_negatives_with_target,target_margin,primary,primary,greedy_cf,Greedy sequential deletion,joint_regret_primary,0.0009257783635235424,0.0008618108873313062,0.0009915994594122976,1000,5,0
Amazon-Digital-Music,itemknn,sampled_unseen_negatives_with_target,target_margin,primary,primary,greedy_cf,Greedy sequential deletion,normalized_regret_primary,1.1279652770119892,1.0044241006232868,1.3011750235462343,987,5,13
Amazon-Digital-Music,itemknn,sampled_unseen_negatives_with_target,target_margin,primary,primary,greedy_cf,Greedy sequential deletion,joint_regret_ndcg,0.031188287607425542,0.02531124445119887,0.037324764950049404,1000,5,0
Amazon-Digital-Music,itemknn,sampled_unseen_negatives_with_target,target_margin,primary,primary,greedy_cf,Greedy sequential deletion,normalized_regret_ndcg,0.7836432870385996,0.6391250905683112,0.9538406495820556,196,5,804
Amazon-Digital-Music,itemknn,sampled_unseen_negatives_with_target,target_margin,primary,primary,greedy_cf,Greedy sequential deletion,intervention_success_ndcg,0.09,0.073,0.108,1000,5,0
Amazon-Digital-Music,itemknn,sampled_unseen_negatives_with_target,target_margin,primary,primary,greedy_cf,Greedy sequential deletion,aia_null_mean,-0.0004688732327940602,-0.000942057512027571,5.432234598233665e-06,993,5,7
Amazon-Digital-Music,itemknn,sampled_unseen_negatives_with_target,target_margin,primary,primary,greedy_cf,Greedy sequential deletion,aia_null_p95,0.7691197319352783,0.7568316545899634,0.7818560406406606,993,5,7
Amazon-Digital-Music,itemknn,sampled_unseen_negatives_with_target,target_margin,primary,primary,greedy_cf,Greedy sequential deletion,aia_permutation_p,0.49195658319525387,0.4746537752277934,0.5089563457690346,993,5,7
Amazon-Digital-Music,itemknn,sampled_unseen_negatives_with_target,target_margin,primary,primary,lime,LIME,aia,0.8271444739507023,0.8106499701215656,0.8428287841977863,993,5,7
Amazon-Digital-Music,itemknn,sampled_unseen_negatives_with_target,target_margin,primary,primary,lime,LIME,aia_ndcg,0.41892561720668875,0.35725355255086566,0.4771511739195288,233,5,767
Amazon-Digital-Music,itemknn,sampled_unseen_negatives_with_target,target_margin,primary,primary,lime,LIME,faithfulness_alignment,0.9303648035549582,0.9239466982501856,0.9366264984006982,993,5,7
Amazon-Digital-Music,itemknn,sampled_unseen_negatives_with_target,target_margin,primary,primary,lime,LIME,actionability_gap,-0.10322032960425596,-0.11854901682480144,-0.08898464257639667,993,5,7
Amazon-Digital-Music,itemknn,sampled_unseen_negatives_with_target,target_margin,primary,primary,lime,LIME,signed_alignment,0.9490300658817288,0.9423805789288748,0.9551122845932001,993,5,7
Amazon-Digital-Music,itemknn,sampled_unseen_negatives_with_target,target_margin,primary,primary,lime,LIME,signed_alignment_ndcg,0.7166134647459552,0.685226914900312,0.7463253710772593,233,5,767
Amazon-Digital-Music,itemknn,sampled_unseen_negatives_with_target,target_margin,primary,primary,lime,LIME,direction_accuracy,0.9358888885628852,0.928888688572629,0.9426521360496584,993,5,7
Amazon-Digital-Music,itemknn,sampled_unseen_negatives_with_target,target_margin,primary,primary,lime,LIME,direction_accuracy_ndcg,0.9553936049644204,0.9355688274529477,0.972675844899021,233,5,767
Amazon-Digital-Music,itemknn,sampled_unseen_negatives_with_target,target_margin,primary,primary,lime,LIME,top1_precision,0.8356,0.8142,0.857405,1000,5,0
Amazon-Digital-Music,itemknn,sampled_unseen_negatives_with_target,target_margin,primary,primary,lime,LIME,top3_precision,0.5964666666666667,0.5778,0.614735,1000,5,0
Amazon-Digital-Music,itemknn,sampled_unseen_negatives_with_target,target_margin,primary,primary,lime,LIME,top5_precision,0.4877033333333333,0.47153275,0.5035409166666667,1000,5,0
Amazon-Digital-Music,itemknn,sampled_unseen_negatives_with_target,target_margin,primary,primary,lime,LIME,joint_effect_primary,0.0015191235250361008,0.0013908654472476363,0.001658428828054276,1000,5,0
Amazon-Digital-Music,itemknn,sampled_unseen_negatives_with_target,target_margin,primary,primary,lime,LIME,joint_effect_ndcg,0.033138615483075604,0.027420466094992227,0.039124840513452365,1000,5,0
Amazon-Digital-Music,itemknn,sampled_unseen_negatives_with_target,target_margin,primary,primary,lime,LIME,joint_effect_target_margin,0.0015191235250361008,0.0013922917922253605,0.0016583518974927075,1000,5,0
Amazon-Digital-Music,itemknn,sampled_unseen_negatives_with_target,target_margin,primary,primary,lime,LIME,intervention_success,0.9274,0.9107949999999999,0.9434,1000,5,0
Amazon-Digital-Music,itemknn,sampled_unseen_negatives_with_target,target_margin,primary,primary,lime,LIME,abstention,0.0702,0.055,0.086,1000,5,0
Amazon-Digital-Music,itemknn,sampled_unseen_negatives_with_target,target_margin,primary,primary,lime,LIME,joint_regret_primary,8.803019568495488e-05,7.5975931318751e-05,0.00010056570360487138,1000,5,0
Amazon-Digital-Music,itemknn,sampled_unseen_negatives_with_target,target_margin,primary,primary,lime,LIME,normalized_regret_primary,0.12706982827350263,0.11081332168364366,0.1440232437016252,987,5,13
Amazon-Digital-Music,itemknn,sampled_unseen_negatives_with_target,target_margin,primary,primary,lime,LIME,joint_regret_ndcg,0.008201850409896658,0.005637756197123124,0.011238998928684418,1000,5,0
Amazon-Digital-Music,itemknn,sampled_unseen_negatives_with_target,target_margin,primary,primary,lime,LIME,normalized_regret_ndcg,0.19747018179963355,0.15033563060102345,0.24795434012948597,196,5,804
Amazon-Digital-Music,itemknn,sampled_unseen_negatives_with_target,target_margin,primary,primary,lime,LIME,intervention_success_ndcg,0.1712,0.148,0.1948,1000,5,0
Amazon-Digital-Music,itemknn,sampled_unseen_negatives_with_target,target_margin,primary,primary,lime,LIME,aia_null_mean,0.00018724403025984407,-0.00026985814788247167,0.000639036767976641,993,5,7
Amazon-Digital-Music,itemknn,sampled_unseen_negatives_with_target,target_margin,primary,primary,lime,LIME,aia_null_p95,0.7674716650018053,0.7552808198671422,0.7798952809396479,993,5,7
Amazon-Digital-Music,itemknn,sampled_unseen_negatives_with_target,target_margin,primary,primary,lime,LIME,aia_permutation_p,0.11416579392410207,0.10527013268705113,0.12358589547411299,993,5,7
Amazon-Digital-Music,itemknn,sampled_unseen_negatives_with_target,target_margin,primary,primary,loo,Leave-one-out,aia,0.8511143756608114,0.8347552304276057,0.8668142186969892,993,5,7
Amazon-Digital-Music,itemknn,sampled_unseen_negatives_with_target,target_margin,primary,primary,loo,Leave-one-out,aia_ndcg,0.42693798059857335,0.3644860214704594,0.48819032429208453,233,5,767
Amazon-Digital-Music,itemknn,sampled_unseen_negatives_with_target,target_margin,primary,primary,loo,Leave-one-out,faithfulness_alignment,1.0,1.0,1.0,993,5,7
Amazon-Digital-Music,itemknn,sampled_unseen_negatives_with_target,target_margin,primary,primary,loo,Leave-one-out,actionability_gap,-0.14888562433918862,-0.16552769450381039,-0.132776994494451,993,5,7
Amazon-Digital-Music,itemknn,sampled_unseen_negatives_with_target,target_margin,primary,primary,loo,Leave-one-out,signed_alignment,0.9662428124148413,0.9594838422562615,0.9722748929278647,993,5,7
Amazon-Digital-Music,itemknn,sampled_unseen_negatives_with_target,target_margin,primary,primary,loo,Leave-one-out,signed_alignment_ndcg,0.7173625437185681,0.6852539653998021,0.7482037503138782,233,5,767
Amazon-Digital-Music,itemknn,sampled_unseen_negatives_with_target,target_margin,primary,primary,loo,Leave-one-out,direction_accuracy,0.9414733602176898,0.9342106562224937,0.9484207960031527,993,5,7
Amazon-Digital-Music,itemknn,sampled_unseen_negatives_with_target,target_margin,primary,primary,loo,Leave-one-out,direction_accuracy_ndcg,0.9524116084201921,0.9308088085019416,0.9711526670754138,233,5,767
Amazon-Digital-Music,itemknn,sampled_unseen_negatives_with_target,target_margin,primary,primary,loo,Leave-one-out,top1_precision,0.832,0.808,0.855,1000,5,0
Amazon-Digital-Music,itemknn,sampled_unseen_negatives_with_target,target_margin,primary,primary,loo,Leave-one-out,top3_precision,0.5963333333333333,0.577,0.6156666666666666,1000,5,0
Amazon-Digital-Music,itemknn,sampled_unseen_negatives_with_target,target_margin,primary,primary,loo,Leave-one-out,top5_precision,0.49610000000000004,0.4789333333333333,0.5135508333333333,1000,5,0
Amazon-Digital-Music,itemknn,sampled_unseen_negatives_with_target,target_margin,primary,primary,loo,Leave-one-out,joint_effect_primary,0.0015052798044159503,0.001375991612320327,0.0016403739400334923,1000,5,0
Amazon-Digital-Music,itemknn,sampled_unseen_negatives_with_target,target_margin,primary,primary,loo,Leave-one-out,joint_effect_ndcg,0.031328901750605154,0.025670145314189183,0.03729005022654304,1000,5,0
Amazon-Digital-Music,itemknn,sampled_unseen_negatives_with_target,target_margin,primary,primary,loo,Leave-one-out,joint_effect_target_margin,0.0015052798044159503,0.0013785903990181662,0.0016441970289226878,1000,5,0
Amazon-Digital-Music,itemknn,sampled_unseen_negatives_with_target,target_margin,primary,primary,loo,Leave-one-out,intervention_success,0.914,0.896,0.931,1000,5,0
Amazon-Digital-Music,itemknn,sampled_unseen_negatives_with_target,target_margin,primary,primary,loo,Leave-one-out,abstention,0.086,0.069,0.104,1000,5,0
Amazon-Digital-Music,itemknn,sampled_unseen_negatives_with_target,target_margin,primary,primary,loo,Leave-one-out,joint_regret_primary,0.00010187391630510512,8.856777845438604e-05,0.00011591912868393524,1000,5,0
Amazon-Digital-Music,itemknn,sampled_unseen_negatives_with_target,target_margin,primary,primary,loo,Leave-one-out,normalized_regret_primary,0.1456203162913131,0.12805629845541314,0.16418699088424277,987,5,13
Amazon-Digital-Music,itemknn,sampled_unseen_negatives_with_target,target_margin,primary,primary,loo,Leave-one-out,joint_regret_ndcg,0.01001156414236711,0.0070089047833995595,0.013224776726194496,1000,5,0
Amazon-Digital-Music,itemknn,sampled_unseen_negatives_with_target,target_margin,primary,primary,loo,Leave-one-out,normalized_regret_ndcg,0.23245562720153704,0.18008046482249332,0.2867881026867107,196,5,804
Amazon-Digital-Music,itemknn,sampled_unseen_negatives_with_target,target_margin,primary,primary,loo,Leave-one-out,intervention_success_ndcg,0.167,0.145,0.191,1000,5,0
Amazon-Digital-Music,itemknn,sampled_unseen_negatives_with_target,target_margin,primary,primary,loo,Leave-one-out,aia_null_mean,0.00018357798350178688,-0.0002641255516561449,0.000635849721400789,993,5,7
Amazon-Digital-Music,itemknn,sampled_unseen_negatives_with_target,target_margin,primary,primary,loo,Leave-one-out,aia_null_p95,0.7712470878613861,0.7585402790312769,0.7838291685427522,993,5,7
Amazon-Digital-Music,itemknn,sampled_unseen_negatives_with_target,target_margin,primary,primary,loo,Leave-one-out,aia_permutation_p,0.11536942413075343,0.10642689636647341,0.12478208599054519,993,5,7
Amazon-Digital-Music,itemknn,sampled_unseen_negatives_with_target,target_margin,primary,primary,random,Random control,aia,-0.010319619685153297,-0.02516763350484998,0.004564148729721579,993,5,7
Amazon-Digital-Music,itemknn,sampled_unseen_negatives_with_target,target_margin,primary,primary,random,Random control,aia_ndcg,-0.008945811222591757,-0.039099289317140684,0.02108746870448337,233,5,767
Amazon-Digital-Music,itemknn,sampled_unseen_negatives_with_target,target_margin,primary,primary,random,Random control,faithfulness_alignment,-0.007970148935928525,-0.022562577667596066,0.007148328210663395,993,5,7
Amazon-Digital-Music,itemknn,sampled_unseen_negatives_with_target,target_margin,primary,primary,random,Random control,actionability_gap,-0.0023494707492247697,-0.00954277776620047,0.004714695096180463,993,5,7
Amazon-Digital-Music,itemknn,sampled_unseen_negatives_with_target,target_margin,primary,primary,random,Random control,signed_alignment,0.009326486035927095,-0.005210199504941262,0.024014570522944912,993,5,7
Amazon-Digital-Music,itemknn,sampled_unseen_negatives_with_target,target_margin,primary,primary,random,Random control,signed_alignment_ndcg,0.012637593952987972,-0.01868827773779738,0.04361863711812105,233,5,767
Amazon-Digital-Music,itemknn,sampled_unseen_negatives_with_target,target_margin,primary,primary,random,Random control,direction_accuracy,0.5065783473675873,0.5003892940526267,0.5127798949577738,993,5,7
Amazon-Digital-Music,itemknn,sampled_unseen_negatives_with_target,target_margin,primary,primary,random,Random control,direction_accuracy_ndcg,0.5055474735088469,0.48541714276424575,0.5252719237129109,233,5,767
Amazon-Digital-Music,itemknn,sampled_unseen_negatives_with_target,target_margin,primary,primary,random,Random control,top1_precision,0.19820000000000002,0.1862,0.21040000000000003,1000,5,0
Amazon-Digital-Music,itemknn,sampled_unseen_negatives_with_target,target_margin,primary,primary,random,Random control,top3_precision,0.27686666666666665,0.26813333333333333,0.2859333333333333,1000,5,0
Amazon-Digital-Music,itemknn,sampled_unseen_negatives_with_target,target_margin,primary,primary,random,Random control,top5_precision,0.26804,0.25983300000000004,0.27636008333333334,1000,5,0
Amazon-Digital-Music,itemknn,sampled_unseen_negatives_with_target,target_margin,primary,primary,random,Random control,joint_effect_primary,-7.957781638481195e-05,-0.00012775945678321574,-3.0963510570107373e-05,1000,5,0
Amazon-Digital-Music,itemknn,sampled_unseen_negatives_with_target,target_margin,primary,primary,random,Random control,joint_effect_ndcg,-0.0038716505926005428,-0.007430088419402735,-0.00037627963197084884,1000,5,0
Amazon-Digital-Music,itemknn,sampled_unseen_negatives_with_target,target_margin,primary,primary,random,Random control,joint_effect_target_margin,-7.957781638481195e-05,-0.00012675145293858882,-3.157587355779784e-05,1000,5,0
Amazon-Digital-Music,itemknn,sampled_unseen_negatives_with_target,target_margin,primary,primary,random,Random control,intervention_success,0.4316000000000001,0.41580000000000006,0.44720000000000004,1000,5,0
Amazon-Digital-Music,itemknn,sampled_unseen_negatives_with_target,target_margin,primary,primary,random,Random control,abstention,0.0476,0.0412,0.05439999999999999,1000,5,0
Amazon-Digital-Music,itemknn,sampled_unseen_negatives_with_target,target_margin,primary,primary,random,Random control,joint_regret_primary,0.0016867315371058673,0.0015546825904285335,0.001830225495068794,1000,5,0
Amazon-Digital-Music,itemknn,sampled_unseen_negatives_with_target,target_margin,primary,primary,random,Random control,normalized_regret_primary,1.1888559841191841,1.132978603173062,1.2620781490066943,987,5,13
Amazon-Digital-Music,itemknn,sampled_unseen_negatives_with_target,target_margin,primary,primary,random,Random control,joint_regret_ndcg,0.04521211648557281,0.039060603285593895,0.05166756150599551,1000,5,0
Amazon-Digital-Music,itemknn,sampled_unseen_negatives_with_target,target_margin,primary,primary,random,Random control,normalized_regret_ndcg,1.197120735588696,1.0521737004075031,1.369146082328511,196,5,804
Amazon-Digital-Music,itemknn,sampled_unseen_negatives_with_target,target_margin,primary,primary,random,Random control,intervention_success_ndcg,0.066,0.055400000000000005,0.077,1000,5,0
Amazon-Digital-Music,itemknn,sampled_unseen_negatives_with_target,target_margin,primary,primary,random,Random control,aia_null_mean,8.059227754547268e-06,-0.0004663675992285381,0.0004944583434663449,993,5,7
Amazon-Digital-Music,itemknn,sampled_unseen_negatives_with_target,target_margin,primary,primary,random,Random control,aia_null_p95,0.7674305847534241,0.7546755458773061,0.7796026328057071,993,5,7
Amazon-Digital-Music,itemknn,sampled_unseen_negatives_with_target,target_margin,primary,primary,random,Random control,aia_permutation_p,0.5485137219276193,0.5394879491103055,0.5573848457685316,993,5,7
Amazon-Digital-Music,itemknn,sampled_unseen_negatives_with_target,target_margin,primary,primary,shapley_mc,Monte Carlo Shapley,aia,0.4140961342685184,0.3809765963717253,0.4476478444700588,993,5,7
Amazon-Digital-Music,itemknn,sampled_unseen_negatives_with_target,target_margin,primary,primary,shapley_mc,Monte Carlo Shapley,aia_ndcg,0.4886912709440071,0.43492904786831965,0.5403266195237917,233,5,767
Amazon-Digital-Music,itemknn,sampled_unseen_negatives_with_target,target_margin,primary,primary,shapley_mc,Monte Carlo Shapley,faithfulness_alignment,0.28556340143470876,0.24819198030535175,0.32324997946513156,993,5,7
Amazon-Digital-Music,itemknn,sampled_unseen_negatives_with_target,target_margin,primary,primary,shapley_mc,Monte Carlo Shapley,actionability_gap,0.12853273283380956,0.1101628794643622,0.1478152138821209,993,5,7
Amazon-Digital-Music,itemknn,sampled_unseen_negatives_with_target,target_margin,primary,primary,shapley_mc,Monte Carlo Shapley,signed_alignment,0.8551580008946864,0.8416410885992051,0.8680304562412806,993,5,7
Amazon-Digital-Music,itemknn,sampled_unseen_negatives_with_target,target_margin,primary,primary,shapley_mc,Monte Carlo Shapley,signed_alignment_ndcg,0.7069462007711743,0.6758524833214653,0.737078534542902,233,5,767
Amazon-Digital-Music,itemknn,sampled_unseen_negatives_with_target,target_margin,primary,primary,shapley_mc,Monte Carlo Shapley,direction_accuracy,0.7839851297338225,0.7698218723519629,0.7973865420194216,993,5,7
Amazon-Digital-Music,itemknn,sampled_unseen_negatives_with_target,target_margin,primary,primary,shapley_mc,Monte Carlo Shapley,direction_accuracy_ndcg,0.970647864295933,0.9530856836296752,0.9856947680359699,233,5,767
Amazon-Digital-Music,itemknn,sampled_unseen_negatives_with_target,target_margin,primary,primary,shapley_mc,Monte Carlo Shapley,top1_precision,0.7697999999999999,0.745,0.7942049999999999,1000,5,0
Amazon-Digital-Music,itemknn,sampled_unseen_negatives_with_target,target_margin,primary,primary,shapley_mc,Monte Carlo Shapley,top3_precision,0.6027333333333333,0.587,0.6181333333333332,1000,5,0
Amazon-Digital-Music,itemknn,sampled_unseen_negatives_with_target,target_margin,primary,primary,shapley_mc,Monte Carlo Shapley,top5_precision,0.5233533333333333,0.5096295000000001,0.5372735,1000,5,0
Amazon-Digital-Music,itemknn,sampled_unseen_negatives_with_target,target_margin,primary,primary,shapley_mc,Monte Carlo Shapley,joint_effect_primary,0.0015104469183463843,0.0013862247153610533,0.001641486683449298,1000,5,0
Amazon-Digital-Music,itemknn,sampled_unseen_negatives_with_target,target_margin,primary,primary,shapley_mc,Monte Carlo Shapley,joint_effect_ndcg,0.033269091616078356,0.027352615060625415,0.03956251595805535,1000,5,0
Amazon-Digital-Music,itemknn,sampled_unseen_negatives_with_target,target_margin,primary,primary,shapley_mc,Monte Carlo Shapley,joint_effect_target_margin,0.0015104469183463843,0.0013850690616904959,0.001645970559791329,1000,5,0
Amazon-Digital-Music,itemknn,sampled_unseen_negatives_with_target,target_margin,primary,primary,shapley_mc,Monte Carlo Shapley,intervention_success,0.9565999999999999,0.944,0.9683999999999999,1000,5,0
Amazon-Digital-Music,itemknn,sampled_unseen_negatives_with_target,target_margin,primary,primary,shapley_mc,Monte Carlo Shapley,abstention,0.010199999999999999,0.004200000000000001,0.017,1000,5,0
Amazon-Digital-Music,itemknn,sampled_unseen_negatives_with_target,target_margin,primary,primary,shapley_mc,Monte Carlo Shapley,joint_regret_primary,9.670680237467124e-05,7.717716230761525e-05,0.00011909823677204813,1000,5,0
Amazon-Digital-Music,itemknn,sampled_unseen_negatives_with_target,target_margin,primary,primary,shapley_mc,Monte Carlo Shapley,normalized_regret_primary,0.13785201753174325,0.11211118164112441,0.16698864970299795,987,5,13
Amazon-Digital-Music,itemknn,sampled_unseen_negatives_with_target,target_margin,primary,primary,shapley_mc,Monte Carlo Shapley,joint_regret_ndcg,0.008071374276893906,0.005361533678609645,0.011061080758868434,1000,5,0
Amazon-Digital-Music,itemknn,sampled_unseen_negatives_with_target,target_margin,primary,primary,shapley_mc,Monte Carlo Shapley,normalized_regret_ndcg,0.2060866216899562,0.15771083940658898,0.2562473979691185,196,5,804
Amazon-Digital-Music,itemknn,sampled_unseen_negatives_with_target,target_margin,primary,primary,shapley_mc,Monte Carlo Shapley,intervention_success_ndcg,0.1702,0.14739999999999998,0.1944,1000,5,0
Amazon-Digital-Music,itemknn,sampled_unseen_negatives_with_target,target_margin,primary,primary,shapley_mc,Monte Carlo Shapley,aia_null_mean,-0.0004020690899718392,-0.0008694079870896022,5.5025523232683454e-05,993,5,7
Amazon-Digital-Music,itemknn,sampled_unseen_negatives_with_target,target_margin,primary,primary,shapley_mc,Monte Carlo Shapley,aia_null_p95,0.7670817560281793,0.7548027870833081,0.7791010415228202,993,5,7
Amazon-Digital-Music,itemknn,sampled_unseen_negatives_with_target,target_margin,primary,primary,shapley_mc,Monte Carlo Shapley,aia_permutation_p,0.3081919087961384,0.2894642467301078,0.32685671327665283,993,5,7
Amazon-Digital-Music,profile,full_unseen_catalogue,target_margin,full_catalogue,full_catalogue,greedy_cf,Greedy sequential deletion,aia,0.5597416831053362,0.5393513678813446,0.5799356849590038,250,5,0
Amazon-Digital-Music,profile,full_unseen_catalogue,target_margin,full_catalogue,full_catalogue,greedy_cf,Greedy sequential deletion,aia_ndcg,0.23844153502761267,-0.19083569694553248,0.6174816307567295,8,5,242
Amazon-Digital-Music,profile,full_unseen_catalogue,target_margin,full_catalogue,full_catalogue,greedy_cf,Greedy sequential deletion,faithfulness_alignment,0.7149231055425482,0.6963239524902343,0.7332898737691617,250,5,0
Amazon-Digital-Music,profile,full_unseen_catalogue,target_margin,full_catalogue,full_catalogue,greedy_cf,Greedy sequential deletion,actionability_gap,-0.15518142243721192,-0.1790544756275716,-0.13292302740396858,250,5,0
Amazon-Digital-Music,profile,full_unseen_catalogue,target_margin,full_catalogue,full_catalogue,greedy_cf,Greedy sequential deletion,signed_alignment,-0.036941952866534906,-0.07801690660526263,0.00442780703300826,250,5,0
Amazon-Digital-Music,profile,full_unseen_catalogue,target_margin,full_catalogue,full_catalogue,greedy_cf,Greedy sequential deletion,signed_alignment_ndcg,-0.1318549568193803,-0.5225411726443241,0.27216727163989196,8,5,242
Amazon-Digital-Music,profile,full_unseen_catalogue,target_margin,full_catalogue,full_catalogue,greedy_cf,Greedy sequential deletion,direction_accuracy,0.6269241838553603,0.6139576164374839,0.6396154436168406,250,5,0
Amazon-Digital-Music,profile,full_unseen_catalogue,target_margin,full_catalogue,full_catalogue,greedy_cf,Greedy sequential deletion,direction_accuracy_ndcg,0.6208333333333333,0.3666666666666667,0.8626041666666652,8,5,242
Amazon-Digital-Music,profile,full_unseen_catalogue,target_margin,full_catalogue,full_catalogue,greedy_cf,Greedy sequential deletion,top1_precision,0.0064,0.0024000000000000002,0.012,250,5,0
Amazon-Digital-Music,profile,full_unseen_catalogue,target_margin,full_catalogue,full_catalogue,greedy_cf,Greedy sequential deletion,top3_precision,0.3909333333333333,0.37146666666666667,0.4098666666666666,250,5,0
Amazon-Digital-Music,profile,full_unseen_catalogue,target_margin,full_catalogue,full_catalogue,greedy_cf,Greedy sequential deletion,top5_precision,0.36432,0.344573,0.38460033333333327,250,5,0
Amazon-Digital-Music,profile,full_unseen_catalogue,target_margin,full_catalogue,full_catalogue,greedy_cf,Greedy sequential deletion,joint_effect_primary,-0.00031456354864524183,-0.0003623907606682925,-0.00026431575564935645,250,5,0
Amazon-Digital-Music,profile,full_unseen_catalogue,target_margin,full_catalogue,full_catalogue,greedy_cf,Greedy sequential deletion,joint_effect_ndcg,-0.0005343598862629699,-0.0015932747371255672,0.00044488655307266186,250,5,0
Amazon-Digital-Music,profile,full_unseen_catalogue,target_margin,full_catalogue,full_catalogue,greedy_cf,Greedy sequential deletion,joint_effect_target_margin,-0.00031456354864524183,-0.00036272719102041094,-0.00026358330013138,250,5,0
Amazon-Digital-Music,profile,full_unseen_catalogue,target_margin,full_catalogue,full_catalogue,greedy_cf,Greedy sequential deletion,intervention_success,0.2664,0.2368,0.296,250,5,0
Amazon-Digital-Music,profile,full_unseen_catalogue,target_margin,full_catalogue,full_catalogue,greedy_cf,Greedy sequential deletion,abstention,0.0,0.0,0.0,250,5,0
Amazon-Digital-Music,profile,full_unseen_catalogue,target_margin,full_catalogue,full_catalogue,greedy_cf,Greedy sequential deletion,joint_regret_primary,0.0012187826718347728,0.0011660786450468261,0.0012725181642074094,250,5,0
Amazon-Digital-Music,profile,full_unseen_catalogue,target_margin,full_catalogue,full_catalogue,greedy_cf,Greedy sequential deletion,normalized_regret_primary,2.0608187198605745,1.7858275573291724,2.4411842208490238,250,5,0
Amazon-Digital-Music,profile,full_unseen_catalogue,target_margin,full_catalogue,full_catalogue,greedy_cf,Greedy sequential deletion,joint_regret_ndcg,0.0023007996802929223,0.0007501534462020873,0.004215264127549106,250,5,0
Amazon-Digital-Music,profile,full_unseen_catalogue,target_margin,full_catalogue,full_catalogue,greedy_cf,Greedy sequential deletion,normalized_regret_ndcg,2.5584807885850376,0.8134223701309846,4.808155143598046,7,5,243
Amazon-Digital-Music,profile,full_unseen_catalogue,target_margin,full_catalogue,full_catalogue,greedy_cf,Greedy sequential deletion,intervention_success_ndcg,0.0016,0.0,0.004,250,5,0
Amazon-Digital-Music,profile,full_unseen_catalogue,target_margin,full_catalogue,full_catalogue,greedy_cf,Greedy sequential deletion,aia_null_mean,-0.0009050266905437184,-0.00377823335197826,0.001986852733309001,250,5,0
Amazon-Digital-Music,profile,full_unseen_catalogue,target_margin,full_catalogue,full_catalogue,greedy_cf,Greedy sequential deletion,aia_null_p95,0.7833393163461924,0.7582224496751699,0.8087251325219929,250,5,0
Amazon-Digital-Music,profile,full_unseen_catalogue,target_margin,full_catalogue,full_catalogue,greedy_cf,Greedy sequential deletion,aia_permutation_p,0.2520316831683168,0.23103306930693066,0.2727843564356436,250,5,0
Amazon-Digital-Music,profile,full_unseen_catalogue,target_margin,full_catalogue,full_catalogue,lime,LIME,aia,0.689906188280244,0.6712083136584778,0.7086198270872573,250,5,0
Amazon-Digital-Music,profile,full_unseen_catalogue,target_margin,full_catalogue,full_catalogue,lime,LIME,aia_ndcg,0.2251897238870979,-0.1389814476633877,0.5427315291635759,8,5,242
Amazon-Digital-Music,profile,full_unseen_catalogue,target_margin,full_catalogue,full_catalogue,lime,LIME,faithfulness_alignment,0.9551362624372532,0.9498220971345476,0.9603884371990239,250,5,0
Amazon-Digital-Music,profile,full_unseen_catalogue,target_margin,full_catalogue,full_catalogue,lime,LIME,actionability_gap,-0.26523007415700917,-0.28520669310307856,-0.2454699450544296,250,5,0
Amazon-Digital-Music,profile,full_unseen_catalogue,target_margin,full_catalogue,full_catalogue,lime,LIME,signed_alignment,0.9504375418595852,0.9432388632781048,0.9572951572009002,250,5,0
Amazon-Digital-Music,profile,full_unseen_catalogue,target_margin,full_catalogue,full_catalogue,lime,LIME,signed_alignment_ndcg,0.6995910255596651,0.48749309931335094,0.8321174535572519,8,5,242
Amazon-Digital-Music,profile,full_unseen_catalogue,target_margin,full_catalogue,full_catalogue,lime,LIME,direction_accuracy,0.8755986342415755,0.8675104091970122,0.8835297161531279,250,5,0
Amazon-Digital-Music,profile,full_unseen_catalogue,target_margin,full_catalogue,full_catalogue,lime,LIME,direction_accuracy_ndcg,0.8208333333333333,0.6541666666666666,0.9583333333333333,8,5,242
Amazon-Digital-Music,profile,full_unseen_catalogue,target_margin,full_catalogue,full_catalogue,lime,LIME,top1_precision,0.7575999999999999,0.7303999999999999,0.7832,250,5,0
Amazon-Digital-Music,profile,full_unseen_catalogue,target_margin,full_catalogue,full_catalogue,lime,LIME,top3_precision,0.4584,0.42773333333333335,0.49040666666666655,250,5,0
Amazon-Digital-Music,profile,full_unseen_catalogue,target_margin,full_catalogue,full_catalogue,lime,LIME,top5_precision,0.3618133333333334,0.3352926666666667,0.3900543333333334,250,5,0
Amazon-Digital-Music,profile,full_unseen_catalogue,target_margin,full_catalogue,full_catalogue,lime,LIME,joint_effect_primary,0.0007670913572708531,0.0007147142960120551,0.0008249134242278346,250,5,0
Amazon-Digital-Music,profile,full_unseen_catalogue,target_margin,full_catalogue,full_catalogue,lime,LIME,joint_effect_ndcg,0.0011746699423033026,7.072898118822085e-05,0.002583343986422153,250,5,0
Amazon-Digital-Music,profile,full_unseen_catalogue,target_margin,full_catalogue,full_catalogue,lime,LIME,joint_effect_target_margin,0.0007670913572708531,0.0007155060271108071,0.0008256509765059011,250,5,0
Amazon-Digital-Music,profile,full_unseen_catalogue,target_margin,full_catalogue,full_catalogue,lime,LIME,intervention_success,0.8288,0.8024,0.8543999999999999,250,5,0
Amazon-Digital-Music,profile,full_unseen_catalogue,target_margin,full_catalogue,full_catalogue,lime,LIME,abstention,0.1712,0.1456,0.19760000000000003,250,5,0
Amazon-Digital-Music,profile,full_unseen_catalogue,target_margin,full_catalogue,full_catalogue,lime,LIME,joint_regret_primary,0.00013712776591867778,0.00012309098164983137,0.00015130536535058926,250,5,0
Amazon-Digital-Music,profile,full_unseen_catalogue,target_margin,full_catalogue,full_catalogue,lime,LIME,normalized_regret_primary,0.24227332492280926,0.21750961050525414,0.2676762723569508,250,5,0
Amazon-Digital-Music,profile,full_unseen_catalogue,target_margin,full_catalogue,full_catalogue,lime,LIME,joint_regret_ndcg,0.0005917698517266497,9.05177542123667e-05,0.0013544268406849502,250,5,0
Amazon-Digital-Music,profile,full_unseen_catalogue,target_margin,full_catalogue,full_catalogue,lime,LIME,normalized_regret_ndcg,0.4608991979329881,0.14285714285714285,0.8571428571428571,7,5,243
Amazon-Digital-Music,profile,full_unseen_catalogue,target_margin,full_catalogue,full_catalogue,lime,LIME,intervention_success_ndcg,0.0032,0.0008,0.0064,250,5,0
Amazon-Digital-Music,profile,full_unseen_catalogue,target_margin,full_catalogue,full_catalogue,lime,LIME,aia_null_mean,0.00014016665233631176,-0.0029132110417240138,0.0030697192923227427,250,5,0
Amazon-Digital-Music,profile,full_unseen_catalogue,target_margin,full_catalogue,full_catalogue,lime,LIME,aia_null_p95,0.7842480444137905,0.7576338770343949,0.8095024202085582,250,5,0
Amazon-Digital-Music,profile,full_unseen_catalogue,target_margin,full_catalogue,full_catalogue,lime,LIME,aia_permutation_p,0.20528316831683172,0.1850920792079208,0.225949702970297,250,5,0
Amazon-Digital-Music,profile,full_unseen_catalogue,target_margin,full_catalogue,full_catalogue,loo,Leave-one-out,aia,0.7233980955061451,0.7020931319258656,0.744597716242478,250,5,0
Amazon-Digital-Music,profile,full_unseen_catalogue,target_margin,full_catalogue,full_catalogue,loo,Leave-one-out,aia_ndcg,0.22264625593162807,-0.14439539579417873,0.5373998200350021,8,5,242
Amazon-Digital-Music,profile,full_unseen_catalogue,target_margin,full_catalogue,full_catalogue,loo,Leave-one-out,faithfulness_alignment,1.0,1.0,1.0,250,5,0
Amazon-Digital-Music,profile,full_unseen_catalogue,target_margin,full_catalogue,full_catalogue,loo,Leave-one-out,actionability_gap,-0.2766019044938549,-0.29833479874150615,-0.25603279963122544,250,5,0
Amazon-Digital-Music,profile,full_unseen_catalogue,target_margin,full_catalogue,full_catalogue,loo,Leave-one-out,signed_alignment,0.9553414504381069,0.9478747022482161,0.9622017222261743,250,5,0
Amazon-Digital-Music,profile,full_unseen_catalogue,target_margin,full_catalogue,full_catalogue,loo,Leave-one-out,signed_alignment_ndcg,0.6966406027313201,0.48397900255846965,0.8325255076075335,8,5,242
Amazon-Digital-Music,profile,full_unseen_catalogue,target_margin,full_catalogue,full_catalogue,loo,Leave-one-out,direction_accuracy,0.8871252796876327,0.8787498866395043,0.8952893396995161,250,5,0
Amazon-Digital-Music,profile,full_unseen_catalogue,target_margin,full_catalogue,full_catalogue,loo,Leave-one-out,direction_accuracy_ndcg,0.8208333333333333,0.6541666666666666,0.9583333333333333,8,5,242
Amazon-Digital-Music,profile,full_unseen_catalogue,target_margin,full_catalogue,full_catalogue,loo,Leave-one-out,top1_precision,0.7736000000000001,0.7456000000000002,0.8008,250,5,0
Amazon-Digital-Music,profile,full_unseen_catalogue,target_margin,full_catalogue,full_catalogue,loo,Leave-one-out,top3_precision,0.484,0.4493333333333333,0.5184,250,5,0
Amazon-Digital-Music,profile,full_unseen_catalogue,target_margin,full_catalogue,full_catalogue,loo,Leave-one-out,top5_precision,0.38176,0.3525853333333333,0.41253399999999996,250,5,0
Amazon-Digital-Music,profile,full_unseen_catalogue,target_margin,full_catalogue,full_catalogue,loo,Leave-one-out,joint_effect_primary,0.0007715518358087933,0.0007194621197448214,0.0008289904278227439,250,5,0
Amazon-Digital-Music,profile,full_unseen_catalogue,target_margin,full_catalogue,full_catalogue,loo,Leave-one-out,joint_effect_ndcg,0.0011746699423033026,7.547814397208569e-05,0.0026078604825233685,250,5,0
Amazon-Digital-Music,profile,full_unseen_catalogue,target_margin,full_catalogue,full_catalogue,loo,Leave-one-out,joint_effect_target_margin,0.0007715518358087933,0.0007204065823632803,0.0008281876215858801,250,5,0
Amazon-Digital-Music,profile,full_unseen_catalogue,target_margin,full_catalogue,full_catalogue,loo,Leave-one-out,intervention_success,0.8295999999999999,0.8024,0.8552000000000001,250,5,0
Amazon-Digital-Music,profile,full_unseen_catalogue,target_margin,full_catalogue,full_catalogue,loo,Leave-one-out,abstention,0.17039999999999997,0.144,0.1976,250,5,0
Amazon-Digital-Music,profile,full_unseen_catalogue,target_margin,full_catalogue,full_catalogue,loo,Leave-one-out,joint_regret_primary,0.0001326672873807376,0.00011814815672475601,0.00014764003789254586,250,5,0
Amazon-Digital-Music,profile,full_unseen_catalogue,target_margin,full_catalogue,full_catalogue,loo,Leave-one-out,normalized_regret_primary,0.23435854524828392,0.20872461058693223,0.26031946174488174,250,5,0
Amazon-Digital-Music,profile,full_unseen_catalogue,target_margin,full_catalogue,full_catalogue,loo,Leave-one-out,joint_regret_ndcg,0.0005917698517266497,9.05177542123667e-05,0.001341566165901755,250,5,0
Amazon-Digital-Music,profile,full_unseen_catalogue,target_margin,full_catalogue,full_catalogue,loo,Leave-one-out,normalized_regret_ndcg,0.4608991979329881,0.14285714285714285,0.8571428571428571,7,5,243
Amazon-Digital-Music,profile,full_unseen_catalogue,target_margin,full_catalogue,full_catalogue,loo,Leave-one-out,intervention_success_ndcg,0.0032,0.0008,0.0064,250,5,0
Amazon-Digital-Music,profile,full_unseen_catalogue,target_margin,full_catalogue,full_catalogue,loo,Leave-one-out,aia_null_mean,-6.191113901578293e-05,-0.0030128972635878053,0.0029236557568334655,250,5,0
Amazon-Digital-Music,profile,full_unseen_catalogue,target_margin,full_catalogue,full_catalogue,loo,Leave-one-out,aia_null_p95,0.7829802650868223,0.7563391385709234,0.808292389310844,250,5,0
Amazon-Digital-Music,profile,full_unseen_catalogue,target_margin,full_catalogue,full_catalogue,loo,Leave-one-out,aia_permutation_p,0.1986851485148515,0.17715623762376237,0.22066574257425745,250,5,0
Amazon-Digital-Music,profile,full_unseen_catalogue,target_margin,full_catalogue,full_catalogue,random,Random control,aia,0.005887965594776741,-0.025936949386526787,0.037379842413520416,250,5,0
Amazon-Digital-Music,profile,full_unseen_catalogue,target_margin,full_catalogue,full_catalogue,random,Random control,aia_ndcg,-0.33527224937833877,-0.6334989757868519,-0.023709578597995704,8,5,242
Amazon-Digital-Music,profile,full_unseen_catalogue,target_margin,full_catalogue,full_catalogue,random,Random control,faithfulness_alignment,-0.0030394970973299145,-0.03278146294056821,0.0271076017429423,250,5,0
Amazon-Digital-Music,profile,full_unseen_catalogue,target_margin,full_catalogue,full_catalogue,random,Random control,actionability_gap,0.008927462692106659,-0.013883106846713657,0.031888210409817215,250,5,0
Amazon-Digital-Music,profile,full_unseen_catalogue,target_margin,full_catalogue,full_catalogue,random,Random control,signed_alignment,-0.0040828917419010275,-0.035861912536380026,0.028135497593737534,250,5,0
Amazon-Digital-Music,profile,full_unseen_catalogue,target_margin,full_catalogue,full_catalogue,random,Random control,signed_alignment_ndcg,0.3221451682165656,-0.10825317547305484,0.7046947534497959,8,5,242
Amazon-Digital-Music,profile,full_unseen_catalogue,target_margin,full_catalogue,full_catalogue,random,Random control,direction_accuracy,0.504701941261353,0.4908168485485103,0.5181844696545286,250,5,0
Amazon-Digital-Music,profile,full_unseen_catalogue,target_margin,full_catalogue,full_catalogue,random,Random control,direction_accuracy_ndcg,0.6166666666666666,0.3666666666666667,0.8666666666666667,8,5,242
Amazon-Digital-Music,profile,full_unseen_catalogue,target_margin,full_catalogue,full_catalogue,random,Random control,top1_precision,0.192,0.1672,0.21760000000000002,250,5,0
Amazon-Digital-Music,profile,full_unseen_catalogue,target_margin,full_catalogue,full_catalogue,random,Random control,top3_precision,0.2509333333333333,0.23679999999999998,0.26506666666666673,250,5,0
Amazon-Digital-Music,profile,full_unseen_catalogue,target_margin,full_catalogue,full_catalogue,random,Random control,top5_precision,0.23145333333333332,0.219173,0.24358666666666665,250,5,0
Amazon-Digital-Music,profile,full_unseen_catalogue,target_margin,full_catalogue,full_catalogue,random,Random control,joint_effect_primary,-0.00023897781391219824,-0.0002878080700900146,-0.0001890672874384451,250,5,0
Amazon-Digital-Music,profile,full_unseen_catalogue,target_margin,full_catalogue,full_catalogue,random,Random control,joint_effect_ndcg,8.702604886948378e-05,-0.001068039788981906,0.0013802219468292518,250,5,0
Amazon-Digital-Music,profile,full_unseen_catalogue,target_margin,full_catalogue,full_catalogue,random,Random control,joint_effect_target_margin,-0.00023897781391219824,-0.00028881480374712883,-0.00018995531263973366,250,5,0
Amazon-Digital-Music,profile,full_unseen_catalogue,target_margin,full_catalogue,full_catalogue,random,Random control,intervention_success,0.3528,0.32558,0.38,250,5,0
Amazon-Digital-Music,profile,full_unseen_catalogue,target_margin,full_catalogue,full_catalogue,random,Random control,abstention,0.0528,0.039200000000000006,0.06720000000000001,250,5,0
Amazon-Digital-Music,profile,full_unseen_catalogue,target_margin,full_catalogue,full_catalogue,random,Random control,joint_regret_primary,0.0011431969371017289,0.0010747430779873455,0.0012153156234556196,250,5,0
Amazon-Digital-Music,profile,full_unseen_catalogue,target_margin,full_catalogue,full_catalogue,random,Random control,normalized_regret_primary,1.651667084813462,1.4977712025416574,1.8206075415191674,250,5,0
Amazon-Digital-Music,profile,full_unseen_catalogue,target_margin,full_catalogue,full_catalogue,random,Random control,joint_regret_ndcg,0.0016794137451604687,0.0004142260486447993,0.0032153709773158684,250,5,0
Amazon-Digital-Music,profile,full_unseen_catalogue,target_margin,full_catalogue,full_catalogue,random,Random control,normalized_regret_ndcg,2.321500862988274,0.42857142857142855,4.67662385983801,7,5,243
Amazon-Digital-Music,profile,full_unseen_catalogue,target_margin,full_catalogue,full_catalogue,random,Random control,intervention_success_ndcg,0.0016,0.0,0.004,250,5,0
Amazon-Digital-Music,profile,full_unseen_catalogue,target_margin,full_catalogue,full_catalogue,random,Random control,aia_null_mean,5.898406052152194e-05,-0.0031053577700266713,0.0032276462276010884,250,5,0
Amazon-Digital-Music,profile,full_unseen_catalogue,target_margin,full_catalogue,full_catalogue,random,Random control,aia_null_p95,0.7850616553828009,0.7590098751333805,0.8106511080039155,250,5,0
Amazon-Digital-Music,profile,full_unseen_catalogue,target_margin,full_catalogue,full_catalogue,random,Random control,aia_permutation_p,0.55070099009901,0.5323009900990099,0.569489504950495,250,5,0
Amazon-Digital-Music,profile,full_unseen_catalogue,target_margin,full_catalogue,full_catalogue,shapley_mc,Monte Carlo Shapley,aia,-0.018075147102639362,-0.0684514795998635,0.031177464569486234,250,5,0
Amazon-Digital-Music,profile,full_unseen_catalogue,target_margin,full_catalogue,full_catalogue,shapley_mc,Monte Carlo Shapley,aia_ndcg,0.16934154943410618,-0.22697788019400494,0.5345772064579061,8,5,242
Amazon-Digital-Music,profile,full_unseen_catalogue,target_margin,full_catalogue,full_catalogue,shapley_mc,Monte Carlo Shapley,faithfulness_alignment,-0.3205235444844114,-0.3736789668577037,-0.26693674445729715,250,5,0
Amazon-Digital-Music,profile,full_unseen_catalogue,target_margin,full_catalogue,full_catalogue,shapley_mc,Monte Carlo Shapley,actionability_gap,0.302448397381772,0.2806292810971278,0.32418882822904654,250,5,0
Amazon-Digital-Music,profile,full_unseen_catalogue,target_margin,full_catalogue,full_catalogue,shapley_mc,Monte Carlo Shapley,signed_alignment,0.8864284868279295,0.8758005059965834,0.8969784635921354,250,5,0
Amazon-Digital-Music,profile,full_unseen_catalogue,target_margin,full_catalogue,full_catalogue,shapley_mc,Monte Carlo Shapley,signed_alignment_ndcg,0.8326704340941744,0.7795881386077688,0.8814529109584845,8,5,242
Amazon-Digital-Music,profile,full_unseen_catalogue,target_margin,full_catalogue,full_catalogue,shapley_mc,Monte Carlo Shapley,direction_accuracy,0.6504950241914949,0.6328686201086495,0.6679377547321959,250,5,0
Amazon-Digital-Music,profile,full_unseen_catalogue,target_margin,full_catalogue,full_catalogue,shapley_mc,Monte Carlo Shapley,direction_accuracy_ndcg,0.9458333333333333,0.8624999999999999,1.0,8,5,242
Amazon-Digital-Music,profile,full_unseen_catalogue,target_margin,full_catalogue,full_catalogue,shapley_mc,Monte Carlo Shapley,top1_precision,0.7984000000000001,0.7752,0.8215999999999999,250,5,0
Amazon-Digital-Music,profile,full_unseen_catalogue,target_margin,full_catalogue,full_catalogue,shapley_mc,Monte Carlo Shapley,top3_precision,0.5682666666666667,0.544,0.5925333333333334,250,5,0
Amazon-Digital-Music,profile,full_unseen_catalogue,target_margin,full_catalogue,full_catalogue,shapley_mc,Monte Carlo Shapley,top5_precision,0.48041333333333336,0.45921300000000004,0.5022933333333334,250,5,0
Amazon-Digital-Music,profile,full_unseen_catalogue,target_margin,full_catalogue,full_catalogue,shapley_mc,Monte Carlo Shapley,joint_effect_primary,0.0007985354759020218,0.0007480120316542214,0.0008534083176834921,250,5,0
Amazon-Digital-Music,profile,full_unseen_catalogue,target_margin,full_catalogue,full_catalogue,shapley_mc,Monte Carlo Shapley,joint_effect_ndcg,0.0016250978251332842,0.0003095509623809176,0.003211402436152503,250,5,0
Amazon-Digital-Music,profile,full_unseen_catalogue,target_margin,full_catalogue,full_catalogue,shapley_mc,Monte Carlo Shapley,joint_effect_target_margin,0.0007985354759020218,0.0007467189844079208,0.0008542580200428737,250,5,0
Amazon-Digital-Music,profile,full_unseen_catalogue,target_margin,full_catalogue,full_catalogue,shapley_mc,Monte Carlo Shapley,intervention_success,0.9248,0.908,0.9408,250,5,0
Amazon-Digital-Music,profile,full_unseen_catalogue,target_margin,full_catalogue,full_catalogue,shapley_mc,Monte Carlo Shapley,abstention,0.0,0.0,0.0,250,5,0
Amazon-Digital-Music,profile,full_unseen_catalogue,target_margin,full_catalogue,full_catalogue,shapley_mc,Monte Carlo Shapley,joint_regret_primary,0.00010568364728750895,9.269878626465581e-05,0.00011945697213843896,250,5,0
Amazon-Digital-Music,profile,full_unseen_catalogue,target_margin,full_catalogue,full_catalogue,shapley_mc,Monte Carlo Shapley,normalized_regret_primary,0.2966266255944301,0.21839797874533942,0.39552429878783185,250,5,0
Amazon-Digital-Music,profile,full_unseen_catalogue,target_margin,full_catalogue,full_catalogue,shapley_mc,Monte Carlo Shapley,joint_regret_ndcg,0.00014134196889666823,0.0,0.00036912865763075143,250,5,0
Amazon-Digital-Music,profile,full_unseen_catalogue,target_margin,full_catalogue,full_catalogue,shapley_mc,Monte Carlo Shapley,normalized_regret_ndcg,0.08937750492551226,0.0,0.2497853644963086,7,5,243
Amazon-Digital-Music,profile,full_unseen_catalogue,target_margin,full_catalogue,full_catalogue,shapley_mc,Monte Carlo Shapley,intervention_success_ndcg,0.005600000000000001,0.0016,0.009600000000000001,250,5,0
Amazon-Digital-Music,profile,full_unseen_catalogue,target_margin,full_catalogue,full_catalogue,shapley_mc,Monte Carlo Shapley,aia_null_mean,0.0008225238917944806,-0.002069443636832723,0.0036697669489179556,250,5,0
Amazon-Digital-Music,profile,full_unseen_catalogue,target_margin,full_catalogue,full_catalogue,shapley_mc,Monte Carlo Shapley,aia_null_p95,0.7816623889495437,0.7564042184991479,0.80684921576754,250,5,0
Amazon-Digital-Music,profile,full_unseen_catalogue,target_margin,full_catalogue,full_catalogue,shapley_mc,Monte Carlo Shapley,aia_permutation_p,0.5111128712871287,0.4772352475247525,0.5439057425742574,250,5,0
Amazon-Digital-Music,profile,sampled_unseen_negatives_with_target,target_margin,primary,primary,greedy_cf,Greedy sequential deletion,aia,0.4651322796192455,0.4522501895564445,0.47770973565572716,1000,5,0
Amazon-Digital-Music,profile,sampled_unseen_negatives_with_target,target_margin,primary,primary,greedy_cf,Greedy sequential deletion,aia_ndcg,0.1962592855328952,0.14598681332197072,0.24535858270622857,383,5,617
Amazon-Digital-Music,profile,sampled_unseen_negatives_with_target,target_margin,primary,primary,greedy_cf,Greedy sequential deletion,faithfulness_alignment,0.5454561554492978,0.5327830530663865,0.5581022879171912,1000,5,0
Amazon-Digital-Music,profile,sampled_unseen_negatives_with_target,target_margin,primary,primary,greedy_cf,Greedy sequential deletion,actionability_gap,-0.08032387583005231,-0.09154047340146954,-0.06924011376935758,1000,5,0
Amazon-Digital-Music,profile,sampled_unseen_negatives_with_target,target_margin,primary,primary,greedy_cf,Greedy sequential deletion,signed_alignment,0.09784582148501653,0.07732145916454548,0.11803197563092221,1000,5,0
Amazon-Digital-Music,profile,sampled_unseen_negatives_with_target,target_margin,primary,primary,greedy_cf,Greedy sequential deletion,signed_alignment_ndcg,0.4757651019500157,0.4330672525159747,0.5172270261264562,383,5,617
Amazon-Digital-Music,profile,sampled_unseen_negatives_with_target,target_margin,primary,primary,greedy_cf,Greedy sequential deletion,direction_accuracy,0.6459170252056164,0.6403795955055437,0.6513381475203288,1000,5,0
Amazon-Digital-Music,profile,sampled_unseen_negatives_with_target,target_margin,primary,primary,greedy_cf,Greedy sequential deletion,direction_accuracy_ndcg,0.8167858034700867,0.7914093108242349,0.8411295649645834,384,5,616
Amazon-Digital-Music,profile,sampled_unseen_negatives_with_target,target_margin,primary,primary,greedy_cf,Greedy sequential deletion,top1_precision,0.115,0.10579999999999999,0.124,1000,5,0
Amazon-Digital-Music,profile,sampled_unseen_negatives_with_target,target_margin,primary,primary,greedy_cf,Greedy sequential deletion,top3_precision,0.463,0.4546,0.47126666666666667,1000,5,0
Amazon-Digital-Music,profile,sampled_unseen_negatives_with_target,target_margin,primary,primary,greedy_cf,Greedy sequential deletion,top5_precision,0.44606666666666667,0.43740324999999997,0.4549034166666667,1000,5,0
Amazon-Digital-Music,profile,sampled_unseen_negatives_with_target,target_margin,primary,primary,greedy_cf,Greedy sequential deletion,joint_effect_primary,4.994583707694652e-06,-1.6224119417448463e-05,2.5557621578725583e-05,1000,5,0
Amazon-Digital-Music,profile,sampled_unseen_negatives_with_target,target_margin,primary,primary,greedy_cf,Greedy sequential deletion,joint_effect_ndcg,0.014345168916991035,0.011968449665520178,0.016804203047073286,1000,5,0
Amazon-Digital-Music,profile,sampled_unseen_negatives_with_target,target_margin,primary,primary,greedy_cf,Greedy sequential deletion,joint_effect_target_margin,4.994583707694652e-06,-1.606178658635723e-05,2.5714306303196885e-05,1000,5,0
Amazon-Digital-Music,profile,sampled_unseen_negatives_with_target,target_margin,primary,primary,greedy_cf,Greedy sequential deletion,intervention_success,0.45220000000000005,0.43739999999999996,0.467,1000,5,0
Amazon-Digital-Music,profile,sampled_unseen_negatives_with_target,target_margin,primary,primary,greedy_cf,Greedy sequential deletion,abstention,0.0,0.0,0.0,1000,5,0
Amazon-Digital-Music,profile,sampled_unseen_negatives_with_target,target_margin,primary,primary,greedy_cf,Greedy sequential deletion,joint_regret_primary,0.00089047051865208,0.0008666625499311165,0.0009149272944072659,1000,5,0
Amazon-Digital-Music,profile,sampled_unseen_negatives_with_target,target_margin,primary,primary,greedy_cf,Greedy sequential deletion,normalized_regret_primary,1.403423718846707,1.2993695024133571,1.5313358189255044,1000,5,0
Amazon-Digital-Music,profile,sampled_unseen_negatives_with_target,target_margin,primary,primary,greedy_cf,Greedy sequential deletion,joint_regret_ndcg,0.01951406654855019,0.01722914992015238,0.021911659879941085,1000,5,0
Amazon-Digital-Music,profile,sampled_unseen_negatives_with_target,target_margin,primary,primary,greedy_cf,Greedy sequential deletion,normalized_regret_ndcg,0.8610584331810152,0.6962695711697113,1.056848300353094,440,5,560
Amazon-Digital-Music,profile,sampled_unseen_negatives_with_target,target_margin,primary,primary,greedy_cf,Greedy sequential deletion,intervention_success_ndcg,0.062,0.055395,0.069,1000,5,0
Amazon-Digital-Music,profile,sampled_unseen_negatives_with_target,target_margin,primary,primary,greedy_cf,Greedy sequential deletion,aia_null_mean,0.000226361174424131,-0.0002518777945163713,0.0006963735740196336,1000,5,0
Amazon-Digital-Music,profile,sampled_unseen_negatives_with_target,target_margin,primary,primary,greedy_cf,Greedy sequential deletion,aia_null_p95,0.7688269319119991,0.7568093297683288,0.7811050145108889,1000,5,0
Amazon-Digital-Music,profile,sampled_unseen_negatives_with_target,target_margin,primary,primary,greedy_cf,Greedy sequential deletion,aia_permutation_p,0.2778013986013985,0.26697115384615383,0.2885901798201798,1000,5,0
Amazon-Digital-Music,profile,sampled_unseen_negatives_with_target,target_margin,primary,primary,lime,LIME,aia,0.7552412100696001,0.7455998379542285,0.7646987413248516,1000,5,0
Amazon-Digital-Music,profile,sampled_unseen_negatives_with_target,target_margin,primary,primary,lime,LIME,aia_ndcg,0.2804682680440238,0.22979969565902217,0.3302957764876418,383,5,617
Amazon-Digital-Music,profile,sampled_unseen_negatives_with_target,target_margin,primary,primary,lime,LIME,faithfulness_alignment,0.9620130745209383,0.9595195792092325,0.9644032838580409,1000,5,0
Amazon-Digital-Music,profile,sampled_unseen_negatives_with_target,target_margin,primary,primary,lime,LIME,actionability_gap,-0.20677186445133816,-0.21716279352664877,-0.19662173227752638,1000,5,0
Amazon-Digital-Music,profile,sampled_unseen_negatives_with_target,target_margin,primary,primary,lime,LIME,signed_alignment,0.9571698279326453,0.9535800554296066,0.9604292885239116,1000,5,0
Amazon-Digital-Music,profile,sampled_unseen_negatives_with_target,target_margin,primary,primary,lime,LIME,signed_alignment_ndcg,0.7961979085505367,0.7730435062690824,0.8173049480483322,383,5,617
Amazon-Digital-Music,profile,sampled_unseen_negatives_with_target,target_margin,primary,primary,lime,LIME,direction_accuracy,0.9109448004472308,0.9072065471106552,0.9146944901764259,1000,5,0
Amazon-Digital-Music,profile,sampled_unseen_negatives_with_target,target_margin,primary,primary,lime,LIME,direction_accuracy_ndcg,0.9046839764096198,0.8857051253304412,0.9224632589398788,384,5,616
Amazon-Digital-Music,profile,sampled_unseen_negatives_with_target,target_margin,primary,primary,lime,LIME,top1_precision,0.8626,0.8524,0.8726,1000,5,0
Amazon-Digital-Music,profile,sampled_unseen_negatives_with_target,target_margin,primary,primary,lime,LIME,top3_precision,0.5760666666666667,0.5604666666666667,0.5915999999999999,1000,5,0
Amazon-Digital-Music,profile,sampled_unseen_negatives_with_target,target_margin,primary,primary,lime,LIME,top5_precision,0.4635533333333333,0.4499898333333333,0.47722333333333333,1000,5,0
Amazon-Digital-Music,profile,sampled_unseen_negatives_with_target,target_margin,primary,primary,lime,LIME,joint_effect_primary,0.0008193635141471576,0.0007985504938402633,0.0008416059893554818,1000,5,0
Amazon-Digital-Music,profile,sampled_unseen_negatives_with_target,target_margin,primary,primary,lime,LIME,joint_effect_ndcg,0.027564290984999407,0.02486550900014142,0.030460656895452836,1000,5,0
Amazon-Digital-Music,profile,sampled_unseen_negatives_with_target,target_margin,primary,primary,lime,LIME,joint_effect_target_margin,0.0008193635141471576,0.0007987890387731709,0.0008421168518680129,1000,5,0
Amazon-Digital-Music,profile,sampled_unseen_negatives_with_target,target_margin,primary,primary,lime,LIME,intervention_success,0.9288,0.9202,0.9372,1000,5,0
Amazon-Digital-Music,profile,sampled_unseen_negatives_with_target,target_margin,primary,primary,lime,LIME,abstention,0.0712,0.063,0.07959999999999999,1000,5,0
Amazon-Digital-Music,profile,sampled_unseen_negatives_with_target,target_margin,primary,primary,lime,LIME,joint_regret_primary,7.610158821261724e-05,7.076502444749362e-05,8.154651347882911e-05,1000,5,0
Amazon-Digital-Music,profile,sampled_unseen_negatives_with_target,target_margin,primary,primary,lime,LIME,normalized_regret_primary,0.13146358004138955,0.12233444363011153,0.14075464526672274,1000,5,0
Amazon-Digital-Music,profile,sampled_unseen_negatives_with_target,target_margin,primary,primary,lime,LIME,joint_regret_ndcg,0.0062949444805418175,0.005147391872753554,0.007495894319064657,1000,5,0
Amazon-Digital-Music,profile,sampled_unseen_negatives_with_target,target_margin,primary,primary,lime,LIME,normalized_regret_ndcg,0.2508577770392316,0.16986657347988504,0.38212551518418064,440,5,560
Amazon-Digital-Music,profile,sampled_unseen_negatives_with_target,target_margin,primary,primary,lime,LIME,intervention_success_ndcg,0.1006,0.09179999999999999,0.10940000000000001,1000,5,0
Amazon-Digital-Music,profile,sampled_unseen_negatives_with_target,target_margin,primary,primary,lime,LIME,aia_null_mean,-2.092133258382488e-05,-0.00047384284178811386,0.00043558894911834803,1000,5,0
Amazon-Digital-Music,profile,sampled_unseen_negatives_with_target,target_margin,primary,primary,lime,LIME,aia_null_p95,0.7690403953726871,0.7568759325733219,0.7815340671475196,1000,5,0
Amazon-Digital-Music,profile,sampled_unseen_negatives_with_target,target_margin,primary,primary,lime,LIME,aia_permutation_p,0.16173566433566436,0.15174002497502498,0.17173272227772227,1000,5,0
Amazon-Digital-Music,profile,sampled_unseen_negatives_with_target,target_margin,primary,primary,loo,Leave-one-out,aia,0.7804006491135284,0.7700984142163309,0.7904240810393166,1000,5,0
Amazon-Digital-Music,profile,sampled_unseen_negatives_with_target,target_margin,primary,primary,loo,Leave-one-out,aia_ndcg,0.28465934100421203,0.23374631869486248,0.33443134609746683,383,5,617
Amazon-Digital-Music,profile,sampled_unseen_negatives_with_target,target_margin,primary,primary,loo,Leave-one-out,faithfulness_alignment,1.0,1.0,1.0,1000,5,0
Amazon-Digital-Music,profile,sampled_unseen_negatives_with_target,target_margin,primary,primary,loo,Leave-one-out,actionability_gap,-0.21959935088647164,-0.2299713708079846,-0.20934628892559973,1000,5,0
Amazon-Digital-Music,profile,sampled_unseen_negatives_with_target,target_margin,primary,primary,loo,Leave-one-out,signed_alignment,0.9627679233460039,0.9592518991525761,0.96610797298741,1000,5,0
Amazon-Digital-Music,profile,sampled_unseen_negatives_with_target,target_margin,primary,primary,loo,Leave-one-out,signed_alignment_ndcg,0.7965973158666015,0.773543399766033,0.8179482920385116,383,5,617
Amazon-Digital-Music,profile,sampled_unseen_negatives_with_target,target_margin,primary,primary,loo,Leave-one-out,direction_accuracy,0.9212954498872301,0.9173153427922268,0.9251089191933584,1000,5,0
Amazon-Digital-Music,profile,sampled_unseen_negatives_with_target,target_margin,primary,primary,loo,Leave-one-out,direction_accuracy_ndcg,0.9092009654969213,0.8905501516223598,0.9270217966053214,384,5,616
Amazon-Digital-Music,profile,sampled_unseen_negatives_with_target,target_margin,primary,primary,loo,Leave-one-out,top1_precision,0.8752000000000001,0.8652000000000001,0.885,1000,5,0
Amazon-Digital-Music,profile,sampled_unseen_negatives_with_target,target_margin,primary,primary,loo,Leave-one-out,top3_precision,0.5948,0.5780666666666666,0.6112666666666666,1000,5,0
Amazon-Digital-Music,profile,sampled_unseen_negatives_with_target,target_margin,primary,primary,loo,Leave-one-out,top5_precision,0.47899,0.46416324999999997,0.49369783333333334,1000,5,0
Amazon-Digital-Music,profile,sampled_unseen_negatives_with_target,target_margin,primary,primary,loo,Leave-one-out,joint_effect_primary,0.0008202840597983321,0.0007995641628828124,0.0008423570216693611,1000,5,0
Amazon-Digital-Music,profile,sampled_unseen_negatives_with_target,target_margin,primary,primary,loo,Leave-one-out,joint_effect_ndcg,0.02764983247580962,0.02490077058901937,0.030462876467113213,1000,5,0
Amazon-Digital-Music,profile,sampled_unseen_negatives_with_target,target_margin,primary,primary,loo,Leave-one-out,joint_effect_target_margin,0.0008202840597983321,0.000799674905783067,0.0008417491320158644,1000,5,0
Amazon-Digital-Music,profile,sampled_unseen_negatives_with_target,target_margin,primary,primary,loo,Leave-one-out,intervention_success,0.926,0.917,0.9348,1000,5,0
Amazon-Digital-Music,profile,sampled_unseen_negatives_with_target,target_margin,primary,primary,loo,Leave-one-out,abstention,0.074,0.0654,0.08280000000000001,1000,5,0
Amazon-Digital-Music,profile,sampled_unseen_negatives_with_target,target_margin,primary,primary,loo,Leave-one-out,joint_regret_primary,7.518104256144268e-05,6.96815969266392e-05,8.080901060876149e-05,1000,5,0
Amazon-Digital-Music,profile,sampled_unseen_negatives_with_target,target_margin,primary,primary,loo,Leave-one-out,normalized_regret_primary,0.12929830423339767,0.11976599508203876,0.13893468354349495,1000,5,0
Amazon-Digital-Music,profile,sampled_unseen_negatives_with_target,target_margin,primary,primary,loo,Leave-one-out,joint_regret_ndcg,0.006209402989731604,0.005080566918742372,0.007413186714207133,1000,5,0
Amazon-Digital-Music,profile,sampled_unseen_negatives_with_target,target_margin,primary,primary,loo,Leave-one-out,normalized_regret_ndcg,0.2630365691996446,0.17242776676437516,0.4044267652507041,440,5,560
Amazon-Digital-Music,profile,sampled_unseen_negatives_with_target,target_margin,primary,primary,loo,Leave-one-out,intervention_success_ndcg,0.1012,0.09259999999999999,0.11040000000000001,1000,5,0
Amazon-Digital-Music,profile,sampled_unseen_negatives_with_target,target_margin,primary,primary,loo,Leave-one-out,aia_null_mean,-3.942234785338497e-05,-0.0005033774735604951,0.00043102191553286737,1000,5,0
Amazon-Digital-Music,profile,sampled_unseen_negatives_with_target,target_margin,primary,primary,loo,Leave-one-out,aia_null_p95,0.7691997813476512,0.7570412902023543,0.7815085657666894,1000,5,0
Amazon-Digital-Music,profile,sampled_unseen_negatives_with_target,target_margin,primary,primary,loo,Leave-one-out,aia_permutation_p,0.15784415584415584,0.14762165334665334,0.16814754245754246,1000,5,0
Amazon-Digital-Music,profile,sampled_unseen_negatives_with_target,target_margin,primary,primary,random,Random control,aia,0.004532674508154383,-0.010287996653887903,0.019319673088263645,1000,5,0
Amazon-Digital-Music,profile,sampled_unseen_negatives_with_target,target_margin,primary,primary,random,Random control,aia_ndcg,-0.057323635982550566,-0.10764202309029634,-0.006175818208451866,383,5,617
Amazon-Digital-Music,profile,sampled_unseen_negatives_with_target,target_margin,primary,primary,random,Random control,faithfulness_alignment,0.0019335298035298037,-0.013034796994414257,0.016996974685917793,1000,5,0
Amazon-Digital-Music,profile,sampled_unseen_negatives_with_target,target_margin,primary,primary,random,Random control,actionability_gap,0.0025991447046245808,-0.008563779215237806,0.013523915191104036,1000,5,0
Amazon-Digital-Music,profile,sampled_unseen_negatives_with_target,target_margin,primary,primary,random,Random control,signed_alignment,-0.0006808897707040131,-0.015601816788732424,0.01419313670539986,1000,5,0
Amazon-Digital-Music,profile,sampled_unseen_negatives_with_target,target_margin,primary,primary,random,Random control,signed_alignment_ndcg,-0.014393588669053353,-0.06262940809984383,0.03572284587922424,383,5,617
Amazon-Digital-Music,profile,sampled_unseen_negatives_with_target,target_margin,primary,primary,random,Random control,direction_accuracy,0.5013730156161348,0.49501412855765237,0.5078247627764607,1000,5,0
Amazon-Digital-Music,profile,sampled_unseen_negatives_with_target,target_margin,primary,primary,random,Random control,direction_accuracy_ndcg,0.4764183390734402,0.44338728125981114,0.5104409997703312,384,5,616
Amazon-Digital-Music,profile,sampled_unseen_negatives_with_target,target_margin,primary,primary,random,Random control,top1_precision,0.19319999999999998,0.18180000000000002,0.20460000000000003,1000,5,0
Amazon-Digital-Music,profile,sampled_unseen_negatives_with_target,target_margin,primary,primary,random,Random control,top3_precision,0.27020000000000005,0.26280000000000003,0.27773333333333333,1000,5,0
Amazon-Digital-Music,profile,sampled_unseen_negatives_with_target,target_margin,primary,primary,random,Random control,top5_precision,0.25808000000000003,0.25195633333333334,0.2643036666666666,1000,5,0
Amazon-Digital-Music,profile,sampled_unseen_negatives_with_target,target_margin,primary,primary,random,Random control,joint_effect_primary,-0.0001489301632360076,-0.00017057965512910585,-0.0001272552393332097,1000,5,0
Amazon-Digital-Music,profile,sampled_unseen_negatives_with_target,target_margin,primary,primary,random,Random control,joint_effect_ndcg,4.34103668970254e-05,-0.0017423593864793294,0.0018153785876991039,1000,5,0
Amazon-Digital-Music,profile,sampled_unseen_negatives_with_target,target_margin,primary,primary,random,Random control,joint_effect_target_margin,-0.0001489301632360076,-0.0001703942131123445,-0.00012725463317839663,1000,5,0
Amazon-Digital-Music,profile,sampled_unseen_negatives_with_target,target_margin,primary,primary,random,Random control,intervention_success,0.4026,0.38919500000000007,0.41620000000000007,1000,5,0
Amazon-Digital-Music,profile,sampled_unseen_negatives_with_target,target_margin,primary,primary,random,Random control,abstention,0.0476,0.0412,0.054200000000000005,1000,5,0
Amazon-Digital-Music,profile,sampled_unseen_negatives_with_target,target_margin,primary,primary,random,Random control,joint_regret_primary,0.0010443952655957824,0.0010139285976025875,0.001075597802813422,1000,5,0
Amazon-Digital-Music,profile,sampled_unseen_negatives_with_target,target_margin,primary,primary,random,Random control,normalized_regret_primary,1.3940861049578477,1.2979382908638486,1.5228214631151453,1000,5,0
Amazon-Digital-Music,profile,sampled_unseen_negatives_with_target,target_margin,primary,primary,random,Random control,joint_regret_ndcg,0.0338158250986442,0.030670809327903212,0.037119654893919794,1000,5,0
Amazon-Digital-Music,profile,sampled_unseen_negatives_with_target,target_margin,primary,primary,random,Random control,normalized_regret_ndcg,1.203503134874231,1.0728553066877233,1.366936687512216,440,5,560
Amazon-Digital-Music,profile,sampled_unseen_negatives_with_target,target_margin,primary,primary,random,Random control,intervention_success_ndcg,0.028,0.023399999999999997,0.032799999999999996,1000,5,0
Amazon-Digital-Music,profile,sampled_unseen_negatives_with_target,target_margin,primary,primary,random,Random control,aia_null_mean,-1.025712477409068e-05,-0.0004924262220362196,0.000468269319472452,1000,5,0
Amazon-Digital-Music,profile,sampled_unseen_negatives_with_target,target_margin,primary,primary,random,Random control,aia_null_p95,0.7684095506049677,0.7560129469686336,0.7810751713122531,1000,5,0
Amazon-Digital-Music,profile,sampled_unseen_negatives_with_target,target_margin,primary,primary,random,Random control,aia_permutation_p,0.542995004995005,0.5342607192807193,0.5516616283716284,1000,5,0
Amazon-Digital-Music,profile,sampled_unseen_negatives_with_target,target_margin,primary,primary,shapley_mc,Monte Carlo Shapley,aia,0.3100701139984886,0.28720311452028363,0.3327229010159088,1000,5,0
Amazon-Digital-Music,profile,sampled_unseen_negatives_with_target,target_margin,primary,primary,shapley_mc,Monte Carlo Shapley,aia_ndcg,0.44563605343377843,0.40150267508678994,0.489050193570275,383,5,617
Amazon-Digital-Music,profile,sampled_unseen_negatives_with_target,target_margin,primary,primary,shapley_mc,Monte Carlo Shapley,faithfulness_alignment,0.06400255666418206,0.0366635421625588,0.09095029401236021,1000,5,0
Amazon-Digital-Music,profile,sampled_unseen_negatives_with_target,target_margin,primary,primary,shapley_mc,Monte Carlo Shapley,actionability_gap,0.24606755733430657,0.23530112913234857,0.25694336366407067,1000,5,0
Amazon-Digital-Music,profile,sampled_unseen_negatives_with_target,target_margin,primary,primary,shapley_mc,Monte Carlo Shapley,signed_alignment,0.9117698752743645,0.9069875557211107,0.9164087141982116,1000,5,0
Amazon-Digital-Music,profile,sampled_unseen_negatives_with_target,target_margin,primary,primary,shapley_mc,Monte Carlo Shapley,signed_alignment_ndcg,0.774946468750393,0.7500360729844965,0.797916468680637,383,5,617
Amazon-Digital-Music,profile,sampled_unseen_negatives_with_target,target_margin,primary,primary,shapley_mc,Monte Carlo Shapley,direction_accuracy,0.7641061999232279,0.7562278330205442,0.7717764055282523,1000,5,0
Amazon-Digital-Music,profile,sampled_unseen_negatives_with_target,target_margin,primary,primary,shapley_mc,Monte Carlo Shapley,direction_accuracy_ndcg,0.9142691488624393,0.896931173396448,0.9302282071067973,384,5,616
Amazon-Digital-Music,profile,sampled_unseen_negatives_with_target,target_margin,primary,primary,shapley_mc,Monte Carlo Shapley,top1_precision,0.8416,0.8306,0.8522000000000001,1000,5,0
Amazon-Digital-Music,profile,sampled_unseen_negatives_with_target,target_margin,primary,primary,shapley_mc,Monte Carlo Shapley,top3_precision,0.6399333333333334,0.6278,0.6522666666666667,1000,5,0
Amazon-Digital-Music,profile,sampled_unseen_negatives_with_target,target_margin,primary,primary,shapley_mc,Monte Carlo Shapley,top5_precision,0.5401800000000001,0.5288465833333333,0.5515104166666666,1000,5,0
Amazon-Digital-Music,profile,sampled_unseen_negatives_with_target,target_margin,primary,primary,shapley_mc,Monte Carlo Shapley,joint_effect_primary,0.0008421207556281894,0.0008207194068782927,0.0008649272457588019,1000,5,0
Amazon-Digital-Music,profile,sampled_unseen_negatives_with_target,target_margin,primary,primary,shapley_mc,Monte Carlo Shapley,joint_effect_ndcg,0.029332043316612287,0.026396618444295923,0.032271240862357733,1000,5,0
Amazon-Digital-Music,profile,sampled_unseen_negatives_with_target,target_margin,primary,primary,shapley_mc,Monte Carlo Shapley,joint_effect_target_margin,0.0008421207556281894,0.0008206557364261196,0.000865406447900009,1000,5,0
Amazon-Digital-Music,profile,sampled_unseen_negatives_with_target,target_margin,primary,primary,shapley_mc,Monte Carlo Shapley,intervention_success,0.9692000000000001,0.9638000000000001,0.9742000000000001,1000,5,0
Amazon-Digital-Music,profile,sampled_unseen_negatives_with_target,target_margin,primary,primary,shapley_mc,Monte Carlo Shapley,abstention,0.0002,0.0,0.0006000000000000001,1000,5,0
Amazon-Digital-Music,profile,sampled_unseen_negatives_with_target,target_margin,primary,primary,shapley_mc,Monte Carlo Shapley,joint_regret_primary,5.33443467315856e-05,4.957113946636841e-05,5.715346579625645e-05,1000,5,0
Amazon-Digital-Music,profile,sampled_unseen_negatives_with_target,target_margin,primary,primary,shapley_mc,Monte Carlo Shapley,normalized_regret_primary,0.15165860157308017,0.1213626388880146,0.18909986300208279,1000,5,0
Amazon-Digital-Music,profile,sampled_unseen_negatives_with_target,target_margin,primary,primary,shapley_mc,Monte Carlo Shapley,joint_regret_ndcg,0.00452719214892894,0.003624935196614861,0.005514311753380479,1000,5,0
Amazon-Digital-Music,profile,sampled_unseen_negatives_with_target,target_margin,primary,primary,shapley_mc,Monte Carlo Shapley,normalized_regret_ndcg,0.16661044103498546,0.12566179613088105,0.2195872303304906,440,5,560
Amazon-Digital-Music,profile,sampled_unseen_negatives_with_target,target_margin,primary,primary,shapley_mc,Monte Carlo Shapley,intervention_success_ndcg,0.1046,0.09559999999999999,0.11360499999999993,1000,5,0
Amazon-Digital-Music,profile,sampled_unseen_negatives_with_target,target_margin,primary,primary,shapley_mc,Monte Carlo Shapley,aia_null_mean,0.00039179155304963354,-7.100667696764015e-05,0.0008603673155309603,1000,5,0
Amazon-Digital-Music,profile,sampled_unseen_negatives_with_target,target_margin,primary,primary,shapley_mc,Monte Carlo Shapley,aia_null_p95,0.7688811536605809,0.7565520048818828,0.7810815477582466,1000,5,0
Amazon-Digital-Music,profile,sampled_unseen_negatives_with_target,target_margin,primary,primary,shapley_mc,Monte Carlo Shapley,aia_permutation_p,0.34712967032967035,0.3307403446553447,0.3636154145854146,1000,5,0
MovieLens-1M,itemknn,full_unseen_catalogue,target_margin,full_catalogue,full_catalogue,greedy_cf,Greedy sequential deletion,aia,0.38188091397448626,0.35435076521042913,0.4097314506471463,250,5,0
MovieLens-1M,itemknn,full_unseen_catalogue,target_margin,full_catalogue,full_catalogue,greedy_cf,Greedy sequential deletion,aia_ndcg,0.281894443964921,0.1644145688685227,0.40178859728978406,18,5,232
MovieLens-1M,itemknn,full_unseen_catalogue,target_margin,full_catalogue,full_catalogue,greedy_cf,Greedy sequential deletion,faithfulness_alignment,0.38446194946217827,0.35636543480018135,0.4127239564067881,250,5,0
MovieLens-1M,itemknn,full_unseen_catalogue,target_margin,full_catalogue,full_catalogue,greedy_cf,Greedy sequential deletion,actionability_gap,-0.002581035487692049,-0.013157801609488437,0.007859674096421406,250,5,0
MovieLens-1M,itemknn,full_unseen_catalogue,target_margin,full_catalogue,full_catalogue,greedy_cf,Greedy sequential deletion,signed_alignment,0.4530598761474116,0.42284843607877914,0.4805171330686493,250,5,0
MovieLens-1M,itemknn,full_unseen_catalogue,target_margin,full_catalogue,full_catalogue,greedy_cf,Greedy sequential deletion,signed_alignment_ndcg,0.28278598184771364,0.171515105511791,0.38856049122237113,18,5,232
MovieLens-1M,itemknn,full_unseen_catalogue,target_margin,full_catalogue,full_catalogue,greedy_cf,Greedy sequential deletion,direction_accuracy,0.6380884030658024,0.624016965479481,0.6524349149268344,250,5,0
MovieLens-1M,itemknn,full_unseen_catalogue,target_margin,full_catalogue,full_catalogue,greedy_cf,Greedy sequential deletion,direction_accuracy_ndcg,0.7700757575757576,0.6686868686868688,0.8671338383838384,18,5,232
MovieLens-1M,itemknn,full_unseen_catalogue,target_margin,full_catalogue,full_catalogue,greedy_cf,Greedy sequential deletion,top1_precision,0.096,0.064,0.136,250,5,0
MovieLens-1M,itemknn,full_unseen_catalogue,target_margin,full_catalogue,full_catalogue,greedy_cf,Greedy sequential deletion,top3_precision,0.43466666666666665,0.404,0.4653333333333334,250,5,0
MovieLens-1M,itemknn,full_unseen_catalogue,target_margin,full_catalogue,full_catalogue,greedy_cf,Greedy sequential deletion,top5_precision,0.5405333333333333,0.5125333333333333,0.5679999999999998,250,5,0
MovieLens-1M,itemknn,full_unseen_catalogue,target_margin,full_catalogue,full_catalogue,greedy_cf,Greedy sequential deletion,joint_effect_primary,3.1102140192609264e-06,-0.00020077357861161658,0.00020176893864242272,250,5,0
MovieLens-1M,itemknn,full_unseen_catalogue,target_margin,full_catalogue,full_catalogue,greedy_cf,Greedy sequential deletion,joint_effect_ndcg,0.0045643435950248265,0.000587365831841254,0.00964749218647255,250,5,0
MovieLens-1M,itemknn,full_unseen_catalogue,target_margin,full_catalogue,full_catalogue,greedy_cf,Greedy sequential deletion,joint_effect_target_margin,3.1102140192609264e-06,-0.00020333131962819363,0.00020450953389964183,250,5,0
MovieLens-1M,itemknn,full_unseen_catalogue,target_margin,full_catalogue,full_catalogue,greedy_cf,Greedy sequential deletion,intervention_success,0.536,0.472,0.6,250,5,0
MovieLens-1M,itemknn,full_unseen_catalogue,target_margin,full_catalogue,full_catalogue,greedy_cf,Greedy sequential deletion,abstention,0.0,0.0,0.0,250,5,0
MovieLens-1M,itemknn,full_unseen_catalogue,target_margin,full_catalogue,full_catalogue,greedy_cf,Greedy sequential deletion,joint_regret_primary,0.0028338177863234002,0.0026024255031559954,0.0031024298856591366,250,5,0
MovieLens-1M,itemknn,full_unseen_catalogue,target_margin,full_catalogue,full_catalogue,greedy_cf,Greedy sequential deletion,normalized_regret_primary,1.033888989981906,0.9691003326759132,1.098175956316655,250,5,0
MovieLens-1M,itemknn,full_unseen_catalogue,target_margin,full_catalogue,full_catalogue,greedy_cf,Greedy sequential deletion,joint_regret_ndcg,0.013950518429601834,0.005544588470563233,0.024108115809977113,250,5,0
MovieLens-1M,itemknn,full_unseen_catalogue,target_margin,full_catalogue,full_catalogue,greedy_cf,Greedy sequential deletion,normalized_regret_ndcg,0.6188535220446528,0.4072490946482903,0.8338373151217828,20,5,230
MovieLens-1M,itemknn,full_unseen_catalogue,target_margin,full_catalogue,full_catalogue,greedy_cf,Greedy sequential deletion,intervention_success_ndcg,0.044,0.02,0.072,250,5,0
MovieLens-1M,itemknn,full_unseen_catalogue,target_margin,full_catalogue,full_catalogue,greedy_cf,Greedy sequential deletion,aia_null_mean,0.0007399668813920566,-0.0004921080282131712,0.0019787797040907973,250,5,0
MovieLens-1M,itemknn,full_unseen_catalogue,target_margin,full_catalogue,full_catalogue,greedy_cf,Greedy sequential deletion,aia_null_p95,0.3878180072605274,0.3799025822561331,0.39724820701461333,250,5,0
MovieLens-1M,itemknn,full_unseen_catalogue,target_margin,full_catalogue,full_catalogue,greedy_cf,Greedy sequential deletion,aia_permutation_p,0.13645148514851485,0.11492257425742575,0.16036455445544553,250,5,0
MovieLens-1M,itemknn,full_unseen_catalogue,target_margin,full_catalogue,full_catalogue,lime,LIME,aia,0.8923842389854353,0.8782603958432992,0.9058302936327375,250,5,0
MovieLens-1M,itemknn,full_unseen_catalogue,target_margin,full_catalogue,full_catalogue,lime,LIME,aia_ndcg,0.47073300988066574,0.3605951972317456,0.5815521274782671,18,5,232
MovieLens-1M,itemknn,full_unseen_catalogue,target_margin,full_catalogue,full_catalogue,lime,LIME,faithfulness_alignment,0.9255505674017355,0.9158844285849006,0.9345754957494731,250,5,0
MovieLens-1M,itemknn,full_unseen_catalogue,target_margin,full_catalogue,full_catalogue,lime,LIME,actionability_gap,-0.033166328416300156,-0.04147309503911401,-0.025835973448424608,250,5,0
MovieLens-1M,itemknn,full_unseen_catalogue,target_margin,full_catalogue,full_catalogue,lime,LIME,signed_alignment,0.9633678882691024,0.9565904931165441,0.9691875511001905,250,5,0
MovieLens-1M,itemknn,full_unseen_catalogue,target_margin,full_catalogue,full_catalogue,lime,LIME,signed_alignment_ndcg,0.6832651809664188,0.5933873852378321,0.7716543352204048,18,5,232
MovieLens-1M,itemknn,full_unseen_catalogue,target_margin,full_catalogue,full_catalogue,lime,LIME,direction_accuracy,0.9553061353232252,0.9494633452995233,0.9608289919132296,250,5,0
MovieLens-1M,itemknn,full_unseen_catalogue,target_margin,full_catalogue,full_catalogue,lime,LIME,direction_accuracy_ndcg,0.9569708994708996,0.9279209656084655,0.9819444444444445,18,5,232
MovieLens-1M,itemknn,full_unseen_catalogue,target_margin,full_catalogue,full_catalogue,lime,LIME,top1_precision,0.8543999999999999,0.8184000000000001,0.8872000000000001,250,5,0
MovieLens-1M,itemknn,full_unseen_catalogue,target_margin,full_catalogue,full_catalogue,lime,LIME,top3_precision,0.9034666666666668,0.8866666666666666,0.9194666666666667,250,5,0
MovieLens-1M,itemknn,full_unseen_catalogue,target_margin,full_catalogue,full_catalogue,lime,LIME,top5_precision,0.9147199999999999,0.9003199999999999,0.92896,250,5,0
MovieLens-1M,itemknn,full_unseen_catalogue,target_margin,full_catalogue,full_catalogue,lime,LIME,joint_effect_primary,0.002788514941685779,0.0026576804060053014,0.0029292422428842594,250,5,0
MovieLens-1M,itemknn,full_unseen_catalogue,target_margin,full_catalogue,full_catalogue,lime,LIME,joint_effect_ndcg,0.014457522492232455,0.006726798769642332,0.023988062770416985,250,5,0
MovieLens-1M,itemknn,full_unseen_catalogue,target_margin,full_catalogue,full_catalogue,lime,LIME,joint_effect_target_margin,0.002788514941685779,0.0026594085288542007,0.0029294398137553546,250,5,0
MovieLens-1M,itemknn,full_unseen_catalogue,target_margin,full_catalogue,full_catalogue,lime,LIME,intervention_success,1.0,1.0,1.0,250,5,0
MovieLens-1M,itemknn,full_unseen_catalogue,target_margin,full_catalogue,full_catalogue,lime,LIME,abstention,0.0,0.0,0.0,250,5,0
MovieLens-1M,itemknn,full_unseen_catalogue,target_margin,full_catalogue,full_catalogue,lime,LIME,joint_regret_primary,4.841305865688463e-05,3.286295080866665e-05,6.783341475285927e-05,250,5,0
MovieLens-1M,itemknn,full_unseen_catalogue,target_margin,full_catalogue,full_catalogue,lime,LIME,normalized_regret_primary,0.022224131261780977,0.014794529309104949,0.03138990340675655,250,5,0
MovieLens-1M,itemknn,full_unseen_catalogue,target_margin,full_catalogue,full_catalogue,lime,LIME,joint_regret_ndcg,0.004057339532394207,0.0003242232313154091,0.009606034360651798,250,5,0
MovieLens-1M,itemknn,full_unseen_catalogue,target_margin,full_catalogue,full_catalogue,lime,LIME,normalized_regret_ndcg,0.20755821850880501,0.05971233375760091,0.3768037653176958,20,5,230
MovieLens-1M,itemknn,full_unseen_catalogue,target_margin,full_catalogue,full_catalogue,lime,LIME,intervention_success_ndcg,0.072,0.04,0.104,250,5,0
MovieLens-1M,itemknn,full_unseen_catalogue,target_margin,full_catalogue,full_catalogue,lime,LIME,aia_null_mean,-0.00044860753587084044,-0.0017663605693983419,0.000834245464738985,250,5,0
MovieLens-1M,itemknn,full_unseen_catalogue,target_margin,full_catalogue,full_catalogue,lime,LIME,aia_null_p95,0.3875194017181905,0.37962953478232603,0.39686643460608595,250,5,0
MovieLens-1M,itemknn,full_unseen_catalogue,target_margin,full_catalogue,full_catalogue,lime,LIME,aia_permutation_p,0.013980198019801982,0.01043168316831683,0.01943841584158415,250,5,0
MovieLens-1M,itemknn,full_unseen_catalogue,target_margin,full_catalogue,full_catalogue,loo,Leave-one-out,aia,0.9579583462964725,0.9491020391108744,0.9657806496404695,250,5,0
MovieLens-1M,itemknn,full_unseen_catalogue,target_margin,full_catalogue,full_catalogue,loo,Leave-one-out,aia_ndcg,0.5302899317106354,0.42180322586029007,0.6386030871599427,18,5,232
MovieLens-1M,itemknn,full_unseen_catalogue,target_margin,full_catalogue,full_catalogue,loo,Leave-one-out,faithfulness_alignment,1.0,1.0,1.0,250,5,0
MovieLens-1M,itemknn,full_unseen_catalogue,target_margin,full_catalogue,full_catalogue,loo,Leave-one-out,actionability_gap,-0.042041653703527616,-0.05096534219393181,-0.03425877926648396,250,5,0
MovieLens-1M,itemknn,full_unseen_catalogue,target_margin,full_catalogue,full_catalogue,loo,Leave-one-out,signed_alignment,0.9879856795853882,0.9828407284513508,0.9917306698410935,250,5,0
MovieLens-1M,itemknn,full_unseen_catalogue,target_margin,full_catalogue,full_catalogue,loo,Leave-one-out,signed_alignment_ndcg,0.7102776444936472,0.6244718922900614,0.7922751616830522,18,5,232
MovieLens-1M,itemknn,full_unseen_catalogue,target_margin,full_catalogue,full_catalogue,loo,Leave-one-out,direction_accuracy,0.9802809548380755,0.9753039334856749,0.9846957177871148,250,5,0
MovieLens-1M,itemknn,full_unseen_catalogue,target_margin,full_catalogue,full_catalogue,loo,Leave-one-out,direction_accuracy_ndcg,0.9666005291005292,0.9365079365079365,0.9930555555555556,18,5,232
MovieLens-1M,itemknn,full_unseen_catalogue,target_margin,full_catalogue,full_catalogue,loo,Leave-one-out,top1_precision,0.94,0.908,0.968,250,5,0
MovieLens-1M,itemknn,full_unseen_catalogue,target_margin,full_catalogue,full_catalogue,loo,Leave-one-out,top3_precision,0.948,0.932,0.9626666666666668,250,5,0
MovieLens-1M,itemknn,full_unseen_catalogue,target_margin,full_catalogue,full_catalogue,loo,Leave-one-out,top5_precision,0.9525333333333333,0.9394666666666667,0.9648,250,5,0
MovieLens-1M,itemknn,full_unseen_catalogue,target_margin,full_catalogue,full_catalogue,loo,Leave-one-out,joint_effect_primary,0.0027859673023005326,0.0026684342330406613,0.002905917580886729,250,5,0
MovieLens-1M,itemknn,full_unseen_catalogue,target_margin,full_catalogue,full_catalogue,loo,Leave-one-out,joint_effect_ndcg,0.014272161003058247,0.006590052640698365,0.023643625395098507,250,5,0
MovieLens-1M,itemknn,full_unseen_catalogue,target_margin,full_catalogue,full_catalogue,loo,Leave-one-out,joint_effect_target_margin,0.0027859673023005326,0.0026682573497928855,0.0028996623900336823,250,5,0
MovieLens-1M,itemknn,full_unseen_catalogue,target_margin,full_catalogue,full_catalogue,loo,Leave-one-out,intervention_success,1.0,1.0,1.0,250,5,0
MovieLens-1M,itemknn,full_unseen_catalogue,target_margin,full_catalogue,full_catalogue,loo,Leave-one-out,abstention,0.0,0.0,0.0,250,5,0
MovieLens-1M,itemknn,full_unseen_catalogue,target_margin,full_catalogue,full_catalogue,loo,Leave-one-out,joint_regret_primary,5.096069804213155e-05,1.0234946889980257e-05,0.00012729061637715074,250,5,0
MovieLens-1M,itemknn,full_unseen_catalogue,target_margin,full_catalogue,full_catalogue,loo,Leave-one-out,normalized_regret_primary,0.011195281035248524,0.0050016010076905084,0.01914476381974829,250,5,0
MovieLens-1M,itemknn,full_unseen_catalogue,target_margin,full_catalogue,full_catalogue,loo,Leave-one-out,joint_regret_ndcg,0.004242701021568415,0.00045900631641785614,0.009975126183871441,250,5,0
MovieLens-1M,itemknn,full_unseen_catalogue,target_margin,full_catalogue,full_catalogue,loo,Leave-one-out,normalized_regret_ndcg,0.21328308719712621,0.06877894877539055,0.37770205163000453,20,5,230
MovieLens-1M,itemknn,full_unseen_catalogue,target_margin,full_catalogue,full_catalogue,loo,Leave-one-out,intervention_success_ndcg,0.072,0.044,0.104,250,5,0
MovieLens-1M,itemknn,full_unseen_catalogue,target_margin,full_catalogue,full_catalogue,loo,Leave-one-out,aia_null_mean,-7.659155138273618e-05,-0.001417283533440187,0.0012856188824046208,250,5,0
MovieLens-1M,itemknn,full_unseen_catalogue,target_margin,full_catalogue,full_catalogue,loo,Leave-one-out,aia_null_p95,0.3861812290000948,0.37824555434714324,0.39550425756088897,250,5,0
MovieLens-1M,itemknn,full_unseen_catalogue,target_margin,full_catalogue,full_catalogue,loo,Leave-one-out,aia_permutation_p,0.012815841584158416,0.009932673267326733,0.01793287128712871,250,5,0
MovieLens-1M,itemknn,full_unseen_catalogue,target_margin,full_catalogue,full_catalogue,random,Random control,aia,0.00392898754503715,-0.00936023910214325,0.017445592625417436,250,5,0
MovieLens-1M,itemknn,full_unseen_catalogue,target_margin,full_catalogue,full_catalogue,random,Random control,aia_ndcg,0.024317025203437776,-0.022524298963962675,0.07264832561818586,18,5,232
MovieLens-1M,itemknn,full_unseen_catalogue,target_margin,full_catalogue,full_catalogue,random,Random control,faithfulness_alignment,0.003315035296721349,-0.010996425484493963,0.01744555103719657,250,5,0
MovieLens-1M,itemknn,full_unseen_catalogue,target_margin,full_catalogue,full_catalogue,random,Random control,actionability_gap,0.0006139522483158004,-0.003421621351421325,0.005376079202752487,250,5,0
MovieLens-1M,itemknn,full_unseen_catalogue,target_margin,full_catalogue,full_catalogue,random,Random control,signed_alignment,-0.004717426710713712,-0.018680648622661836,0.00956157415681419,250,5,0
MovieLens-1M,itemknn,full_unseen_catalogue,target_margin,full_catalogue,full_catalogue,random,Random control,signed_alignment_ndcg,-0.022103281070274424,-0.08503956491356626,0.04593313544626421,18,5,232
MovieLens-1M,itemknn,full_unseen_catalogue,target_margin,full_catalogue,full_catalogue,random,Random control,direction_accuracy,0.4960118540523804,0.48958651000676306,0.5024276895150773,250,5,0
MovieLens-1M,itemknn,full_unseen_catalogue,target_margin,full_catalogue,full_catalogue,random,Random control,direction_accuracy_ndcg,0.5058297258297259,0.4527027417027418,0.5684265873015873,18,5,232
MovieLens-1M,itemknn,full_unseen_catalogue,target_margin,full_catalogue,full_catalogue,random,Random control,top1_precision,0.05040000000000001,0.038400000000000004,0.06319999999999999,250,5,0
MovieLens-1M,itemknn,full_unseen_catalogue,target_margin,full_catalogue,full_catalogue,random,Random control,top3_precision,0.15759999999999996,0.14586666666666667,0.1696,250,5,0
MovieLens-1M,itemknn,full_unseen_catalogue,target_margin,full_catalogue,full_catalogue,random,Random control,top5_precision,0.2556266666666666,0.24522666666666668,0.2661866666666667,250,5,0
MovieLens-1M,itemknn,full_unseen_catalogue,target_margin,full_catalogue,full_catalogue,random,Random control,joint_effect_primary,-0.00012532207011454644,-0.0001936177887744799,-5.82025813728874e-05,250,5,0
MovieLens-1M,itemknn,full_unseen_catalogue,target_margin,full_catalogue,full_catalogue,random,Random control,joint_effect_ndcg,-0.0004890853299749942,-0.0038918003620714106,0.0035088383192970122,250,5,0
MovieLens-1M,itemknn,full_unseen_catalogue,target_margin,full_catalogue,full_catalogue,random,Random control,joint_effect_target_margin,-0.00012532207011454644,-0.00019349820452204422,-5.693917425854061e-05,250,5,0
MovieLens-1M,itemknn,full_unseen_catalogue,target_margin,full_catalogue,full_catalogue,random,Random control,intervention_success,0.456,0.42960000000000004,0.4832,250,5,0
MovieLens-1M,itemknn,full_unseen_catalogue,target_margin,full_catalogue,full_catalogue,random,Random control,abstention,0.0008,0.0,0.0024000000000000002,250,5,0
MovieLens-1M,itemknn,full_unseen_catalogue,target_margin,full_catalogue,full_catalogue,random,Random control,joint_regret_primary,0.002962250070457208,0.00280506835580803,0.0031344700528551208,250,5,0
MovieLens-1M,itemknn,full_unseen_catalogue,target_margin,full_catalogue,full_catalogue,random,Random control,normalized_regret_primary,1.0486921364301547,1.0236408498110061,1.0746388740586403,250,5,0
MovieLens-1M,itemknn,full_unseen_catalogue,target_margin,full_catalogue,full_catalogue,random,Random control,joint_regret_ndcg,0.019003947354601657,0.008950849902270342,0.03133898912683046,250,5,0
MovieLens-1M,itemknn,full_unseen_catalogue,target_margin,full_catalogue,full_catalogue,random,Random control,normalized_regret_ndcg,1.2434665742993882,0.8573195801178404,1.7781818162077674,20,5,230
MovieLens-1M,itemknn,full_unseen_catalogue,target_margin,full_catalogue,full_catalogue,random,Random control,intervention_success_ndcg,0.0208,0.009600000000000001,0.033600000000000005,250,5,0
MovieLens-1M,itemknn,full_unseen_catalogue,target_margin,full_catalogue,full_catalogue,random,Random control,aia_null_mean,-0.00024540561201174594,-0.0016290649108243573,0.0011768770859585903,250,5,0
MovieLens-1M,itemknn,full_unseen_catalogue,target_margin,full_catalogue,full_catalogue,random,Random control,aia_null_p95,0.38501084139446434,0.3774212938530709,0.3938937293598924,250,5,0
MovieLens-1M,itemknn,full_unseen_catalogue,target_margin,full_catalogue,full_catalogue,random,Random control,aia_permutation_p,0.49980990099009903,0.484459405940594,0.515390099009901,250,5,0
MovieLens-1M,itemknn,full_unseen_catalogue,target_margin,full_catalogue,full_catalogue,shapley_mc,Monte Carlo Shapley,aia,0.6180448912299801,0.5910199462230005,0.6443946040063896,250,5,0
MovieLens-1M,itemknn,full_unseen_catalogue,target_margin,full_catalogue,full_catalogue,shapley_mc,Monte Carlo Shapley,aia_ndcg,0.34755283181857255,0.17000770061232015,0.5093610473422647,18,5,232
MovieLens-1M,itemknn,full_unseen_catalogue,target_margin,full_catalogue,full_catalogue,shapley_mc,Monte Carlo Shapley,faithfulness_alignment,0.5742428085154162,0.543100639301283,0.6027962403564562,250,5,0
MovieLens-1M,itemknn,full_unseen_catalogue,target_margin,full_catalogue,full_catalogue,shapley_mc,Monte Carlo Shapley,actionability_gap,0.04380208271456397,0.033941422352474736,0.05453685853285231,250,5,0
MovieLens-1M,itemknn,full_unseen_catalogue,target_margin,full_catalogue,full_catalogue,shapley_mc,Monte Carlo Shapley,signed_alignment,0.877385222696098,0.8620005217646791,0.8912724714550849,250,5,0
MovieLens-1M,itemknn,full_unseen_catalogue,target_margin,full_catalogue,full_catalogue,shapley_mc,Monte Carlo Shapley,signed_alignment_ndcg,0.6321680382428924,0.5337903733818543,0.7310965381154128,18,5,232
MovieLens-1M,itemknn,full_unseen_catalogue,target_margin,full_catalogue,full_catalogue,shapley_mc,Monte Carlo Shapley,direction_accuracy,0.8360489444748578,0.8229423126102484,0.8486824979769971,250,5,0
MovieLens-1M,itemknn,full_unseen_catalogue,target_margin,full_catalogue,full_catalogue,shapley_mc,Monte Carlo Shapley,direction_accuracy_ndcg,0.9253306878306878,0.8576025132275132,0.9782407407407407,18,5,232
MovieLens-1M,itemknn,full_unseen_catalogue,target_margin,full_catalogue,full_catalogue,shapley_mc,Monte Carlo Shapley,top1_precision,0.6464,0.6,0.6928,250,5,0
MovieLens-1M,itemknn,full_unseen_catalogue,target_margin,full_catalogue,full_catalogue,shapley_mc,Monte Carlo Shapley,top3_precision,0.7736,0.7482666666666666,0.7981333333333335,250,5,0
MovieLens-1M,itemknn,full_unseen_catalogue,target_margin,full_catalogue,full_catalogue,shapley_mc,Monte Carlo Shapley,top5_precision,0.8098666666666666,0.78928,0.8295466666666667,250,5,0
MovieLens-1M,itemknn,full_unseen_catalogue,target_margin,full_catalogue,full_catalogue,shapley_mc,Monte Carlo Shapley,joint_effect_primary,0.002658716089600852,0.00250721317519783,0.0028194475660282227,250,5,0
MovieLens-1M,itemknn,full_unseen_catalogue,target_margin,full_catalogue,full_catalogue,shapley_mc,Monte Carlo Shapley,joint_effect_ndcg,0.011521873546389344,0.004579363099840031,0.019998034211760492,250,5,0
MovieLens-1M,itemknn,full_unseen_catalogue,target_margin,full_catalogue,full_catalogue,shapley_mc,Monte Carlo Shapley,joint_effect_target_margin,0.002658716089600852,0.0025101261643600283,0.0028172408592188475,250,5,0
MovieLens-1M,itemknn,full_unseen_catalogue,target_margin,full_catalogue,full_catalogue,shapley_mc,Monte Carlo Shapley,intervention_success,0.9864,0.972,0.9976,250,5,0
MovieLens-1M,itemknn,full_unseen_catalogue,target_margin,full_catalogue,full_catalogue,shapley_mc,Monte Carlo Shapley,abstention,0.0,0.0,0.0,250,5,0
MovieLens-1M,itemknn,full_unseen_catalogue,target_margin,full_catalogue,full_catalogue,shapley_mc,Monte Carlo Shapley,joint_regret_primary,0.0001782119107418097,0.00014440598696394534,0.0002156510542534701,250,5,0
MovieLens-1M,itemknn,full_unseen_catalogue,target_margin,full_catalogue,full_catalogue,shapley_mc,Monte Carlo Shapley,normalized_regret_primary,0.09254561851209821,0.0714955683912713,0.11549611080110898,250,5,0
MovieLens-1M,itemknn,full_unseen_catalogue,target_margin,full_catalogue,full_catalogue,shapley_mc,Monte Carlo Shapley,joint_regret_ndcg,0.006992988478237315,0.0017430714041683313,0.013825542598275101,250,5,0
MovieLens-1M,itemknn,full_unseen_catalogue,target_margin,full_catalogue,full_catalogue,shapley_mc,Monte Carlo Shapley,normalized_regret_ndcg,0.29046560605593585,0.12940247663348298,0.4686025821024281,20,5,230
MovieLens-1M,itemknn,full_unseen_catalogue,target_margin,full_catalogue,full_catalogue,shapley_mc,Monte Carlo Shapley,intervention_success_ndcg,0.06720000000000001,0.0384,0.0992,250,5,0
MovieLens-1M,itemknn,full_unseen_catalogue,target_margin,full_catalogue,full_catalogue,shapley_mc,Monte Carlo Shapley,aia_null_mean,-6.44993741524405e-06,-0.0012405291009597206,0.001215448318635032,250,5,0
MovieLens-1M,itemknn,full_unseen_catalogue,target_margin,full_catalogue,full_catalogue,shapley_mc,Monte Carlo Shapley,aia_null_p95,0.3863760142186888,0.3785446190919623,0.39565172001700505,250,5,0
MovieLens-1M,itemknn,full_unseen_catalogue,target_margin,full_catalogue,full_catalogue,shapley_mc,Monte Carlo Shapley,aia_permutation_p,0.04754059405940594,0.0351681188118812,0.062235049504950485,250,5,0
MovieLens-1M,itemknn,sampled_unseen_negatives_with_target,ndcg,sensitivity,utility-ndcg,greedy_cf,Greedy sequential deletion,aia,0.2874711988364259,0.22537429152821772,0.3470573469521776,86,5,164
MovieLens-1M,itemknn,sampled_unseen_negatives_with_target,ndcg,sensitivity,utility-ndcg,greedy_cf,Greedy sequential deletion,aia_ndcg,0.2874711988364259,0.22535991770940664,0.34855371559923165,86,5,164
MovieLens-1M,itemknn,sampled_unseen_negatives_with_target,ndcg,sensitivity,utility-ndcg,greedy_cf,Greedy sequential deletion,faithfulness_alignment,0.33701875319703756,0.29112005734423807,0.38165281335232193,107,5,143
MovieLens-1M,itemknn,sampled_unseen_negatives_with_target,ndcg,sensitivity,utility-ndcg,greedy_cf,Greedy sequential deletion,actionability_gap,-0.0633971791792144,-0.10480426488285555,-0.023949014484218385,86,5,164
MovieLens-1M,itemknn,sampled_unseen_negatives_with_target,ndcg,sensitivity,utility-ndcg,greedy_cf,Greedy sequential deletion,signed_alignment,0.44172859627769584,0.39647020042292946,0.4869300029849082,86,5,164
MovieLens-1M,itemknn,sampled_unseen_negatives_with_target,ndcg,sensitivity,utility-ndcg,greedy_cf,Greedy sequential deletion,signed_alignment_ndcg,0.44172859627769584,0.39715610295942727,0.48615557971723916,86,5,164
MovieLens-1M,itemknn,sampled_unseen_negatives_with_target,ndcg,sensitivity,utility-ndcg,greedy_cf,Greedy sequential deletion,direction_accuracy,0.5040092013929223,0.4397811966779991,0.5708081542165845,86,5,164
MovieLens-1M,itemknn,sampled_unseen_negatives_with_target,ndcg,sensitivity,utility-ndcg,greedy_cf,Greedy sequential deletion,direction_accuracy_ndcg,0.5040092013929223,0.4389007496056914,0.5702291813483673,86,5,164
MovieLens-1M,itemknn,sampled_unseen_negatives_with_target,ndcg,sensitivity,utility-ndcg,greedy_cf,Greedy sequential deletion,top1_precision,0.06,0.032,0.092,250,5,0
MovieLens-1M,itemknn,sampled_unseen_negatives_with_target,ndcg,sensitivity,utility-ndcg,greedy_cf,Greedy sequential deletion,top3_precision,0.08,0.057333333333333326,0.104,250,5,0
MovieLens-1M,itemknn,sampled_unseen_negatives_with_target,ndcg,sensitivity,utility-ndcg,greedy_cf,Greedy sequential deletion,top5_precision,0.07280000000000002,0.0544,0.09280000000000001,250,5,0
MovieLens-1M,itemknn,sampled_unseen_negatives_with_target,ndcg,sensitivity,utility-ndcg,greedy_cf,Greedy sequential deletion,joint_effect_primary,0.030747190239458842,0.019417096693746357,0.04347194197327777,250,5,0
MovieLens-1M,itemknn,sampled_unseen_negatives_with_target,ndcg,sensitivity,utility-ndcg,greedy_cf,Greedy sequential deletion,joint_effect_ndcg,0.030747190239458842,0.01948590476846856,0.04303966328834811,250,5,0
MovieLens-1M,itemknn,sampled_unseen_negatives_with_target,ndcg,sensitivity,utility-ndcg,greedy_cf,Greedy sequential deletion,joint_effect_target_margin,0.0006194923090657413,0.000513863881334851,0.0007283942754970775,250,5,0
MovieLens-1M,itemknn,sampled_unseen_negatives_with_target,ndcg,sensitivity,utility-ndcg,greedy_cf,Greedy sequential deletion,intervention_success,0.168,0.124,0.216,250,5,0
MovieLens-1M,itemknn,sampled_unseen_negatives_with_target,ndcg,sensitivity,utility-ndcg,greedy_cf,Greedy sequential deletion,abstention,0.32,0.264,0.38,250,5,0
MovieLens-1M,itemknn,sampled_unseen_negatives_with_target,ndcg,sensitivity,utility-ndcg,greedy_cf,Greedy sequential deletion,joint_regret_primary,0.03250569935155088,0.022000665007845133,0.0441613117394867,250,5,0
MovieLens-1M,itemknn,sampled_unseen_negatives_with_target,ndcg,sensitivity,utility-ndcg,greedy_cf,Greedy sequential deletion,normalized_regret_primary,0.8418668716206559,0.51629418832215,1.4097511039861694,85,5,165
MovieLens-1M,itemknn,sampled_unseen_negatives_with_target,ndcg,sensitivity,utility-ndcg,greedy_cf,Greedy sequential deletion,joint_regret_ndcg,0.03250569935155088,0.022021148083772965,0.04397370696170009,250,5,0
MovieLens-1M,itemknn,sampled_unseen_negatives_with_target,ndcg,sensitivity,utility-ndcg,greedy_cf,Greedy sequential deletion,normalized_regret_ndcg,0.8418668716206559,0.515259559647966,1.3940211339729651,85,5,165
MovieLens-1M,itemknn,sampled_unseen_negatives_with_target,ndcg,sensitivity,utility-ndcg,greedy_cf,Greedy sequential deletion,intervention_success_ndcg,0.168,0.124,0.216,250,5,0
MovieLens-1M,itemknn,sampled_unseen_negatives_with_target,ndcg,sensitivity,utility-ndcg,greedy_cf,Greedy sequential deletion,aia_null_mean,-0.0004940835011287686,-0.002627201698841394,0.001647766176790103,86,5,164
MovieLens-1M,itemknn,sampled_unseen_negatives_with_target,ndcg,sensitivity,utility-ndcg,greedy_cf,Greedy sequential deletion,aia_null_p95,0.42443402729298707,0.4043559852277636,0.44766905380498956,86,5,164
MovieLens-1M,itemknn,sampled_unseen_negatives_with_target,ndcg,sensitivity,utility-ndcg,greedy_cf,Greedy sequential deletion,aia_permutation_p,0.24510706884641953,0.19111155883030165,0.3044905595210684,86,5,164
MovieLens-1M,itemknn,sampled_unseen_negatives_with_target,ndcg,sensitivity,utility-ndcg,lime,LIME,aia,0.4369770038205641,0.38262828485408673,0.4859772939719601,86,5,164
MovieLens-1M,itemknn,sampled_unseen_negatives_with_target,ndcg,sensitivity,utility-ndcg,lime,LIME,aia_ndcg,0.4369770038205641,0.38429280310490804,0.485357848647301,86,5,164
MovieLens-1M,itemknn,sampled_unseen_negatives_with_target,ndcg,sensitivity,utility-ndcg,lime,LIME,faithfulness_alignment,0.5760426170864656,0.537220871959616,0.6121022920948499,107,5,143
MovieLens-1M,itemknn,sampled_unseen_negatives_with_target,ndcg,sensitivity,utility-ndcg,lime,LIME,actionability_gap,-0.1496760416257631,-0.19080485727509436,-0.1101354752543571,86,5,164
MovieLens-1M,itemknn,sampled_unseen_negatives_with_target,ndcg,sensitivity,utility-ndcg,lime,LIME,signed_alignment,0.6226634044647408,0.5811335517348627,0.6636258266152064,86,5,164
MovieLens-1M,itemknn,sampled_unseen_negatives_with_target,ndcg,sensitivity,utility-ndcg,lime,LIME,signed_alignment_ndcg,0.6226634044647408,0.5799733889470355,0.6644694840454082,86,5,164
MovieLens-1M,itemknn,sampled_unseen_negatives_with_target,ndcg,sensitivity,utility-ndcg,lime,LIME,direction_accuracy,0.9688893922614854,0.9473750251686298,0.9868380398671096,86,5,164
MovieLens-1M,itemknn,sampled_unseen_negatives_with_target,ndcg,sensitivity,utility-ndcg,lime,LIME,direction_accuracy_ndcg,0.9688893922614854,0.9476173864894796,0.9868085674015905,86,5,164
MovieLens-1M,itemknn,sampled_unseen_negatives_with_target,ndcg,sensitivity,utility-ndcg,lime,LIME,top1_precision,0.1176,0.0824,0.156,250,5,0
MovieLens-1M,itemknn,sampled_unseen_negatives_with_target,ndcg,sensitivity,utility-ndcg,lime,LIME,top3_precision,0.13440000000000002,0.1016,0.16826666666666665,250,5,0
MovieLens-1M,itemknn,sampled_unseen_negatives_with_target,ndcg,sensitivity,utility-ndcg,lime,LIME,top5_precision,0.12032,0.08992,0.15136000000000002,250,5,0
MovieLens-1M,itemknn,sampled_unseen_negatives_with_target,ndcg,sensitivity,utility-ndcg,lime,LIME,joint_effect_primary,0.055020761048764584,0.041516091714017885,0.06968564643231345,250,5,0
MovieLens-1M,itemknn,sampled_unseen_negatives_with_target,ndcg,sensitivity,utility-ndcg,lime,LIME,joint_effect_ndcg,0.055020761048764584,0.04165319335214327,0.06978143206086161,250,5,0
MovieLens-1M,itemknn,sampled_unseen_negatives_with_target,ndcg,sensitivity,utility-ndcg,lime,LIME,joint_effect_target_margin,0.0017012388550440214,0.0015502680907327436,0.00185097456516212,250,5,0
MovieLens-1M,itemknn,sampled_unseen_negatives_with_target,ndcg,sensitivity,utility-ndcg,lime,LIME,intervention_success,0.3168,0.2616,0.37439999999999996,250,5,0
MovieLens-1M,itemknn,sampled_unseen_negatives_with_target,ndcg,sensitivity,utility-ndcg,lime,LIME,abstention,0.16879999999999998,0.12639999999999998,0.2144,250,5,0
MovieLens-1M,itemknn,sampled_unseen_negatives_with_target,ndcg,sensitivity,utility-ndcg,lime,LIME,joint_regret_primary,0.008232128542245143,0.003994476324038214,0.013385525277009239,250,5,0
MovieLens-1M,itemknn,sampled_unseen_negatives_with_target,ndcg,sensitivity,utility-ndcg,lime,LIME,normalized_regret_primary,0.12869658192945624,0.07780802047851561,0.18408807649295744,85,5,165
MovieLens-1M,itemknn,sampled_unseen_negatives_with_target,ndcg,sensitivity,utility-ndcg,lime,LIME,joint_regret_ndcg,0.008232128542245143,0.003932712658871883,0.013489248921870051,250,5,0
MovieLens-1M,itemknn,sampled_unseen_negatives_with_target,ndcg,sensitivity,utility-ndcg,lime,LIME,normalized_regret_ndcg,0.12869658192945624,0.07909427147366309,0.1831491375690348,85,5,165
MovieLens-1M,itemknn,sampled_unseen_negatives_with_target,ndcg,sensitivity,utility-ndcg,lime,LIME,intervention_success_ndcg,0.3168,0.25839999999999996,0.3728,250,5,0
MovieLens-1M,itemknn,sampled_unseen_negatives_with_target,ndcg,sensitivity,utility-ndcg,lime,LIME,aia_null_mean,0.0002736214173714788,-0.0017513199283596074,0.0023062833012433967,86,5,164
MovieLens-1M,itemknn,sampled_unseen_negatives_with_target,ndcg,sensitivity,utility-ndcg,lime,LIME,aia_null_p95,0.38719381729599395,0.37600200898175556,0.4009069955697376,86,5,164
MovieLens-1M,itemknn,sampled_unseen_negatives_with_target,ndcg,sensitivity,utility-ndcg,lime,LIME,aia_permutation_p,0.09900990099009897,0.06612940363803822,0.13744186046511622,86,5,164
MovieLens-1M,itemknn,sampled_unseen_negatives_with_target,ndcg,sensitivity,utility-ndcg,loo,Leave-one-out,aia,0.6984502425619137,0.6474425996375068,0.7478925568381312,86,5,164
MovieLens-1M,itemknn,sampled_unseen_negatives_with_target,ndcg,sensitivity,utility-ndcg,loo,Leave-one-out,aia_ndcg,0.6984502425619137,0.6464726255410355,0.7478820441629976,86,5,164
MovieLens-1M,itemknn,sampled_unseen_negatives_with_target,ndcg,sensitivity,utility-ndcg,loo,Leave-one-out,faithfulness_alignment,1.0,1.0,1.0,107,5,143
MovieLens-1M,itemknn,sampled_unseen_negatives_with_target,ndcg,sensitivity,utility-ndcg,loo,Leave-one-out,actionability_gap,-0.3015497574380864,-0.3537188818457674,-0.253367369341145,86,5,164
MovieLens-1M,itemknn,sampled_unseen_negatives_with_target,ndcg,sensitivity,utility-ndcg,loo,Leave-one-out,signed_alignment,0.7705162032113564,0.720731512890671,0.8159266202464857,86,5,164
MovieLens-1M,itemknn,sampled_unseen_negatives_with_target,ndcg,sensitivity,utility-ndcg,loo,Leave-one-out,signed_alignment_ndcg,0.7705162032113564,0.7208772194255701,0.8150558035334418,86,5,164
MovieLens-1M,itemknn,sampled_unseen_negatives_with_target,ndcg,sensitivity,utility-ndcg,loo,Leave-one-out,direction_accuracy,0.9650231551394342,0.9339322208798952,0.9876145172656801,86,5,164
MovieLens-1M,itemknn,sampled_unseen_negatives_with_target,ndcg,sensitivity,utility-ndcg,loo,Leave-one-out,direction_accuracy_ndcg,0.9650231551394342,0.9345963580992651,0.9879155340783248,86,5,164
MovieLens-1M,itemknn,sampled_unseen_negatives_with_target,ndcg,sensitivity,utility-ndcg,loo,Leave-one-out,top1_precision,0.156,0.112,0.2,250,5,0
MovieLens-1M,itemknn,sampled_unseen_negatives_with_target,ndcg,sensitivity,utility-ndcg,loo,Leave-one-out,top3_precision,0.15733333333333333,0.12,0.1973333333333333,250,5,0
MovieLens-1M,itemknn,sampled_unseen_negatives_with_target,ndcg,sensitivity,utility-ndcg,loo,Leave-one-out,top5_precision,0.1312,0.0984,0.1664,250,5,0
MovieLens-1M,itemknn,sampled_unseen_negatives_with_target,ndcg,sensitivity,utility-ndcg,loo,Leave-one-out,joint_effect_primary,0.053060506546009086,0.03990994507212472,0.06774224166721228,250,5,0
MovieLens-1M,itemknn,sampled_unseen_negatives_with_target,ndcg,sensitivity,utility-ndcg,loo,Leave-one-out,joint_effect_ndcg,0.053060506546009086,0.03972960658097378,0.06779778583434727,250,5,0
MovieLens-1M,itemknn,sampled_unseen_negatives_with_target,ndcg,sensitivity,utility-ndcg,loo,Leave-one-out,joint_effect_target_margin,0.0006601117567318679,0.0005371031375144907,0.0007897153802560879,250,5,0
MovieLens-1M,itemknn,sampled_unseen_negatives_with_target,ndcg,sensitivity,utility-ndcg,loo,Leave-one-out,intervention_success,0.308,0.252,0.364,250,5,0
MovieLens-1M,itemknn,sampled_unseen_negatives_with_target,ndcg,sensitivity,utility-ndcg,loo,Leave-one-out,abstention,0.64,0.58,0.7,250,5,0
MovieLens-1M,itemknn,sampled_unseen_negatives_with_target,ndcg,sensitivity,utility-ndcg,loo,Leave-one-out,joint_regret_primary,0.01019238304500064,0.004523874325362506,0.016902772851066682,250,5,0
MovieLens-1M,itemknn,sampled_unseen_negatives_with_target,ndcg,sensitivity,utility-ndcg,loo,Leave-one-out,normalized_regret_primary,0.13728933479522867,0.07461025925603743,0.2050813337040999,85,5,165
MovieLens-1M,itemknn,sampled_unseen_negatives_with_target,ndcg,sensitivity,utility-ndcg,loo,Leave-one-out,joint_regret_ndcg,0.01019238304500064,0.004575954670549769,0.016993472546563762,250,5,0
MovieLens-1M,itemknn,sampled_unseen_negatives_with_target,ndcg,sensitivity,utility-ndcg,loo,Leave-one-out,normalized_regret_ndcg,0.13728933479522867,0.07537783730728531,0.20521745001714298,85,5,165
MovieLens-1M,itemknn,sampled_unseen_negatives_with_target,ndcg,sensitivity,utility-ndcg,loo,Leave-one-out,intervention_success_ndcg,0.308,0.252,0.36409999999999854,250,5,0
MovieLens-1M,itemknn,sampled_unseen_negatives_with_target,ndcg,sensitivity,utility-ndcg,loo,Leave-one-out,aia_null_mean,0.0013812952859045115,-0.00067531471839161,0.003479038941697432,86,5,164
MovieLens-1M,itemknn,sampled_unseen_negatives_with_target,ndcg,sensitivity,utility-ndcg,loo,Leave-one-out,aia_null_p95,0.41151138462071857,0.39104390061955685,0.4352343507720568,86,5,164
MovieLens-1M,itemknn,sampled_unseen_negatives_with_target,ndcg,sensitivity,utility-ndcg,loo,Leave-one-out,aia_permutation_p,0.05765599815795533,0.03778494128482616,0.08183283444623533,86,5,164
MovieLens-1M,itemknn,sampled_unseen_negatives_with_target,ndcg,sensitivity,utility-ndcg,random,Random control,aia,-0.0036953583503652495,-0.02808614950732077,0.019927056886711553,86,5,164
MovieLens-1M,itemknn,sampled_unseen_negatives_with_target,ndcg,sensitivity,utility-ndcg,random,Random control,aia_ndcg,-0.0036953583503652495,-0.02754701641096795,0.019603865596708226,86,5,164
MovieLens-1M,itemknn,sampled_unseen_negatives_with_target,ndcg,sensitivity,utility-ndcg,random,Random control,faithfulness_alignment,-0.0029552142351220298,-0.023991061879101182,0.01746658822912142,107,5,143
MovieLens-1M,itemknn,sampled_unseen_negatives_with_target,ndcg,sensitivity,utility-ndcg,random,Random control,actionability_gap,0.004147195444351398,-0.014518007673862656,0.022672599310327324,86,5,164
MovieLens-1M,itemknn,sampled_unseen_negatives_with_target,ndcg,sensitivity,utility-ndcg,random,Random control,signed_alignment,0.004755740711140608,-0.015309371814922696,0.024740269419487638,86,5,164
MovieLens-1M,itemknn,sampled_unseen_negatives_with_target,ndcg,sensitivity,utility-ndcg,random,Random control,signed_alignment_ndcg,0.004755740711140608,-0.014913956354808364,0.023966518520671647,86,5,164
MovieLens-1M,itemknn,sampled_unseen_negatives_with_target,ndcg,sensitivity,utility-ndcg,random,Random control,direction_accuracy,0.48868761729226845,0.4631580338266384,0.5139854125202964,86,5,164
MovieLens-1M,itemknn,sampled_unseen_negatives_with_target,ndcg,sensitivity,utility-ndcg,random,Random control,direction_accuracy_ndcg,0.48868761729226845,0.46363907087744294,0.5132409705927147,86,5,164
MovieLens-1M,itemknn,sampled_unseen_negatives_with_target,ndcg,sensitivity,utility-ndcg,random,Random control,top1_precision,0.0176,0.009600000000000001,0.026400000000000003,250,5,0
MovieLens-1M,itemknn,sampled_unseen_negatives_with_target,ndcg,sensitivity,utility-ndcg,random,Random control,top3_precision,0.03333333333333333,0.024,0.04346666666666667,250,5,0
MovieLens-1M,itemknn,sampled_unseen_negatives_with_target,ndcg,sensitivity,utility-ndcg,random,Random control,top5_precision,0.04064,0.030240000000000003,0.051840000000000004,250,5,0
MovieLens-1M,itemknn,sampled_unseen_negatives_with_target,ndcg,sensitivity,utility-ndcg,random,Random control,joint_effect_primary,0.0011724005903302242,-0.004180695704919009,0.006456791499546409,250,5,0
MovieLens-1M,itemknn,sampled_unseen_negatives_with_target,ndcg,sensitivity,utility-ndcg,random,Random control,joint_effect_ndcg,0.0011724005903302242,-0.004124496407485556,0.006453655260551922,250,5,0
MovieLens-1M,itemknn,sampled_unseen_negatives_with_target,ndcg,sensitivity,utility-ndcg,random,Random control,joint_effect_target_margin,-8.168495272560246e-05,-0.0001456608812094232,-1.8265240863260207e-05,250,5,0
MovieLens-1M,itemknn,sampled_unseen_negatives_with_target,ndcg,sensitivity,utility-ndcg,random,Random control,intervention_success,0.072,0.053599999999999995,0.09280000000000001,250,5,0
MovieLens-1M,itemknn,sampled_unseen_negatives_with_target,ndcg,sensitivity,utility-ndcg,random,Random control,abstention,0.0008,0.0,0.0024000000000000002,250,5,0
MovieLens-1M,itemknn,sampled_unseen_negatives_with_target,ndcg,sensitivity,utility-ndcg,random,Random control,joint_regret_primary,0.0620804890006795,0.04863275328839244,0.07628691540493432,250,5,0
MovieLens-1M,itemknn,sampled_unseen_negatives_with_target,ndcg,sensitivity,utility-ndcg,random,Random control,normalized_regret_primary,1.2235913479346945,0.9381592866298364,1.6250456740417043,85,5,165
MovieLens-1M,itemknn,sampled_unseen_negatives_with_target,ndcg,sensitivity,utility-ndcg,random,Random control,joint_regret_ndcg,0.0620804890006795,0.04823435341067731,0.07666769169952724,250,5,0
MovieLens-1M,itemknn,sampled_unseen_negatives_with_target,ndcg,sensitivity,utility-ndcg,random,Random control,normalized_regret_ndcg,1.2235913479346945,0.9349802922149228,1.6361542661201554,85,5,165
MovieLens-1M,itemknn,sampled_unseen_negatives_with_target,ndcg,sensitivity,utility-ndcg,random,Random control,intervention_success_ndcg,0.072,0.05280000000000001,0.0928,250,5,0
MovieLens-1M,itemknn,sampled_unseen_negatives_with_target,ndcg,sensitivity,utility-ndcg,random,Random control,aia_null_mean,1.3412417449790984e-05,-0.0024488304669966175,0.0024577486880804937,86,5,164
MovieLens-1M,itemknn,sampled_unseen_negatives_with_target,ndcg,sensitivity,utility-ndcg,random,Random control,aia_null_p95,0.38453344502277587,0.37329007235309186,0.39789555468557986,86,5,164
MovieLens-1M,itemknn,sampled_unseen_negatives_with_target,ndcg,sensitivity,utility-ndcg,random,Random control,aia_permutation_p,0.511973290352291,0.4835131245682707,0.539650011512779,86,5,164
MovieLens-1M,itemknn,sampled_unseen_negatives_with_target,ndcg,sensitivity,utility-ndcg,shapley_mc,Monte Carlo Shapley,aia,0.38104611934620675,0.3197690439511,0.4383065574220392,86,5,164
MovieLens-1M,itemknn,sampled_unseen_negatives_with_target,ndcg,sensitivity,utility-ndcg,shapley_mc,Monte Carlo Shapley,aia_ndcg,0.38104611934620675,0.31996609736723264,0.4364244165857967,86,5,164
MovieLens-1M,itemknn,sampled_unseen_negatives_with_target,ndcg,sensitivity,utility-ndcg,shapley_mc,Monte Carlo Shapley,faithfulness_alignment,0.4968278537250248,0.4424167846579352,0.5484298064833409,107,5,143
MovieLens-1M,itemknn,sampled_unseen_negatives_with_target,ndcg,sensitivity,utility-ndcg,shapley_mc,Monte Carlo Shapley,actionability_gap,-0.12437641142989574,-0.16469433603884256,-0.08338924634677097,86,5,164
MovieLens-1M,itemknn,sampled_unseen_negatives_with_target,ndcg,sensitivity,utility-ndcg,shapley_mc,Monte Carlo Shapley,signed_alignment,0.6119635809238965,0.5684905697692387,0.6546872848742026,86,5,164
MovieLens-1M,itemknn,sampled_unseen_negatives_with_target,ndcg,sensitivity,utility-ndcg,shapley_mc,Monte Carlo Shapley,signed_alignment_ndcg,0.6119635809238965,0.5684536209136654,0.6548279477230378,86,5,164
MovieLens-1M,itemknn,sampled_unseen_negatives_with_target,ndcg,sensitivity,utility-ndcg,shapley_mc,Monte Carlo Shapley,direction_accuracy,0.9553978321420182,0.9253804867613007,0.9802506166314305,86,5,164
MovieLens-1M,itemknn,sampled_unseen_negatives_with_target,ndcg,sensitivity,utility-ndcg,shapley_mc,Monte Carlo Shapley,direction_accuracy_ndcg,0.9553978321420182,0.9249538575119972,0.9796687808315715,86,5,164
MovieLens-1M,itemknn,sampled_unseen_negatives_with_target,ndcg,sensitivity,utility-ndcg,shapley_mc,Monte Carlo Shapley,top1_precision,0.11680000000000001,0.0792,0.1584,250,5,0
MovieLens-1M,itemknn,sampled_unseen_negatives_with_target,ndcg,sensitivity,utility-ndcg,shapley_mc,Monte Carlo Shapley,top3_precision,0.13226666666666664,0.10026666666666667,0.16666666666666666,250,5,0
MovieLens-1M,itemknn,sampled_unseen_negatives_with_target,ndcg,sensitivity,utility-ndcg,shapley_mc,Monte Carlo Shapley,top5_precision,0.1152,0.08608,0.14576,250,5,0
MovieLens-1M,itemknn,sampled_unseen_negatives_with_target,ndcg,sensitivity,utility-ndcg,shapley_mc,Monte Carlo Shapley,joint_effect_primary,0.055034164587362926,0.04125070294999637,0.06910189963690261,250,5,0
MovieLens-1M,itemknn,sampled_unseen_negatives_with_target,ndcg,sensitivity,utility-ndcg,shapley_mc,Monte Carlo Shapley,joint_effect_ndcg,0.055034164587362926,0.04138366744256399,0.06937341688825983,250,5,0
MovieLens-1M,itemknn,sampled_unseen_negatives_with_target,ndcg,sensitivity,utility-ndcg,shapley_mc,Monte Carlo Shapley,joint_effect_target_margin,0.0019772277129053517,0.001837134967552036,0.0021181773158101677,250,5,0
MovieLens-1M,itemknn,sampled_unseen_negatives_with_target,ndcg,sensitivity,utility-ndcg,shapley_mc,Monte Carlo Shapley,intervention_success,0.31679999999999997,0.2576,0.3752,250,5,0
MovieLens-1M,itemknn,sampled_unseen_negatives_with_target,ndcg,sensitivity,utility-ndcg,shapley_mc,Monte Carlo Shapley,abstention,0.088,0.056,0.124,250,5,0
MovieLens-1M,itemknn,sampled_unseen_negatives_with_target,ndcg,sensitivity,utility-ndcg,shapley_mc,Monte Carlo Shapley,joint_regret_primary,0.008218725003646806,0.0032218544531563533,0.014617209038945225,250,5,0
MovieLens-1M,itemknn,sampled_unseen_negatives_with_target,ndcg,sensitivity,utility-ndcg,shapley_mc,Monte Carlo Shapley,normalized_regret_primary,0.12489482568533218,0.07037411344367919,0.18736364938188782,85,5,165
MovieLens-1M,itemknn,sampled_unseen_negatives_with_target,ndcg,sensitivity,utility-ndcg,shapley_mc,Monte Carlo Shapley,joint_regret_ndcg,0.008218725003646806,0.0031866040896628635,0.014370455543199868,250,5,0
MovieLens-1M,itemknn,sampled_unseen_negatives_with_target,ndcg,sensitivity,utility-ndcg,shapley_mc,Monte Carlo Shapley,normalized_regret_ndcg,0.12489482568533218,0.06926513107353902,0.1878277627339871,85,5,165
MovieLens-1M,itemknn,sampled_unseen_negatives_with_target,ndcg,sensitivity,utility-ndcg,shapley_mc,Monte Carlo Shapley,intervention_success_ndcg,0.31679999999999997,0.2608,0.376,250,5,0
MovieLens-1M,itemknn,sampled_unseen_negatives_with_target,ndcg,sensitivity,utility-ndcg,shapley_mc,Monte Carlo Shapley,aia_null_mean,0.0010214834063638,-0.0010773257155810366,0.0031511224996727317,86,5,164
MovieLens-1M,itemknn,sampled_unseen_negatives_with_target,ndcg,sensitivity,utility-ndcg,shapley_mc,Monte Carlo Shapley,aia_null_p95,0.385280914875611,0.37395026657012953,0.39906157943773235,86,5,164
MovieLens-1M,itemknn,sampled_unseen_negatives_with_target,ndcg,sensitivity,utility-ndcg,shapley_mc,Monte Carlo Shapley,aia_permutation_p,0.14156113285747177,0.09838763527515539,0.1899608565507713,86,5,164
MovieLens-1M,itemknn,sampled_unseen_negatives_with_target,target_margin,primary,primary,greedy_cf,Greedy sequential deletion,aia,0.31826261206945705,0.30105014340555125,0.3355006934411741,1000,5,0
MovieLens-1M,itemknn,sampled_unseen_negatives_with_target,target_margin,primary,primary,greedy_cf,Greedy sequential deletion,aia_ndcg,0.1614602955676443,0.13176070946417978,0.19148658712150643,349,5,651
MovieLens-1M,itemknn,sampled_unseen_negatives_with_target,target_margin,primary,primary,greedy_cf,Greedy sequential deletion,faithfulness_alignment,0.32051816959191154,0.3034005250873146,0.33745529820523723,1000,5,0
MovieLens-1M,itemknn,sampled_unseen_negatives_with_target,target_margin,primary,primary,greedy_cf,Greedy sequential deletion,actionability_gap,-0.0022555575224544573,-0.006850967237228732,0.0017111028812138067,1000,5,0
MovieLens-1M,itemknn,sampled_unseen_negatives_with_target,target_margin,primary,primary,greedy_cf,Greedy sequential deletion,signed_alignment,0.3419435713809114,0.3217118656502529,0.3620311387671075,1000,5,0
MovieLens-1M,itemknn,sampled_unseen_negatives_with_target,target_margin,primary,primary,greedy_cf,Greedy sequential deletion,signed_alignment_ndcg,0.26538383115775177,0.23747549624908532,0.2928950517454006,349,5,651
MovieLens-1M,itemknn,sampled_unseen_negatives_with_target,target_margin,primary,primary,greedy_cf,Greedy sequential deletion,direction_accuracy,0.6165979059725963,0.6085662821165763,0.6245840113560761,1000,5,0
MovieLens-1M,itemknn,sampled_unseen_negatives_with_target,target_margin,primary,primary,greedy_cf,Greedy sequential deletion,direction_accuracy_ndcg,0.7617881680560763,0.7318460425677474,0.7901640797915869,349,5,651
MovieLens-1M,itemknn,sampled_unseen_negatives_with_target,target_margin,primary,primary,greedy_cf,Greedy sequential deletion,top1_precision,0.129,0.108,0.15,1000,5,0
MovieLens-1M,itemknn,sampled_unseen_negatives_with_target,target_margin,primary,primary,greedy_cf,Greedy sequential deletion,top3_precision,0.296,0.2776666666666666,0.31466666666666665,1000,5,0
MovieLens-1M,itemknn,sampled_unseen_negatives_with_target,target_margin,primary,primary,greedy_cf,Greedy sequential deletion,top5_precision,0.3858333333333333,0.36899916666666666,0.4029504166666667,1000,5,0
MovieLens-1M,itemknn,sampled_unseen_negatives_with_target,target_margin,primary,primary,greedy_cf,Greedy sequential deletion,joint_effect_primary,0.0002455822166748164,0.00014198131911581855,0.0003488510631626943,1000,5,0
MovieLens-1M,itemknn,sampled_unseen_negatives_with_target,target_margin,primary,primary,greedy_cf,Greedy sequential deletion,joint_effect_ndcg,0.005836723127685548,0.0009078962366961543,0.010938413325624539,1000,5,0
MovieLens-1M,itemknn,sampled_unseen_negatives_with_target,target_margin,primary,primary,greedy_cf,Greedy sequential deletion,joint_effect_target_margin,0.0002455822166748164,0.00014117851522739997,0.0003515810984826605,1000,5,0
MovieLens-1M,itemknn,sampled_unseen_negatives_with_target,target_margin,primary,primary,greedy_cf,Greedy sequential deletion,intervention_success,0.512,0.481,0.5430249999999996,1000,5,0
MovieLens-1M,itemknn,sampled_unseen_negatives_with_target,target_margin,primary,primary,greedy_cf,Greedy sequential deletion,abstention,0.0,0.0,0.0,1000,5,0
MovieLens-1M,itemknn,sampled_unseen_negatives_with_target,target_margin,primary,primary,greedy_cf,Greedy sequential deletion,joint_regret_primary,0.00220721119961476,0.0021160223897322113,0.0023016750774996955,1000,5,0
MovieLens-1M,itemknn,sampled_unseen_negatives_with_target,target_margin,primary,primary,greedy_cf,Greedy sequential deletion,normalized_regret_primary,0.9867176431135584,0.951059629586278,1.0225800360522235,1000,5,0
MovieLens-1M,itemknn,sampled_unseen_negatives_with_target,target_margin,primary,primary,greedy_cf,Greedy sequential deletion,joint_regret_ndcg,0.049669423066489166,0.04327044291390823,0.05655580701219808,1000,5,0
MovieLens-1M,itemknn,sampled_unseen_negatives_with_target,target_margin,primary,primary,greedy_cf,Greedy sequential deletion,normalized_regret_ndcg,1.4710466540505367,1.1140693981237313,1.8948281517453596,339,5,661
MovieLens-1M,itemknn,sampled_unseen_negatives_with_target,target_margin,primary,primary,greedy_cf,Greedy sequential deletion,intervention_success_ndcg,0.103,0.085,0.122,1000,5,0
MovieLens-1M,itemknn,sampled_unseen_negatives_with_target,target_margin,primary,primary,greedy_cf,Greedy sequential deletion,aia_null_mean,-5.998134813020965e-06,-0.00022102789743215728,0.0002108126934971861,1000,5,0
MovieLens-1M,itemknn,sampled_unseen_negatives_with_target,target_margin,primary,primary,greedy_cf,Greedy sequential deletion,aia_null_p95,0.3991439368677339,0.39493608091228366,0.40359984556127676,1000,5,0
MovieLens-1M,itemknn,sampled_unseen_negatives_with_target,target_margin,primary,primary,greedy_cf,Greedy sequential deletion,aia_permutation_p,0.19081398601398603,0.17555039460539462,0.2065345054945055,1000,5,0
MovieLens-1M,itemknn,sampled_unseen_negatives_with_target,target_margin,primary,primary,lime,LIME,aia,0.9333530379688385,0.927843710802667,0.9381651251442781,1000,5,0
MovieLens-1M,itemknn,sampled_unseen_negatives_with_target,target_margin,primary,primary,lime,LIME,aia_ndcg,0.40850651053352294,0.379948885664381,0.4366960455763969,349,5,651
MovieLens-1M,itemknn,sampled_unseen_negatives_with_target,target_margin,primary,primary,lime,LIME,faithfulness_alignment,0.9509235849357662,0.9481054883465758,0.953541230456585,1000,5,0
MovieLens-1M,itemknn,sampled_unseen_negatives_with_target,target_margin,primary,primary,lime,LIME,actionability_gap,-0.017570546966927784,-0.021680191342965623,-0.014291658086076364,1000,5,0
MovieLens-1M,itemknn,sampled_unseen_negatives_with_target,target_margin,primary,primary,lime,LIME,signed_alignment,0.9739166215305272,0.971887427073549,0.9757933255342857,1000,5,0
MovieLens-1M,itemknn,sampled_unseen_negatives_with_target,target_margin,primary,primary,lime,LIME,signed_alignment_ndcg,0.6042326840464368,0.5809072303288197,0.6262656786834795,349,5,651
MovieLens-1M,itemknn,sampled_unseen_negatives_with_target,target_margin,primary,primary,lime,LIME,direction_accuracy,0.9625373141212074,0.959533531980511,0.9654459936318197,1000,5,0
MovieLens-1M,itemknn,sampled_unseen_negatives_with_target,target_margin,primary,primary,lime,LIME,direction_accuracy_ndcg,0.9386336697368215,0.9231121272272776,0.9535303738167277,349,5,651
MovieLens-1M,itemknn,sampled_unseen_negatives_with_target,target_margin,primary,primary,lime,LIME,top1_precision,0.8834000000000001,0.8672000000000001,0.8996,1000,5,0
MovieLens-1M,itemknn,sampled_unseen_negatives_with_target,target_margin,primary,primary,lime,LIME,top3_precision,0.9197333333333334,0.9118666666666667,0.9275333333333333,1000,5,0
MovieLens-1M,itemknn,sampled_unseen_negatives_with_target,target_margin,primary,primary,lime,LIME,top5_precision,0.9142433333333333,0.9071298333333334,0.9210300833333334,1000,5,0
MovieLens-1M,itemknn,sampled_unseen_negatives_with_target,target_margin,primary,primary,lime,LIME,joint_effect_primary,0.0024349913689793693,0.002366661570551468,0.0025081414297525866,1000,5,0
MovieLens-1M,itemknn,sampled_unseen_negatives_with_target,target_margin,primary,primary,lime,LIME,joint_effect_ndcg,0.042529858049918545,0.03670621565698359,0.0486854881365534,1000,5,0
MovieLens-1M,itemknn,sampled_unseen_negatives_with_target,target_margin,primary,primary,lime,LIME,joint_effect_target_margin,0.0024349913689793693,0.002366952272565476,0.0025059590166720195,1000,5,0
MovieLens-1M,itemknn,sampled_unseen_negatives_with_target,target_margin,primary,primary,lime,LIME,intervention_success,1.0,1.0,1.0,1000,5,0
MovieLens-1M,itemknn,sampled_unseen_negatives_with_target,target_margin,primary,primary,lime,LIME,abstention,0.0,0.0,0.0,1000,5,0
MovieLens-1M,itemknn,sampled_unseen_negatives_with_target,target_margin,primary,primary,lime,LIME,joint_regret_primary,1.7802047310208546e-05,1.2963766636349173e-05,2.520510168687409e-05,1000,5,0
MovieLens-1M,itemknn,sampled_unseen_negatives_with_target,target_margin,primary,primary,lime,LIME,normalized_regret_primary,0.008154334451376385,0.006815404765536624,0.00963489514470879,1000,5,0
MovieLens-1M,itemknn,sampled_unseen_negatives_with_target,target_margin,primary,primary,lime,LIME,joint_regret_ndcg,0.012976288144256172,0.009690707132927192,0.016521436697044874,1000,5,0
MovieLens-1M,itemknn,sampled_unseen_negatives_with_target,target_margin,primary,primary,lime,LIME,normalized_regret_ndcg,0.22543921061369182,0.18677285604334112,0.26380071670450694,339,5,661
MovieLens-1M,itemknn,sampled_unseen_negatives_with_target,target_margin,primary,primary,lime,LIME,intervention_success_ndcg,0.2876,0.25920000000000004,0.31560000000000005,1000,5,0
MovieLens-1M,itemknn,sampled_unseen_negatives_with_target,target_margin,primary,primary,lime,LIME,aia_null_mean,-0.00011562410321511722,-0.00032745494697594116,9.249246763374643e-05,1000,5,0
MovieLens-1M,itemknn,sampled_unseen_negatives_with_target,target_margin,primary,primary,lime,LIME,aia_null_p95,0.39897227614742,0.3947268283092335,0.4034240570229504,1000,5,0
MovieLens-1M,itemknn,sampled_unseen_negatives_with_target,target_margin,primary,primary,lime,LIME,aia_permutation_p,0.00316983016983017,0.0017352297702297704,0.005403811188811188,1000,5,0
MovieLens-1M,itemknn,sampled_unseen_negatives_with_target,target_margin,primary,primary,loo,Leave-one-out,aia,0.9779660211244914,0.9738489990768497,0.9810859903197158,1000,5,0
MovieLens-1M,itemknn,sampled_unseen_negatives_with_target,target_margin,primary,primary,loo,Leave-one-out,aia_ndcg,0.41300244986691664,0.3833229050996171,0.4416460634842602,349,5,651
MovieLens-1M,itemknn,sampled_unseen_negatives_with_target,target_margin,primary,primary,loo,Leave-one-out,faithfulness_alignment,1.0,1.0,1.0,1000,5,0
MovieLens-1M,itemknn,sampled_unseen_negatives_with_target,target_margin,primary,primary,loo,Leave-one-out,actionability_gap,-0.02203397887550873,-0.026115558312003857,-0.018905071792982394,1000,5,0
MovieLens-1M,itemknn,sampled_unseen_negatives_with_target,target_margin,primary,primary,loo,Leave-one-out,signed_alignment,0.9941154795751208,0.9930726579213272,0.9950026705826736,1000,5,0
MovieLens-1M,itemknn,sampled_unseen_negatives_with_target,target_margin,primary,primary,loo,Leave-one-out,signed_alignment_ndcg,0.6097250032619076,0.5863465670313529,0.6325512283291058,349,5,651
MovieLens-1M,itemknn,sampled_unseen_negatives_with_target,target_margin,primary,primary,loo,Leave-one-out,direction_accuracy,0.9889387622611306,0.9872364943426457,0.9906039565113248,1000,5,0
MovieLens-1M,itemknn,sampled_unseen_negatives_with_target,target_margin,primary,primary,loo,Leave-one-out,direction_accuracy_ndcg,0.940641036772842,0.924674273414424,0.9550799821000393,349,5,651
MovieLens-1M,itemknn,sampled_unseen_negatives_with_target,target_margin,primary,primary,loo,Leave-one-out,top1_precision,0.954,0.941,0.966,1000,5,0
MovieLens-1M,itemknn,sampled_unseen_negatives_with_target,target_margin,primary,primary,loo,Leave-one-out,top3_precision,0.9666666666666667,0.9603333333333333,0.973,1000,5,0
MovieLens-1M,itemknn,sampled_unseen_negatives_with_target,target_margin,primary,primary,loo,Leave-one-out,top5_precision,0.9580833333333334,0.9513829166666669,0.9644333333333334,1000,5,0
MovieLens-1M,itemknn,sampled_unseen_negatives_with_target,target_margin,primary,primary,loo,Leave-one-out,joint_effect_primary,0.0024418318149455882,0.002374195398958942,0.002512420035850575,1000,5,0
MovieLens-1M,itemknn,sampled_unseen_negatives_with_target,target_margin,primary,primary,loo,Leave-one-out,joint_effect_ndcg,0.0431311257269578,0.03724089283144175,0.049513484834653225,1000,5,0
MovieLens-1M,itemknn,sampled_unseen_negatives_with_target,target_margin,primary,primary,loo,Leave-one-out,joint_effect_target_margin,0.0024418318149455882,0.0023748835190353177,0.0025114102981064874,1000,5,0
MovieLens-1M,itemknn,sampled_unseen_negatives_with_target,target_margin,primary,primary,loo,Leave-one-out,intervention_success,1.0,1.0,1.0,1000,5,0
MovieLens-1M,itemknn,sampled_unseen_negatives_with_target,target_margin,primary,primary,loo,Leave-one-out,abstention,0.0,0.0,0.0,1000,5,0
MovieLens-1M,itemknn,sampled_unseen_negatives_with_target,target_margin,primary,primary,loo,Leave-one-out,joint_regret_primary,1.0961601343989991e-05,6.058737363175204e-06,1.8201396756111415e-05,1000,5,0
MovieLens-1M,itemknn,sampled_unseen_negatives_with_target,target_margin,primary,primary,loo,Leave-one-out,normalized_regret_primary,0.004253519110502602,0.0029089366892126865,0.00582246324784409,1000,5,0
MovieLens-1M,itemknn,sampled_unseen_negatives_with_target,target_margin,primary,primary,loo,Leave-one-out,joint_regret_ndcg,0.01237502046721692,0.00914015997148676,0.015929681848693412,1000,5,0
MovieLens-1M,itemknn,sampled_unseen_negatives_with_target,target_margin,primary,primary,loo,Leave-one-out,normalized_regret_ndcg,0.217388551988017,0.177639163948522,0.25788741181596936,339,5,661
MovieLens-1M,itemknn,sampled_unseen_negatives_with_target,target_margin,primary,primary,loo,Leave-one-out,intervention_success_ndcg,0.289,0.262,0.318,1000,5,0
MovieLens-1M,itemknn,sampled_unseen_negatives_with_target,target_margin,primary,primary,loo,Leave-one-out,aia_null_mean,-0.00012056501921157125,-0.00033072743948100677,8.87509068129034e-05,1000,5,0
MovieLens-1M,itemknn,sampled_unseen_negatives_with_target,target_margin,primary,primary,loo,Leave-one-out,aia_null_p95,0.39907189565905526,0.39489124074739435,0.40350539589469536,1000,5,0
MovieLens-1M,itemknn,sampled_unseen_negatives_with_target,target_margin,primary,primary,loo,Leave-one-out,aia_permutation_p,0.0027080919080919082,0.0014405444555444559,0.0048119930069930065,1000,5,0
MovieLens-1M,itemknn,sampled_unseen_negatives_with_target,target_margin,primary,primary,random,Random control,aia,0.000346827668105353,-0.006286960505106378,0.006921524778881417,1000,5,0
MovieLens-1M,itemknn,sampled_unseen_negatives_with_target,target_margin,primary,primary,random,Random control,aia_ndcg,0.00690730752565456,-0.005071951294598236,0.01893180188149002,349,5,651
MovieLens-1M,itemknn,sampled_unseen_negatives_with_target,target_margin,primary,primary,random,Random control,faithfulness_alignment,-0.0010381071036799142,-0.007943646794826585,0.005811351275057217,1000,5,0
MovieLens-1M,itemknn,sampled_unseen_negatives_with_target,target_margin,primary,primary,random,Random control,actionability_gap,0.001384934771785267,-0.0011074467050018575,0.004659464664761962,1000,5,0
MovieLens-1M,itemknn,sampled_unseen_negatives_with_target,target_margin,primary,primary,random,Random control,signed_alignment,0.0039915928786865024,-0.0029096640816995223,0.010787021422253637,1000,5,0
MovieLens-1M,itemknn,sampled_unseen_negatives_with_target,target_margin,primary,primary,random,Random control,signed_alignment_ndcg,-0.0021794281004039787,-0.013392037465268349,0.00922289060664185,349,5,651
MovieLens-1M,itemknn,sampled_unseen_negatives_with_target,target_margin,primary,primary,random,Random control,direction_accuracy,0.5023126342955291,0.49913873969092915,0.5054779521778102,1000,5,0
MovieLens-1M,itemknn,sampled_unseen_negatives_with_target,target_margin,primary,primary,random,Random control,direction_accuracy_ndcg,0.49189461684447366,0.4783968335270269,0.5057612270131969,349,5,651
MovieLens-1M,itemknn,sampled_unseen_negatives_with_target,target_margin,primary,primary,random,Random control,top1_precision,0.0592,0.0528,0.0658,1000,5,0
MovieLens-1M,itemknn,sampled_unseen_negatives_with_target,target_margin,primary,primary,random,Random control,top3_precision,0.1648,0.15880000000000002,0.17093333333333333,1000,5,0
MovieLens-1M,itemknn,sampled_unseen_negatives_with_target,target_margin,primary,primary,random,Random control,top5_precision,0.2636566666666667,0.25833658333333337,0.26904683333333335,1000,5,0
MovieLens-1M,itemknn,sampled_unseen_negatives_with_target,target_margin,primary,primary,random,Random control,joint_effect_primary,-6.031705484129822e-05,-9.557914873064663e-05,-2.4083892302292123e-05,1000,5,0
MovieLens-1M,itemknn,sampled_unseen_negatives_with_target,target_margin,primary,primary,random,Random control,joint_effect_ndcg,-0.0010045505840918921,-0.003791735183556652,0.0018142921412653483,1000,5,0
MovieLens-1M,itemknn,sampled_unseen_negatives_with_target,target_margin,primary,primary,random,Random control,joint_effect_target_margin,-6.031705484129822e-05,-9.695552222288016e-05,-2.5323290499610422e-05,1000,5,0
MovieLens-1M,itemknn,sampled_unseen_negatives_with_target,target_margin,primary,primary,random,Random control,intervention_success,0.48740000000000006,0.47279499999999997,0.502,1000,5,0
MovieLens-1M,itemknn,sampled_unseen_negatives_with_target,target_margin,primary,primary,random,Random control,abstention,0.0004,0.0,0.001,1000,5,0
MovieLens-1M,itemknn,sampled_unseen_negatives_with_target,target_margin,primary,primary,random,Random control,joint_regret_primary,0.002513110471130875,0.0024372928426434873,0.0025946617150863337,1000,5,0
MovieLens-1M,itemknn,sampled_unseen_negatives_with_target,target_margin,primary,primary,random,Random control,normalized_regret_primary,1.0290759417868098,1.0156348242700508,1.0425039298090957,1000,5,0
MovieLens-1M,itemknn,sampled_unseen_negatives_with_target,target_margin,primary,primary,random,Random control,joint_regret_ndcg,0.0565106967782666,0.05024455660293744,0.0631564959123457,1000,5,0
MovieLens-1M,itemknn,sampled_unseen_negatives_with_target,target_margin,primary,primary,random,Random control,normalized_regret_ndcg,1.4455018214497235,1.2269089972855067,1.6981903590693814,339,5,661
MovieLens-1M,itemknn,sampled_unseen_negatives_with_target,target_margin,primary,primary,random,Random control,intervention_success_ndcg,0.07440000000000001,0.06380000000000001,0.08560499999999993,1000,5,0
MovieLens-1M,itemknn,sampled_unseen_negatives_with_target,target_margin,primary,primary,random,Random control,aia_null_mean,-8.065525151233183e-05,-0.0003076486502492504,0.00014338785355993278,1000,5,0
MovieLens-1M,itemknn,sampled_unseen_negatives_with_target,target_margin,primary,primary,random,Random control,aia_null_p95,0.39878059683542144,0.3945920684761071,0.40317524847350633,1000,5,0
MovieLens-1M,itemknn,sampled_unseen_negatives_with_target,target_margin,primary,primary,random,Random control,aia_permutation_p,0.502211988011988,0.49444559440559444,0.509942062937063,1000,5,0
MovieLens-1M,itemknn,sampled_unseen_negatives_with_target,target_margin,primary,primary,shapley_mc,Monte Carlo Shapley,aia,0.7786133710444005,0.7685492288868159,0.7885809662757126,1000,5,0
MovieLens-1M,itemknn,sampled_unseen_negatives_with_target,target_margin,primary,primary,shapley_mc,Monte Carlo Shapley,aia_ndcg,0.38545816154859647,0.3577646807082539,0.4124554184131621,349,5,651
MovieLens-1M,itemknn,sampled_unseen_negatives_with_target,target_margin,primary,primary,shapley_mc,Monte Carlo Shapley,faithfulness_alignment,0.7617419908323972,0.7505025473121142,0.7727060462020668,1000,5,0
MovieLens-1M,itemknn,sampled_unseen_negatives_with_target,target_margin,primary,primary,shapley_mc,Monte Carlo Shapley,actionability_gap,0.016871380212003382,0.012731606992291972,0.02178199415205243,1000,5,0
MovieLens-1M,itemknn,sampled_unseen_negatives_with_target,target_margin,primary,primary,shapley_mc,Monte Carlo Shapley,signed_alignment,0.9288793762821942,0.9239406110925201,0.9335505701726585,1000,5,0
MovieLens-1M,itemknn,sampled_unseen_negatives_with_target,target_margin,primary,primary,shapley_mc,Monte Carlo Shapley,signed_alignment_ndcg,0.5894527507927749,0.5662873234955234,0.613157350018983,349,5,651
MovieLens-1M,itemknn,sampled_unseen_negatives_with_target,target_margin,primary,primary,shapley_mc,Monte Carlo Shapley,direction_accuracy,0.8884262328461012,0.882978859843545,0.8937911364668183,1000,5,0
MovieLens-1M,itemknn,sampled_unseen_negatives_with_target,target_margin,primary,primary,shapley_mc,Monte Carlo Shapley,direction_accuracy_ndcg,0.9332927395749746,0.9164486615541416,0.9490423231655324,349,5,651
MovieLens-1M,itemknn,sampled_unseen_negatives_with_target,target_margin,primary,primary,shapley_mc,Monte Carlo Shapley,top1_precision,0.7364,0.7132000000000001,0.7587999999999999,1000,5,0
MovieLens-1M,itemknn,sampled_unseen_negatives_with_target,target_margin,primary,primary,shapley_mc,Monte Carlo Shapley,top3_precision,0.8198,0.8087333333333333,0.8309333333333333,1000,5,0
MovieLens-1M,itemknn,sampled_unseen_negatives_with_target,target_margin,primary,primary,shapley_mc,Monte Carlo Shapley,top5_precision,0.8433233333333334,0.8342832499999999,0.8522900000000001,1000,5,0
MovieLens-1M,itemknn,sampled_unseen_negatives_with_target,target_margin,primary,primary,shapley_mc,Monte Carlo Shapley,joint_effect_primary,0.0023749969898222683,0.0023055056731545133,0.0024482029712151383,1000,5,0
MovieLens-1M,itemknn,sampled_unseen_negatives_with_target,target_margin,primary,primary,shapley_mc,Monte Carlo Shapley,joint_effect_ndcg,0.04026313454225692,0.03460112532004863,0.04616218912973102,1000,5,0
MovieLens-1M,itemknn,sampled_unseen_negatives_with_target,target_margin,primary,primary,shapley_mc,Monte Carlo Shapley,joint_effect_target_margin,0.0023749969898222683,0.0023035789671069086,0.002448296318536365,1000,5,0
MovieLens-1M,itemknn,sampled_unseen_negatives_with_target,target_margin,primary,primary,shapley_mc,Monte Carlo Shapley,intervention_success,0.9996,0.999,1.0,1000,5,0
MovieLens-1M,itemknn,sampled_unseen_negatives_with_target,target_margin,primary,primary,shapley_mc,Monte Carlo Shapley,abstention,0.0,0.0,0.0,1000,5,0
MovieLens-1M,itemknn,sampled_unseen_negatives_with_target,target_margin,primary,primary,shapley_mc,Monte Carlo Shapley,joint_regret_primary,7.779642646730941e-05,6.892266343437008e-05,8.70178770234264e-05,1000,5,0
MovieLens-1M,itemknn,sampled_unseen_negatives_with_target,target_margin,primary,primary,shapley_mc,Monte Carlo Shapley,normalized_regret_primary,0.04364972511773945,0.03815959793739327,0.04945522666284418,1000,5,0
MovieLens-1M,itemknn,sampled_unseen_negatives_with_target,target_margin,primary,primary,shapley_mc,Monte Carlo Shapley,joint_regret_ndcg,0.015243011651917788,0.01171584705163561,0.019003596225501244,1000,5,0
MovieLens-1M,itemknn,sampled_unseen_negatives_with_target,target_margin,primary,primary,shapley_mc,Monte Carlo Shapley,normalized_regret_ndcg,0.26750514280636545,0.22734067874237157,0.3089716679681431,339,5,661
MovieLens-1M,itemknn,sampled_unseen_negatives_with_target,target_margin,primary,primary,shapley_mc,Monte Carlo Shapley,intervention_success_ndcg,0.2742,0.2474,0.302,1000,5,0
MovieLens-1M,itemknn,sampled_unseen_negatives_with_target,target_margin,primary,primary,shapley_mc,Monte Carlo Shapley,aia_null_mean,-1.0688558020905195e-05,-0.000220049698901649,0.00020351381558057205,1000,5,0
MovieLens-1M,itemknn,sampled_unseen_negatives_with_target,target_margin,primary,primary,shapley_mc,Monte Carlo Shapley,aia_null_p95,0.39914624427404183,0.3950421511366331,0.40359689298408147,1000,5,0
MovieLens-1M,itemknn,sampled_unseen_negatives_with_target,target_margin,primary,primary,shapley_mc,Monte Carlo Shapley,aia_permutation_p,0.010549050949050948,0.007916053946053946,0.013528076923076922,1000,5,0
MovieLens-1M,itemknn,sampled_unseen_negatives_with_target,target_margin,sensitivity,budget1,greedy_cf,Greedy sequential deletion,joint_effect_primary,-0.0002276121812014571,-0.00036035682113007067,-9.302652341088667e-05,250,5,0
MovieLens-1M,itemknn,sampled_unseen_negatives_with_target,target_margin,sensitivity,budget1,greedy_cf,Greedy sequential deletion,joint_effect_ndcg,-0.0015921758701801364,-0.009166841682430924,0.0057464346843785815,250,5,0
MovieLens-1M,itemknn,sampled_unseen_negatives_with_target,target_margin,sensitivity,budget1,greedy_cf,Greedy sequential deletion,joint_effect_target_margin,-0.0002276121812014571,-0.00036033409050813524,-9.160682162830236e-05,250,5,0
MovieLens-1M,itemknn,sampled_unseen_negatives_with_target,target_margin,sensitivity,budget1,greedy_cf,Greedy sequential deletion,intervention_success,0.296,0.24,0.352,250,5,0
MovieLens-1M,itemknn,sampled_unseen_negatives_with_target,target_margin,sensitivity,budget1,greedy_cf,Greedy sequential deletion,abstention,0.0,0.0,0.0,250,5,0
MovieLens-1M,itemknn,sampled_unseen_negatives_with_target,target_margin,sensitivity,budget1,greedy_cf,Greedy sequential deletion,joint_regret_primary,0.0015539751818389694,0.0014221194441464112,0.0016886102295351616,250,5,0
MovieLens-1M,itemknn,sampled_unseen_negatives_with_target,target_margin,sensitivity,budget1,greedy_cf,Greedy sequential deletion,normalized_regret_primary,1.2613411274295498,1.1707752922813934,1.351753801496521,250,5,0
MovieLens-1M,itemknn,sampled_unseen_negatives_with_target,target_margin,sensitivity,budget1,greedy_cf,Greedy sequential deletion,joint_regret_ndcg,0.03952759663178177,0.02764548278631302,0.052771701942855305,250,5,0
MovieLens-1M,itemknn,sampled_unseen_negatives_with_target,target_margin,sensitivity,budget1,greedy_cf,Greedy sequential deletion,normalized_regret_ndcg,0.943737817049829,0.7773999491991516,1.134309434449231,60,5,190
MovieLens-1M,itemknn,sampled_unseen_negatives_with_target,target_margin,sensitivity,budget1,greedy_cf,Greedy sequential deletion,intervention_success_ndcg,0.064,0.036,0.096,250,5,0
MovieLens-1M,itemknn,sampled_unseen_negatives_with_target,target_margin,sensitivity,budget1,lime,LIME,joint_effect_primary,0.0013090041308782552,0.0012496190246161578,0.001371024021863476,250,5,0
MovieLens-1M,itemknn,sampled_unseen_negatives_with_target,target_margin,sensitivity,budget1,lime,LIME,joint_effect_ndcg,0.026022112780217783,0.017258495999662737,0.03608188899494712,250,5,0
MovieLens-1M,itemknn,sampled_unseen_negatives_with_target,target_margin,sensitivity,budget1,lime,LIME,joint_effect_target_margin,0.0013090041308782552,0.0012485786620093098,0.0013713110741301869,250,5,0
MovieLens-1M,itemknn,sampled_unseen_negatives_with_target,target_margin,sensitivity,budget1,lime,LIME,intervention_success,0.996,0.988,1.0,250,5,0
MovieLens-1M,itemknn,sampled_unseen_negatives_with_target,target_margin,sensitivity,budget1,lime,LIME,abstention,0.004,0.0,0.012,250,5,0
MovieLens-1M,itemknn,sampled_unseen_negatives_with_target,target_margin,sensitivity,budget1,lime,LIME,joint_regret_primary,1.735886975925811e-05,5.986693528245821e-06,3.815864610290299e-05,250,5,0
MovieLens-1M,itemknn,sampled_unseen_negatives_with_target,target_margin,sensitivity,budget1,lime,LIME,normalized_regret_primary,0.012174302645449695,0.00593861426523897,0.021819775630226235,250,5,0
MovieLens-1M,itemknn,sampled_unseen_negatives_with_target,target_margin,sensitivity,budget1,lime,LIME,joint_regret_ndcg,0.011913307981383852,0.005752728729259009,0.019273813491529356,250,5,0
MovieLens-1M,itemknn,sampled_unseen_negatives_with_target,target_margin,sensitivity,budget1,lime,LIME,normalized_regret_ndcg,0.29658541084393314,0.19257122682964192,0.4082127840397176,60,5,190
MovieLens-1M,itemknn,sampled_unseen_negatives_with_target,target_margin,sensitivity,budget1,lime,LIME,intervention_success_ndcg,0.18159999999999998,0.136,0.2304,250,5,0
MovieLens-1M,itemknn,sampled_unseen_negatives_with_target,target_margin,sensitivity,budget1,loo,Leave-one-out,joint_effect_primary,0.0013146980729365919,0.0012554431834344004,0.001374817807721639,250,5,0
MovieLens-1M,itemknn,sampled_unseen_negatives_with_target,target_margin,sensitivity,budget1,loo,Leave-one-out,joint_effect_ndcg,0.026847447718176928,0.01797599676715288,0.036735201767509114,250,5,0
MovieLens-1M,itemknn,sampled_unseen_negatives_with_target,target_margin,sensitivity,budget1,loo,Leave-one-out,joint_effect_target_margin,0.0013146980729365919,0.001254075251882078,0.0013763131407120916,250,5,0
MovieLens-1M,itemknn,sampled_unseen_negatives_with_target,target_margin,sensitivity,budget1,loo,Leave-one-out,intervention_success,0.996,0.988,1.0,250,5,0
MovieLens-1M,itemknn,sampled_unseen_negatives_with_target,target_margin,sensitivity,budget1,loo,Leave-one-out,abstention,0.004,0.0,0.012,250,5,0
MovieLens-1M,itemknn,sampled_unseen_negatives_with_target,target_margin,sensitivity,budget1,loo,Leave-one-out,joint_regret_primary,1.1664927700921312e-05,1.3232460878465803e-06,3.117370900193666e-05,250,5,0
MovieLens-1M,itemknn,sampled_unseen_negatives_with_target,target_margin,sensitivity,budget1,loo,Leave-one-out,normalized_regret_primary,0.0067971032915150695,0.0014401674349971785,0.01622447329102745,250,5,0
MovieLens-1M,itemknn,sampled_unseen_negatives_with_target,target_margin,sensitivity,budget1,loo,Leave-one-out,joint_regret_ndcg,0.011087973043424704,0.005043870705393215,0.01830218025121085,250,5,0
MovieLens-1M,itemknn,sampled_unseen_negatives_with_target,target_margin,sensitivity,budget1,loo,Leave-one-out,normalized_regret_ndcg,0.2600738381219016,0.15570951300285304,0.36943119777482053,60,5,190
MovieLens-1M,itemknn,sampled_unseen_negatives_with_target,target_margin,sensitivity,budget1,loo,Leave-one-out,intervention_success_ndcg,0.188,0.14,0.236,250,5,0
MovieLens-1M,itemknn,sampled_unseen_negatives_with_target,target_margin,sensitivity,budget1,random,Random control,joint_effect_primary,-7.028483455528606e-05,-0.00011813894569243751,-2.3946546226357145e-05,250,5,0
MovieLens-1M,itemknn,sampled_unseen_negatives_with_target,target_margin,sensitivity,budget1,random,Random control,joint_effect_ndcg,0.0009184171844546546,-0.0029619523980562203,0.004720845011847104,250,5,0
MovieLens-1M,itemknn,sampled_unseen_negatives_with_target,target_margin,sensitivity,budget1,random,Random control,joint_effect_target_margin,-7.028483455528606e-05,-0.00011868865903181972,-2.2880141295141665e-05,250,5,0
MovieLens-1M,itemknn,sampled_unseen_negatives_with_target,target_margin,sensitivity,budget1,random,Random control,intervention_success,0.46,0.432,0.48960000000000004,250,5,0
MovieLens-1M,itemknn,sampled_unseen_negatives_with_target,target_margin,sensitivity,budget1,random,Random control,abstention,0.0008,0.0,0.0024000000000000002,250,5,0
MovieLens-1M,itemknn,sampled_unseen_negatives_with_target,target_margin,sensitivity,budget1,random,Random control,joint_regret_primary,0.0013966478351927984,0.0013206152297403223,0.0014755313560020238,250,5,0
MovieLens-1M,itemknn,sampled_unseen_negatives_with_target,target_margin,sensitivity,budget1,random,Random control,normalized_regret_primary,1.0622637741310583,1.025890134062676,1.0998492462895746,250,5,0
MovieLens-1M,itemknn,sampled_unseen_negatives_with_target,target_margin,sensitivity,budget1,random,Random control,joint_regret_ndcg,0.03701700357714698,0.026849180775904848,0.047850326994457515,250,5,0
MovieLens-1M,itemknn,sampled_unseen_negatives_with_target,target_margin,sensitivity,budget1,random,Random control,normalized_regret_ndcg,0.9597771131706602,0.878947925591375,1.0585818830817018,60,5,190
MovieLens-1M,itemknn,sampled_unseen_negatives_with_target,target_margin,sensitivity,budget1,random,Random control,intervention_success_ndcg,0.0456,0.0312,0.06081999999999972,250,5,0
MovieLens-1M,itemknn,sampled_unseen_negatives_with_target,target_margin,sensitivity,budget1,shapley_mc,Monte Carlo Shapley,joint_effect_primary,0.0012869909308830323,0.0012239813013042212,0.0013519368213597315,250,5,0
MovieLens-1M,itemknn,sampled_unseen_negatives_with_target,target_margin,sensitivity,budget1,shapley_mc,Monte Carlo Shapley,joint_effect_ndcg,0.02641776490417747,0.017320375626992447,0.03618703245702532,250,5,0
MovieLens-1M,itemknn,sampled_unseen_negatives_with_target,target_margin,sensitivity,budget1,shapley_mc,Monte Carlo Shapley,joint_effect_target_margin,0.0012869909308830323,0.0012236658958682729,0.0013515658310391165,250,5,0
MovieLens-1M,itemknn,sampled_unseen_negatives_with_target,target_margin,sensitivity,budget1,shapley_mc,Monte Carlo Shapley,intervention_success,0.9992000000000001,0.9975999999999999,1.0,250,5,0
MovieLens-1M,itemknn,sampled_unseen_negatives_with_target,target_margin,sensitivity,budget1,shapley_mc,Monte Carlo Shapley,abstention,0.0,0.0,0.0,250,5,0
MovieLens-1M,itemknn,sampled_unseen_negatives_with_target,target_margin,sensitivity,budget1,shapley_mc,Monte Carlo Shapley,joint_regret_primary,3.937206975448038e-05,2.888338055211084e-05,5.133676847208775e-05,250,5,0
MovieLens-1M,itemknn,sampled_unseen_negatives_with_target,target_margin,sensitivity,budget1,shapley_mc,Monte Carlo Shapley,normalized_regret_primary,0.04211580242415233,0.029563834717794297,0.05651264325916355,250,5,0
MovieLens-1M,itemknn,sampled_unseen_negatives_with_target,target_margin,sensitivity,budget1,shapley_mc,Monte Carlo Shapley,joint_regret_ndcg,0.011517655857424166,0.005428877587813279,0.018735857905061756,250,5,0
MovieLens-1M,itemknn,sampled_unseen_negatives_with_target,target_margin,sensitivity,budget1,shapley_mc,Monte Carlo Shapley,normalized_regret_ndcg,0.2738221467441612,0.17713067302553076,0.3784104880231663,60,5,190
MovieLens-1M,itemknn,sampled_unseen_negatives_with_target,target_margin,sensitivity,budget1,shapley_mc,Monte Carlo Shapley,intervention_success_ndcg,0.1944,0.14639999999999997,0.244,250,5,0
MovieLens-1M,itemknn,sampled_unseen_negatives_with_target,target_margin,sensitivity,budget3,greedy_cf,Greedy sequential deletion,joint_effect_primary,0.0006803862796594984,0.00042935290249805364,0.0009355169837882121,250,5,0
MovieLens-1M,itemknn,sampled_unseen_negatives_with_target,target_margin,sensitivity,budget3,greedy_cf,Greedy sequential deletion,joint_effect_ndcg,0.009682361723187639,-0.002706852574517227,0.02248032008208909,250,5,0
MovieLens-1M,itemknn,sampled_unseen_negatives_with_target,target_margin,sensitivity,budget3,greedy_cf,Greedy sequential deletion,joint_effect_target_margin,0.0006803862796594984,0.00042805793414798837,0.0009434966611261889,250,5,0
MovieLens-1M,itemknn,sampled_unseen_negatives_with_target,target_margin,sensitivity,budget3,greedy_cf,Greedy sequential deletion,intervention_success,0.64,0.58,0.7,250,5,0
MovieLens-1M,itemknn,sampled_unseen_negatives_with_target,target_margin,sensitivity,budget3,greedy_cf,Greedy sequential deletion,abstention,0.0,0.0,0.0,250,5,0
MovieLens-1M,itemknn,sampled_unseen_negatives_with_target,target_margin,sensitivity,budget3,greedy_cf,Greedy sequential deletion,joint_regret_primary,0.002494865417195565,0.0021577511553275684,0.0028457445837766844,100,5,150
MovieLens-1M,itemknn,sampled_unseen_negatives_with_target,target_margin,sensitivity,budget3,greedy_cf,Greedy sequential deletion,normalized_regret_primary,0.8031670259527349,0.7039854124766933,0.9066965669378421,100,5,150
MovieLens-1M,itemknn,sampled_unseen_negatives_with_target,target_margin,sensitivity,budget3,greedy_cf,Greedy sequential deletion,joint_regret_ndcg,0.047789374392494526,0.02490539802228038,0.0743195695685838,100,5,150
MovieLens-1M,itemknn,sampled_unseen_negatives_with_target,target_margin,sensitivity,budget3,greedy_cf,Greedy sequential deletion,normalized_regret_ndcg,0.7525083736321452,0.43368829641116546,1.1515943243763476,25,5,225
MovieLens-1M,itemknn,sampled_unseen_negatives_with_target,target_margin,sensitivity,budget3,greedy_cf,Greedy sequential deletion,intervention_success_ndcg,0.152,0.108,0.2,250,5,0
MovieLens-1M,itemknn,sampled_unseen_negatives_with_target,target_margin,sensitivity,budget3,lime,LIME,joint_effect_primary,0.0032631314677339985,0.0031130160999010537,0.0034171735540063685,250,5,0
MovieLens-1M,itemknn,sampled_unseen_negatives_with_target,target_margin,sensitivity,budget3,lime,LIME,joint_effect_ndcg,0.062037364707879517,0.047089465657658994,0.07773642018900766,250,5,0
MovieLens-1M,itemknn,sampled_unseen_negatives_with_target,target_margin,sensitivity,budget3,lime,LIME,joint_effect_target_margin,0.0032631314677339985,0.003113339696817176,0.0034242628266695353,250,5,0
MovieLens-1M,itemknn,sampled_unseen_negatives_with_target,target_margin,sensitivity,budget3,lime,LIME,intervention_success,0.996,0.988,1.0,250,5,0
MovieLens-1M,itemknn,sampled_unseen_negatives_with_target,target_margin,sensitivity,budget3,lime,LIME,abstention,0.004,0.0,0.012,250,5,0
MovieLens-1M,itemknn,sampled_unseen_negatives_with_target,target_margin,sensitivity,budget3,lime,LIME,joint_regret_primary,2.3834344511018176e-05,1.2821898989960338e-05,3.72679908172e-05,100,5,150
MovieLens-1M,itemknn,sampled_unseen_negatives_with_target,target_margin,sensitivity,budget3,lime,LIME,normalized_regret_primary,0.009109608828648079,0.004636414041413736,0.01492914573928821,100,5,150
MovieLens-1M,itemknn,sampled_unseen_negatives_with_target,target_margin,sensitivity,budget3,lime,LIME,joint_regret_ndcg,0.0088350512755029,0.00014434881121747566,0.021072107392856275,100,5,150
MovieLens-1M,itemknn,sampled_unseen_negatives_with_target,target_margin,sensitivity,budget3,lime,LIME,normalized_regret_ndcg,0.08921787146414167,0.0018302996224270102,0.19779133320341027,25,5,225
MovieLens-1M,itemknn,sampled_unseen_negatives_with_target,target_margin,sensitivity,budget3,lime,LIME,intervention_success_ndcg,0.34,0.28390000000000004,0.4,250,5,0
MovieLens-1M,itemknn,sampled_unseen_negatives_with_target,target_margin,sensitivity,budget3,loo,Leave-one-out,joint_effect_primary,0.0032714526519574435,0.0031198250341739377,0.0034241488267968763,250,5,0
MovieLens-1M,itemknn,sampled_unseen_negatives_with_target,target_margin,sensitivity,budget3,loo,Leave-one-out,joint_effect_ndcg,0.06146128247234229,0.04685836108925325,0.07656545872013204,250,5,0
MovieLens-1M,itemknn,sampled_unseen_negatives_with_target,target_margin,sensitivity,budget3,loo,Leave-one-out,joint_effect_target_margin,0.0032714526519574435,0.0031246054536770177,0.003432317304078407,250,5,0
MovieLens-1M,itemknn,sampled_unseen_negatives_with_target,target_margin,sensitivity,budget3,loo,Leave-one-out,intervention_success,0.996,0.988,1.0,250,5,0
MovieLens-1M,itemknn,sampled_unseen_negatives_with_target,target_margin,sensitivity,budget3,loo,Leave-one-out,abstention,0.004,0.0,0.012,250,5,0
MovieLens-1M,itemknn,sampled_unseen_negatives_with_target,target_margin,sensitivity,budget3,loo,Leave-one-out,joint_regret_primary,2.2663494956218778e-05,8.415774961500852e-06,4.1729883079295506e-05,100,5,150
MovieLens-1M,itemknn,sampled_unseen_negatives_with_target,target_margin,sensitivity,budget3,loo,Leave-one-out,normalized_regret_primary,0.00872474195686686,0.0029058919623630715,0.015838806558349013,100,5,150
MovieLens-1M,itemknn,sampled_unseen_negatives_with_target,target_margin,sensitivity,budget3,loo,Leave-one-out,joint_regret_ndcg,0.0088350512755029,0.00014434881121747566,0.02107210739285627,100,5,150
MovieLens-1M,itemknn,sampled_unseen_negatives_with_target,target_margin,sensitivity,budget3,loo,Leave-one-out,normalized_regret_ndcg,0.08921787146414167,0.0018302996224270102,0.19358925378587544,25,5,225
MovieLens-1M,itemknn,sampled_unseen_negatives_with_target,target_margin,sensitivity,budget3,loo,Leave-one-out,intervention_success_ndcg,0.34,0.284,0.4,250,5,0
MovieLens-1M,itemknn,sampled_unseen_negatives_with_target,target_margin,sensitivity,budget3,random,Random control,joint_effect_primary,-8.916008099823172e-05,-0.0001681237403785308,-1.2532029490855927e-05,250,5,0
MovieLens-1M,itemknn,sampled_unseen_negatives_with_target,target_margin,sensitivity,budget3,random,Random control,joint_effect_ndcg,0.0019053289309760673,-0.003924059829627415,0.007773810830308102,250,5,0
MovieLens-1M,itemknn,sampled_unseen_negatives_with_target,target_margin,sensitivity,budget3,random,Random control,joint_effect_target_margin,-8.916008099823172e-05,-0.00016815308225145553,-9.088776321285482e-06,250,5,0
MovieLens-1M,itemknn,sampled_unseen_negatives_with_target,target_margin,sensitivity,budget3,random,Random control,intervention_success,0.48240000000000005,0.45439999999999997,0.5096,250,5,0
MovieLens-1M,itemknn,sampled_unseen_negatives_with_target,target_margin,sensitivity,budget3,random,Random control,abstention,0.0008,0.0,0.0024000000000000002,250,5,0
MovieLens-1M,itemknn,sampled_unseen_negatives_with_target,target_margin,sensitivity,budget3,random,Random control,joint_regret_primary,0.0034947100825784678,0.0032352163660517995,0.0037652888299359315,100,5,150
MovieLens-1M,itemknn,sampled_unseen_negatives_with_target,target_margin,sensitivity,budget3,random,Random control,normalized_regret_primary,1.0404174564579072,1.0092248040287917,1.0721006679825817,100,5,150
MovieLens-1M,itemknn,sampled_unseen_negatives_with_target,target_margin,sensitivity,budget3,random,Random control,joint_regret_ndcg,0.05266309538624757,0.03207994670727733,0.07639371495980914,100,5,150
MovieLens-1M,itemknn,sampled_unseen_negatives_with_target,target_margin,sensitivity,budget3,random,Random control,normalized_regret_ndcg,0.9458988088288036,0.7251738817751179,1.2481650169912368,25,5,225
MovieLens-1M,itemknn,sampled_unseen_negatives_with_target,target_margin,sensitivity,budget3,random,Random control,intervention_success_ndcg,0.0952,0.0712,0.12079999999999999,250,5,0
MovieLens-1M,itemknn,sampled_unseen_negatives_with_target,target_margin,sensitivity,budget3,shapley_mc,Monte Carlo Shapley,joint_effect_primary,0.0031881112636224663,0.003038166447304423,0.0033448107699797242,250,5,0
MovieLens-1M,itemknn,sampled_unseen_negatives_with_target,target_margin,sensitivity,budget3,shapley_mc,Monte Carlo Shapley,joint_effect_ndcg,0.062201802905726675,0.04758977676928969,0.07787482636616942,250,5,0
MovieLens-1M,itemknn,sampled_unseen_negatives_with_target,target_margin,sensitivity,budget3,shapley_mc,Monte Carlo Shapley,joint_effect_target_margin,0.0031881112636224663,0.003039208968491097,0.003345294903556918,250,5,0
MovieLens-1M,itemknn,sampled_unseen_negatives_with_target,target_margin,sensitivity,budget3,shapley_mc,Monte Carlo Shapley,intervention_success,1.0,1.0,1.0,250,5,0
MovieLens-1M,itemknn,sampled_unseen_negatives_with_target,target_margin,sensitivity,budget3,shapley_mc,Monte Carlo Shapley,abstention,0.0,0.0,0.0,250,5,0
MovieLens-1M,itemknn,sampled_unseen_negatives_with_target,target_margin,sensitivity,budget3,shapley_mc,Monte Carlo Shapley,joint_regret_primary,0.0001198774083661216,8.43103753022263e-05,0.0001601249362805975,100,5,150
MovieLens-1M,itemknn,sampled_unseen_negatives_with_target,target_margin,sensitivity,budget3,shapley_mc,Monte Carlo Shapley,normalized_regret_primary,0.04382812289072511,0.030189710218274837,0.0588999148071001,100,5,150
MovieLens-1M,itemknn,sampled_unseen_negatives_with_target,target_margin,sensitivity,budget3,shapley_mc,Monte Carlo Shapley,joint_regret_ndcg,0.007514158896344872,0.0010021409975354935,0.016900031297996845,100,5,150
MovieLens-1M,itemknn,sampled_unseen_negatives_with_target,target_margin,sensitivity,budget3,shapley_mc,Monte Carlo Shapley,normalized_regret_ndcg,0.08222975436435505,0.010801020717597214,0.18522917697007868,25,5,225
MovieLens-1M,itemknn,sampled_unseen_negatives_with_target,target_margin,sensitivity,budget3,shapley_mc,Monte Carlo Shapley,intervention_success_ndcg,0.34,0.2824,0.3992,250,5,0
MovieLens-1M,itemknn,sampled_unseen_negatives_with_target,target_margin,sensitivity,candidates100,greedy_cf,Greedy sequential deletion,aia,0.2605189067804962,0.2237178909186144,0.2965273581967263,250,5,0
MovieLens-1M,itemknn,sampled_unseen_negatives_with_target,target_margin,sensitivity,candidates100,greedy_cf,Greedy sequential deletion,aia_ndcg,0.13953582738040035,0.087303243142775,0.19236144838071545,106,5,144
MovieLens-1M,itemknn,sampled_unseen_negatives_with_target,target_margin,sensitivity,candidates100,greedy_cf,Greedy sequential deletion,faithfulness_alignment,0.26321421011690854,0.2257126521340488,0.2987213717063633,250,5,0
MovieLens-1M,itemknn,sampled_unseen_negatives_with_target,target_margin,sensitivity,candidates100,greedy_cf,Greedy sequential deletion,actionability_gap,-0.0026953033364123784,-0.00980820700152957,0.0034153858001072855,250,5,0
MovieLens-1M,itemknn,sampled_unseen_negatives_with_target,target_margin,sensitivity,candidates100,greedy_cf,Greedy sequential deletion,signed_alignment,0.256072231982002,0.20715941047051425,0.3034237035227198,250,5,0
MovieLens-1M,itemknn,sampled_unseen_negatives_with_target,target_margin,sensitivity,candidates100,greedy_cf,Greedy sequential deletion,signed_alignment_ndcg,0.17266403739638084,0.1219317021430784,0.2232857293809297,106,5,144
MovieLens-1M,itemknn,sampled_unseen_negatives_with_target,target_margin,sensitivity,candidates100,greedy_cf,Greedy sequential deletion,direction_accuracy,0.6039689244192341,0.5882653107221296,0.6191925483546381,250,5,0
MovieLens-1M,itemknn,sampled_unseen_negatives_with_target,target_margin,sensitivity,candidates100,greedy_cf,Greedy sequential deletion,direction_accuracy_ndcg,0.7117536551498816,0.6499468488796318,0.7694752018160036,106,5,144
MovieLens-1M,itemknn,sampled_unseen_negatives_with_target,target_margin,sensitivity,candidates100,greedy_cf,Greedy sequential deletion,top1_precision,0.076,0.044,0.112,250,5,0
MovieLens-1M,itemknn,sampled_unseen_negatives_with_target,target_margin,sensitivity,candidates100,greedy_cf,Greedy sequential deletion,top3_precision,0.1973333333333333,0.1653333333333333,0.22933333333333333,250,5,0
MovieLens-1M,itemknn,sampled_unseen_negatives_with_target,target_margin,sensitivity,candidates100,greedy_cf,Greedy sequential deletion,top5_precision,0.30533333333333335,0.2725333333333333,0.33893333333333336,250,5,0
MovieLens-1M,itemknn,sampled_unseen_negatives_with_target,target_margin,sensitivity,candidates100,greedy_cf,Greedy sequential deletion,joint_effect_primary,-4.3945079443812985e-05,-0.0002351089897887586,0.00015367296064324623,250,5,0
MovieLens-1M,itemknn,sampled_unseen_negatives_with_target,target_margin,sensitivity,candidates100,greedy_cf,Greedy sequential deletion,joint_effect_ndcg,-0.00302882497930052,-0.011934335819745378,0.005985430501455718,250,5,0
MovieLens-1M,itemknn,sampled_unseen_negatives_with_target,target_margin,sensitivity,candidates100,greedy_cf,Greedy sequential deletion,joint_effect_target_margin,-4.3945079443812985e-05,-0.00023944654268658684,0.00015198875147040233,250,5,0
MovieLens-1M,itemknn,sampled_unseen_negatives_with_target,target_margin,sensitivity,candidates100,greedy_cf,Greedy sequential deletion,intervention_success,0.44,0.376,0.5,250,5,0
MovieLens-1M,itemknn,sampled_unseen_negatives_with_target,target_margin,sensitivity,candidates100,greedy_cf,Greedy sequential deletion,abstention,0.0,0.0,0.0,250,5,0
MovieLens-1M,itemknn,sampled_unseen_negatives_with_target,target_margin,sensitivity,candidates100,greedy_cf,Greedy sequential deletion,joint_regret_primary,0.002366646641287157,0.0021655437636461843,0.002587468146740429,250,5,0
MovieLens-1M,itemknn,sampled_unseen_negatives_with_target,target_margin,sensitivity,candidates100,greedy_cf,Greedy sequential deletion,normalized_regret_primary,1.0779555455733898,1.005589954004429,1.1478196349271532,250,5,0
MovieLens-1M,itemknn,sampled_unseen_negatives_with_target,target_margin,sensitivity,candidates100,greedy_cf,Greedy sequential deletion,joint_regret_ndcg,0.06478688664543096,0.05006189206658452,0.08057962770427562,250,5,0
MovieLens-1M,itemknn,sampled_unseen_negatives_with_target,target_margin,sensitivity,candidates100,greedy_cf,Greedy sequential deletion,normalized_regret_ndcg,1.1995197502492403,0.9340727577830493,1.5313282985784586,94,5,156
MovieLens-1M,itemknn,sampled_unseen_negatives_with_target,target_margin,sensitivity,candidates100,greedy_cf,Greedy sequential deletion,intervention_success_ndcg,0.08,0.048,0.116,250,5,0
MovieLens-1M,itemknn,sampled_unseen_negatives_with_target,target_margin,sensitivity,candidates100,greedy_cf,Greedy sequential deletion,aia_null_mean,-7.146552536616602e-05,-0.001413766948895367,0.0012425200515346997,250,5,0
MovieLens-1M,itemknn,sampled_unseen_negatives_with_target,target_margin,sensitivity,candidates100,greedy_cf,Greedy sequential deletion,aia_null_p95,0.38304621663204547,0.3751381910514955,0.392615691278209,250,5,0
MovieLens-1M,itemknn,sampled_unseen_negatives_with_target,target_margin,sensitivity,candidates100,greedy_cf,Greedy sequential deletion,aia_permutation_p,0.25721980198019806,0.22498950495049505,0.2915021782178218,250,5,0
MovieLens-1M,itemknn,sampled_unseen_negatives_with_target,target_margin,sensitivity,candidates100,lime,LIME,aia,0.9468556119688367,0.9393680196366434,0.9535877179994267,250,5,0
MovieLens-1M,itemknn,sampled_unseen_negatives_with_target,target_margin,sensitivity,candidates100,lime,LIME,aia_ndcg,0.36945014060597026,0.3172315002600754,0.42068474744791867,106,5,144
MovieLens-1M,itemknn,sampled_unseen_negatives_with_target,target_margin,sensitivity,candidates100,lime,LIME,faithfulness_alignment,0.9604383687548504,0.9562871333583224,0.9643805060664175,250,5,0
MovieLens-1M,itemknn,sampled_unseen_negatives_with_target,target_margin,sensitivity,candidates100,lime,LIME,actionability_gap,-0.01358275678601368,-0.020008562362258737,-0.008364054558097833,250,5,0
MovieLens-1M,itemknn,sampled_unseen_negatives_with_target,target_margin,sensitivity,candidates100,lime,LIME,signed_alignment,0.9784243522882823,0.9755858388593145,0.9810412986338326,250,5,0
MovieLens-1M,itemknn,sampled_unseen_negatives_with_target,target_margin,sensitivity,candidates100,lime,LIME,signed_alignment_ndcg,0.5743840681961874,0.5325376043882029,0.6153384727102715,106,5,144
MovieLens-1M,itemknn,sampled_unseen_negatives_with_target,target_margin,sensitivity,candidates100,lime,LIME,direction_accuracy,0.9651587732906928,0.9594295136464843,0.9707493288859405,250,5,0
MovieLens-1M,itemknn,sampled_unseen_negatives_with_target,target_margin,sensitivity,candidates100,lime,LIME,direction_accuracy_ndcg,0.9493823000898473,0.9255980271039232,0.9702516097634022,106,5,144
MovieLens-1M,itemknn,sampled_unseen_negatives_with_target,target_margin,sensitivity,candidates100,lime,LIME,top1_precision,0.8976,0.8664,0.9272,250,5,0
MovieLens-1M,itemknn,sampled_unseen_negatives_with_target,target_margin,sensitivity,candidates100,lime,LIME,top3_precision,0.9234666666666667,0.908,0.9381333333333333,250,5,0
MovieLens-1M,itemknn,sampled_unseen_negatives_with_target,target_margin,sensitivity,candidates100,lime,LIME,top5_precision,0.9160533333333333,0.9009066666666666,0.9298133333333333,250,5,0
MovieLens-1M,itemknn,sampled_unseen_negatives_with_target,target_margin,sensitivity,candidates100,lime,LIME,joint_effect_primary,0.0022980693829042884,0.0021873659038942036,0.0024168112992920847,250,5,0
MovieLens-1M,itemknn,sampled_unseen_negatives_with_target,target_margin,sensitivity,candidates100,lime,LIME,joint_effect_ndcg,0.05459093370032194,0.04143325842632735,0.06884743685663938,250,5,0
MovieLens-1M,itemknn,sampled_unseen_negatives_with_target,target_margin,sensitivity,candidates100,lime,LIME,joint_effect_target_margin,0.0022980693829042884,0.0021893167158517687,0.00241442747686514,250,5,0
MovieLens-1M,itemknn,sampled_unseen_negatives_with_target,target_margin,sensitivity,candidates100,lime,LIME,intervention_success,1.0,1.0,1.0,250,5,0
MovieLens-1M,itemknn,sampled_unseen_negatives_with_target,target_margin,sensitivity,candidates100,lime,LIME,abstention,0.0,0.0,0.0,250,5,0
MovieLens-1M,itemknn,sampled_unseen_negatives_with_target,target_margin,sensitivity,candidates100,lime,LIME,joint_regret_primary,2.46321789390572e-05,7.508326780792787e-06,5.666099667637013e-05,250,5,0
MovieLens-1M,itemknn,sampled_unseen_negatives_with_target,target_margin,sensitivity,candidates100,lime,LIME,normalized_regret_primary,0.008590362371719932,0.0048200401134282965,0.014308666123484193,250,5,0
MovieLens-1M,itemknn,sampled_unseen_negatives_with_target,target_margin,sensitivity,candidates100,lime,LIME,joint_regret_ndcg,0.007167127965808486,0.00337560701864705,0.011981409368701675,250,5,0
MovieLens-1M,itemknn,sampled_unseen_negatives_with_target,target_margin,sensitivity,candidates100,lime,LIME,normalized_regret_ndcg,0.15657075931560924,0.0959123932939464,0.22358938770472725,94,5,156
MovieLens-1M,itemknn,sampled_unseen_negatives_with_target,target_margin,sensitivity,candidates100,lime,LIME,intervention_success_ndcg,0.3344,0.2768,0.39280000000000004,250,5,0
MovieLens-1M,itemknn,sampled_unseen_negatives_with_target,target_margin,sensitivity,candidates100,lime,LIME,aia_null_mean,0.0009082760317774606,-0.00045493544182252643,0.002260296442393215,250,5,0
MovieLens-1M,itemknn,sampled_unseen_negatives_with_target,target_margin,sensitivity,candidates100,lime,LIME,aia_null_p95,0.3886788915514845,0.3809546747589396,0.3978435753697804,250,5,0
MovieLens-1M,itemknn,sampled_unseen_negatives_with_target,target_margin,sensitivity,candidates100,lime,LIME,aia_permutation_p,0.012744554455445546,0.009940594059405939,0.017552475247524756,250,5,0
MovieLens-1M,itemknn,sampled_unseen_negatives_with_target,target_margin,sensitivity,candidates100,loo,Leave-one-out,aia,0.9823701348901516,0.9761618666868475,0.9874038410141722,250,5,0
MovieLens-1M,itemknn,sampled_unseen_negatives_with_target,target_margin,sensitivity,candidates100,loo,Leave-one-out,aia_ndcg,0.37770159237706613,0.32540323863146564,0.4290402622281977,106,5,144
MovieLens-1M,itemknn,sampled_unseen_negatives_with_target,target_margin,sensitivity,candidates100,loo,Leave-one-out,faithfulness_alignment,1.0,1.0,1.0,250,5,0
MovieLens-1M,itemknn,sampled_unseen_negatives_with_target,target_margin,sensitivity,candidates100,loo,Leave-one-out,actionability_gap,-0.01762986510984844,-0.02399916971775436,-0.012606327078807477,250,5,0
MovieLens-1M,itemknn,sampled_unseen_negatives_with_target,target_margin,sensitivity,candidates100,loo,Leave-one-out,signed_alignment,0.9960955238560828,0.9949335550784187,0.99700999538984,250,5,0
MovieLens-1M,itemknn,sampled_unseen_negatives_with_target,target_margin,sensitivity,candidates100,loo,Leave-one-out,signed_alignment_ndcg,0.5785059531858293,0.5350665641721056,0.6205457303824887,106,5,144
MovieLens-1M,itemknn,sampled_unseen_negatives_with_target,target_margin,sensitivity,candidates100,loo,Leave-one-out,direction_accuracy,0.9910878863826234,0.9878126733500417,0.9940698412698413,250,5,0
MovieLens-1M,itemknn,sampled_unseen_negatives_with_target,target_margin,sensitivity,candidates100,loo,Leave-one-out,direction_accuracy_ndcg,0.9518194070080862,0.9281952867625037,0.9726047282120395,106,5,144
MovieLens-1M,itemknn,sampled_unseen_negatives_with_target,target_margin,sensitivity,candidates100,loo,Leave-one-out,top1_precision,0.96,0.936,0.984,250,5,0
MovieLens-1M,itemknn,sampled_unseen_negatives_with_target,target_margin,sensitivity,candidates100,loo,Leave-one-out,top3_precision,0.964,0.9506666666666667,0.9773333333333333,250,5,0
MovieLens-1M,itemknn,sampled_unseen_negatives_with_target,target_margin,sensitivity,candidates100,loo,Leave-one-out,top5_precision,0.9573333333333333,0.9426666666666668,0.9703999999999999,250,5,0
MovieLens-1M,itemknn,sampled_unseen_negatives_with_target,target_margin,sensitivity,candidates100,loo,Leave-one-out,joint_effect_primary,0.0023030186759401077,0.002191256907874292,0.0024182827676900026,250,5,0
MovieLens-1M,itemknn,sampled_unseen_negatives_with_target,target_margin,sensitivity,candidates100,loo,Leave-one-out,joint_effect_ndcg,0.05388450100488264,0.04068119008329148,0.06793315585095046,250,5,0
MovieLens-1M,itemknn,sampled_unseen_negatives_with_target,target_margin,sensitivity,candidates100,loo,Leave-one-out,joint_effect_target_margin,0.0023030186759401077,0.0021918750489532276,0.0024197868998528166,250,5,0
MovieLens-1M,itemknn,sampled_unseen_negatives_with_target,target_margin,sensitivity,candidates100,loo,Leave-one-out,intervention_success,1.0,1.0,1.0,250,5,0
MovieLens-1M,itemknn,sampled_unseen_negatives_with_target,target_margin,sensitivity,candidates100,loo,Leave-one-out,abstention,0.0,0.0,0.0,250,5,0
MovieLens-1M,itemknn,sampled_unseen_negatives_with_target,target_margin,sensitivity,candidates100,loo,Leave-one-out,joint_regret_primary,1.96828859032383e-05,3.134988000022681e-06,5.077187356491342e-05,250,5,0
MovieLens-1M,itemknn,sampled_unseen_negatives_with_target,target_margin,sensitivity,candidates100,loo,Leave-one-out,normalized_regret_primary,0.0067453242265410294,0.0024183536031200602,0.01281372328282612,250,5,0
MovieLens-1M,itemknn,sampled_unseen_negatives_with_target,target_margin,sensitivity,candidates100,loo,Leave-one-out,joint_regret_ndcg,0.007873560661247796,0.002943285261906033,0.014129502754399302,250,5,0
MovieLens-1M,itemknn,sampled_unseen_negatives_with_target,target_margin,sensitivity,candidates100,loo,Leave-one-out,normalized_regret_ndcg,0.13732920765370163,0.07481856406039648,0.20549940089883106,94,5,156
MovieLens-1M,itemknn,sampled_unseen_negatives_with_target,target_margin,sensitivity,candidates100,loo,Leave-one-out,intervention_success_ndcg,0.34,0.284,0.4,250,5,0
MovieLens-1M,itemknn,sampled_unseen_negatives_with_target,target_margin,sensitivity,candidates100,loo,Leave-one-out,aia_null_mean,0.0007303501779177092,-0.0006216120009390062,0.002064069385775881,250,5,0
MovieLens-1M,itemknn,sampled_unseen_negatives_with_target,target_margin,sensitivity,candidates100,loo,Leave-one-out,aia_null_p95,0.38789680587424935,0.3802851451408061,0.39714679161287075,250,5,0
MovieLens-1M,itemknn,sampled_unseen_negatives_with_target,target_margin,sensitivity,candidates100,loo,Leave-one-out,aia_permutation_p,0.01264950495049505,0.009908910891089109,0.017473267326732676,250,5,0
MovieLens-1M,itemknn,sampled_unseen_negatives_with_target,target_margin,sensitivity,candidates100,random,Random control,aia,-0.0028690237022383513,-0.016288427426749633,0.01040371921095437,250,5,0
MovieLens-1M,itemknn,sampled_unseen_negatives_with_target,target_margin,sensitivity,candidates100,random,Random control,aia_ndcg,0.004320056160144885,-0.015200160059502801,0.023766675021712525,106,5,144
MovieLens-1M,itemknn,sampled_unseen_negatives_with_target,target_margin,sensitivity,candidates100,random,Random control,faithfulness_alignment,-0.004404711422095071,-0.01866964150772636,0.009486389669371419,250,5,0
MovieLens-1M,itemknn,sampled_unseen_negatives_with_target,target_margin,sensitivity,candidates100,random,Random control,actionability_gap,0.0015356877198567198,-0.0019071993494600861,0.005937074496835172,250,5,0
MovieLens-1M,itemknn,sampled_unseen_negatives_with_target,target_margin,sensitivity,candidates100,random,Random control,signed_alignment,0.003720543503711303,-0.010358168430452881,0.018159352055839215,250,5,0
MovieLens-1M,itemknn,sampled_unseen_negatives_with_target,target_margin,sensitivity,candidates100,random,Random control,signed_alignment_ndcg,0.005227578792020263,-0.015040433937551367,0.026408215930062425,106,5,144
MovieLens-1M,itemknn,sampled_unseen_negatives_with_target,target_margin,sensitivity,candidates100,random,Random control,direction_accuracy,0.49814257061823636,0.492057207102495,0.5041696731819951,250,5,0
MovieLens-1M,itemknn,sampled_unseen_negatives_with_target,target_margin,sensitivity,candidates100,random,Random control,direction_accuracy_ndcg,0.49914066541425034,0.47399685704756467,0.5240628454354869,106,5,144
MovieLens-1M,itemknn,sampled_unseen_negatives_with_target,target_margin,sensitivity,candidates100,random,Random control,top1_precision,0.052,0.039200000000000006,0.06559999999999999,250,5,0
MovieLens-1M,itemknn,sampled_unseen_negatives_with_target,target_margin,sensitivity,candidates100,random,Random control,top3_precision,0.16106666666666666,0.14853333333333332,0.1733333333333333,250,5,0
MovieLens-1M,itemknn,sampled_unseen_negatives_with_target,target_margin,sensitivity,candidates100,random,Random control,top5_precision,0.2559466666666667,0.24437333333333336,0.26768000000000003,250,5,0
MovieLens-1M,itemknn,sampled_unseen_negatives_with_target,target_margin,sensitivity,candidates100,random,Random control,joint_effect_primary,-7.865010120229207e-05,-0.00014145778994992088,-1.4622504065202462e-05,250,5,0
MovieLens-1M,itemknn,sampled_unseen_negatives_with_target,target_margin,sensitivity,candidates100,random,Random control,joint_effect_ndcg,0.005729222594513695,-0.00035648007804661664,0.012139695988484338,250,5,0
MovieLens-1M,itemknn,sampled_unseen_negatives_with_target,target_margin,sensitivity,candidates100,random,Random control,joint_effect_target_margin,-7.865010120229207e-05,-0.00014240466930736875,-1.6941114042060716e-05,250,5,0
MovieLens-1M,itemknn,sampled_unseen_negatives_with_target,target_margin,sensitivity,candidates100,random,Random control,intervention_success,0.4936,0.46480000000000005,0.5216000000000001,250,5,0
MovieLens-1M,itemknn,sampled_unseen_negatives_with_target,target_margin,sensitivity,candidates100,random,Random control,abstention,0.0008,0.0,0.0024000000000000002,250,5,0
MovieLens-1M,itemknn,sampled_unseen_negatives_with_target,target_margin,sensitivity,candidates100,random,Random control,joint_regret_primary,0.002401351663045636,0.002263909075029613,0.0025457209258623694,250,5,0
MovieLens-1M,itemknn,sampled_unseen_negatives_with_target,target_margin,sensitivity,candidates100,random,Random control,normalized_regret_primary,1.0306938230469156,1.0061291396089305,1.0563006473445522,250,5,0
MovieLens-1M,itemknn,sampled_unseen_negatives_with_target,target_margin,sensitivity,candidates100,random,Random control,joint_regret_ndcg,0.05602883907161673,0.044372875300521884,0.06856958734269691,250,5,0
MovieLens-1M,itemknn,sampled_unseen_negatives_with_target,target_margin,sensitivity,candidates100,random,Random control,normalized_regret_ndcg,1.1430185838031541,0.9729090003648838,1.3424732142265545,94,5,156
MovieLens-1M,itemknn,sampled_unseen_negatives_with_target,target_margin,sensitivity,candidates100,random,Random control,intervention_success_ndcg,0.09600000000000002,0.072,0.1216,250,5,0
MovieLens-1M,itemknn,sampled_unseen_negatives_with_target,target_margin,sensitivity,candidates100,random,Random control,aia_null_mean,-0.0004159400971885808,-0.0018580712647615263,0.0010111685656952233,250,5,0
MovieLens-1M,itemknn,sampled_unseen_negatives_with_target,target_margin,sensitivity,candidates100,random,Random control,aia_null_p95,0.38484483938868946,0.3769779885413195,0.39428807584668385,250,5,0
MovieLens-1M,itemknn,sampled_unseen_negatives_with_target,target_margin,sensitivity,candidates100,random,Random control,aia_permutation_p,0.5081346534653466,0.4928554455445545,0.5238106930693068,250,5,0
MovieLens-1M,itemknn,sampled_unseen_negatives_with_target,target_margin,sensitivity,candidates100,shapley_mc,Monte Carlo Shapley,aia,0.8209126858900128,0.7981519042907251,0.841593715694519,250,5,0
MovieLens-1M,itemknn,sampled_unseen_negatives_with_target,target_margin,sensitivity,candidates100,shapley_mc,Monte Carlo Shapley,aia_ndcg,0.36264557862809776,0.3131824725020558,0.4106954972955955,106,5,144
MovieLens-1M,itemknn,sampled_unseen_negatives_with_target,target_margin,sensitivity,candidates100,shapley_mc,Monte Carlo Shapley,faithfulness_alignment,0.8085592869744853,0.7811957001871972,0.8333724538680153,250,5,0
MovieLens-1M,itemknn,sampled_unseen_negatives_with_target,target_margin,sensitivity,candidates100,shapley_mc,Monte Carlo Shapley,actionability_gap,0.01235339891552745,0.005432944044828858,0.020535121495099562,250,5,0
MovieLens-1M,itemknn,sampled_unseen_negatives_with_target,target_margin,sensitivity,candidates100,shapley_mc,Monte Carlo Shapley,signed_alignment,0.9527670959526009,0.9467312737700727,0.9582000657338826,250,5,0
MovieLens-1M,itemknn,sampled_unseen_negatives_with_target,target_margin,sensitivity,candidates100,shapley_mc,Monte Carlo Shapley,signed_alignment_ndcg,0.5725847462858203,0.5281046692380171,0.6152903213922881,106,5,144
MovieLens-1M,itemknn,sampled_unseen_negatives_with_target,target_margin,sensitivity,candidates100,shapley_mc,Monte Carlo Shapley,direction_accuracy,0.9193895777975035,0.9088310569526792,0.9293638328173374,250,5,0
MovieLens-1M,itemknn,sampled_unseen_negatives_with_target,target_margin,sensitivity,candidates100,shapley_mc,Monte Carlo Shapley,direction_accuracy_ndcg,0.9569564240790656,0.9315301924228812,0.9777561582809225,106,5,144
MovieLens-1M,itemknn,sampled_unseen_negatives_with_target,target_margin,sensitivity,candidates100,shapley_mc,Monte Carlo Shapley,top1_precision,0.7903999999999999,0.7464,0.8335999999999999,250,5,0
MovieLens-1M,itemknn,sampled_unseen_negatives_with_target,target_margin,sensitivity,candidates100,shapley_mc,Monte Carlo Shapley,top3_precision,0.8458666666666667,0.824,0.8674666666666666,250,5,0
MovieLens-1M,itemknn,sampled_unseen_negatives_with_target,target_margin,sensitivity,candidates100,shapley_mc,Monte Carlo Shapley,top5_precision,0.8683733333333333,0.8509333333333334,0.884908,250,5,0
MovieLens-1M,itemknn,sampled_unseen_negatives_with_target,target_margin,sensitivity,candidates100,shapley_mc,Monte Carlo Shapley,joint_effect_primary,0.0022741025065746994,0.0021521617596095286,0.002398796478863228,250,5,0
MovieLens-1M,itemknn,sampled_unseen_negatives_with_target,target_margin,sensitivity,candidates100,shapley_mc,Monte Carlo Shapley,joint_effect_ndcg,0.05472878956155252,0.04139167625285753,0.06922278252851555,250,5,0
MovieLens-1M,itemknn,sampled_unseen_negatives_with_target,target_margin,sensitivity,candidates100,shapley_mc,Monte Carlo Shapley,joint_effect_target_margin,0.0022741025065746994,0.0021561715141945755,0.0023999202082314623,250,5,0
MovieLens-1M,itemknn,sampled_unseen_negatives_with_target,target_margin,sensitivity,candidates100,shapley_mc,Monte Carlo Shapley,intervention_success,0.9967999999999999,0.9904,1.0,250,5,0
MovieLens-1M,itemknn,sampled_unseen_negatives_with_target,target_margin,sensitivity,candidates100,shapley_mc,Monte Carlo Shapley,abstention,0.0,0.0,0.0,250,5,0
MovieLens-1M,itemknn,sampled_unseen_negatives_with_target,target_margin,sensitivity,candidates100,shapley_mc,Monte Carlo Shapley,joint_regret_primary,4.859905526864652e-05,3.747202085990629e-05,6.089139577216952e-05,250,5,0
MovieLens-1M,itemknn,sampled_unseen_negatives_with_target,target_margin,sensitivity,candidates100,shapley_mc,Monte Carlo Shapley,normalized_regret_primary,0.03169584833492322,0.022663088580572397,0.04272019551272667,250,5,0
MovieLens-1M,itemknn,sampled_unseen_negatives_with_target,target_margin,sensitivity,candidates100,shapley_mc,Monte Carlo Shapley,joint_regret_ndcg,0.007029272104577916,0.003603212923170344,0.011356065396705233,250,5,0
MovieLens-1M,itemknn,sampled_unseen_negatives_with_target,target_margin,sensitivity,candidates100,shapley_mc,Monte Carlo Shapley,normalized_regret_ndcg,0.1653866039719868,0.10236470682472547,0.23671892780736078,94,5,156
MovieLens-1M,itemknn,sampled_unseen_negatives_with_target,target_margin,sensitivity,candidates100,shapley_mc,Monte Carlo Shapley,intervention_success_ndcg,0.332,0.276,0.39039999999999997,250,5,0
MovieLens-1M,itemknn,sampled_unseen_negatives_with_target,target_margin,sensitivity,candidates100,shapley_mc,Monte Carlo Shapley,aia_null_mean,0.001317800663660902,2.6654416589683613e-05,0.0025828672228610686,250,5,0
MovieLens-1M,itemknn,sampled_unseen_negatives_with_target,target_margin,sensitivity,candidates100,shapley_mc,Monte Carlo Shapley,aia_null_p95,0.3884910550028352,0.38057324354288885,0.3974305280240827,250,5,0
MovieLens-1M,itemknn,sampled_unseen_negatives_with_target,target_margin,sensitivity,candidates100,shapley_mc,Monte Carlo Shapley,aia_permutation_p,0.020982178217821782,0.014455445544554458,0.02975841584158416,250,5,0
MovieLens-1M,itemknn,sampled_unseen_negatives_with_target,target_margin,sensitivity,candidates500,greedy_cf,Greedy sequential deletion,aia,0.3782374832539292,0.34912245627504235,0.4065500783758147,250,5,0
MovieLens-1M,itemknn,sampled_unseen_negatives_with_target,target_margin,sensitivity,candidates500,greedy_cf,Greedy sequential deletion,aia_ndcg,0.1508708840327904,0.08082800445170317,0.2179417857087111,57,5,193
MovieLens-1M,itemknn,sampled_unseen_negatives_with_target,target_margin,sensitivity,candidates500,greedy_cf,Greedy sequential deletion,faithfulness_alignment,0.3733136946830097,0.34476452826550125,0.4012212328197211,250,5,0
MovieLens-1M,itemknn,sampled_unseen_negatives_with_target,target_margin,sensitivity,candidates500,greedy_cf,Greedy sequential deletion,actionability_gap,0.004923788570919529,-0.0039099236644298905,0.013759502432568621,250,5,0
MovieLens-1M,itemknn,sampled_unseen_negatives_with_target,target_margin,sensitivity,candidates500,greedy_cf,Greedy sequential deletion,signed_alignment,0.43328191539576805,0.39966245892248475,0.4655572208573355,250,5,0
MovieLens-1M,itemknn,sampled_unseen_negatives_with_target,target_margin,sensitivity,candidates500,greedy_cf,Greedy sequential deletion,signed_alignment_ndcg,0.3264992041217849,0.25225698987825224,0.4038028034982561,57,5,193
MovieLens-1M,itemknn,sampled_unseen_negatives_with_target,target_margin,sensitivity,candidates500,greedy_cf,Greedy sequential deletion,direction_accuracy,0.6148022897638996,0.5989931081190911,0.6304295911424316,250,5,0
MovieLens-1M,itemknn,sampled_unseen_negatives_with_target,target_margin,sensitivity,candidates500,greedy_cf,Greedy sequential deletion,direction_accuracy_ndcg,0.7829149894939369,0.7150845706437811,0.8439040150882255,57,5,193
MovieLens-1M,itemknn,sampled_unseen_negatives_with_target,target_margin,sensitivity,candidates500,greedy_cf,Greedy sequential deletion,top1_precision,0.188,0.14,0.236,250,5,0
MovieLens-1M,itemknn,sampled_unseen_negatives_with_target,target_margin,sensitivity,candidates500,greedy_cf,Greedy sequential deletion,top3_precision,0.37066666666666664,0.33466666666666667,0.4053333333333334,250,5,0
MovieLens-1M,itemknn,sampled_unseen_negatives_with_target,target_margin,sensitivity,candidates500,greedy_cf,Greedy sequential deletion,top5_precision,0.48053333333333337,0.4498666666666667,0.5104000000000001,250,5,0
MovieLens-1M,itemknn,sampled_unseen_negatives_with_target,target_margin,sensitivity,candidates500,greedy_cf,Greedy sequential deletion,joint_effect_primary,0.00034798911574654624,0.00015763369175348198,0.0005401291255839886,250,5,0
MovieLens-1M,itemknn,sampled_unseen_negatives_with_target,target_margin,sensitivity,candidates500,greedy_cf,Greedy sequential deletion,joint_effect_ndcg,0.006494436760922591,-0.00041615594392244816,0.014076921067507606,250,5,0
MovieLens-1M,itemknn,sampled_unseen_negatives_with_target,target_margin,sensitivity,candidates500,greedy_cf,Greedy sequential deletion,joint_effect_target_margin,0.00034798911574654624,0.00015645370553785907,0.0005404663220727556,250,5,0
MovieLens-1M,itemknn,sampled_unseen_negatives_with_target,target_margin,sensitivity,candidates500,greedy_cf,Greedy sequential deletion,intervention_success,0.552,0.488,0.616,250,5,0
MovieLens-1M,itemknn,sampled_unseen_negatives_with_target,target_margin,sensitivity,candidates500,greedy_cf,Greedy sequential deletion,abstention,0.0,0.0,0.0,250,5,0
MovieLens-1M,itemknn,sampled_unseen_negatives_with_target,target_margin,sensitivity,candidates500,greedy_cf,Greedy sequential deletion,joint_regret_primary,0.0021870418643193004,0.001990560248263844,0.002396452047535578,250,5,0
MovieLens-1M,itemknn,sampled_unseen_negatives_with_target,target_margin,sensitivity,candidates500,greedy_cf,Greedy sequential deletion,normalized_regret_primary,0.9270828802872375,0.8560639744659073,0.9986516777110321,250,5,0
MovieLens-1M,itemknn,sampled_unseen_negatives_with_target,target_margin,sensitivity,candidates500,greedy_cf,Greedy sequential deletion,joint_regret_ndcg,0.02879804487669403,0.019496931939068186,0.03965879045340207,250,5,0
MovieLens-1M,itemknn,sampled_unseen_negatives_with_target,target_margin,sensitivity,candidates500,greedy_cf,Greedy sequential deletion,normalized_regret_ndcg,0.9936715235117232,0.682838937601136,1.4519838170917068,60,5,190
MovieLens-1M,itemknn,sampled_unseen_negatives_with_target,target_margin,sensitivity,candidates500,greedy_cf,Greedy sequential deletion,intervention_success_ndcg,0.1,0.064,0.14,250,5,0
MovieLens-1M,itemknn,sampled_unseen_negatives_with_target,target_margin,sensitivity,candidates500,greedy_cf,Greedy sequential deletion,aia_null_mean,0.0007539965554934942,-0.0007031650864613081,0.0021757698886867597,250,5,0
MovieLens-1M,itemknn,sampled_unseen_negatives_with_target,target_margin,sensitivity,candidates500,greedy_cf,Greedy sequential deletion,aia_null_p95,0.38660047535734066,0.37871792653587105,0.39571308147304196,250,5,0
MovieLens-1M,itemknn,sampled_unseen_negatives_with_target,target_margin,sensitivity,candidates500,greedy_cf,Greedy sequential deletion,aia_permutation_p,0.13930297029702973,0.11706891089108912,0.16319227722772278,250,5,0
MovieLens-1M,itemknn,sampled_unseen_negatives_with_target,target_margin,sensitivity,candidates500,lime,LIME,aia,0.92187523583769,0.911304983610916,0.9312964072622288,250,5,0
MovieLens-1M,itemknn,sampled_unseen_negatives_with_target,target_margin,sensitivity,candidates500,lime,LIME,aia_ndcg,0.37425154626720886,0.29930930861980554,0.44731485843723157,57,5,193
MovieLens-1M,itemknn,sampled_unseen_negatives_with_target,target_margin,sensitivity,candidates500,lime,LIME,faithfulness_alignment,0.9444758366706194,0.9382498999632847,0.9501506948218319,250,5,0
MovieLens-1M,itemknn,sampled_unseen_negatives_with_target,target_margin,sensitivity,candidates500,lime,LIME,actionability_gap,-0.022600600832929345,-0.028736564943159505,-0.017302758196107385,250,5,0
MovieLens-1M,itemknn,sampled_unseen_negatives_with_target,target_margin,sensitivity,candidates500,lime,LIME,signed_alignment,0.9731022980434322,0.9695982349219305,0.976406191893385,250,5,0
MovieLens-1M,itemknn,sampled_unseen_negatives_with_target,target_margin,sensitivity,candidates500,lime,LIME,signed_alignment_ndcg,0.6133630706604427,0.5518751388494127,0.672289198382591,57,5,193
MovieLens-1M,itemknn,sampled_unseen_negatives_with_target,target_margin,sensitivity,candidates500,lime,LIME,direction_accuracy,0.9569917989200343,0.9508737648785683,0.9627852942245234,250,5,0
MovieLens-1M,itemknn,sampled_unseen_negatives_with_target,target_margin,sensitivity,candidates500,lime,LIME,direction_accuracy_ndcg,0.9371428571428572,0.9026181077694236,0.9677950083542189,57,5,193
MovieLens-1M,itemknn,sampled_unseen_negatives_with_target,target_margin,sensitivity,candidates500,lime,LIME,top1_precision,0.872,0.8383799999999998,0.904,250,5,0
MovieLens-1M,itemknn,sampled_unseen_negatives_with_target,target_margin,sensitivity,candidates500,lime,LIME,top3_precision,0.9077333333333334,0.8901333333333333,0.9242666666666667,250,5,0
MovieLens-1M,itemknn,sampled_unseen_negatives_with_target,target_margin,sensitivity,candidates500,lime,LIME,top5_precision,0.9142933333333333,0.8988786666666666,0.92848,250,5,0
MovieLens-1M,itemknn,sampled_unseen_negatives_with_target,target_margin,sensitivity,candidates500,lime,LIME,joint_effect_primary,0.0024871120398569147,0.0023803072473081387,0.0025942681346513732,250,5,0
MovieLens-1M,itemknn,sampled_unseen_negatives_with_target,target_margin,sensitivity,candidates500,lime,LIME,joint_effect_ndcg,0.029695643737941275,0.020269847736362163,0.039958517381400514,250,5,0
MovieLens-1M,itemknn,sampled_unseen_negatives_with_target,target_margin,sensitivity,candidates500,lime,LIME,joint_effect_target_margin,0.0024871120398569147,0.0023816937074302704,0.0025947405660191984,250,5,0
MovieLens-1M,itemknn,sampled_unseen_negatives_with_target,target_margin,sensitivity,candidates500,lime,LIME,intervention_success,1.0,1.0,1.0,250,5,0
MovieLens-1M,itemknn,sampled_unseen_negatives_with_target,target_margin,sensitivity,candidates500,lime,LIME,abstention,0.0,0.0,0.0,250,5,0
MovieLens-1M,itemknn,sampled_unseen_negatives_with_target,target_margin,sensitivity,candidates500,lime,LIME,joint_regret_primary,4.791894020893235e-05,2.0348125900548e-05,9.579642238705565e-05,250,5,0
MovieLens-1M,itemknn,sampled_unseen_negatives_with_target,target_margin,sensitivity,candidates500,lime,LIME,normalized_regret_primary,0.015091040408153594,0.010238947713758016,0.021398510192671968,250,5,0
MovieLens-1M,itemknn,sampled_unseen_negatives_with_target,target_margin,sensitivity,candidates500,lime,LIME,joint_regret_ndcg,0.005596837899675354,0.0020501730866538804,0.010245596286292591,250,5,0
MovieLens-1M,itemknn,sampled_unseen_negatives_with_target,target_margin,sensitivity,candidates500,lime,LIME,normalized_regret_ndcg,0.1701686912425694,0.09424902047457005,0.25496224076519197,60,5,190
MovieLens-1M,itemknn,sampled_unseen_negatives_with_target,target_margin,sensitivity,candidates500,lime,LIME,intervention_success_ndcg,0.212,0.1616,0.2632,250,5,0
MovieLens-1M,itemknn,sampled_unseen_negatives_with_target,target_margin,sensitivity,candidates500,lime,LIME,aia_null_mean,0.00011090568081021315,-0.0012169681981848675,0.0014397856288167429,250,5,0
MovieLens-1M,itemknn,sampled_unseen_negatives_with_target,target_margin,sensitivity,candidates500,lime,LIME,aia_null_p95,0.38738597888238396,0.3793011459972171,0.39692119489269606,250,5,0
MovieLens-1M,itemknn,sampled_unseen_negatives_with_target,target_margin,sensitivity,candidates500,lime,LIME,aia_permutation_p,0.011952475247524753,0.0102019801980198,0.014392079207920794,250,5,0
MovieLens-1M,itemknn,sampled_unseen_negatives_with_target,target_margin,sensitivity,candidates500,loo,Leave-one-out,aia,0.9709892300616286,0.9648952411854659,0.9763932156296017,250,5,0
MovieLens-1M,itemknn,sampled_unseen_negatives_with_target,target_margin,sensitivity,candidates500,loo,Leave-one-out,aia_ndcg,0.38826965506931765,0.30987100615213337,0.46313151489620674,57,5,193
MovieLens-1M,itemknn,sampled_unseen_negatives_with_target,target_margin,sensitivity,candidates500,loo,Leave-one-out,faithfulness_alignment,1.0,1.0,1.0,250,5,0
MovieLens-1M,itemknn,sampled_unseen_negatives_with_target,target_margin,sensitivity,candidates500,loo,Leave-one-out,actionability_gap,-0.029010769938371376,-0.03498878807614086,-0.023683147837263562,250,5,0
MovieLens-1M,itemknn,sampled_unseen_negatives_with_target,target_margin,sensitivity,candidates500,loo,Leave-one-out,signed_alignment,0.992541708667286,0.9909091141316522,0.9940245382440802,250,5,0
MovieLens-1M,itemknn,sampled_unseen_negatives_with_target,target_margin,sensitivity,candidates500,loo,Leave-one-out,signed_alignment_ndcg,0.6166107455254913,0.548290445700581,0.6774189535836354,57,5,193
MovieLens-1M,itemknn,sampled_unseen_negatives_with_target,target_margin,sensitivity,candidates500,loo,Leave-one-out,direction_accuracy,0.9859037593984963,0.9812179657477026,0.9900371720969091,250,5,0
MovieLens-1M,itemknn,sampled_unseen_negatives_with_target,target_margin,sensitivity,candidates500,loo,Leave-one-out,direction_accuracy_ndcg,0.944423558897243,0.912718776106934,0.9720347744360902,57,5,193
MovieLens-1M,itemknn,sampled_unseen_negatives_with_target,target_margin,sensitivity,candidates500,loo,Leave-one-out,top1_precision,0.944,0.912,0.972,250,5,0
MovieLens-1M,itemknn,sampled_unseen_negatives_with_target,target_margin,sensitivity,candidates500,loo,Leave-one-out,top3_precision,0.964,0.9493333333333333,0.9773333333333333,250,5,0
MovieLens-1M,itemknn,sampled_unseen_negatives_with_target,target_margin,sensitivity,candidates500,loo,Leave-one-out,top5_precision,0.9573333333333334,0.9437333333333333,0.9696,250,5,0
MovieLens-1M,itemknn,sampled_unseen_negatives_with_target,target_margin,sensitivity,candidates500,loo,Leave-one-out,joint_effect_primary,0.002500911855012835,0.0023974404806282336,0.0026067576918733255,250,5,0
MovieLens-1M,itemknn,sampled_unseen_negatives_with_target,target_margin,sensitivity,candidates500,loo,Leave-one-out,joint_effect_ndcg,0.028690958121827877,0.01934299329358144,0.039481931930935146,250,5,0
MovieLens-1M,itemknn,sampled_unseen_negatives_with_target,target_margin,sensitivity,candidates500,loo,Leave-one-out,joint_effect_target_margin,0.002500911855012835,0.0023966837631477305,0.002608367920434291,250,5,0
MovieLens-1M,itemknn,sampled_unseen_negatives_with_target,target_margin,sensitivity,candidates500,loo,Leave-one-out,intervention_success,1.0,1.0,1.0,250,5,0
MovieLens-1M,itemknn,sampled_unseen_negatives_with_target,target_margin,sensitivity,candidates500,loo,Leave-one-out,abstention,0.0,0.0,0.0,250,5,0
MovieLens-1M,itemknn,sampled_unseen_negatives_with_target,target_margin,sensitivity,candidates500,loo,Leave-one-out,joint_regret_primary,3.411912505301173e-05,7.506911508536857e-06,8.162334252002249e-05,250,5,0
MovieLens-1M,itemknn,sampled_unseen_negatives_with_target,target_margin,sensitivity,candidates500,loo,Leave-one-out,normalized_regret_primary,0.008290574333169085,0.004043197262674557,0.01448890059920792,250,5,0
MovieLens-1M,itemknn,sampled_unseen_negatives_with_target,target_margin,sensitivity,candidates500,loo,Leave-one-out,joint_regret_ndcg,0.006601523515788747,0.0025384190621506905,0.011876338592386968,250,5,0
MovieLens-1M,itemknn,sampled_unseen_negatives_with_target,target_margin,sensitivity,candidates500,loo,Leave-one-out,normalized_regret_ndcg,0.18205730951224583,0.1005786816762671,0.27298622485411494,60,5,190
MovieLens-1M,itemknn,sampled_unseen_negatives_with_target,target_margin,sensitivity,candidates500,loo,Leave-one-out,intervention_success_ndcg,0.212,0.164,0.264,250,5,0
MovieLens-1M,itemknn,sampled_unseen_negatives_with_target,target_margin,sensitivity,candidates500,loo,Leave-one-out,aia_null_mean,-0.0001040650316664008,-0.0014319788822119831,0.0012171935890506577,250,5,0
MovieLens-1M,itemknn,sampled_unseen_negatives_with_target,target_margin,sensitivity,candidates500,loo,Leave-one-out,aia_null_p95,0.387214437310041,0.37928526421582776,0.3961319102615071,250,5,0
MovieLens-1M,itemknn,sampled_unseen_negatives_with_target,target_margin,sensitivity,candidates500,loo,Leave-one-out,aia_permutation_p,0.01116039603960396,0.009940594059405939,0.012902970297029704,250,5,0
MovieLens-1M,itemknn,sampled_unseen_negatives_with_target,target_margin,sensitivity,candidates500,random,Random control,aia,0.004003137981167566,-0.009397927888295117,0.017385127890776463,250,5,0
MovieLens-1M,itemknn,sampled_unseen_negatives_with_target,target_margin,sensitivity,candidates500,random,Random control,aia_ndcg,-0.005152655917289369,-0.035074966699326096,0.025502975206562174,57,5,193
MovieLens-1M,itemknn,sampled_unseen_negatives_with_target,target_margin,sensitivity,candidates500,random,Random control,faithfulness_alignment,0.001793464269854925,-0.011969404538090745,0.015209098835041124,250,5,0
MovieLens-1M,itemknn,sampled_unseen_negatives_with_target,target_margin,sensitivity,candidates500,random,Random control,actionability_gap,0.002209673711312639,-0.0007990625069469527,0.005219403214130701,250,5,0
MovieLens-1M,itemknn,sampled_unseen_negatives_with_target,target_margin,sensitivity,candidates500,random,Random control,signed_alignment,-0.0009418971715874464,-0.014739879652414868,0.013077103992203245,250,5,0
MovieLens-1M,itemknn,sampled_unseen_negatives_with_target,target_margin,sensitivity,candidates500,random,Random control,signed_alignment_ndcg,0.008431901210478451,-0.01902628269557117,0.03559955626171097,57,5,193
MovieLens-1M,itemknn,sampled_unseen_negatives_with_target,target_margin,sensitivity,candidates500,random,Random control,direction_accuracy,0.4949451319887543,0.4892368325741166,0.500793517629945,250,5,0
MovieLens-1M,itemknn,sampled_unseen_negatives_with_target,target_margin,sensitivity,candidates500,random,Random control,direction_accuracy_ndcg,0.49286372496898817,0.4703461906027696,0.5153563707247917,57,5,193
MovieLens-1M,itemknn,sampled_unseen_negatives_with_target,target_margin,sensitivity,candidates500,random,Random control,top1_precision,0.0456,0.03440000000000001,0.0576,250,5,0
MovieLens-1M,itemknn,sampled_unseen_negatives_with_target,target_margin,sensitivity,candidates500,random,Random control,top3_precision,0.1597333333333333,0.1488,0.17093333333333333,250,5,0
MovieLens-1M,itemknn,sampled_unseen_negatives_with_target,target_margin,sensitivity,candidates500,random,Random control,top5_precision,0.2580266666666666,0.24784,0.26826666666666665,250,5,0
MovieLens-1M,itemknn,sampled_unseen_negatives_with_target,target_margin,sensitivity,candidates500,random,Random control,joint_effect_primary,-0.00010366260998047253,-0.00016788039006715192,-3.97556641970442e-05,250,5,0
MovieLens-1M,itemknn,sampled_unseen_negatives_with_target,target_margin,sensitivity,candidates500,random,Random control,joint_effect_ndcg,0.001227144848938849,-0.00339153794587852,0.006036604646949222,250,5,0
MovieLens-1M,itemknn,sampled_unseen_negatives_with_target,target_margin,sensitivity,candidates500,random,Random control,joint_effect_target_margin,-0.00010366260998047253,-0.00016973232504652967,-4.050773783826857e-05,250,5,0
MovieLens-1M,itemknn,sampled_unseen_negatives_with_target,target_margin,sensitivity,candidates500,random,Random control,intervention_success,0.4728,0.4456,0.5,250,5,0
MovieLens-1M,itemknn,sampled_unseen_negatives_with_target,target_margin,sensitivity,candidates500,random,Random control,abstention,0.0008,0.0,0.0024000000000000002,250,5,0
MovieLens-1M,itemknn,sampled_unseen_negatives_with_target,target_margin,sensitivity,candidates500,random,Random control,joint_regret_primary,0.002638693590046319,0.0024980445791949624,0.002783420887647266,250,5,0
MovieLens-1M,itemknn,sampled_unseen_negatives_with_target,target_margin,sensitivity,candidates500,random,Random control,normalized_regret_primary,1.037904427544182,1.0126687877293405,1.0632837118281355,250,5,0
MovieLens-1M,itemknn,sampled_unseen_negatives_with_target,target_margin,sensitivity,candidates500,random,Random control,joint_regret_ndcg,0.03406533678867778,0.024656883485974612,0.044403931239909766,250,5,0
MovieLens-1M,itemknn,sampled_unseen_negatives_with_target,target_margin,sensitivity,candidates500,random,Random control,normalized_regret_ndcg,1.462715332116415,1.0248349663328817,2.083650668577778,60,5,190
MovieLens-1M,itemknn,sampled_unseen_negatives_with_target,target_margin,sensitivity,candidates500,random,Random control,intervention_success_ndcg,0.056799999999999996,0.038400000000000004,0.07680000000000001,250,5,0
MovieLens-1M,itemknn,sampled_unseen_negatives_with_target,target_margin,sensitivity,candidates500,random,Random control,aia_null_mean,-0.0008057919074529273,-0.002228743015899495,0.0005588151935526274,250,5,0
MovieLens-1M,itemknn,sampled_unseen_negatives_with_target,target_margin,sensitivity,candidates500,random,Random control,aia_null_p95,0.3838936151917436,0.376364423100509,0.39280404925204027,250,5,0
MovieLens-1M,itemknn,sampled_unseen_negatives_with_target,target_margin,sensitivity,candidates500,random,Random control,aia_permutation_p,0.5020831683168316,0.4861538613861386,0.5179962376237625,250,5,0
MovieLens-1M,itemknn,sampled_unseen_negatives_with_target,target_margin,sensitivity,candidates500,shapley_mc,Monte Carlo Shapley,aia,0.723924633012494,0.7004997237565943,0.746052068352884,250,5,0
MovieLens-1M,itemknn,sampled_unseen_negatives_with_target,target_margin,sensitivity,candidates500,shapley_mc,Monte Carlo Shapley,aia_ndcg,0.32498490559713705,0.254951544272324,0.39016288182777814,57,5,193
MovieLens-1M,itemknn,sampled_unseen_negatives_with_target,target_margin,sensitivity,candidates500,shapley_mc,Monte Carlo Shapley,faithfulness_alignment,0.6918343505791004,0.6650908028575924,0.7164144664168792,250,5,0
MovieLens-1M,itemknn,sampled_unseen_negatives_with_target,target_margin,sensitivity,candidates500,shapley_mc,Monte Carlo Shapley,actionability_gap,0.032090282433393694,0.023917471145169567,0.0415330485612854,250,5,0
MovieLens-1M,itemknn,sampled_unseen_negatives_with_target,target_margin,sensitivity,candidates500,shapley_mc,Monte Carlo Shapley,signed_alignment,0.9189140080880975,0.9090955671029479,0.9277659879171622,250,5,0
MovieLens-1M,itemknn,sampled_unseen_negatives_with_target,target_margin,sensitivity,candidates500,shapley_mc,Monte Carlo Shapley,signed_alignment_ndcg,0.6000526582821126,0.542527075397225,0.6555322423449456,57,5,193
MovieLens-1M,itemknn,sampled_unseen_negatives_with_target,target_margin,sensitivity,candidates500,shapley_mc,Monte Carlo Shapley,direction_accuracy,0.8668516591526809,0.8557760353920245,0.8777134715084537,250,5,0
MovieLens-1M,itemknn,sampled_unseen_negatives_with_target,target_margin,sensitivity,candidates500,shapley_mc,Monte Carlo Shapley,direction_accuracy_ndcg,0.9362990810359232,0.8926263575605682,0.9730383249791144,57,5,193
MovieLens-1M,itemknn,sampled_unseen_negatives_with_target,target_margin,sensitivity,candidates500,shapley_mc,Monte Carlo Shapley,top1_precision,0.7095999999999999,0.6592,0.76,250,5,0
MovieLens-1M,itemknn,sampled_unseen_negatives_with_target,target_margin,sensitivity,candidates500,shapley_mc,Monte Carlo Shapley,top3_precision,0.8008,0.7762599999999998,0.8250666666666666,250,5,0
MovieLens-1M,itemknn,sampled_unseen_negatives_with_target,target_margin,sensitivity,candidates500,shapley_mc,Monte Carlo Shapley,top5_precision,0.8364266666666665,0.8174386666666666,0.8550946666666667,250,5,0
MovieLens-1M,itemknn,sampled_unseen_negatives_with_target,target_margin,sensitivity,candidates500,shapley_mc,Monte Carlo Shapley,joint_effect_primary,0.0024218978343069565,0.0023038865665205906,0.0025484406602053486,250,5,0
MovieLens-1M,itemknn,sampled_unseen_negatives_with_target,target_margin,sensitivity,candidates500,shapley_mc,Monte Carlo Shapley,joint_effect_ndcg,0.02502286092214827,0.016919282717831823,0.034450616302039085,250,5,0
MovieLens-1M,itemknn,sampled_unseen_negatives_with_target,target_margin,sensitivity,candidates500,shapley_mc,Monte Carlo Shapley,joint_effect_target_margin,0.0024218978343069565,0.002304721162696656,0.002547324816411674,250,5,0
MovieLens-1M,itemknn,sampled_unseen_negatives_with_target,target_margin,sensitivity,candidates500,shapley_mc,Monte Carlo Shapley,intervention_success,0.9944,0.9848,1.0,250,5,0
MovieLens-1M,itemknn,sampled_unseen_negatives_with_target,target_margin,sensitivity,candidates500,shapley_mc,Monte Carlo Shapley,abstention,0.0,0.0,0.0,250,5,0
MovieLens-1M,itemknn,sampled_unseen_negatives_with_target,target_margin,sensitivity,candidates500,shapley_mc,Monte Carlo Shapley,joint_regret_primary,0.00011313314575889014,8.847490155430783e-05,0.00014145703674189755,250,5,0
MovieLens-1M,itemknn,sampled_unseen_negatives_with_target,target_margin,sensitivity,candidates500,shapley_mc,Monte Carlo Shapley,normalized_regret_primary,0.05896605795333381,0.04449978279767816,0.07562272024669078,250,5,0
MovieLens-1M,itemknn,sampled_unseen_negatives_with_target,target_margin,sensitivity,candidates500,shapley_mc,Monte Carlo Shapley,joint_regret_ndcg,0.010269620715468357,0.005003472377641264,0.016945174230628766,250,5,0
MovieLens-1M,itemknn,sampled_unseen_negatives_with_target,target_margin,sensitivity,candidates500,shapley_mc,Monte Carlo Shapley,normalized_regret_ndcg,0.283951192005554,0.190105516260456,0.3830533527612248,60,5,190
MovieLens-1M,itemknn,sampled_unseen_negatives_with_target,target_margin,sensitivity,candidates500,shapley_mc,Monte Carlo Shapley,intervention_success_ndcg,0.19519999999999998,0.148,0.244,250,5,0
MovieLens-1M,itemknn,sampled_unseen_negatives_with_target,target_margin,sensitivity,candidates500,shapley_mc,Monte Carlo Shapley,aia_null_mean,-8.153221549357895e-06,-0.0013796211646328745,0.001354190747018733,250,5,0
MovieLens-1M,itemknn,sampled_unseen_negatives_with_target,target_margin,sensitivity,candidates500,shapley_mc,Monte Carlo Shapley,aia_null_p95,0.38700250433250527,0.37904647747140796,0.39610274828722686,250,5,0
MovieLens-1M,itemknn,sampled_unseen_negatives_with_target,target_margin,sensitivity,candidates500,shapley_mc,Monte Carlo Shapley,aia_permutation_p,0.02579009900990099,0.018471089108910894,0.03527148514851486,250,5,0
MovieLens-1M,itemknn,sampled_unseen_negatives_with_target,target_margin,sensitivity,nmax100,greedy_cf,Greedy sequential deletion,aia,0.3807191048966828,0.35339286256857816,0.4073325499339914,250,5,0
MovieLens-1M,itemknn,sampled_unseen_negatives_with_target,target_margin,sensitivity,nmax100,greedy_cf,Greedy sequential deletion,aia_ndcg,0.16959101950049688,0.1128074487221512,0.22609558075908132,54,5,196
MovieLens-1M,itemknn,sampled_unseen_negatives_with_target,target_margin,sensitivity,nmax100,greedy_cf,Greedy sequential deletion,faithfulness_alignment,0.3874417787099257,0.35955325832724033,0.41482914757198763,250,5,0
MovieLens-1M,itemknn,sampled_unseen_negatives_with_target,target_margin,sensitivity,nmax100,greedy_cf,Greedy sequential deletion,actionability_gap,-0.006722673813242878,-0.012512398326985554,-0.001770660049332453,250,5,0
MovieLens-1M,itemknn,sampled_unseen_negatives_with_target,target_margin,sensitivity,nmax100,greedy_cf,Greedy sequential deletion,signed_alignment,0.2027382899648934,0.15969999791803494,0.2462046970827748,250,5,0
MovieLens-1M,itemknn,sampled_unseen_negatives_with_target,target_margin,sensitivity,nmax100,greedy_cf,Greedy sequential deletion,signed_alignment_ndcg,0.24159425571288193,0.1828224128053307,0.3029410494869717,54,5,196
MovieLens-1M,itemknn,sampled_unseen_negatives_with_target,target_margin,sensitivity,nmax100,greedy_cf,Greedy sequential deletion,direction_accuracy,0.557878223136144,0.5422009037656997,0.5733709108226891,250,5,0
MovieLens-1M,itemknn,sampled_unseen_negatives_with_target,target_margin,sensitivity,nmax100,greedy_cf,Greedy sequential deletion,direction_accuracy_ndcg,0.7576855859799144,0.6811490698151303,0.8305325179765144,54,5,196
MovieLens-1M,itemknn,sampled_unseen_negatives_with_target,target_margin,sensitivity,nmax100,greedy_cf,Greedy sequential deletion,top1_precision,0.06,0.032,0.092,250,5,0
MovieLens-1M,itemknn,sampled_unseen_negatives_with_target,target_margin,sensitivity,nmax100,greedy_cf,Greedy sequential deletion,top3_precision,0.1973333333333333,0.1613333333333333,0.23466666666666663,250,5,0
MovieLens-1M,itemknn,sampled_unseen_negatives_with_target,target_margin,sensitivity,nmax100,greedy_cf,Greedy sequential deletion,top5_precision,0.25120000000000003,0.216,0.288,250,5,0
MovieLens-1M,itemknn,sampled_unseen_negatives_with_target,target_margin,sensitivity,nmax100,greedy_cf,Greedy sequential deletion,joint_effect_primary,-4.2091749251971454e-05,-0.00019055960802634537,0.00010876480745173074,250,5,0
MovieLens-1M,itemknn,sampled_unseen_negatives_with_target,target_margin,sensitivity,nmax100,greedy_cf,Greedy sequential deletion,joint_effect_ndcg,0.002812481298091588,-0.004542925543579549,0.01078498449368247,250,5,0
MovieLens-1M,itemknn,sampled_unseen_negatives_with_target,target_margin,sensitivity,nmax100,greedy_cf,Greedy sequential deletion,joint_effect_target_margin,-4.2091749251971454e-05,-0.00018341497067155042,0.00010945146292109429,250,5,0
MovieLens-1M,itemknn,sampled_unseen_negatives_with_target,target_margin,sensitivity,nmax100,greedy_cf,Greedy sequential deletion,intervention_success,0.312,0.256,0.368,250,5,0
MovieLens-1M,itemknn,sampled_unseen_negatives_with_target,target_margin,sensitivity,nmax100,greedy_cf,Greedy sequential deletion,abstention,0.0,0.0,0.0,250,5,0
MovieLens-1M,itemknn,sampled_unseen_negatives_with_target,target_margin,sensitivity,nmax100,greedy_cf,Greedy sequential deletion,joint_regret_primary,0.0014812633159571103,0.0013484858148258996,0.0016272962598394977,250,5,0
MovieLens-1M,itemknn,sampled_unseen_negatives_with_target,target_margin,sensitivity,nmax100,greedy_cf,Greedy sequential deletion,normalized_regret_primary,1.241785826274822,1.169584134600519,1.3113662400291912,250,5,0
MovieLens-1M,itemknn,sampled_unseen_negatives_with_target,target_margin,sensitivity,nmax100,greedy_cf,Greedy sequential deletion,joint_regret_ndcg,0.02707040634369303,0.017495468939595162,0.037818470033622646,250,5,0
MovieLens-1M,itemknn,sampled_unseen_negatives_with_target,target_margin,sensitivity,nmax100,greedy_cf,Greedy sequential deletion,normalized_regret_ndcg,0.8313035880505534,0.7075826702100543,0.9478304498519018,55,5,195
MovieLens-1M,itemknn,sampled_unseen_negatives_with_target,target_margin,sensitivity,nmax100,greedy_cf,Greedy sequential deletion,intervention_success_ndcg,0.064,0.036,0.096,250,5,0
MovieLens-1M,itemknn,sampled_unseen_negatives_with_target,target_margin,sensitivity,nmax100,greedy_cf,Greedy sequential deletion,aia_null_mean,0.00046912209382004574,-0.0005649208515348242,0.0015172134906991856,250,5,0
MovieLens-1M,itemknn,sampled_unseen_negatives_with_target,target_margin,sensitivity,nmax100,greedy_cf,Greedy sequential deletion,aia_null_p95,0.25492196969936487,0.24001873827984324,0.2707294386329343,250,5,0
MovieLens-1M,itemknn,sampled_unseen_negatives_with_target,target_margin,sensitivity,nmax100,greedy_cf,Greedy sequential deletion,aia_permutation_p,0.09893069306930692,0.07610277227722773,0.12444356435643564,250,5,0
MovieLens-1M,itemknn,sampled_unseen_negatives_with_target,target_margin,sensitivity,nmax100,lime,LIME,aia,0.9182666397545287,0.9103984132844434,0.9255272972417609,250,5,0
MovieLens-1M,itemknn,sampled_unseen_negatives_with_target,target_margin,sensitivity,nmax100,lime,LIME,aia_ndcg,0.3217590499014229,0.24531962204139757,0.39096218795692034,54,5,196
MovieLens-1M,itemknn,sampled_unseen_negatives_with_target,target_margin,sensitivity,nmax100,lime,LIME,faithfulness_alignment,0.9279790780569986,0.9217908105651033,0.9339922622107949,250,5,0
MovieLens-1M,itemknn,sampled_unseen_negatives_with_target,target_margin,sensitivity,nmax100,lime,LIME,actionability_gap,-0.009712438302470115,-0.015718181295767422,-0.004929687922533472,250,5,0
MovieLens-1M,itemknn,sampled_unseen_negatives_with_target,target_margin,sensitivity,nmax100,lime,LIME,signed_alignment,0.9653618989425161,0.9615972778320041,0.968884390178892,250,5,0
MovieLens-1M,itemknn,sampled_unseen_negatives_with_target,target_margin,sensitivity,nmax100,lime,LIME,signed_alignment_ndcg,0.4979087685602923,0.4409143549231421,0.554162501983042,54,5,196
MovieLens-1M,itemknn,sampled_unseen_negatives_with_target,target_margin,sensitivity,nmax100,lime,LIME,direction_accuracy,0.9449327967048471,0.9388252430413513,0.9508304595957177,250,5,0
MovieLens-1M,itemknn,sampled_unseen_negatives_with_target,target_margin,sensitivity,nmax100,lime,LIME,direction_accuracy_ndcg,0.9385514507747271,0.9037509881430132,0.969301288321318,54,5,196
MovieLens-1M,itemknn,sampled_unseen_negatives_with_target,target_margin,sensitivity,nmax100,lime,LIME,top1_precision,0.744,0.704,0.7824000000000001,250,5,0
MovieLens-1M,itemknn,sampled_unseen_negatives_with_target,target_margin,sensitivity,nmax100,lime,LIME,top3_precision,0.8335999999999999,0.8128,0.8530733333333334,250,5,0
MovieLens-1M,itemknn,sampled_unseen_negatives_with_target,target_margin,sensitivity,nmax100,lime,LIME,top5_precision,0.85824,0.8415999999999999,0.8745599999999999,250,5,0
MovieLens-1M,itemknn,sampled_unseen_negatives_with_target,target_margin,sensitivity,nmax100,lime,LIME,joint_effect_primary,0.001405061863352209,0.00127759031409709,0.0015386617573290367,250,5,0
MovieLens-1M,itemknn,sampled_unseen_negatives_with_target,target_margin,sensitivity,nmax100,lime,LIME,joint_effect_ndcg,0.022089697611724954,0.013625968304160279,0.031967225635306504,250,5,0
MovieLens-1M,itemknn,sampled_unseen_negatives_with_target,target_margin,sensitivity,nmax100,lime,LIME,joint_effect_target_margin,0.001405061863352209,0.001278225028334217,0.0015433118263551288,250,5,0
MovieLens-1M,itemknn,sampled_unseen_negatives_with_target,target_margin,sensitivity,nmax100,lime,LIME,intervention_success,0.996,0.988,1.0,250,5,0
MovieLens-1M,itemknn,sampled_unseen_negatives_with_target,target_margin,sensitivity,nmax100,lime,LIME,abstention,0.004,0.0,0.012,250,5,0
MovieLens-1M,itemknn,sampled_unseen_negatives_with_target,target_margin,sensitivity,nmax100,lime,LIME,joint_regret_primary,3.41097033529318e-05,9.562924881018972e-06,7.909013259270414e-05,250,5,0
MovieLens-1M,itemknn,sampled_unseen_negatives_with_target,target_margin,sensitivity,nmax100,lime,LIME,normalized_regret_primary,0.01760873237061221,0.011137771335888872,0.027576575643487127,250,5,0
MovieLens-1M,itemknn,sampled_unseen_negatives_with_target,target_margin,sensitivity,nmax100,lime,LIME,joint_regret_ndcg,0.007793190030059665,0.002971310879401659,0.013576066173773122,250,5,0
MovieLens-1M,itemknn,sampled_unseen_negatives_with_target,target_margin,sensitivity,nmax100,lime,LIME,normalized_regret_ndcg,0.2604105047542846,0.15535568235903832,0.3729404639179067,55,5,195
MovieLens-1M,itemknn,sampled_unseen_negatives_with_target,target_margin,sensitivity,nmax100,lime,LIME,intervention_success_ndcg,0.172,0.128,0.22,250,5,0
MovieLens-1M,itemknn,sampled_unseen_negatives_with_target,target_margin,sensitivity,nmax100,lime,LIME,aia_null_mean,0.00010334275583009228,-0.0008281498337811975,0.0010416421078834838,250,5,0
MovieLens-1M,itemknn,sampled_unseen_negatives_with_target,target_margin,sensitivity,nmax100,lime,LIME,aia_null_p95,0.25448216983146044,0.2394435701167832,0.2702076306807971,250,5,0
MovieLens-1M,itemknn,sampled_unseen_negatives_with_target,target_margin,sensitivity,nmax100,lime,LIME,aia_permutation_p,0.012768316831683169,0.01001188118811881,0.017592079207920795,250,5,0
MovieLens-1M,itemknn,sampled_unseen_negatives_with_target,target_margin,sensitivity,nmax100,loo,Leave-one-out,aia,0.9872307884870873,0.9813644210495261,0.9917550645027416,250,5,0
MovieLens-1M,itemknn,sampled_unseen_negatives_with_target,target_margin,sensitivity,nmax100,loo,Leave-one-out,aia_ndcg,0.33771408361968797,0.26158907005809134,0.4095773475949479,54,5,196
MovieLens-1M,itemknn,sampled_unseen_negatives_with_target,target_margin,sensitivity,nmax100,loo,Leave-one-out,faithfulness_alignment,1.0,1.0,1.0,250,5,0
MovieLens-1M,itemknn,sampled_unseen_negatives_with_target,target_margin,sensitivity,nmax100,loo,Leave-one-out,actionability_gap,-0.012769211512912621,-0.01859916277844574,-0.008244961483630872,250,5,0
MovieLens-1M,itemknn,sampled_unseen_negatives_with_target,target_margin,sensitivity,nmax100,loo,Leave-one-out,signed_alignment,0.9970311649035161,0.9957095438336443,0.9981199880313387,250,5,0
MovieLens-1M,itemknn,sampled_unseen_negatives_with_target,target_margin,sensitivity,nmax100,loo,Leave-one-out,signed_alignment_ndcg,0.5100909632355197,0.45203697038827345,0.5661864531694859,54,5,196
MovieLens-1M,itemknn,sampled_unseen_negatives_with_target,target_margin,sensitivity,nmax100,loo,Leave-one-out,direction_accuracy,0.9914958180406499,0.9873983464754986,0.9949487591838516,250,5,0
MovieLens-1M,itemknn,sampled_unseen_negatives_with_target,target_margin,sensitivity,nmax100,loo,Leave-one-out,direction_accuracy_ndcg,0.9392295129223234,0.9032002790540373,0.9687877687550891,54,5,196
MovieLens-1M,itemknn,sampled_unseen_negatives_with_target,target_margin,sensitivity,nmax100,loo,Leave-one-out,top1_precision,0.972,0.952,0.992,250,5,0
MovieLens-1M,itemknn,sampled_unseen_negatives_with_target,target_margin,sensitivity,nmax100,loo,Leave-one-out,top3_precision,0.976,0.9613333333333334,0.988,250,5,0
MovieLens-1M,itemknn,sampled_unseen_negatives_with_target,target_margin,sensitivity,nmax100,loo,Leave-one-out,top5_precision,0.9664,0.952,0.9784,250,5,0
MovieLens-1M,itemknn,sampled_unseen_negatives_with_target,target_margin,sensitivity,nmax100,loo,Leave-one-out,joint_effect_primary,0.001411604978238963,0.0012855636366174673,0.001546955371564297,250,5,0
MovieLens-1M,itemknn,sampled_unseen_negatives_with_target,target_margin,sensitivity,nmax100,loo,Leave-one-out,joint_effect_ndcg,0.0219170238950882,0.013220921911184182,0.03157041085889891,250,5,0
MovieLens-1M,itemknn,sampled_unseen_negatives_with_target,target_margin,sensitivity,nmax100,loo,Leave-one-out,joint_effect_target_margin,0.001411604978238963,0.001286581377893146,0.0015462657616116288,250,5,0
MovieLens-1M,itemknn,sampled_unseen_negatives_with_target,target_margin,sensitivity,nmax100,loo,Leave-one-out,intervention_success,0.996,0.988,1.0,250,5,0
MovieLens-1M,itemknn,sampled_unseen_negatives_with_target,target_margin,sensitivity,nmax100,loo,Leave-one-out,abstention,0.004,0.0,0.012,250,5,0
MovieLens-1M,itemknn,sampled_unseen_negatives_with_target,target_margin,sensitivity,nmax100,loo,Leave-one-out,joint_regret_primary,2.7566588466178655e-05,2.4303138431396645e-06,7.317891823239388e-05,250,5,0
MovieLens-1M,itemknn,sampled_unseen_negatives_with_target,target_margin,sensitivity,nmax100,loo,Leave-one-out,normalized_regret_primary,0.007997087088863177,0.0015534533233914135,0.017979691421926763,250,5,0
MovieLens-1M,itemknn,sampled_unseen_negatives_with_target,target_margin,sensitivity,nmax100,loo,Leave-one-out,joint_regret_ndcg,0.007965863746696422,0.0028916080933583097,0.014114990505674139,250,5,0
MovieLens-1M,itemknn,sampled_unseen_negatives_with_target,target_margin,sensitivity,nmax100,loo,Leave-one-out,normalized_regret_ndcg,0.24491283381921947,0.1411124029857753,0.356177079902359,55,5,195
MovieLens-1M,itemknn,sampled_unseen_negatives_with_target,target_margin,sensitivity,nmax100,loo,Leave-one-out,intervention_success_ndcg,0.176,0.128,0.224,250,5,0
MovieLens-1M,itemknn,sampled_unseen_negatives_with_target,target_margin,sensitivity,nmax100,loo,Leave-one-out,aia_null_mean,0.00026763040402853555,-0.0006601458195032259,0.0012197696093434155,250,5,0
MovieLens-1M,itemknn,sampled_unseen_negatives_with_target,target_margin,sensitivity,nmax100,loo,Leave-one-out,aia_null_p95,0.25474659147222906,0.24029559957606336,0.27031547465742944,250,5,0
MovieLens-1M,itemknn,sampled_unseen_negatives_with_target,target_margin,sensitivity,nmax100,loo,Leave-one-out,aia_permutation_p,0.01257029702970297,0.009916831683168316,0.017227920792079205,250,5,0
MovieLens-1M,itemknn,sampled_unseen_negatives_with_target,target_margin,sensitivity,nmax100,random,Random control,aia,0.0014860585330456822,-0.008117660829312059,0.010935008264400544,250,5,0
MovieLens-1M,itemknn,sampled_unseen_negatives_with_target,target_margin,sensitivity,nmax100,random,Random control,aia_ndcg,0.005756672702967795,-0.01796389278912781,0.028556382864919707,54,5,196
MovieLens-1M,itemknn,sampled_unseen_negatives_with_target,target_margin,sensitivity,nmax100,random,Random control,faithfulness_alignment,0.001008875106157038,-0.01038218388780458,0.011433341275508534,250,5,0
MovieLens-1M,itemknn,sampled_unseen_negatives_with_target,target_margin,sensitivity,nmax100,random,Random control,actionability_gap,0.00047718342688864347,-0.003398332264151273,0.004896900017215099,250,5,0
MovieLens-1M,itemknn,sampled_unseen_negatives_with_target,target_margin,sensitivity,nmax100,random,Random control,signed_alignment,0.0018749194336558025,-0.007741011567948272,0.011845054127602778,250,5,0
MovieLens-1M,itemknn,sampled_unseen_negatives_with_target,target_margin,sensitivity,nmax100,random,Random control,signed_alignment_ndcg,0.00036686136136304215,-0.02219659111314355,0.022264332868333656,54,5,196
MovieLens-1M,itemknn,sampled_unseen_negatives_with_target,target_margin,sensitivity,nmax100,random,Random control,direction_accuracy,0.49886758843233764,0.49419635577966453,0.5035267041548691,250,5,0
MovieLens-1M,itemknn,sampled_unseen_negatives_with_target,target_margin,sensitivity,nmax100,random,Random control,direction_accuracy_ndcg,0.48174176010619185,0.44664711188041606,0.5127805016183284,54,5,196
MovieLens-1M,itemknn,sampled_unseen_negatives_with_target,target_margin,sensitivity,nmax100,random,Random control,top1_precision,0.03440000000000001,0.024,0.0456,250,5,0
MovieLens-1M,itemknn,sampled_unseen_negatives_with_target,target_margin,sensitivity,nmax100,random,Random control,top3_precision,0.08480000000000001,0.07306666666666667,0.09706666666666666,250,5,0
MovieLens-1M,itemknn,sampled_unseen_negatives_with_target,target_margin,sensitivity,nmax100,random,Random control,top5_precision,0.13818666666666668,0.12346666666666667,0.15344133333333335,250,5,0
MovieLens-1M,itemknn,sampled_unseen_negatives_with_target,target_margin,sensitivity,nmax100,random,Random control,joint_effect_primary,-6.787836260454034e-05,-0.00011368382556665875,-2.4262763915920534e-05,250,5,0
MovieLens-1M,itemknn,sampled_unseen_negatives_with_target,target_margin,sensitivity,nmax100,random,Random control,joint_effect_ndcg,-0.002489343483213801,-0.006658582095689215,0.0011499715195146052,250,5,0
MovieLens-1M,itemknn,sampled_unseen_negatives_with_target,target_margin,sensitivity,nmax100,random,Random control,joint_effect_target_margin,-6.787836260454034e-05,-0.00011241093264060494,-2.342468668012103e-05,250,5,0
MovieLens-1M,itemknn,sampled_unseen_negatives_with_target,target_margin,sensitivity,nmax100,random,Random control,intervention_success,0.47840000000000005,0.4496,0.508,250,5,0
MovieLens-1M,itemknn,sampled_unseen_negatives_with_target,target_margin,sensitivity,nmax100,random,Random control,abstention,0.0008,0.0,0.0024000000000000002,250,5,0
MovieLens-1M,itemknn,sampled_unseen_negatives_with_target,target_margin,sensitivity,nmax100,random,Random control,joint_regret_primary,0.0015070499293096788,0.0013612060738971124,0.0016582259642501113,250,5,0
MovieLens-1M,itemknn,sampled_unseen_negatives_with_target,target_margin,sensitivity,nmax100,random,Random control,normalized_regret_primary,1.034411262627912,1.014113209923637,1.0545757744948472,250,5,0
MovieLens-1M,itemknn,sampled_unseen_negatives_with_target,target_margin,sensitivity,nmax100,random,Random control,joint_regret_ndcg,0.03237223112499842,0.022358981794770385,0.043404355156834704,250,5,0
MovieLens-1M,itemknn,sampled_unseen_negatives_with_target,target_margin,sensitivity,nmax100,random,Random control,normalized_regret_ndcg,1.1974680259175805,0.8961257467557899,1.6472426560466193,55,5,195
MovieLens-1M,itemknn,sampled_unseen_negatives_with_target,target_margin,sensitivity,nmax100,random,Random control,intervention_success_ndcg,0.0376,0.0248,0.052,250,5,0
MovieLens-1M,itemknn,sampled_unseen_negatives_with_target,target_margin,sensitivity,nmax100,random,Random control,aia_null_mean,-0.00011870520975633786,-0.001145055680086484,0.000886448861877814,250,5,0
MovieLens-1M,itemknn,sampled_unseen_negatives_with_target,target_margin,sensitivity,nmax100,random,Random control,aia_null_p95,0.2554796603736472,0.24066054111748222,0.27106461427829975,250,5,0
MovieLens-1M,itemknn,sampled_unseen_negatives_with_target,target_margin,sensitivity,nmax100,random,Random control,aia_permutation_p,0.5020118811881189,0.4867877227722772,0.5171091089108912,250,5,0
MovieLens-1M,itemknn,sampled_unseen_negatives_with_target,target_margin,sensitivity,nmax100,shapley_mc,Monte Carlo Shapley,aia,0.8081646631375822,0.7876805094110907,0.8266470445339894,250,5,0
MovieLens-1M,itemknn,sampled_unseen_negatives_with_target,target_margin,sensitivity,nmax100,shapley_mc,Monte Carlo Shapley,aia_ndcg,0.31763379888624105,0.24494705394167834,0.3845304637410953,54,5,196
MovieLens-1M,itemknn,sampled_unseen_negatives_with_target,target_margin,sensitivity,nmax100,shapley_mc,Monte Carlo Shapley,faithfulness_alignment,0.8017666895997358,0.7762256509203521,0.8231456674099332,250,5,0
MovieLens-1M,itemknn,sampled_unseen_negatives_with_target,target_margin,sensitivity,nmax100,shapley_mc,Monte Carlo Shapley,actionability_gap,0.00639797353784628,0.0005519392519264905,0.013197323579824368,250,5,0
MovieLens-1M,itemknn,sampled_unseen_negatives_with_target,target_margin,sensitivity,nmax100,shapley_mc,Monte Carlo Shapley,signed_alignment,0.9393837927124044,0.9325226251648586,0.9458727977724459,250,5,0
MovieLens-1M,itemknn,sampled_unseen_negatives_with_target,target_margin,sensitivity,nmax100,shapley_mc,Monte Carlo Shapley,signed_alignment_ndcg,0.48695669588008644,0.4281738940944554,0.5445005392178318,54,5,196
MovieLens-1M,itemknn,sampled_unseen_negatives_with_target,target_margin,sensitivity,nmax100,shapley_mc,Monte Carlo Shapley,direction_accuracy,0.8911852108308517,0.8816910548668988,0.9001064748145907,250,5,0
MovieLens-1M,itemknn,sampled_unseen_negatives_with_target,target_margin,sensitivity,nmax100,shapley_mc,Monte Carlo Shapley,direction_accuracy_ndcg,0.9337749263566257,0.8922619952064396,0.9692086534864314,54,5,196
MovieLens-1M,itemknn,sampled_unseen_negatives_with_target,target_margin,sensitivity,nmax100,shapley_mc,Monte Carlo Shapley,top1_precision,0.6536,0.6103999999999999,0.6984000000000001,250,5,0
MovieLens-1M,itemknn,sampled_unseen_negatives_with_target,target_margin,sensitivity,nmax100,shapley_mc,Monte Carlo Shapley,top3_precision,0.7607999999999999,0.7384,0.7826666666666666,250,5,0
MovieLens-1M,itemknn,sampled_unseen_negatives_with_target,target_margin,sensitivity,nmax100,shapley_mc,Monte Carlo Shapley,top5_precision,0.8027733333333333,0.7837333333333334,0.8211213333333334,250,5,0
MovieLens-1M,itemknn,sampled_unseen_negatives_with_target,target_margin,sensitivity,nmax100,shapley_mc,Monte Carlo Shapley,joint_effect_primary,0.0013960195745986483,0.0012700946149123858,0.0015345961751511946,250,5,0
MovieLens-1M,itemknn,sampled_unseen_negatives_with_target,target_margin,sensitivity,nmax100,shapley_mc,Monte Carlo Shapley,joint_effect_ndcg,0.023719689343457674,0.014665436657724948,0.03399149302400583,250,5,0
MovieLens-1M,itemknn,sampled_unseen_negatives_with_target,target_margin,sensitivity,nmax100,shapley_mc,Monte Carlo Shapley,joint_effect_target_margin,0.0013960195745986483,0.0012704325622486612,0.0015344771310437347,250,5,0
MovieLens-1M,itemknn,sampled_unseen_negatives_with_target,target_margin,sensitivity,nmax100,shapley_mc,Monte Carlo Shapley,intervention_success,1.0,1.0,1.0,250,5,0
MovieLens-1M,itemknn,sampled_unseen_negatives_with_target,target_margin,sensitivity,nmax100,shapley_mc,Monte Carlo Shapley,abstention,0.0,0.0,0.0,250,5,0
MovieLens-1M,itemknn,sampled_unseen_negatives_with_target,target_margin,sensitivity,nmax100,shapley_mc,Monte Carlo Shapley,joint_regret_primary,4.315199210649205e-05,3.1855811639507765e-05,5.6432596206232914e-05,250,5,0
MovieLens-1M,itemknn,sampled_unseen_negatives_with_target,target_margin,sensitivity,nmax100,shapley_mc,Monte Carlo Shapley,normalized_regret_primary,0.03733135456198383,0.029784246957597148,0.045966731184410844,250,5,0
MovieLens-1M,itemknn,sampled_unseen_negatives_with_target,target_margin,sensitivity,nmax100,shapley_mc,Monte Carlo Shapley,joint_regret_ndcg,0.006163198298326944,0.0022189329185866675,0.01123497928638084,250,5,0
MovieLens-1M,itemknn,sampled_unseen_negatives_with_target,target_margin,sensitivity,nmax100,shapley_mc,Monte Carlo Shapley,normalized_regret_ndcg,0.22825306167290682,0.13315050482212495,0.3330979933941087,55,5,195
MovieLens-1M,itemknn,sampled_unseen_negatives_with_target,target_margin,sensitivity,nmax100,shapley_mc,Monte Carlo Shapley,intervention_success_ndcg,0.17839999999999998,0.1328,0.22640000000000002,250,5,0
MovieLens-1M,itemknn,sampled_unseen_negatives_with_target,target_margin,sensitivity,nmax100,shapley_mc,Monte Carlo Shapley,aia_null_mean,0.0005850736120678074,-0.00035150159521560434,0.0015508438677752302,250,5,0
MovieLens-1M,itemknn,sampled_unseen_negatives_with_target,target_margin,sensitivity,nmax100,shapley_mc,Monte Carlo Shapley,aia_null_p95,0.25766094690574415,0.24262874344610627,0.27390304463839155,250,5,0
MovieLens-1M,itemknn,sampled_unseen_negatives_with_target,target_margin,sensitivity,nmax100,shapley_mc,Monte Carlo Shapley,aia_permutation_p,0.019611881188118817,0.012110891089108912,0.030336831683168315,250,5,0
MovieLens-1M,itemknn,sampled_unseen_negatives_with_target,target_margin,sensitivity,nmax50,greedy_cf,Greedy sequential deletion,aia,0.3635502914391745,0.33368587121797,0.3914971934106849,250,5,0
MovieLens-1M,itemknn,sampled_unseen_negatives_with_target,target_margin,sensitivity,nmax50,greedy_cf,Greedy sequential deletion,aia_ndcg,0.18652433772306254,0.1297379972677959,0.24012516079323298,62,5,188
MovieLens-1M,itemknn,sampled_unseen_negatives_with_target,target_margin,sensitivity,nmax50,greedy_cf,Greedy sequential deletion,faithfulness_alignment,0.36936473111101,0.3402804045042118,0.3976240131309836,250,5,0
MovieLens-1M,itemknn,sampled_unseen_negatives_with_target,target_margin,sensitivity,nmax50,greedy_cf,Greedy sequential deletion,actionability_gap,-0.0058144396718354955,-0.01177534055901277,-0.0008034319123829553,250,5,0
MovieLens-1M,itemknn,sampled_unseen_negatives_with_target,target_margin,sensitivity,nmax50,greedy_cf,Greedy sequential deletion,signed_alignment,0.26106798567241873,0.21838578832719932,0.302319868394049,250,5,0
MovieLens-1M,itemknn,sampled_unseen_negatives_with_target,target_margin,sensitivity,nmax50,greedy_cf,Greedy sequential deletion,signed_alignment_ndcg,0.2047509892927799,0.14459493840957732,0.26528642750556464,62,5,188
MovieLens-1M,itemknn,sampled_unseen_negatives_with_target,target_margin,sensitivity,nmax50,greedy_cf,Greedy sequential deletion,direction_accuracy,0.5647163819941354,0.549166563421147,0.5805431177580657,250,5,0
MovieLens-1M,itemknn,sampled_unseen_negatives_with_target,target_margin,sensitivity,nmax50,greedy_cf,Greedy sequential deletion,direction_accuracy_ndcg,0.7332815538672111,0.6615001767839431,0.7982937470622196,62,5,188
MovieLens-1M,itemknn,sampled_unseen_negatives_with_target,target_margin,sensitivity,nmax50,greedy_cf,Greedy sequential deletion,top1_precision,0.088,0.056,0.124,250,5,0
MovieLens-1M,itemknn,sampled_unseen_negatives_with_target,target_margin,sensitivity,nmax50,greedy_cf,Greedy sequential deletion,top3_precision,0.228,0.192,0.2653333333333333,250,5,0
MovieLens-1M,itemknn,sampled_unseen_negatives_with_target,target_margin,sensitivity,nmax50,greedy_cf,Greedy sequential deletion,top5_precision,0.29440000000000005,0.2592,0.33039999999999997,250,5,0
MovieLens-1M,itemknn,sampled_unseen_negatives_with_target,target_margin,sensitivity,nmax50,greedy_cf,Greedy sequential deletion,joint_effect_primary,-6.220774112644434e-05,-0.00021154192069372632,9.721562631698766e-05,250,5,0
MovieLens-1M,itemknn,sampled_unseen_negatives_with_target,target_margin,sensitivity,nmax50,greedy_cf,Greedy sequential deletion,joint_effect_ndcg,-0.004990549780259018,-0.016419087604898602,0.005985405011533315,250,5,0
MovieLens-1M,itemknn,sampled_unseen_negatives_with_target,target_margin,sensitivity,nmax50,greedy_cf,Greedy sequential deletion,joint_effect_target_margin,-6.220774112644434e-05,-0.00020851810441581514,9.086485542601373e-05,250,5,0
MovieLens-1M,itemknn,sampled_unseen_negatives_with_target,target_margin,sensitivity,nmax50,greedy_cf,Greedy sequential deletion,intervention_success,0.368,0.308,0.428,250,5,0
MovieLens-1M,itemknn,sampled_unseen_negatives_with_target,target_margin,sensitivity,nmax50,greedy_cf,Greedy sequential deletion,abstention,0.0,0.0,0.0,250,5,0
MovieLens-1M,itemknn,sampled_unseen_negatives_with_target,target_margin,sensitivity,nmax50,greedy_cf,Greedy sequential deletion,joint_regret_primary,0.001708988437906739,0.0015748069775528696,0.001853203019608828,250,5,0
MovieLens-1M,itemknn,sampled_unseen_negatives_with_target,target_margin,sensitivity,nmax50,greedy_cf,Greedy sequential deletion,normalized_regret_primary,1.168117975644267,1.0971021177075388,1.2408748704486705,250,5,0
MovieLens-1M,itemknn,sampled_unseen_negatives_with_target,target_margin,sensitivity,nmax50,greedy_cf,Greedy sequential deletion,joint_regret_ndcg,0.03979638629412832,0.027846827617926596,0.05231708917742588,250,5,0
MovieLens-1M,itemknn,sampled_unseen_negatives_with_target,target_margin,sensitivity,nmax50,greedy_cf,Greedy sequential deletion,normalized_regret_ndcg,2.0845837386975252,1.1345914158539208,3.310400796025631,61,5,189
MovieLens-1M,itemknn,sampled_unseen_negatives_with_target,target_margin,sensitivity,nmax50,greedy_cf,Greedy sequential deletion,intervention_success_ndcg,0.068,0.04,0.1,250,5,0
MovieLens-1M,itemknn,sampled_unseen_negatives_with_target,target_margin,sensitivity,nmax50,greedy_cf,Greedy sequential deletion,aia_null_mean,0.0008505322583901254,-0.0002262757319084326,0.0019439591495720651,250,5,0
MovieLens-1M,itemknn,sampled_unseen_negatives_with_target,target_margin,sensitivity,nmax50,greedy_cf,Greedy sequential deletion,aia_null_p95,0.28355926757587,0.27096300162378206,0.2972054274340159,250,5,0
MovieLens-1M,itemknn,sampled_unseen_negatives_with_target,target_margin,sensitivity,nmax50,greedy_cf,Greedy sequential deletion,aia_permutation_p,0.11613465346534653,0.09101762376237625,0.1431449504950495,250,5,0
MovieLens-1M,itemknn,sampled_unseen_negatives_with_target,target_margin,sensitivity,nmax50,lime,LIME,aia,0.9343722223368078,0.926583728314506,0.9412580495639066,250,5,0
MovieLens-1M,itemknn,sampled_unseen_negatives_with_target,target_margin,sensitivity,nmax50,lime,LIME,aia_ndcg,0.3456187248819403,0.2737182028083195,0.4117664770040948,62,5,188
MovieLens-1M,itemknn,sampled_unseen_negatives_with_target,target_margin,sensitivity,nmax50,lime,LIME,faithfulness_alignment,0.9448295135844125,0.9397167524986585,0.9496548580296008,250,5,0
MovieLens-1M,itemknn,sampled_unseen_negatives_with_target,target_margin,sensitivity,nmax50,lime,LIME,actionability_gap,-0.010457291247604736,-0.016423295515188063,-0.00555070711728036,250,5,0
MovieLens-1M,itemknn,sampled_unseen_negatives_with_target,target_margin,sensitivity,nmax50,lime,LIME,signed_alignment,0.9729886034894542,0.9699637310912748,0.9758503782294291,250,5,0
MovieLens-1M,itemknn,sampled_unseen_negatives_with_target,target_margin,sensitivity,nmax50,lime,LIME,signed_alignment_ndcg,0.5440558664248446,0.4940005109551927,0.5924907423501518,62,5,188
MovieLens-1M,itemknn,sampled_unseen_negatives_with_target,target_margin,sensitivity,nmax50,lime,LIME,direction_accuracy,0.9543547297883221,0.9482190499832281,0.9600449465554232,250,5,0
MovieLens-1M,itemknn,sampled_unseen_negatives_with_target,target_margin,sensitivity,nmax50,lime,LIME,direction_accuracy_ndcg,0.9418156280303586,0.9110612755062728,0.9679630080840403,62,5,188
MovieLens-1M,itemknn,sampled_unseen_negatives_with_target,target_margin,sensitivity,nmax50,lime,LIME,top1_precision,0.7824000000000001,0.744,0.8192,250,5,0
MovieLens-1M,itemknn,sampled_unseen_negatives_with_target,target_margin,sensitivity,nmax50,lime,LIME,top3_precision,0.8813333333333333,0.8629333333333333,0.8989333333333333,250,5,0
MovieLens-1M,itemknn,sampled_unseen_negatives_with_target,target_margin,sensitivity,nmax50,lime,LIME,top5_precision,0.9016000000000001,0.8867200000000001,0.9151999999999999,250,5,0
MovieLens-1M,itemknn,sampled_unseen_negatives_with_target,target_margin,sensitivity,nmax50,lime,LIME,joint_effect_primary,0.0016114798559551033,0.0014968975647087369,0.001730831028746007,250,5,0
MovieLens-1M,itemknn,sampled_unseen_negatives_with_target,target_margin,sensitivity,nmax50,lime,LIME,joint_effect_ndcg,0.02980911623495273,0.01983198814731853,0.04124667711519589,250,5,0
MovieLens-1M,itemknn,sampled_unseen_negatives_with_target,target_margin,sensitivity,nmax50,lime,LIME,joint_effect_target_margin,0.0016114798559551033,0.001500803088708659,0.0017337823097004052,250,5,0
MovieLens-1M,itemknn,sampled_unseen_negatives_with_target,target_margin,sensitivity,nmax50,lime,LIME,intervention_success,0.996,0.988,1.0,250,5,0
MovieLens-1M,itemknn,sampled_unseen_negatives_with_target,target_margin,sensitivity,nmax50,lime,LIME,abstention,0.004,0.0,0.012,250,5,0
MovieLens-1M,itemknn,sampled_unseen_negatives_with_target,target_margin,sensitivity,nmax50,lime,LIME,joint_regret_primary,3.530084082519256e-05,1.075137378773796e-05,8.068816555614815e-05,250,5,0
MovieLens-1M,itemknn,sampled_unseen_negatives_with_target,target_margin,sensitivity,nmax50,lime,LIME,normalized_regret_primary,0.015469538767664947,0.009028104173810357,0.025695461291148095,250,5,0
MovieLens-1M,itemknn,sampled_unseen_negatives_with_target,target_margin,sensitivity,nmax50,lime,LIME,joint_regret_ndcg,0.0049967202789165735,0.0019544220962722327,0.00899359924187031,250,5,0
MovieLens-1M,itemknn,sampled_unseen_negatives_with_target,target_margin,sensitivity,nmax50,lime,LIME,normalized_regret_ndcg,0.20902615044549624,0.12287456402118468,0.30292437956148205,61,5,189
MovieLens-1M,itemknn,sampled_unseen_negatives_with_target,target_margin,sensitivity,nmax50,lime,LIME,intervention_success_ndcg,0.20959999999999998,0.16,0.2608,250,5,0
MovieLens-1M,itemknn,sampled_unseen_negatives_with_target,target_margin,sensitivity,nmax50,lime,LIME,aia_null_mean,0.0005343809120725287,-0.0004552951154993116,0.0015100620921103356,250,5,0
MovieLens-1M,itemknn,sampled_unseen_negatives_with_target,target_margin,sensitivity,nmax50,lime,LIME,aia_null_p95,0.2839490060337273,0.27168269113457166,0.29728366632650555,250,5,0
MovieLens-1M,itemknn,sampled_unseen_negatives_with_target,target_margin,sensitivity,nmax50,lime,LIME,aia_permutation_p,0.012768316831683169,0.01001188118811881,0.01760792079207921,250,5,0
MovieLens-1M,itemknn,sampled_unseen_negatives_with_target,target_margin,sensitivity,nmax50,loo,Leave-one-out,aia,0.9866601668760252,0.9807363472959831,0.9912212590077301,250,5,0
MovieLens-1M,itemknn,sampled_unseen_negatives_with_target,target_margin,sensitivity,nmax50,loo,Leave-one-out,aia_ndcg,0.3621518404012816,0.2893282559525151,0.43095187994234097,62,5,188
MovieLens-1M,itemknn,sampled_unseen_negatives_with_target,target_margin,sensitivity,nmax50,loo,Leave-one-out,faithfulness_alignment,1.0,1.0,1.0,250,5,0
MovieLens-1M,itemknn,sampled_unseen_negatives_with_target,target_margin,sensitivity,nmax50,loo,Leave-one-out,actionability_gap,-0.013339833123974779,-0.019353413058081585,-0.00877311201528565,250,5,0
MovieLens-1M,itemknn,sampled_unseen_negatives_with_target,target_margin,sensitivity,nmax50,loo,Leave-one-out,signed_alignment,0.9971108244205812,0.9957864772263094,0.9981998853284101,250,5,0
MovieLens-1M,itemknn,sampled_unseen_negatives_with_target,target_margin,sensitivity,nmax50,loo,Leave-one-out,signed_alignment_ndcg,0.5588823265681886,0.5091827373955575,0.6075591708604609,62,5,188
MovieLens-1M,itemknn,sampled_unseen_negatives_with_target,target_margin,sensitivity,nmax50,loo,Leave-one-out,direction_accuracy,0.9912469940467853,0.9871588547355554,0.9946904973997646,250,5,0
MovieLens-1M,itemknn,sampled_unseen_negatives_with_target,target_margin,sensitivity,nmax50,loo,Leave-one-out,direction_accuracy_ndcg,0.9456821824510133,0.915674076780318,0.9715847683584462,62,5,188
MovieLens-1M,itemknn,sampled_unseen_negatives_with_target,target_margin,sensitivity,nmax50,loo,Leave-one-out,top1_precision,0.948,0.92,0.972,250,5,0
MovieLens-1M,itemknn,sampled_unseen_negatives_with_target,target_margin,sensitivity,nmax50,loo,Leave-one-out,top3_precision,0.976,0.9626666666666667,0.988,250,5,0
MovieLens-1M,itemknn,sampled_unseen_negatives_with_target,target_margin,sensitivity,nmax50,loo,Leave-one-out,top5_precision,0.964,0.9495999999999999,0.9768,250,5,0
MovieLens-1M,itemknn,sampled_unseen_negatives_with_target,target_margin,sensitivity,nmax50,loo,Leave-one-out,joint_effect_primary,0.0016189123470665414,0.0015039556281038241,0.001738807218572672,250,5,0
MovieLens-1M,itemknn,sampled_unseen_negatives_with_target,target_margin,sensitivity,nmax50,loo,Leave-one-out,joint_effect_ndcg,0.029525927199467023,0.019589666154944375,0.040724335319772834,250,5,0
MovieLens-1M,itemknn,sampled_unseen_negatives_with_target,target_margin,sensitivity,nmax50,loo,Leave-one-out,joint_effect_target_margin,0.0016189123470665414,0.001504167579732433,0.0017387104904365918,250,5,0
MovieLens-1M,itemknn,sampled_unseen_negatives_with_target,target_margin,sensitivity,nmax50,loo,Leave-one-out,intervention_success,0.996,0.988,1.0,250,5,0
MovieLens-1M,itemknn,sampled_unseen_negatives_with_target,target_margin,sensitivity,nmax50,loo,Leave-one-out,abstention,0.004,0.0,0.012,250,5,0
MovieLens-1M,itemknn,sampled_unseen_negatives_with_target,target_margin,sensitivity,nmax50,loo,Leave-one-out,joint_regret_primary,2.7868349713754403e-05,2.706795743798557e-06,7.325353208291364e-05,250,5,0
MovieLens-1M,itemknn,sampled_unseen_negatives_with_target,target_margin,sensitivity,nmax50,loo,Leave-one-out,normalized_regret_primary,0.008266395693541033,0.0017247469611078193,0.018634839498046868,250,5,0
MovieLens-1M,itemknn,sampled_unseen_negatives_with_target,target_margin,sensitivity,nmax50,loo,Leave-one-out,joint_regret_ndcg,0.0052799093144022865,0.0019279046811849737,0.009722109480507394,250,5,0
MovieLens-1M,itemknn,sampled_unseen_negatives_with_target,target_margin,sensitivity,nmax50,loo,Leave-one-out,normalized_regret_ndcg,0.21503069207154005,0.1280175380209022,0.311944426267382,61,5,189
MovieLens-1M,itemknn,sampled_unseen_negatives_with_target,target_margin,sensitivity,nmax50,loo,Leave-one-out,intervention_success_ndcg,0.212,0.164,0.264,250,5,0
MovieLens-1M,itemknn,sampled_unseen_negatives_with_target,target_margin,sensitivity,nmax50,loo,Leave-one-out,aia_null_mean,0.0005688623683983841,-0.00042136451159307273,0.0015491975286729598,250,5,0
MovieLens-1M,itemknn,sampled_unseen_negatives_with_target,target_margin,sensitivity,nmax50,loo,Leave-one-out,aia_null_p95,0.28308073564802383,0.2708668372406614,0.29697267891852924,250,5,0
MovieLens-1M,itemknn,sampled_unseen_negatives_with_target,target_margin,sensitivity,nmax50,loo,Leave-one-out,aia_permutation_p,0.01257029702970297,0.009916831683168316,0.01722772277227723,250,5,0
MovieLens-1M,itemknn,sampled_unseen_negatives_with_target,target_margin,sensitivity,nmax50,random,Random control,aia,0.0013207542894307434,-0.00875520160525575,0.011293582931257864,250,5,0
MovieLens-1M,itemknn,sampled_unseen_negatives_with_target,target_margin,sensitivity,nmax50,random,Random control,aia_ndcg,0.011358254018110626,-0.010656974002639883,0.032425888483831454,62,5,188
MovieLens-1M,itemknn,sampled_unseen_negatives_with_target,target_margin,sensitivity,nmax50,random,Random control,faithfulness_alignment,0.0010144411666116353,-0.010752996681359421,0.012089459098922454,250,5,0
MovieLens-1M,itemknn,sampled_unseen_negatives_with_target,target_margin,sensitivity,nmax50,random,Random control,actionability_gap,0.0003063131228191076,-0.0035565215841221777,0.004791276156895008,250,5,0
MovieLens-1M,itemknn,sampled_unseen_negatives_with_target,target_margin,sensitivity,nmax50,random,Random control,signed_alignment,-0.001593016770016982,-0.011965098480891924,0.008649169764581556,250,5,0
MovieLens-1M,itemknn,sampled_unseen_negatives_with_target,target_margin,sensitivity,nmax50,random,Random control,signed_alignment_ndcg,-0.003576581683661335,-0.025442382438247813,0.017787120362507756,62,5,188
MovieLens-1M,itemknn,sampled_unseen_negatives_with_target,target_margin,sensitivity,nmax50,random,Random control,direction_accuracy,0.4994125314297602,0.4943690917219222,0.5044596496236334,250,5,0
MovieLens-1M,itemknn,sampled_unseen_negatives_with_target,target_margin,sensitivity,nmax50,random,Random control,direction_accuracy_ndcg,0.483971448747148,0.45228101663739967,0.5135671391751646,62,5,188
MovieLens-1M,itemknn,sampled_unseen_negatives_with_target,target_margin,sensitivity,nmax50,random,Random control,top1_precision,0.040799999999999996,0.0296,0.0528,250,5,0
MovieLens-1M,itemknn,sampled_unseen_negatives_with_target,target_margin,sensitivity,nmax50,random,Random control,top3_precision,0.10106666666666667,0.08933333333333333,0.11333333333333333,250,5,0
MovieLens-1M,itemknn,sampled_unseen_negatives_with_target,target_margin,sensitivity,nmax50,random,Random control,top5_precision,0.1594666666666667,0.14634533333333333,0.17328,250,5,0
MovieLens-1M,itemknn,sampled_unseen_negatives_with_target,target_margin,sensitivity,nmax50,random,Random control,joint_effect_primary,-6.161857558559891e-05,-0.00010967042992925563,-1.6529439161850915e-05,250,5,0
MovieLens-1M,itemknn,sampled_unseen_negatives_with_target,target_margin,sensitivity,nmax50,random,Random control,joint_effect_ndcg,-0.002362923611876559,-0.007147725861055355,0.002296596555841345,250,5,0
MovieLens-1M,itemknn,sampled_unseen_negatives_with_target,target_margin,sensitivity,nmax50,random,Random control,joint_effect_target_margin,-6.161857558559891e-05,-0.00010995383706027641,-1.6175237683746965e-05,250,5,0
MovieLens-1M,itemknn,sampled_unseen_negatives_with_target,target_margin,sensitivity,nmax50,random,Random control,intervention_success,0.476,0.448,0.5032,250,5,0
MovieLens-1M,itemknn,sampled_unseen_negatives_with_target,target_margin,sensitivity,nmax50,random,Random control,abstention,0.0008,0.0,0.0024000000000000002,250,5,0
MovieLens-1M,itemknn,sampled_unseen_negatives_with_target,target_margin,sensitivity,nmax50,random,Random control,joint_regret_primary,0.0017083992723658928,0.0015785905979360624,0.001852276163993937,250,5,0
MovieLens-1M,itemknn,sampled_unseen_negatives_with_target,target_margin,sensitivity,nmax50,random,Random control,normalized_regret_primary,1.02746787174937,1.0075387231123183,1.0478456047265057,250,5,0
MovieLens-1M,itemknn,sampled_unseen_negatives_with_target,target_margin,sensitivity,nmax50,random,Random control,joint_regret_ndcg,0.03716876012574586,0.026855800767579083,0.048705715444896616,250,5,0
MovieLens-1M,itemknn,sampled_unseen_negatives_with_target,target_margin,sensitivity,nmax50,random,Random control,normalized_regret_ndcg,1.5287767348438779,1.059040731653027,2.1672800062464623,61,5,189
MovieLens-1M,itemknn,sampled_unseen_negatives_with_target,target_margin,sensitivity,nmax50,random,Random control,intervention_success_ndcg,0.0512,0.035199999999999995,0.0688,250,5,0
MovieLens-1M,itemknn,sampled_unseen_negatives_with_target,target_margin,sensitivity,nmax50,random,Random control,aia_null_mean,0.0003423989915067769,-0.0007558879783987022,0.0013858808214237653,250,5,0
MovieLens-1M,itemknn,sampled_unseen_negatives_with_target,target_margin,sensitivity,nmax50,random,Random control,aia_null_p95,0.28474167877984086,0.27234281387524145,0.29815560701585875,250,5,0
MovieLens-1M,itemknn,sampled_unseen_negatives_with_target,target_margin,sensitivity,nmax50,random,Random control,aia_permutation_p,0.5032712871287128,0.4879671287128713,0.51867900990099,250,5,0
MovieLens-1M,itemknn,sampled_unseen_negatives_with_target,target_margin,sensitivity,nmax50,shapley_mc,Monte Carlo Shapley,aia,0.8079062838156367,0.7858201652901295,0.826760823897006,250,5,0
MovieLens-1M,itemknn,sampled_unseen_negatives_with_target,target_margin,sensitivity,nmax50,shapley_mc,Monte Carlo Shapley,aia_ndcg,0.33496347518997993,0.2690211899370611,0.400171316799648,62,5,188
MovieLens-1M,itemknn,sampled_unseen_negatives_with_target,target_margin,sensitivity,nmax50,shapley_mc,Monte Carlo Shapley,faithfulness_alignment,0.7996795777527993,0.7738765809330451,0.8218576854141424,250,5,0
MovieLens-1M,itemknn,sampled_unseen_negatives_with_target,target_margin,sensitivity,nmax50,shapley_mc,Monte Carlo Shapley,actionability_gap,0.008226706062837437,0.002221257935067989,0.015049770083647817,250,5,0
MovieLens-1M,itemknn,sampled_unseen_negatives_with_target,target_margin,sensitivity,nmax50,shapley_mc,Monte Carlo Shapley,signed_alignment,0.9402615883027557,0.9330726935124111,0.9468623350331196,250,5,0
MovieLens-1M,itemknn,sampled_unseen_negatives_with_target,target_margin,sensitivity,nmax50,shapley_mc,Monte Carlo Shapley,signed_alignment_ndcg,0.537798711774393,0.48615826971498627,0.5870248829256457,62,5,188
MovieLens-1M,itemknn,sampled_unseen_negatives_with_target,target_margin,sensitivity,nmax50,shapley_mc,Monte Carlo Shapley,direction_accuracy,0.8887081359035435,0.8793614582686399,0.8978783374603365,250,5,0
MovieLens-1M,itemknn,sampled_unseen_negatives_with_target,target_margin,sensitivity,nmax50,shapley_mc,Monte Carlo Shapley,direction_accuracy_ndcg,0.940755112893963,0.9044018435787371,0.9717721039284855,62,5,188
MovieLens-1M,itemknn,sampled_unseen_negatives_with_target,target_margin,sensitivity,nmax50,shapley_mc,Monte Carlo Shapley,top1_precision,0.6936,0.6472,0.7384,250,5,0
MovieLens-1M,itemknn,sampled_unseen_negatives_with_target,target_margin,sensitivity,nmax50,shapley_mc,Monte Carlo Shapley,top3_precision,0.7893333333333332,0.7655933333333332,0.8130666666666666,250,5,0
MovieLens-1M,itemknn,sampled_unseen_negatives_with_target,target_margin,sensitivity,nmax50,shapley_mc,Monte Carlo Shapley,top5_precision,0.8338133333333334,0.8160533333333334,0.85104,250,5,0
MovieLens-1M,itemknn,sampled_unseen_negatives_with_target,target_margin,sensitivity,nmax50,shapley_mc,Monte Carlo Shapley,joint_effect_primary,0.0015983926801952817,0.0014839789275533177,0.0017197780751224882,250,5,0
MovieLens-1M,itemknn,sampled_unseen_negatives_with_target,target_margin,sensitivity,nmax50,shapley_mc,Monte Carlo Shapley,joint_effect_ndcg,0.029530972042003296,0.019394748657784653,0.04107302753641998,250,5,0
MovieLens-1M,itemknn,sampled_unseen_negatives_with_target,target_margin,sensitivity,nmax50,shapley_mc,Monte Carlo Shapley,joint_effect_target_margin,0.0015983926801952817,0.0014821700473659975,0.0017215225250442198,250,5,0
MovieLens-1M,itemknn,sampled_unseen_negatives_with_target,target_margin,sensitivity,nmax50,shapley_mc,Monte Carlo Shapley,intervention_success,1.0,1.0,1.0,250,5,0
MovieLens-1M,itemknn,sampled_unseen_negatives_with_target,target_margin,sensitivity,nmax50,shapley_mc,Monte Carlo Shapley,abstention,0.0,0.0,0.0,250,5,0
MovieLens-1M,itemknn,sampled_unseen_negatives_with_target,target_margin,sensitivity,nmax50,shapley_mc,Monte Carlo Shapley,joint_regret_primary,4.8388016585014176e-05,3.688741219940858e-05,6.172389507955424e-05,250,5,0
MovieLens-1M,itemknn,sampled_unseen_negatives_with_target,target_margin,sensitivity,nmax50,shapley_mc,Monte Carlo Shapley,normalized_regret_primary,0.03777118537710288,0.028237132341980234,0.04968330285265692,250,5,0
MovieLens-1M,itemknn,sampled_unseen_negatives_with_target,target_margin,sensitivity,nmax50,shapley_mc,Monte Carlo Shapley,joint_regret_ndcg,0.005274864471866016,0.0022249118556041266,0.009241263475604965,250,5,0
MovieLens-1M,itemknn,sampled_unseen_negatives_with_target,target_margin,sensitivity,nmax50,shapley_mc,Monte Carlo Shapley,normalized_regret_ndcg,0.22711914183008736,0.13732960514253986,0.32479930695305653,61,5,189
MovieLens-1M,itemknn,sampled_unseen_negatives_with_target,target_margin,sensitivity,nmax50,shapley_mc,Monte Carlo Shapley,intervention_success_ndcg,0.2048,0.156,0.256,250,5,0
MovieLens-1M,itemknn,sampled_unseen_negatives_with_target,target_margin,sensitivity,nmax50,shapley_mc,Monte Carlo Shapley,aia_null_mean,0.000995774076847884,-1.7573118310062965e-05,0.0020513418213699308,250,5,0
MovieLens-1M,itemknn,sampled_unseen_negatives_with_target,target_margin,sensitivity,nmax50,shapley_mc,Monte Carlo Shapley,aia_null_p95,0.2866801006860622,0.2740434707255743,0.3006731422390926,250,5,0
MovieLens-1M,itemknn,sampled_unseen_negatives_with_target,target_margin,sensitivity,nmax50,shapley_mc,Monte Carlo Shapley,aia_permutation_p,0.019611881188118817,0.012261188118811883,0.029671683168316827,250,5,0
MovieLens-1M,itemknn,sampled_unseen_negatives_with_target,target_margin,sensitivity,rho025,greedy_cf,Greedy sequential deletion,aia,0.37659157199430415,0.34644520010045443,0.40647476691526346,250,5,0
MovieLens-1M,itemknn,sampled_unseen_negatives_with_target,target_margin,sensitivity,rho025,greedy_cf,Greedy sequential deletion,aia_ndcg,0.20362037051569226,0.14976742591971529,0.2585052331000716,99,5,151
MovieLens-1M,itemknn,sampled_unseen_negatives_with_target,target_margin,sensitivity,rho025,greedy_cf,Greedy sequential deletion,faithfulness_alignment,0.37797964313034527,0.34775775778576995,0.40806843594300346,250,5,0
MovieLens-1M,itemknn,sampled_unseen_negatives_with_target,target_margin,sensitivity,rho025,greedy_cf,Greedy sequential deletion,actionability_gap,-0.0013880711360411391,-0.004361557568611113,0.0014584204951709385,250,5,0
MovieLens-1M,itemknn,sampled_unseen_negatives_with_target,target_margin,sensitivity,rho025,greedy_cf,Greedy sequential deletion,signed_alignment,0.35514035703682806,0.3149686359406953,0.3954377458351956,250,5,0
MovieLens-1M,itemknn,sampled_unseen_negatives_with_target,target_margin,sensitivity,rho025,greedy_cf,Greedy sequential deletion,signed_alignment_ndcg,0.31826503684602964,0.26171223194699145,0.37382834394306214,99,5,151
MovieLens-1M,itemknn,sampled_unseen_negatives_with_target,target_margin,sensitivity,rho025,greedy_cf,Greedy sequential deletion,direction_accuracy,0.6023108199506032,0.5869976597886118,0.617212412144529,250,5,0
MovieLens-1M,itemknn,sampled_unseen_negatives_with_target,target_margin,sensitivity,rho025,greedy_cf,Greedy sequential deletion,direction_accuracy_ndcg,0.740442638169911,0.6889983122937668,0.7899779912848095,99,5,151
MovieLens-1M,itemknn,sampled_unseen_negatives_with_target,target_margin,sensitivity,rho025,greedy_cf,Greedy sequential deletion,top1_precision,0.128,0.088,0.172,250,5,0
MovieLens-1M,itemknn,sampled_unseen_negatives_with_target,target_margin,sensitivity,rho025,greedy_cf,Greedy sequential deletion,top3_precision,0.30666666666666664,0.2706666666666666,0.3426666666666666,250,5,0
MovieLens-1M,itemknn,sampled_unseen_negatives_with_target,target_margin,sensitivity,rho025,greedy_cf,Greedy sequential deletion,top5_precision,0.408,0.3768000000000001,0.44,250,5,0
MovieLens-1M,itemknn,sampled_unseen_negatives_with_target,target_margin,sensitivity,rho025,greedy_cf,Greedy sequential deletion,joint_effect_primary,0.00029805044508024215,-1.268912244078548e-05,0.0006136611380923587,250,5,0
MovieLens-1M,itemknn,sampled_unseen_negatives_with_target,target_margin,sensitivity,rho025,greedy_cf,Greedy sequential deletion,joint_effect_ndcg,0.005950102594109847,-0.006675635825578202,0.019308734401706332,250,5,0
MovieLens-1M,itemknn,sampled_unseen_negatives_with_target,target_margin,sensitivity,rho025,greedy_cf,Greedy sequential deletion,joint_effect_target_margin,0.00029805044508024215,-1.7244086657351264e-05,0.0006202010641118032,250,5,0
MovieLens-1M,itemknn,sampled_unseen_negatives_with_target,target_margin,sensitivity,rho025,greedy_cf,Greedy sequential deletion,intervention_success,0.5,0.44,0.564,250,5,0
MovieLens-1M,itemknn,sampled_unseen_negatives_with_target,target_margin,sensitivity,rho025,greedy_cf,Greedy sequential deletion,abstention,0.0,0.0,0.0,250,5,0
MovieLens-1M,itemknn,sampled_unseen_negatives_with_target,target_margin,sensitivity,rho025,greedy_cf,Greedy sequential deletion,joint_regret_primary,0.0033267084260353978,0.0030413674096057175,0.003611746180747036,250,5,0
MovieLens-1M,itemknn,sampled_unseen_negatives_with_target,target_margin,sensitivity,rho025,greedy_cf,Greedy sequential deletion,normalized_regret_primary,1.0085549573358066,0.9338988464232337,1.0845816013044816,250,5,0
MovieLens-1M,itemknn,sampled_unseen_negatives_with_target,target_margin,sensitivity,rho025,greedy_cf,Greedy sequential deletion,joint_regret_ndcg,0.07479914787811888,0.05709952787904934,0.09349941916667578,250,5,0
MovieLens-1M,itemknn,sampled_unseen_negatives_with_target,target_margin,sensitivity,rho025,greedy_cf,Greedy sequential deletion,normalized_regret_ndcg,0.9986674826925243,0.768173191050188,1.2962343480509313,98,5,152
MovieLens-1M,itemknn,sampled_unseen_negatives_with_target,target_margin,sensitivity,rho025,greedy_cf,Greedy sequential deletion,intervention_success_ndcg,0.144,0.104,0.188,250,5,0
MovieLens-1M,itemknn,sampled_unseen_negatives_with_target,target_margin,sensitivity,rho025,greedy_cf,Greedy sequential deletion,aia_null_mean,0.00014997343348163754,-0.0012055542141246333,0.0015381721451139757,250,5,0
MovieLens-1M,itemknn,sampled_unseen_negatives_with_target,target_margin,sensitivity,rho025,greedy_cf,Greedy sequential deletion,aia_null_p95,0.38241510605791007,0.3741624114018292,0.39168087409471924,250,5,0
MovieLens-1M,itemknn,sampled_unseen_negatives_with_target,target_margin,sensitivity,rho025,greedy_cf,Greedy sequential deletion,aia_permutation_p,0.14928316831683167,0.12544039603960397,0.17429702970297029,250,5,0
MovieLens-1M,itemknn,sampled_unseen_negatives_with_target,target_margin,sensitivity,rho025,lime,LIME,aia,0.9498280099942494,0.9445976249343612,0.9546330031988942,250,5,0
MovieLens-1M,itemknn,sampled_unseen_negatives_with_target,target_margin,sensitivity,rho025,lime,LIME,aia_ndcg,0.415299488083736,0.3631440241959831,0.4636620746116631,99,5,151
MovieLens-1M,itemknn,sampled_unseen_negatives_with_target,target_margin,sensitivity,rho025,lime,LIME,faithfulness_alignment,0.9551124777071788,0.9506395856772197,0.9592891072097286,250,5,0
MovieLens-1M,itemknn,sampled_unseen_negatives_with_target,target_margin,sensitivity,rho025,lime,LIME,actionability_gap,-0.00528446771292933,-0.007808681415578198,-0.0030443754856562667,250,5,0
MovieLens-1M,itemknn,sampled_unseen_negatives_with_target,target_margin,sensitivity,rho025,lime,LIME,signed_alignment,0.9789287904536499,0.9763620756553166,0.9813341663578093,250,5,0
MovieLens-1M,itemknn,sampled_unseen_negatives_with_target,target_margin,sensitivity,rho025,lime,LIME,signed_alignment_ndcg,0.6450244747740175,0.6046216140518139,0.6840834968118391,99,5,151
MovieLens-1M,itemknn,sampled_unseen_negatives_with_target,target_margin,sensitivity,rho025,lime,LIME,direction_accuracy,0.9667772178183014,0.9607527852039601,0.9723203321454089,250,5,0
MovieLens-1M,itemknn,sampled_unseen_negatives_with_target,target_margin,sensitivity,rho025,lime,LIME,direction_accuracy_ndcg,0.9576427332487937,0.9366429373096039,0.976521083854417,99,5,151
MovieLens-1M,itemknn,sampled_unseen_negatives_with_target,target_margin,sensitivity,rho025,lime,LIME,top1_precision,0.8672,0.832,0.9,250,5,0
MovieLens-1M,itemknn,sampled_unseen_negatives_with_target,target_margin,sensitivity,rho025,lime,LIME,top3_precision,0.9117333333333334,0.8941333333333333,0.9277333333333333,250,5,0
MovieLens-1M,itemknn,sampled_unseen_negatives_with_target,target_margin,sensitivity,rho025,lime,LIME,top5_precision,0.90992,0.89424,0.9241600000000001,250,5,0
MovieLens-1M,itemknn,sampled_unseen_negatives_with_target,target_margin,sensitivity,rho025,lime,LIME,joint_effect_primary,0.0035694058931400405,0.0033952969318581288,0.003748554989866474,250,5,0
MovieLens-1M,itemknn,sampled_unseen_negatives_with_target,target_margin,sensitivity,rho025,lime,LIME,joint_effect_ndcg,0.06505155615835582,0.050621334378933965,0.08064704713362877,250,5,0
MovieLens-1M,itemknn,sampled_unseen_negatives_with_target,target_margin,sensitivity,rho025,lime,LIME,joint_effect_target_margin,0.0035694058931400405,0.0033982276004719007,0.0037518137832632846,250,5,0
MovieLens-1M,itemknn,sampled_unseen_negatives_with_target,target_margin,sensitivity,rho025,lime,LIME,intervention_success,0.996,0.988,1.0,250,5,0
MovieLens-1M,itemknn,sampled_unseen_negatives_with_target,target_margin,sensitivity,rho025,lime,LIME,abstention,0.004,0.0,0.012,250,5,0
MovieLens-1M,itemknn,sampled_unseen_negatives_with_target,target_margin,sensitivity,rho025,lime,LIME,joint_regret_primary,5.535297797559937e-05,2.544427088467141e-05,0.00010677763570807537,250,5,0
MovieLens-1M,itemknn,sampled_unseen_negatives_with_target,target_margin,sensitivity,rho025,lime,LIME,normalized_regret_primary,0.01637310000970166,0.009249887965129974,0.026446019989154915,250,5,0
MovieLens-1M,itemknn,sampled_unseen_negatives_with_target,target_margin,sensitivity,rho025,lime,LIME,joint_regret_ndcg,0.015697694313872884,0.00831157784097661,0.02425242728850776,250,5,0
MovieLens-1M,itemknn,sampled_unseen_negatives_with_target,target_margin,sensitivity,rho025,lime,LIME,normalized_regret_ndcg,0.15645374842438559,0.09769663595867908,0.2209781463256265,98,5,152
MovieLens-1M,itemknn,sampled_unseen_negatives_with_target,target_margin,sensitivity,rho025,lime,LIME,intervention_success_ndcg,0.35760000000000003,0.29760000000000003,0.416,250,5,0
MovieLens-1M,itemknn,sampled_unseen_negatives_with_target,target_margin,sensitivity,rho025,lime,LIME,aia_null_mean,-0.00013719481115411652,-0.0012608774379314625,0.001033836948250388,250,5,0
MovieLens-1M,itemknn,sampled_unseen_negatives_with_target,target_margin,sensitivity,rho025,lime,LIME,aia_null_p95,0.38460076150133077,0.3767317165164731,0.39369451382043175,250,5,0
MovieLens-1M,itemknn,sampled_unseen_negatives_with_target,target_margin,sensitivity,rho025,lime,LIME,aia_permutation_p,0.011041584158415843,0.009996039603960396,0.012752475247524753,250,5,0
MovieLens-1M,itemknn,sampled_unseen_negatives_with_target,target_margin,sensitivity,rho025,loo,Leave-one-out,aia,0.9922215410037751,0.9900894230954252,0.9939267965677684,250,5,0
MovieLens-1M,itemknn,sampled_unseen_negatives_with_target,target_margin,sensitivity,rho025,loo,Leave-one-out,aia_ndcg,0.4358183786377114,0.3840171621465199,0.48463634929829563,99,5,151
MovieLens-1M,itemknn,sampled_unseen_negatives_with_target,target_margin,sensitivity,rho025,loo,Leave-one-out,faithfulness_alignment,1.0,1.0,1.0,250,5,0
MovieLens-1M,itemknn,sampled_unseen_negatives_with_target,target_margin,sensitivity,rho025,loo,Leave-one-out,actionability_gap,-0.007778458996224897,-0.00988271406787372,-0.006065538332378037,250,5,0
MovieLens-1M,itemknn,sampled_unseen_negatives_with_target,target_margin,sensitivity,rho025,loo,Leave-one-out,signed_alignment,0.9977352385376096,0.9969217318949484,0.9983554955199715,250,5,0
MovieLens-1M,itemknn,sampled_unseen_negatives_with_target,target_margin,sensitivity,rho025,loo,Leave-one-out,signed_alignment_ndcg,0.652404500305886,0.6108239964717258,0.6915151840636653,99,5,151
MovieLens-1M,itemknn,sampled_unseen_negatives_with_target,target_margin,sensitivity,rho025,loo,Leave-one-out,direction_accuracy,0.9912305028305027,0.9868904595404596,0.9948351648351649,250,5,0
MovieLens-1M,itemknn,sampled_unseen_negatives_with_target,target_margin,sensitivity,rho025,loo,Leave-one-out,direction_accuracy_ndcg,0.9593550949611556,0.9394445264331628,0.9770168769221801,99,5,151
MovieLens-1M,itemknn,sampled_unseen_negatives_with_target,target_margin,sensitivity,rho025,loo,Leave-one-out,top1_precision,0.948,0.92,0.976,250,5,0
MovieLens-1M,itemknn,sampled_unseen_negatives_with_target,target_margin,sensitivity,rho025,loo,Leave-one-out,top3_precision,0.9813333333333333,0.968,0.992,250,5,0
MovieLens-1M,itemknn,sampled_unseen_negatives_with_target,target_margin,sensitivity,rho025,loo,Leave-one-out,top5_precision,0.968,0.9528,0.9808,250,5,0
MovieLens-1M,itemknn,sampled_unseen_negatives_with_target,target_margin,sensitivity,rho025,loo,Leave-one-out,joint_effect_primary,0.0035783822143701347,0.0034056061390098243,0.003757460251829476,250,5,0
MovieLens-1M,itemknn,sampled_unseen_negatives_with_target,target_margin,sensitivity,rho025,loo,Leave-one-out,joint_effect_ndcg,0.06534713678881666,0.050697381484164264,0.08086999131023308,250,5,0
MovieLens-1M,itemknn,sampled_unseen_negatives_with_target,target_margin,sensitivity,rho025,loo,Leave-one-out,joint_effect_target_margin,0.0035783822143701347,0.003407043379692344,0.003752693181135015,250,5,0
MovieLens-1M,itemknn,sampled_unseen_negatives_with_target,target_margin,sensitivity,rho025,loo,Leave-one-out,intervention_success,0.996,0.988,1.0,250,5,0
MovieLens-1M,itemknn,sampled_unseen_negatives_with_target,target_margin,sensitivity,rho025,loo,Leave-one-out,abstention,0.004,0.0,0.012,250,5,0
MovieLens-1M,itemknn,sampled_unseen_negatives_with_target,target_margin,sensitivity,rho025,loo,Leave-one-out,joint_regret_primary,4.637665674550573e-05,1.667129223899569e-05,9.889889072441282e-05,250,5,0
MovieLens-1M,itemknn,sampled_unseen_negatives_with_target,target_margin,sensitivity,rho025,loo,Leave-one-out,normalized_regret_primary,0.013931072674523986,0.006706251417182405,0.024133401493038116,250,5,0
MovieLens-1M,itemknn,sampled_unseen_negatives_with_target,target_margin,sensitivity,rho025,loo,Leave-one-out,joint_regret_ndcg,0.015402113683412029,0.007844367957154054,0.024262945170511488,250,5,0
MovieLens-1M,itemknn,sampled_unseen_negatives_with_target,target_margin,sensitivity,rho025,loo,Leave-one-out,normalized_regret_ndcg,0.1440488313270731,0.08627793898223754,0.2069062076197259,98,5,152
MovieLens-1M,itemknn,sampled_unseen_negatives_with_target,target_margin,sensitivity,rho025,loo,Leave-one-out,intervention_success_ndcg,0.36,0.3,0.42,250,5,0
MovieLens-1M,itemknn,sampled_unseen_negatives_with_target,target_margin,sensitivity,rho025,loo,Leave-one-out,aia_null_mean,-0.0001322324733058215,-0.0013095024896672388,0.0010442194868257038,250,5,0
MovieLens-1M,itemknn,sampled_unseen_negatives_with_target,target_margin,sensitivity,rho025,loo,Leave-one-out,aia_null_p95,0.3846487267265029,0.3768878325104332,0.39361007427897915,250,5,0
MovieLens-1M,itemknn,sampled_unseen_negatives_with_target,target_margin,sensitivity,rho025,loo,Leave-one-out,aia_permutation_p,0.010859405940594058,0.009916831683168316,0.012459405940594059,250,5,0
MovieLens-1M,itemknn,sampled_unseen_negatives_with_target,target_margin,sensitivity,rho025,random,Random control,aia,-0.005017601616481827,-0.01906351211193096,0.008843870863547185,250,5,0
MovieLens-1M,itemknn,sampled_unseen_negatives_with_target,target_margin,sensitivity,rho025,random,Random control,aia_ndcg,-0.009965653506570785,-0.03001495462116999,0.01033719725344799,99,5,151
MovieLens-1M,itemknn,sampled_unseen_negatives_with_target,target_margin,sensitivity,rho025,random,Random control,faithfulness_alignment,-0.003811189165067023,-0.018411458125757726,0.01043154076649742,250,5,0
MovieLens-1M,itemknn,sampled_unseen_negatives_with_target,target_margin,sensitivity,rho025,random,Random control,actionability_gap,-0.0012064124514148042,-0.003372652611631226,0.0007016680149035214,250,5,0
MovieLens-1M,itemknn,sampled_unseen_negatives_with_target,target_margin,sensitivity,rho025,random,Random control,signed_alignment,0.0008508378891705153,-0.012524236317588458,0.014120678963135784,250,5,0
MovieLens-1M,itemknn,sampled_unseen_negatives_with_target,target_margin,sensitivity,rho025,random,Random control,signed_alignment_ndcg,-0.003536246448481531,-0.02269814838819619,0.01583357456136256,99,5,151
MovieLens-1M,itemknn,sampled_unseen_negatives_with_target,target_margin,sensitivity,rho025,random,Random control,direction_accuracy,0.5005130401383963,0.4943896587645241,0.506696044569122,250,5,0
MovieLens-1M,itemknn,sampled_unseen_negatives_with_target,target_margin,sensitivity,rho025,random,Random control,direction_accuracy_ndcg,0.48712056181753144,0.4641971062046819,0.5087490382793414,99,5,151
MovieLens-1M,itemknn,sampled_unseen_negatives_with_target,target_margin,sensitivity,rho025,random,Random control,top1_precision,0.052000000000000005,0.04,0.06559999999999999,250,5,0
MovieLens-1M,itemknn,sampled_unseen_negatives_with_target,target_margin,sensitivity,rho025,random,Random control,top3_precision,0.156,0.144,0.16826666666666665,250,5,0
MovieLens-1M,itemknn,sampled_unseen_negatives_with_target,target_margin,sensitivity,rho025,random,Random control,top5_precision,0.2647466666666667,0.2539186666666666,0.27552,250,5,0
MovieLens-1M,itemknn,sampled_unseen_negatives_with_target,target_margin,sensitivity,rho025,random,Random control,joint_effect_primary,-0.00018140055788668384,-0.00028954396621775307,-7.48704404542326e-05,250,5,0
MovieLens-1M,itemknn,sampled_unseen_negatives_with_target,target_margin,sensitivity,rho025,random,Random control,joint_effect_ndcg,0.0001699052317245061,-0.0066550673554566,0.006964667852901791,250,5,0
MovieLens-1M,itemknn,sampled_unseen_negatives_with_target,target_margin,sensitivity,rho025,random,Random control,joint_effect_target_margin,-0.00018140055788668384,-0.00029180861624077185,-7.409459972803832e-05,250,5,0
MovieLens-1M,itemknn,sampled_unseen_negatives_with_target,target_margin,sensitivity,rho025,random,Random control,intervention_success,0.4688,0.4408000000000001,0.496,250,5,0
MovieLens-1M,itemknn,sampled_unseen_negatives_with_target,target_margin,sensitivity,rho025,random,Random control,abstention,0.0008,0.0,0.0024000000000000002,250,5,0
MovieLens-1M,itemknn,sampled_unseen_negatives_with_target,target_margin,sensitivity,rho025,random,Random control,joint_regret_primary,0.0038061594290023236,0.0036080790345035156,0.004014998236755069,250,5,0
MovieLens-1M,itemknn,sampled_unseen_negatives_with_target,target_margin,sensitivity,rho025,random,Random control,normalized_regret_primary,1.0627740117575046,1.0326105164486283,1.0934479356257933,250,5,0
MovieLens-1M,itemknn,sampled_unseen_negatives_with_target,target_margin,sensitivity,rho025,random,Random control,joint_regret_ndcg,0.08057934524050421,0.06504193712105723,0.09667941422543681,250,5,0
MovieLens-1M,itemknn,sampled_unseen_negatives_with_target,target_margin,sensitivity,rho025,random,Random control,normalized_regret_ndcg,1.2587402327123287,0.9997255440651003,1.6052438449610122,98,5,152
MovieLens-1M,itemknn,sampled_unseen_negatives_with_target,target_margin,sensitivity,rho025,random,Random control,intervention_success_ndcg,0.09440000000000001,0.0712,0.1184,250,5,0
MovieLens-1M,itemknn,sampled_unseen_negatives_with_target,target_margin,sensitivity,rho025,random,Random control,aia_null_mean,0.0003164856064244068,-0.0010759454972535398,0.0016488406779072847,250,5,0
MovieLens-1M,itemknn,sampled_unseen_negatives_with_target,target_margin,sensitivity,rho025,random,Random control,aia_null_p95,0.3852786252386376,0.37730524084840045,0.3941731853905134,250,5,0
MovieLens-1M,itemknn,sampled_unseen_negatives_with_target,target_margin,sensitivity,rho025,random,Random control,aia_permutation_p,0.5080079207920792,0.49238,0.5234059405940594,250,5,0
MovieLens-1M,itemknn,sampled_unseen_negatives_with_target,target_margin,sensitivity,rho025,shapley_mc,Monte Carlo Shapley,aia,0.7664202640186426,0.7384498398202515,0.7907520188507979,250,5,0
MovieLens-1M,itemknn,sampled_unseen_negatives_with_target,target_margin,sensitivity,rho025,shapley_mc,Monte Carlo Shapley,aia_ndcg,0.4162891771975243,0.36941273645090783,0.461272149816236,99,5,151
MovieLens-1M,itemknn,sampled_unseen_negatives_with_target,target_margin,sensitivity,rho025,shapley_mc,Monte Carlo Shapley,faithfulness_alignment,0.7595773633091032,0.7314328842186822,0.7842389129225099,250,5,0
MovieLens-1M,itemknn,sampled_unseen_negatives_with_target,target_margin,sensitivity,rho025,shapley_mc,Monte Carlo Shapley,actionability_gap,0.006842900709539334,0.003998346078024316,0.009805238432185398,250,5,0
MovieLens-1M,itemknn,sampled_unseen_negatives_with_target,target_margin,sensitivity,rho025,shapley_mc,Monte Carlo Shapley,signed_alignment,0.9357868403489665,0.9283980645687331,0.9426843609768746,250,5,0
MovieLens-1M,itemknn,sampled_unseen_negatives_with_target,target_margin,sensitivity,rho025,shapley_mc,Monte Carlo Shapley,signed_alignment_ndcg,0.6372999704344723,0.5976414495727244,0.6775347573043876,99,5,151
MovieLens-1M,itemknn,sampled_unseen_negatives_with_target,target_margin,sensitivity,rho025,shapley_mc,Monte Carlo Shapley,direction_accuracy,0.8865880039465178,0.8760192055137845,0.8969054032933012,250,5,0
MovieLens-1M,itemknn,sampled_unseen_negatives_with_target,target_margin,sensitivity,rho025,shapley_mc,Monte Carlo Shapley,direction_accuracy_ndcg,0.9556417712478319,0.9332237016630955,0.9754881662949845,99,5,151
MovieLens-1M,itemknn,sampled_unseen_negatives_with_target,target_margin,sensitivity,rho025,shapley_mc,Monte Carlo Shapley,top1_precision,0.7344,0.6848,0.7808199999999997,250,5,0
MovieLens-1M,itemknn,sampled_unseen_negatives_with_target,target_margin,sensitivity,rho025,shapley_mc,Monte Carlo Shapley,top3_precision,0.8066666666666666,0.78426,0.8290666666666666,250,5,0
MovieLens-1M,itemknn,sampled_unseen_negatives_with_target,target_margin,sensitivity,rho025,shapley_mc,Monte Carlo Shapley,top5_precision,0.8405333333333334,0.8219186666666667,0.85824,250,5,0
MovieLens-1M,itemknn,sampled_unseen_negatives_with_target,target_margin,sensitivity,rho025,shapley_mc,Monte Carlo Shapley,joint_effect_primary,0.0034994117025334594,0.003323742220560923,0.0036794972383751828,250,5,0
MovieLens-1M,itemknn,sampled_unseen_negatives_with_target,target_margin,sensitivity,rho025,shapley_mc,Monte Carlo Shapley,joint_effect_ndcg,0.06431180789607359,0.05016849628949611,0.07948209964492078,250,5,0
MovieLens-1M,itemknn,sampled_unseen_negatives_with_target,target_margin,sensitivity,rho025,shapley_mc,Monte Carlo Shapley,joint_effect_target_margin,0.0034994117025334594,0.003321065007736305,0.003680164394711125,250,5,0
MovieLens-1M,itemknn,sampled_unseen_negatives_with_target,target_margin,sensitivity,rho025,shapley_mc,Monte Carlo Shapley,intervention_success,1.0,1.0,1.0,250,5,0
MovieLens-1M,itemknn,sampled_unseen_negatives_with_target,target_margin,sensitivity,rho025,shapley_mc,Monte Carlo Shapley,abstention,0.0,0.0,0.0,250,5,0
MovieLens-1M,itemknn,sampled_unseen_negatives_with_target,target_margin,sensitivity,rho025,shapley_mc,Monte Carlo Shapley,joint_regret_primary,0.00012534716858218065,0.00010232869769037916,0.00014987642736676588,250,5,0
MovieLens-1M,itemknn,sampled_unseen_negatives_with_target,target_margin,sensitivity,rho025,shapley_mc,Monte Carlo Shapley,normalized_regret_primary,0.04698383547924257,0.037001292232056365,0.05809814344940321,250,5,0
MovieLens-1M,itemknn,sampled_unseen_negatives_with_target,target_margin,sensitivity,rho025,shapley_mc,Monte Carlo Shapley,joint_regret_ndcg,0.016437442576155127,0.008999716001409188,0.025122321206223694,250,5,0
MovieLens-1M,itemknn,sampled_unseen_negatives_with_target,target_margin,sensitivity,rho025,shapley_mc,Monte Carlo Shapley,normalized_regret_ndcg,0.16908212828413088,0.11167852724943494,0.23003089459526774,98,5,152
MovieLens-1M,itemknn,sampled_unseen_negatives_with_target,target_margin,sensitivity,rho025,shapley_mc,Monte Carlo Shapley,intervention_success_ndcg,0.3584,0.30079999999999996,0.41919999999999996,250,5,0
MovieLens-1M,itemknn,sampled_unseen_negatives_with_target,target_margin,sensitivity,rho025,shapley_mc,Monte Carlo Shapley,aia_null_mean,0.0010766294344583564,-0.00015529322227316917,0.002320541227771942,250,5,0
MovieLens-1M,itemknn,sampled_unseen_negatives_with_target,target_margin,sensitivity,rho025,shapley_mc,Monte Carlo Shapley,aia_null_p95,0.3865796689627471,0.37842471787552534,0.39594708194422706,250,5,0
MovieLens-1M,itemknn,sampled_unseen_negatives_with_target,target_margin,sensitivity,rho025,shapley_mc,Monte Carlo Shapley,aia_permutation_p,0.026011881188118816,0.01626910891089109,0.03893069306930693,250,5,0
MovieLens-1M,profile,full_unseen_catalogue,target_margin,full_catalogue,full_catalogue,greedy_cf,Greedy sequential deletion,aia,0.2911046602520287,0.27190632107933344,0.3092554652607454,250,5,0
MovieLens-1M,profile,full_unseen_catalogue,target_margin,full_catalogue,full_catalogue,greedy_cf,Greedy sequential deletion,aia_ndcg,0.3408678061391721,0.23462864145045537,0.43217222437036296,4,5,246
MovieLens-1M,profile,full_unseen_catalogue,target_margin,full_catalogue,full_catalogue,greedy_cf,Greedy sequential deletion,faithfulness_alignment,0.29072668048154116,0.2719382815481732,0.3082086212193379,250,5,0
MovieLens-1M,profile,full_unseen_catalogue,target_margin,full_catalogue,full_catalogue,greedy_cf,Greedy sequential deletion,actionability_gap,0.00037797977048751094,-0.0011078944986901637,0.0015990241322145333,250,5,0
MovieLens-1M,profile,full_unseen_catalogue,target_margin,full_catalogue,full_catalogue,greedy_cf,Greedy sequential deletion,signed_alignment,0.6194846441071827,0.5982026564070603,0.638964871357229,250,5,0
MovieLens-1M,profile,full_unseen_catalogue,target_margin,full_catalogue,full_catalogue,greedy_cf,Greedy sequential deletion,signed_alignment_ndcg,0.18089247566868313,-0.06780141795492603,0.4524852636412452,4,5,246
MovieLens-1M,profile,full_unseen_catalogue,target_margin,full_catalogue,full_catalogue,greedy_cf,Greedy sequential deletion,direction_accuracy,0.5286090373094399,0.518347619775821,0.5387480395116581,250,5,0
MovieLens-1M,profile,full_unseen_catalogue,target_margin,full_catalogue,full_catalogue,greedy_cf,Greedy sequential deletion,direction_accuracy_ndcg,0.5833333333333333,0.29166666666666663,0.875,4,5,246
MovieLens-1M,profile,full_unseen_catalogue,target_margin,full_catalogue,full_catalogue,greedy_cf,Greedy sequential deletion,top1_precision,0.3336,0.2944,0.37360000000000004,250,5,0
MovieLens-1M,profile,full_unseen_catalogue,target_margin,full_catalogue,full_catalogue,greedy_cf,Greedy sequential deletion,top3_precision,0.6253333333333333,0.6056,0.6442733333333333,250,5,0
MovieLens-1M,profile,full_unseen_catalogue,target_margin,full_catalogue,full_catalogue,greedy_cf,Greedy sequential deletion,top5_precision,0.7038933333333334,0.68624,0.7208013333333333,250,5,0
MovieLens-1M,profile,full_unseen_catalogue,target_margin,full_catalogue,full_catalogue,greedy_cf,Greedy sequential deletion,joint_effect_primary,0.0043177453588780544,0.0038366392638547312,0.004831851086383256,250,5,0
MovieLens-1M,profile,full_unseen_catalogue,target_margin,full_catalogue,full_catalogue,greedy_cf,Greedy sequential deletion,joint_effect_ndcg,0.0002401037090271167,-2.3095809794796105e-05,0.0007345550889033398,250,5,0
MovieLens-1M,profile,full_unseen_catalogue,target_margin,full_catalogue,full_catalogue,greedy_cf,Greedy sequential deletion,joint_effect_target_margin,0.0043177453588780544,0.0038317054511007175,0.0048517385736441335,250,5,0
MovieLens-1M,profile,full_unseen_catalogue,target_margin,full_catalogue,full_catalogue,greedy_cf,Greedy sequential deletion,intervention_success,0.9456,0.9248000000000001,0.9640199999999997,250,5,0
MovieLens-1M,profile,full_unseen_catalogue,target_margin,full_catalogue,full_catalogue,greedy_cf,Greedy sequential deletion,abstention,0.0,0.0,0.0,250,5,0
MovieLens-1M,profile,full_unseen_catalogue,target_margin,full_catalogue,full_catalogue,greedy_cf,Greedy sequential deletion,joint_regret_primary,0.002832954778943887,0.0026205611497893753,0.0030551737058355038,250,5,0
MovieLens-1M,profile,full_unseen_catalogue,target_margin,full_catalogue,full_catalogue,greedy_cf,Greedy sequential deletion,normalized_regret_primary,0.5050324475661866,0.46955337845486833,0.5436124031622878,250,5,0
MovieLens-1M,profile,full_unseen_catalogue,target_margin,full_catalogue,full_catalogue,greedy_cf,Greedy sequential deletion,joint_regret_ndcg,0.00021535504451416888,0.0,0.0005879103230766293,250,5,0
MovieLens-1M,profile,full_unseen_catalogue,target_margin,full_catalogue,full_catalogue,greedy_cf,Greedy sequential deletion,normalized_regret_ndcg,0.21093517368211212,0.0,0.42187034736422424,2,5,248
MovieLens-1M,profile,full_unseen_catalogue,target_margin,full_catalogue,full_catalogue,greedy_cf,Greedy sequential deletion,intervention_success_ndcg,0.0016,0.0,0.004,250,5,0
MovieLens-1M,profile,full_unseen_catalogue,target_margin,full_catalogue,full_catalogue,greedy_cf,Greedy sequential deletion,aia_null_mean,-0.0006062380325556793,-0.001944957490899193,0.000752820489634204,250,5,0
MovieLens-1M,profile,full_unseen_catalogue,target_margin,full_catalogue,full_catalogue,greedy_cf,Greedy sequential deletion,aia_null_p95,0.38517130952020107,0.3772163046323645,0.3943100865334871,250,5,0
MovieLens-1M,profile,full_unseen_catalogue,target_margin,full_catalogue,full_catalogue,greedy_cf,Greedy sequential deletion,aia_permutation_p,0.17392475247524755,0.1571562376237624,0.1923091089108911,250,5,0
MovieLens-1M,profile,full_unseen_catalogue,target_margin,full_catalogue,full_catalogue,lime,LIME,aia,0.978190108281811,0.9731997070354824,0.982586812189874,250,5,0
MovieLens-1M,profile,full_unseen_catalogue,target_margin,full_catalogue,full_catalogue,lime,LIME,aia_ndcg,0.16378878616916076,0.04730472703803727,0.2860160948444739,4,5,246
MovieLens-1M,profile,full_unseen_catalogue,target_margin,full_catalogue,full_catalogue,lime,LIME,faithfulness_alignment,0.9813592502646991,0.9782614433858194,0.9839231678419619,250,5,0
MovieLens-1M,profile,full_unseen_catalogue,target_margin,full_catalogue,full_catalogue,lime,LIME,actionability_gap,-0.0031691419828881115,-0.005527531713384652,-0.0012110797468785068,250,5,0
MovieLens-1M,profile,full_unseen_catalogue,target_margin,full_catalogue,full_catalogue,lime,LIME,signed_alignment,0.9902267153073963,0.9886490316278149,0.9915552856184063,250,5,0
MovieLens-1M,profile,full_unseen_catalogue,target_margin,full_catalogue,full_catalogue,lime,LIME,signed_alignment_ndcg,0.4707386257076589,0.22227304916689133,0.7416160910035391,4,5,246
MovieLens-1M,profile,full_unseen_catalogue,target_margin,full_catalogue,full_catalogue,lime,LIME,direction_accuracy,0.9849894060566198,0.9823808833112192,0.9873939162612413,250,5,0
MovieLens-1M,profile,full_unseen_catalogue,target_margin,full_catalogue,full_catalogue,lime,LIME,direction_accuracy_ndcg,0.9375,0.875,1.0,4,5,246
MovieLens-1M,profile,full_unseen_catalogue,target_margin,full_catalogue,full_catalogue,lime,LIME,top1_precision,0.9808,0.972,0.9887999999999999,250,5,0
MovieLens-1M,profile,full_unseen_catalogue,target_margin,full_catalogue,full_catalogue,lime,LIME,top3_precision,0.9682666666666666,0.9586666666666668,0.9765333333333333,250,5,0
MovieLens-1M,profile,full_unseen_catalogue,target_margin,full_catalogue,full_catalogue,lime,LIME,top5_precision,0.9475733333333333,0.9349333333333334,0.9585600000000001,250,5,0
MovieLens-1M,profile,full_unseen_catalogue,target_margin,full_catalogue,full_catalogue,lime,LIME,joint_effect_primary,0.007148644065578622,0.006626824081583686,0.007699852694745481,250,5,0
MovieLens-1M,profile,full_unseen_catalogue,target_margin,full_catalogue,full_catalogue,lime,LIME,joint_effect_ndcg,0.00012214123337721047,-0.0006498447345190434,0.0009723575860067874,250,5,0
MovieLens-1M,profile,full_unseen_catalogue,target_margin,full_catalogue,full_catalogue,lime,LIME,joint_effect_target_margin,0.007148644065578622,0.0066301823453032765,0.007694463704430854,250,5,0
MovieLens-1M,profile,full_unseen_catalogue,target_margin,full_catalogue,full_catalogue,lime,LIME,intervention_success,0.9992000000000001,0.9975999999999999,1.0,250,5,0
MovieLens-1M,profile,full_unseen_catalogue,target_margin,full_catalogue,full_catalogue,lime,LIME,abstention,0.0008,0.0,0.0024000000000000002,250,5,0
MovieLens-1M,profile,full_unseen_catalogue,target_margin,full_catalogue,full_catalogue,lime,LIME,joint_regret_primary,2.056072243320939e-06,1.308327409029505e-06,2.925192709148648e-06,250,5,0
MovieLens-1M,profile,full_unseen_catalogue,target_margin,full_catalogue,full_catalogue,lime,LIME,normalized_regret_primary,0.0023185530804204816,0.0008089479314131062,0.004474484636795269,250,5,0
MovieLens-1M,profile,full_unseen_catalogue,target_margin,full_catalogue,full_catalogue,lime,LIME,joint_regret_ndcg,0.0003333175201640751,0.0,0.0009150924931704541,250,5,0
MovieLens-1M,profile,full_unseen_catalogue,target_margin,full_catalogue,full_catalogue,lime,LIME,normalized_regret_ndcg,0.11314719276545837,0.0,0.22629438553091674,2,5,248
MovieLens-1M,profile,full_unseen_catalogue,target_margin,full_catalogue,full_catalogue,lime,LIME,intervention_success_ndcg,0.0016,0.0,0.004,250,5,0
MovieLens-1M,profile,full_unseen_catalogue,target_margin,full_catalogue,full_catalogue,lime,LIME,aia_null_mean,0.0009181181765602816,-0.0004199528726742814,0.0022530436372451075,250,5,0
MovieLens-1M,profile,full_unseen_catalogue,target_margin,full_catalogue,full_catalogue,lime,LIME,aia_null_p95,0.38570550397590025,0.37744949047327797,0.39530587166571807,250,5,0
MovieLens-1M,profile,full_unseen_catalogue,target_margin,full_catalogue,full_catalogue,lime,LIME,aia_permutation_p,0.011152475247524753,0.009980198019801979,0.012942772277227722,250,5,0
MovieLens-1M,profile,full_unseen_catalogue,target_margin,full_catalogue,full_catalogue,loo,Leave-one-out,aia,0.9962737891210957,0.9939566916587026,0.9981734755894262,250,5,0
MovieLens-1M,profile,full_unseen_catalogue,target_margin,full_catalogue,full_catalogue,loo,Leave-one-out,aia_ndcg,0.1735999800757042,0.05676567244564473,0.2904342877057636,4,5,246
MovieLens-1M,profile,full_unseen_catalogue,target_margin,full_catalogue,full_catalogue,loo,Leave-one-out,faithfulness_alignment,1.0,1.0,1.0,250,5,0
MovieLens-1M,profile,full_unseen_catalogue,target_margin,full_catalogue,full_catalogue,loo,Leave-one-out,actionability_gap,-0.0037262108789043857,-0.006051081797974997,-0.001796689164808368,250,5,0
MovieLens-1M,profile,full_unseen_catalogue,target_margin,full_catalogue,full_catalogue,loo,Leave-one-out,signed_alignment,0.9991341478129714,0.9983660838124724,0.9996482219689496,250,5,0
MovieLens-1M,profile,full_unseen_catalogue,target_margin,full_catalogue,full_catalogue,loo,Leave-one-out,signed_alignment_ndcg,0.472231633476046,0.22227304916689133,0.7460951143087005,4,5,246
MovieLens-1M,profile,full_unseen_catalogue,target_margin,full_catalogue,full_catalogue,loo,Leave-one-out,direction_accuracy,0.9971955555555555,0.9955866666666667,0.9985555555555554,250,5,0
MovieLens-1M,profile,full_unseen_catalogue,target_margin,full_catalogue,full_catalogue,loo,Leave-one-out,direction_accuracy_ndcg,0.9375,0.875,1.0,4,5,246
MovieLens-1M,profile,full_unseen_catalogue,target_margin,full_catalogue,full_catalogue,loo,Leave-one-out,top1_precision,0.9952,0.9912000000000001,0.9984000000000001,250,5,0
MovieLens-1M,profile,full_unseen_catalogue,target_margin,full_catalogue,full_catalogue,loo,Leave-one-out,top3_precision,0.9882666666666666,0.9797333333333333,0.9949333333333334,250,5,0
MovieLens-1M,profile,full_unseen_catalogue,target_margin,full_catalogue,full_catalogue,loo,Leave-one-out,top5_precision,0.9717333333333333,0.9590933333333334,0.98256,250,5,0
MovieLens-1M,profile,full_unseen_catalogue,target_margin,full_catalogue,full_catalogue,loo,Leave-one-out,joint_effect_primary,0.007150141306913511,0.006619964594995151,0.007684928868279298,250,5,0
MovieLens-1M,profile,full_unseen_catalogue,target_margin,full_catalogue,full_catalogue,loo,Leave-one-out,joint_effect_ndcg,0.00015720023404829162,-0.0006177704883949886,0.0010775345880200309,250,5,0
MovieLens-1M,profile,full_unseen_catalogue,target_margin,full_catalogue,full_catalogue,loo,Leave-one-out,joint_effect_target_margin,0.007150141306913511,0.006611065655524801,0.007694792590477151,250,5,0
MovieLens-1M,profile,full_unseen_catalogue,target_margin,full_catalogue,full_catalogue,loo,Leave-one-out,intervention_success,0.9992000000000001,0.9975999999999999,1.0,250,5,0
MovieLens-1M,profile,full_unseen_catalogue,target_margin,full_catalogue,full_catalogue,loo,Leave-one-out,abstention,0.0008,0.0,0.0024000000000000002,250,5,0
MovieLens-1M,profile,full_unseen_catalogue,target_margin,full_catalogue,full_catalogue,loo,Leave-one-out,joint_regret_primary,5.588309084330501e-07,5.5978122379589655e-08,1.4033801980070112e-06,250,5,0
MovieLens-1M,profile,full_unseen_catalogue,target_margin,full_catalogue,full_catalogue,loo,Leave-one-out,normalized_regret_primary,0.0015352794237202619,7.61307443870767e-05,0.004081790368407133,250,5,0
MovieLens-1M,profile,full_unseen_catalogue,target_margin,full_catalogue,full_catalogue,loo,Leave-one-out,joint_regret_ndcg,0.0002982585194929939,0.0,0.0008277689000402981,250,5,0
MovieLens-1M,profile,full_unseen_catalogue,target_margin,full_catalogue,full_catalogue,loo,Leave-one-out,normalized_regret_ndcg,0.06932344192660694,0.0,0.1386468838532139,2,5,248
MovieLens-1M,profile,full_unseen_catalogue,target_margin,full_catalogue,full_catalogue,loo,Leave-one-out,intervention_success_ndcg,0.0016,0.0,0.004,250,5,0
MovieLens-1M,profile,full_unseen_catalogue,target_margin,full_catalogue,full_catalogue,loo,Leave-one-out,aia_null_mean,0.001058094470441839,-0.0002484970889275841,0.00235556290372682,250,5,0
MovieLens-1M,profile,full_unseen_catalogue,target_margin,full_catalogue,full_catalogue,loo,Leave-one-out,aia_null_p95,0.38715621607391576,0.3789622651178027,0.39649880302512236,250,5,0
MovieLens-1M,profile,full_unseen_catalogue,target_margin,full_catalogue,full_catalogue,loo,Leave-one-out,aia_permutation_p,0.010811881188118811,0.009900990099009901,0.012396039603960397,250,5,0
MovieLens-1M,profile,full_unseen_catalogue,target_margin,full_catalogue,full_catalogue,random,Random control,aia,0.0008619501654176588,-0.012438990887853116,0.014142764416697838,250,5,0
MovieLens-1M,profile,full_unseen_catalogue,target_margin,full_catalogue,full_catalogue,random,Random control,aia_ndcg,0.0635831548527038,-0.1057696078079058,0.23293591751331338,4,5,246
MovieLens-1M,profile,full_unseen_catalogue,target_margin,full_catalogue,full_catalogue,random,Random control,faithfulness_alignment,1.0190779292947427e-05,-0.01365407612253587,0.013470406623819936,250,5,0
MovieLens-1M,profile,full_unseen_catalogue,target_margin,full_catalogue,full_catalogue,random,Random control,actionability_gap,0.0008517593861247109,-0.000742612780408446,0.0025517420634061498,250,5,0
MovieLens-1M,profile,full_unseen_catalogue,target_margin,full_catalogue,full_catalogue,random,Random control,signed_alignment,-0.013347243612940205,-0.026124492630176844,-0.00020606924808937234,250,5,0
MovieLens-1M,profile,full_unseen_catalogue,target_margin,full_catalogue,full_catalogue,random,Random control,signed_alignment_ndcg,0.08387476019149089,-0.09982713553952147,0.26757665592250324,4,5,246
MovieLens-1M,profile,full_unseen_catalogue,target_margin,full_catalogue,full_catalogue,random,Random control,direction_accuracy,0.489078501687511,0.4824689423918875,0.4954823946604651,250,5,0
MovieLens-1M,profile,full_unseen_catalogue,target_margin,full_catalogue,full_catalogue,random,Random control,direction_accuracy_ndcg,0.59375,0.4375,0.75,4,5,246
MovieLens-1M,profile,full_unseen_catalogue,target_margin,full_catalogue,full_catalogue,random,Random control,top1_precision,0.05280000000000001,0.0416,0.0648,250,5,0
MovieLens-1M,profile,full_unseen_catalogue,target_margin,full_catalogue,full_catalogue,random,Random control,top3_precision,0.15893333333333332,0.148,0.16986666666666667,250,5,0
MovieLens-1M,profile,full_unseen_catalogue,target_margin,full_catalogue,full_catalogue,random,Random control,top5_precision,0.2522666666666667,0.24303999999999998,0.26138799999999995,250,5,0
MovieLens-1M,profile,full_unseen_catalogue,target_margin,full_catalogue,full_catalogue,random,Random control,joint_effect_primary,-5.9116613673066256e-05,-0.0002450131535010934,0.000140469900492869,250,5,0
MovieLens-1M,profile,full_unseen_catalogue,target_margin,full_catalogue,full_catalogue,random,Random control,joint_effect_ndcg,-1.1547904897398042e-05,-0.0006937555831629309,0.0006822076782655328,250,5,0
MovieLens-1M,profile,full_unseen_catalogue,target_margin,full_catalogue,full_catalogue,random,Random control,joint_effect_target_margin,-5.9116613673066256e-05,-0.00024218222517354799,0.00014103768491343413,250,5,0
MovieLens-1M,profile,full_unseen_catalogue,target_margin,full_catalogue,full_catalogue,random,Random control,intervention_success,0.40240000000000004,0.376,0.42880000000000007,250,5,0
MovieLens-1M,profile,full_unseen_catalogue,target_margin,full_catalogue,full_catalogue,random,Random control,abstention,0.0008,0.0,0.0024000000000000002,250,5,0
MovieLens-1M,profile,full_unseen_catalogue,target_margin,full_catalogue,full_catalogue,random,Random control,joint_regret_primary,0.007209816751495006,0.00665532609074931,0.0077905547002809486,250,5,0
MovieLens-1M,profile,full_unseen_catalogue,target_margin,full_catalogue,full_catalogue,random,Random control,normalized_regret_primary,1.0198975267476118,0.9990615067955434,1.042398291596143,250,5,0
MovieLens-1M,profile,full_unseen_catalogue,target_margin,full_catalogue,full_catalogue,random,Random control,joint_regret_ndcg,0.00046700665843868363,1.1547904897398052e-05,0.001116851392957727,250,5,0
MovieLens-1M,profile,full_unseen_catalogue,target_margin,full_catalogue,full_catalogue,random,Random control,normalized_regret_ndcg,0.7109351736821121,0.42187034736422424,1.0,2,5,248
MovieLens-1M,profile,full_unseen_catalogue,target_margin,full_catalogue,full_catalogue,random,Random control,intervention_success_ndcg,0.0008,0.0,0.0024000000000000002,250,5,0
MovieLens-1M,profile,full_unseen_catalogue,target_margin,full_catalogue,full_catalogue,random,Random control,aia_null_mean,0.0005583247584201146,-0.0007918295072368291,0.0018827060298112611,250,5,0
MovieLens-1M,profile,full_unseen_catalogue,target_margin,full_catalogue,full_catalogue,random,Random control,aia_null_p95,0.3874998317554478,0.37940452347015724,0.3969582737973326,250,5,0
MovieLens-1M,profile,full_unseen_catalogue,target_margin,full_catalogue,full_catalogue,random,Random control,aia_permutation_p,0.5059564356435643,0.49025742574257425,0.5217108910891088,250,5,0
MovieLens-1M,profile,full_unseen_catalogue,target_margin,full_catalogue,full_catalogue,shapley_mc,Monte Carlo Shapley,aia,0.8068733464883928,0.7942437805837093,0.8185739496385968,250,5,0
MovieLens-1M,profile,full_unseen_catalogue,target_margin,full_catalogue,full_catalogue,shapley_mc,Monte Carlo Shapley,aia_ndcg,0.15639901419940277,0.0037853130491128095,0.30901271534969277,4,5,246
MovieLens-1M,profile,full_unseen_catalogue,target_margin,full_catalogue,full_catalogue,shapley_mc,Monte Carlo Shapley,faithfulness_alignment,0.8027488867788558,0.7887342801007041,0.8156961764824442,250,5,0
MovieLens-1M,profile,full_unseen_catalogue,target_margin,full_catalogue,full_catalogue,shapley_mc,Monte Carlo Shapley,actionability_gap,0.004124459709537108,0.001955883212762467,0.0068075797071865144,250,5,0
MovieLens-1M,profile,full_unseen_catalogue,target_margin,full_catalogue,full_catalogue,shapley_mc,Monte Carlo Shapley,signed_alignment,0.9742508973173369,0.9676861690017928,0.9800779970612463,250,5,0
MovieLens-1M,profile,full_unseen_catalogue,target_margin,full_catalogue,full_catalogue,shapley_mc,Monte Carlo Shapley,signed_alignment_ndcg,0.45726339321758824,0.25538635809351745,0.7153818116447384,4,5,246
MovieLens-1M,profile,full_unseen_catalogue,target_margin,full_catalogue,full_catalogue,shapley_mc,Monte Carlo Shapley,direction_accuracy,0.9049741434348245,0.8986006857511254,0.9110659899446959,250,5,0
MovieLens-1M,profile,full_unseen_catalogue,target_margin,full_catalogue,full_catalogue,shapley_mc,Monte Carlo Shapley,direction_accuracy_ndcg,0.7291666666666667,0.5,0.9583333333333335,4,5,246
MovieLens-1M,profile,full_unseen_catalogue,target_margin,full_catalogue,full_catalogue,shapley_mc,Monte Carlo Shapley,top1_precision,0.9248,0.9056,0.9424,250,5,0
MovieLens-1M,profile,full_unseen_catalogue,target_margin,full_catalogue,full_catalogue,shapley_mc,Monte Carlo Shapley,top3_precision,0.9501333333333333,0.9373333333333332,0.9618666666666666,250,5,0
MovieLens-1M,profile,full_unseen_catalogue,target_margin,full_catalogue,full_catalogue,shapley_mc,Monte Carlo Shapley,top5_precision,0.9387733333333333,0.92496,0.9509346666666667,250,5,0
MovieLens-1M,profile,full_unseen_catalogue,target_margin,full_catalogue,full_catalogue,shapley_mc,Monte Carlo Shapley,joint_effect_primary,0.007129381914764039,0.006604578801896397,0.007660628228113929,250,5,0
MovieLens-1M,profile,full_unseen_catalogue,target_margin,full_catalogue,full_catalogue,shapley_mc,Monte Carlo Shapley,joint_effect_ndcg,0.00012214123337721047,-0.0006155251984296079,0.0009723575860067873,250,5,0
MovieLens-1M,profile,full_unseen_catalogue,target_margin,full_catalogue,full_catalogue,shapley_mc,Monte Carlo Shapley,joint_effect_target_margin,0.007129381914764039,0.006597492791663882,0.007681584571228775,250,5,0
MovieLens-1M,profile,full_unseen_catalogue,target_margin,full_catalogue,full_catalogue,shapley_mc,Monte Carlo Shapley,intervention_success,0.9967999999999999,0.9935999999999999,0.9992000000000001,250,5,0
MovieLens-1M,profile,full_unseen_catalogue,target_margin,full_catalogue,full_catalogue,shapley_mc,Monte Carlo Shapley,abstention,0.0,0.0,0.0,250,5,0
MovieLens-1M,profile,full_unseen_catalogue,target_margin,full_catalogue,full_catalogue,shapley_mc,Monte Carlo Shapley,joint_regret_primary,2.1318223057904495e-05,1.253552319314763e-05,3.349638047236084e-05,250,5,0
MovieLens-1M,profile,full_unseen_catalogue,target_margin,full_catalogue,full_catalogue,shapley_mc,Monte Carlo Shapley,normalized_regret_primary,0.019747480630210094,0.0075540367656620295,0.03661839110156213,250,5,0
MovieLens-1M,profile,full_unseen_catalogue,target_margin,full_catalogue,full_catalogue,shapley_mc,Monte Carlo Shapley,joint_regret_ndcg,0.0003333175201640751,0.0,0.0008978869013824604,250,5,0
MovieLens-1M,profile,full_unseen_catalogue,target_margin,full_catalogue,full_catalogue,shapley_mc,Monte Carlo Shapley,normalized_regret_ndcg,0.11314719276545837,0.0,0.22629438553091674,2,5,248
MovieLens-1M,profile,full_unseen_catalogue,target_margin,full_catalogue,full_catalogue,shapley_mc,Monte Carlo Shapley,intervention_success_ndcg,0.0016,0.0,0.004,250,5,0
MovieLens-1M,profile,full_unseen_catalogue,target_margin,full_catalogue,full_catalogue,shapley_mc,Monte Carlo Shapley,aia_null_mean,0.00011332062859740885,-0.0011329026522857947,0.0013506141385033956,250,5,0
MovieLens-1M,profile,full_unseen_catalogue,target_margin,full_catalogue,full_catalogue,shapley_mc,Monte Carlo Shapley,aia_null_p95,0.3843936038388855,0.37643102602791934,0.39362885321904606,250,5,0
MovieLens-1M,profile,full_unseen_catalogue,target_margin,full_catalogue,full_catalogue,shapley_mc,Monte Carlo Shapley,aia_permutation_p,0.017243564356435644,0.013251485148514852,0.022162376237623765,250,5,0
MovieLens-1M,profile,sampled_unseen_negatives_with_target,target_margin,primary,primary,greedy_cf,Greedy sequential deletion,aia,0.3165248325152659,0.30492928337271596,0.3281711528550139,1000,5,0
MovieLens-1M,profile,sampled_unseen_negatives_with_target,target_margin,primary,primary,greedy_cf,Greedy sequential deletion,aia_ndcg,0.10337411297400514,0.07622835728921733,0.1305505945944999,281,5,719
MovieLens-1M,profile,sampled_unseen_negatives_with_target,target_margin,primary,primary,greedy_cf,Greedy sequential deletion,faithfulness_alignment,0.3141757568592398,0.3026198320655093,0.3257517173287239,1000,5,0
MovieLens-1M,profile,sampled_unseen_negatives_with_target,target_margin,primary,primary,greedy_cf,Greedy sequential deletion,actionability_gap,0.00234907565602612,0.0014313477274789197,0.003239153425264106,1000,5,0
MovieLens-1M,profile,sampled_unseen_negatives_with_target,target_margin,primary,primary,greedy_cf,Greedy sequential deletion,signed_alignment,0.46458876852249914,0.4413015016188661,0.4867781688788507,1000,5,0
MovieLens-1M,profile,sampled_unseen_negatives_with_target,target_margin,primary,primary,greedy_cf,Greedy sequential deletion,signed_alignment_ndcg,0.19631078069458155,0.16561141327428452,0.2277032658427033,281,5,719
MovieLens-1M,profile,sampled_unseen_negatives_with_target,target_margin,primary,primary,greedy_cf,Greedy sequential deletion,direction_accuracy,0.5536202690807644,0.5481986508003734,0.558992308013903,1000,5,0
MovieLens-1M,profile,sampled_unseen_negatives_with_target,target_margin,primary,primary,greedy_cf,Greedy sequential deletion,direction_accuracy_ndcg,0.6692848154886307,0.6303129358530728,0.7066998737539054,281,5,719
MovieLens-1M,profile,sampled_unseen_negatives_with_target,target_margin,primary,primary,greedy_cf,Greedy sequential deletion,top1_precision,0.29760000000000003,0.2798,0.3154,1000,5,0
MovieLens-1M,profile,sampled_unseen_negatives_with_target,target_margin,primary,primary,greedy_cf,Greedy sequential deletion,top3_precision,0.5192666666666667,0.5034666666666667,0.5350666666666666,1000,5,0
MovieLens-1M,profile,sampled_unseen_negatives_with_target,target_margin,primary,primary,greedy_cf,Greedy sequential deletion,top5_precision,0.5829133333333334,0.5673133333333333,0.59843025,1000,5,0
MovieLens-1M,profile,sampled_unseen_negatives_with_target,target_margin,primary,primary,greedy_cf,Greedy sequential deletion,joint_effect_primary,0.0010336865009219088,0.0009158007968377813,0.0011511379844849905,1000,5,0
MovieLens-1M,profile,sampled_unseen_negatives_with_target,target_margin,primary,primary,greedy_cf,Greedy sequential deletion,joint_effect_ndcg,0.0009222833569678516,-0.00018308301980132503,0.0020139339551064257,1000,5,0
MovieLens-1M,profile,sampled_unseen_negatives_with_target,target_margin,primary,primary,greedy_cf,Greedy sequential deletion,joint_effect_target_margin,0.0010336865009219088,0.0009208737663877678,0.0011524500749453038,1000,5,0
MovieLens-1M,profile,sampled_unseen_negatives_with_target,target_margin,primary,primary,greedy_cf,Greedy sequential deletion,intervention_success,0.7686000000000002,0.7472000000000001,0.7894000000000001,1000,5,0
MovieLens-1M,profile,sampled_unseen_negatives_with_target,target_margin,primary,primary,greedy_cf,Greedy sequential deletion,abstention,0.0,0.0,0.0,1000,5,0
MovieLens-1M,profile,sampled_unseen_negatives_with_target,target_margin,primary,primary,greedy_cf,Greedy sequential deletion,joint_regret_primary,0.0013083973245152155,0.0012099186873257642,0.0014133432610374489,1000,5,0
MovieLens-1M,profile,sampled_unseen_negatives_with_target,target_margin,primary,primary,greedy_cf,Greedy sequential deletion,normalized_regret_primary,0.7057642005623462,0.6757647622014005,0.7361436099196277,1000,5,0
MovieLens-1M,profile,sampled_unseen_negatives_with_target,target_margin,primary,primary,greedy_cf,Greedy sequential deletion,joint_regret_ndcg,0.011473465470641622,0.00978921306130809,0.013273554002544067,1000,5,0
MovieLens-1M,profile,sampled_unseen_negatives_with_target,target_margin,primary,primary,greedy_cf,Greedy sequential deletion,normalized_regret_ndcg,1.1143074271750468,0.914802715439493,1.3661687872408497,290,5,710
MovieLens-1M,profile,sampled_unseen_negatives_with_target,target_margin,primary,primary,greedy_cf,Greedy sequential deletion,intervention_success_ndcg,0.022600000000000002,0.018200000000000004,0.027200000000000002,1000,5,0
MovieLens-1M,profile,sampled_unseen_negatives_with_target,target_margin,primary,primary,greedy_cf,Greedy sequential deletion,aia_null_mean,-0.00017433537480063794,-0.0003879056746325141,4.4398507054735795e-05,1000,5,0
MovieLens-1M,profile,sampled_unseen_negatives_with_target,target_margin,primary,primary,greedy_cf,Greedy sequential deletion,aia_null_p95,0.3989148206465876,0.3948048093006837,0.4032842379783207,1000,5,0
MovieLens-1M,profile,sampled_unseen_negatives_with_target,target_margin,primary,primary,greedy_cf,Greedy sequential deletion,aia_permutation_p,0.17906713286713288,0.1679124175824176,0.19092827672327675,1000,5,0
MovieLens-1M,profile,sampled_unseen_negatives_with_target,target_margin,primary,primary,lime,LIME,aia,0.9733256106690008,0.9712786129922707,0.9752703985409583,1000,5,0
MovieLens-1M,profile,sampled_unseen_negatives_with_target,target_margin,primary,primary,lime,LIME,aia_ndcg,0.1352838161156928,0.10617060108944949,0.16327397945268146,281,5,719
MovieLens-1M,profile,sampled_unseen_negatives_with_target,target_margin,primary,primary,lime,LIME,faithfulness_alignment,0.9787797625388027,0.9774983833295188,0.9799763763450172,1000,5,0
MovieLens-1M,profile,sampled_unseen_negatives_with_target,target_margin,primary,primary,lime,LIME,actionability_gap,-0.005454151869802024,-0.006535841722261227,-0.004489470405626366,1000,5,0
MovieLens-1M,profile,sampled_unseen_negatives_with_target,target_margin,primary,primary,lime,LIME,signed_alignment,0.9900529505169752,0.9895040537478516,0.9905744476354399,1000,5,0
MovieLens-1M,profile,sampled_unseen_negatives_with_target,target_margin,primary,primary,lime,LIME,signed_alignment_ndcg,0.3639481542323066,0.3335531174596763,0.394559266853631,281,5,719
MovieLens-1M,profile,sampled_unseen_negatives_with_target,target_margin,primary,primary,lime,LIME,direction_accuracy,0.979833223638247,0.9784216619921403,0.981143920887227,1000,5,0
MovieLens-1M,profile,sampled_unseen_negatives_with_target,target_margin,primary,primary,lime,LIME,direction_accuracy_ndcg,0.7801586037867962,0.7505307904075927,0.8080040479854368,281,5,719
MovieLens-1M,profile,sampled_unseen_negatives_with_target,target_margin,primary,primary,lime,LIME,top1_precision,0.9504000000000001,0.9436000000000001,0.957,1000,5,0
MovieLens-1M,profile,sampled_unseen_negatives_with_target,target_margin,primary,primary,lime,LIME,top3_precision,0.9502,0.9448,0.9551333333333334,1000,5,0
MovieLens-1M,profile,sampled_unseen_negatives_with_target,target_margin,primary,primary,lime,LIME,top5_precision,0.9393933333333334,0.9326965833333334,0.9455635000000001,1000,5,0
MovieLens-1M,profile,sampled_unseen_negatives_with_target,target_margin,primary,primary,lime,LIME,joint_effect_primary,0.0023383919257753904,0.0022167467064164942,0.002469940547565099,1000,5,0
MovieLens-1M,profile,sampled_unseen_negatives_with_target,target_margin,primary,primary,lime,LIME,joint_effect_ndcg,0.005967130831310631,0.0046722660603867126,0.0073200611151498654,1000,5,0
MovieLens-1M,profile,sampled_unseen_negatives_with_target,target_margin,primary,primary,lime,LIME,joint_effect_target_margin,0.0023383919257753904,0.0022183220554067265,0.002466007308337331,1000,5,0
MovieLens-1M,profile,sampled_unseen_negatives_with_target,target_margin,primary,primary,lime,LIME,intervention_success,0.9996,0.999,1.0,1000,5,0
MovieLens-1M,profile,sampled_unseen_negatives_with_target,target_margin,primary,primary,lime,LIME,abstention,0.0002,0.0,0.0006000000000000001,1000,5,0
MovieLens-1M,profile,sampled_unseen_negatives_with_target,target_margin,primary,primary,lime,LIME,joint_regret_primary,3.6918996617354983e-06,2.7704699974925495e-06,4.730238193923768e-06,1000,5,0
MovieLens-1M,profile,sampled_unseen_negatives_with_target,target_margin,primary,primary,lime,LIME,normalized_regret_primary,0.0035579362210445865,0.0026542243844351297,0.004674856760298789,1000,5,0
MovieLens-1M,profile,sampled_unseen_negatives_with_target,target_margin,primary,primary,lime,LIME,joint_regret_ndcg,0.006428617996298841,0.005293141634982136,0.007660048992432826,1000,5,0
MovieLens-1M,profile,sampled_unseen_negatives_with_target,target_margin,primary,primary,lime,LIME,normalized_regret_ndcg,0.6946035982436544,0.5215549392159146,0.9206431468192352,290,5,710
MovieLens-1M,profile,sampled_unseen_negatives_with_target,target_margin,primary,primary,lime,LIME,intervention_success_ndcg,0.0494,0.04240000000000001,0.056799999999999996,1000,5,0
MovieLens-1M,profile,sampled_unseen_negatives_with_target,target_margin,primary,primary,lime,LIME,aia_null_mean,1.6809448240098502e-06,-0.00021194447147692354,0.00021479757433330335,1000,5,0
MovieLens-1M,profile,sampled_unseen_negatives_with_target,target_margin,primary,primary,lime,LIME,aia_null_p95,0.39892635422523803,0.39484416901479574,0.40322828950325984,1000,5,0
MovieLens-1M,profile,sampled_unseen_negatives_with_target,target_margin,primary,primary,lime,LIME,aia_permutation_p,0.0016423576423576429,0.0011800199800199803,0.0022873226773226776,1000,5,0
MovieLens-1M,profile,sampled_unseen_negatives_with_target,target_margin,primary,primary,loo,Leave-one-out,aia,0.9936215611426756,0.9924858239112538,0.9945963716385523,1000,5,0
MovieLens-1M,profile,sampled_unseen_negatives_with_target,target_margin,primary,primary,loo,Leave-one-out,aia_ndcg,0.1406096628190106,0.11246158636691232,0.16781218844018939,281,5,719
MovieLens-1M,profile,sampled_unseen_negatives_with_target,target_margin,primary,primary,loo,Leave-one-out,faithfulness_alignment,1.0,1.0,1.0,1000,5,0
MovieLens-1M,profile,sampled_unseen_negatives_with_target,target_margin,primary,primary,loo,Leave-one-out,actionability_gap,-0.00637843885732433,-0.00754280664291851,-0.0053701619585265325,1000,5,0
MovieLens-1M,profile,sampled_unseen_negatives_with_target,target_margin,primary,primary,loo,Leave-one-out,signed_alignment,0.9984097311821307,0.9980878727433559,0.9986469841598031,1000,5,0
MovieLens-1M,profile,sampled_unseen_negatives_with_target,target_margin,primary,primary,loo,Leave-one-out,signed_alignment_ndcg,0.36315783437944554,0.3324701560891494,0.3942158793239983,281,5,719
MovieLens-1M,profile,sampled_unseen_negatives_with_target,target_margin,primary,primary,loo,Leave-one-out,direction_accuracy,0.9952214391370584,0.9944419697743132,0.9959581745478895,1000,5,0
MovieLens-1M,profile,sampled_unseen_negatives_with_target,target_margin,primary,primary,loo,Leave-one-out,direction_accuracy_ndcg,0.7834339733177916,0.7549863272017932,0.8110733258508078,281,5,719
MovieLens-1M,profile,sampled_unseen_negatives_with_target,target_margin,primary,primary,loo,Leave-one-out,top1_precision,0.9892,0.986,0.992,1000,5,0
MovieLens-1M,profile,sampled_unseen_negatives_with_target,target_margin,primary,primary,loo,Leave-one-out,top3_precision,0.9833333333333334,0.9790666666666666,0.9873333333333333,1000,5,0
MovieLens-1M,profile,sampled_unseen_negatives_with_target,target_margin,primary,primary,loo,Leave-one-out,top5_precision,0.9678333333333334,0.9613798333333333,0.9738135,1000,5,0
MovieLens-1M,profile,sampled_unseen_negatives_with_target,target_margin,primary,primary,loo,Leave-one-out,joint_effect_primary,0.0023404509048335622,0.002219405609990245,0.0024704214128911588,1000,5,0
MovieLens-1M,profile,sampled_unseen_negatives_with_target,target_margin,primary,primary,loo,Leave-one-out,joint_effect_ndcg,0.005512852849363328,0.00422673571838058,0.006807133839633928,1000,5,0
MovieLens-1M,profile,sampled_unseen_negatives_with_target,target_margin,primary,primary,loo,Leave-one-out,joint_effect_target_margin,0.0023404509048335622,0.0022181495228437934,0.0024679443102292417,1000,5,0
MovieLens-1M,profile,sampled_unseen_negatives_with_target,target_margin,primary,primary,loo,Leave-one-out,intervention_success,0.9997999999999999,0.9994,1.0,1000,5,0
MovieLens-1M,profile,sampled_unseen_negatives_with_target,target_margin,primary,primary,loo,Leave-one-out,abstention,0.0002,0.0,0.0006000000000000001,1000,5,0
MovieLens-1M,profile,sampled_unseen_negatives_with_target,target_margin,primary,primary,loo,Leave-one-out,joint_regret_primary,1.632920603563437e-06,8.394160368035914e-07,2.593842529804741e-06,1000,5,0
MovieLens-1M,profile,sampled_unseen_negatives_with_target,target_margin,primary,primary,loo,Leave-one-out,normalized_regret_primary,0.0012415675760377104,0.0008122778354092576,0.0017927280738353106,1000,5,0
MovieLens-1M,profile,sampled_unseen_negatives_with_target,target_margin,primary,primary,loo,Leave-one-out,joint_regret_ndcg,0.006882895978246143,0.005698442881612109,0.008136967618625285,1000,5,0
MovieLens-1M,profile,sampled_unseen_negatives_with_target,target_margin,primary,primary,loo,Leave-one-out,normalized_regret_ndcg,0.7256781216737389,0.5421131745971266,0.9727976000721446,290,5,710
MovieLens-1M,profile,sampled_unseen_negatives_with_target,target_margin,primary,primary,loo,Leave-one-out,intervention_success_ndcg,0.048,0.04100000000000001,0.055200000000000006,1000,5,0
MovieLens-1M,profile,sampled_unseen_negatives_with_target,target_margin,primary,primary,loo,Leave-one-out,aia_null_mean,-1.6754948611759774e-06,-0.00020959370220079198,0.0002095981122464996,1000,5,0
MovieLens-1M,profile,sampled_unseen_negatives_with_target,target_margin,primary,primary,loo,Leave-one-out,aia_null_p95,0.3988653610468478,0.39477503965741423,0.4032250204113094,1000,5,0
MovieLens-1M,profile,sampled_unseen_negatives_with_target,target_margin,primary,primary,loo,Leave-one-out,aia_permutation_p,0.001582817182817183,0.0011308641358641362,0.0022281968031968033,1000,5,0
MovieLens-1M,profile,sampled_unseen_negatives_with_target,target_margin,primary,primary,random,Random control,aia,0.0003579595997397846,-0.006446349673804009,0.0072260418464404515,1000,5,0
MovieLens-1M,profile,sampled_unseen_negatives_with_target,target_margin,primary,primary,random,Random control,aia_ndcg,0.01660060765698967,-0.009404335351666885,0.042411934104212644,281,5,719
MovieLens-1M,profile,sampled_unseen_negatives_with_target,target_margin,primary,primary,random,Random control,faithfulness_alignment,-1.0652165172289951e-05,-0.006714212610145273,0.006712229758631459,1000,5,0
MovieLens-1M,profile,sampled_unseen_negatives_with_target,target_margin,primary,primary,random,Random control,actionability_gap,0.0003686117649120746,-0.00045744996463804535,0.001227991143660261,1000,5,0
MovieLens-1M,profile,sampled_unseen_negatives_with_target,target_margin,primary,primary,random,Random control,signed_alignment,-0.00034647358317636855,-0.006844094553923889,0.006287476054260495,1000,5,0
MovieLens-1M,profile,sampled_unseen_negatives_with_target,target_margin,primary,primary,random,Random control,signed_alignment_ndcg,0.026996565404372737,0.0008691879725769687,0.052914078921615586,281,5,719
MovieLens-1M,profile,sampled_unseen_negatives_with_target,target_margin,primary,primary,random,Random control,direction_accuracy,0.49918743437419133,0.495827748963326,0.5024555068013342,1000,5,0
MovieLens-1M,profile,sampled_unseen_negatives_with_target,target_margin,primary,primary,random,Random control,direction_accuracy_ndcg,0.5283847975083321,0.495281143291597,0.5622512125556497,281,5,719
MovieLens-1M,profile,sampled_unseen_negatives_with_target,target_margin,primary,primary,random,Random control,top1_precision,0.056600000000000004,0.050199999999999995,0.0632,1000,5,0
MovieLens-1M,profile,sampled_unseen_negatives_with_target,target_margin,primary,primary,random,Random control,top3_precision,0.1638,0.15766666666666668,0.16993333333333333,1000,5,0
MovieLens-1M,profile,sampled_unseen_negatives_with_target,target_margin,primary,primary,random,Random control,top5_precision,0.2593566666666667,0.2540131666666666,0.26465675000000005,1000,5,0
MovieLens-1M,profile,sampled_unseen_negatives_with_target,target_margin,primary,primary,random,Random control,joint_effect_primary,-1.8075002411909552e-05,-5.990422308174543e-05,2.1416248099748583e-05,1000,5,0
MovieLens-1M,profile,sampled_unseen_negatives_with_target,target_margin,primary,primary,random,Random control,joint_effect_ndcg,0.00022516074137914166,-0.0005817419163048715,0.0010583456625891758,1000,5,0
MovieLens-1M,profile,sampled_unseen_negatives_with_target,target_margin,primary,primary,random,Random control,joint_effect_target_margin,-1.8075002411909552e-05,-5.932825059769032e-05,2.1752521961086706e-05,1000,5,0
MovieLens-1M,profile,sampled_unseen_negatives_with_target,target_margin,primary,primary,random,Random control,intervention_success,0.45039999999999997,0.436,0.465,1000,5,0
MovieLens-1M,profile,sampled_unseen_negatives_with_target,target_margin,primary,primary,random,Random control,abstention,0.0004,0.0,0.001,1000,5,0
MovieLens-1M,profile,sampled_unseen_negatives_with_target,target_margin,primary,primary,random,Random control,joint_regret_primary,0.002360158827849034,0.002230458730738577,0.0024983801709602196,1000,5,0
MovieLens-1M,profile,sampled_unseen_negatives_with_target,target_margin,primary,primary,random,Random control,normalized_regret_primary,1.010856887570715,0.9994457053433856,1.0221587733596271,1000,5,0
MovieLens-1M,profile,sampled_unseen_negatives_with_target,target_margin,primary,primary,random,Random control,joint_regret_ndcg,0.012170588086230331,0.010538115196443433,0.013888319288266332,1000,5,0
MovieLens-1M,profile,sampled_unseen_negatives_with_target,target_margin,primary,primary,random,Random control,normalized_regret_ndcg,1.170680783739087,0.9783913892538966,1.416475158946736,290,5,710
MovieLens-1M,profile,sampled_unseen_negatives_with_target,target_margin,primary,primary,random,Random control,intervention_success_ndcg,0.015600000000000001,0.012,0.019600000000000003,1000,5,0
MovieLens-1M,profile,sampled_unseen_negatives_with_target,target_margin,primary,primary,random,Random control,aia_null_mean,2.0521253545216376e-05,-0.00020261853000624246,0.00024368520110681362,1000,5,0
MovieLens-1M,profile,sampled_unseen_negatives_with_target,target_margin,primary,primary,random,Random control,aia_null_p95,0.39904406540054355,0.3948938438813121,0.403517681216629,1000,5,0
MovieLens-1M,profile,sampled_unseen_negatives_with_target,target_margin,primary,primary,random,Random control,aia_permutation_p,0.5003278721278722,0.49230016983016983,0.5083293256743256,1000,5,0
MovieLens-1M,profile,sampled_unseen_negatives_with_target,target_margin,primary,primary,shapley_mc,Monte Carlo Shapley,aia,0.7874882753778729,0.78197903609587,0.7927763136419824,1000,5,0
MovieLens-1M,profile,sampled_unseen_negatives_with_target,target_margin,primary,primary,shapley_mc,Monte Carlo Shapley,aia_ndcg,0.15298044029867788,0.1264845174771042,0.1790929646428787,281,5,719
MovieLens-1M,profile,sampled_unseen_negatives_with_target,target_margin,primary,primary,shapley_mc,Monte Carlo Shapley,faithfulness_alignment,0.7795285940633155,0.7734363863992044,0.7854725432521554,1000,5,0
MovieLens-1M,profile,sampled_unseen_negatives_with_target,target_margin,primary,primary,shapley_mc,Monte Carlo Shapley,actionability_gap,0.007959681314557477,0.006431951173568434,0.009690221263514607,1000,5,0
MovieLens-1M,profile,sampled_unseen_negatives_with_target,target_margin,primary,primary,shapley_mc,Monte Carlo Shapley,signed_alignment,0.9630125835310199,0.9607277711924298,0.965225309949983,1000,5,0
MovieLens-1M,profile,sampled_unseen_negatives_with_target,target_margin,primary,primary,shapley_mc,Monte Carlo Shapley,signed_alignment_ndcg,0.3800880577986346,0.3497856983063806,0.4086759853282925,281,5,719
MovieLens-1M,profile,sampled_unseen_negatives_with_target,target_margin,primary,primary,shapley_mc,Monte Carlo Shapley,direction_accuracy,0.8916275291349517,0.8888747930677854,0.894373317464828,1000,5,0
MovieLens-1M,profile,sampled_unseen_negatives_with_target,target_margin,primary,primary,shapley_mc,Monte Carlo Shapley,direction_accuracy_ndcg,0.8110292549676577,0.7853344619983266,0.8359315416807043,281,5,719
MovieLens-1M,profile,sampled_unseen_negatives_with_target,target_margin,primary,primary,shapley_mc,Monte Carlo Shapley,top1_precision,0.885,0.8742000000000001,0.8956000000000001,1000,5,0
MovieLens-1M,profile,sampled_unseen_negatives_with_target,target_margin,primary,primary,shapley_mc,Monte Carlo Shapley,top3_precision,0.9034666666666668,0.8964666666666667,0.9103333333333333,1000,5,0
MovieLens-1M,profile,sampled_unseen_negatives_with_target,target_margin,primary,primary,shapley_mc,Monte Carlo Shapley,top5_precision,0.9001933333333334,0.8933131666666668,0.90684,1000,5,0
MovieLens-1M,profile,sampled_unseen_negatives_with_target,target_margin,primary,primary,shapley_mc,Monte Carlo Shapley,joint_effect_primary,0.0023292263747351424,0.002204513178566518,0.0024592491229824777,1000,5,0
MovieLens-1M,profile,sampled_unseen_negatives_with_target,target_margin,primary,primary,shapley_mc,Monte Carlo Shapley,joint_effect_ndcg,0.005616813950449058,0.004324029275086626,0.006974031047533918,1000,5,0
MovieLens-1M,profile,sampled_unseen_negatives_with_target,target_margin,primary,primary,shapley_mc,Monte Carlo Shapley,joint_effect_target_margin,0.0023292263747351424,0.002209104938737163,0.002456137478862218,1000,5,0
MovieLens-1M,profile,sampled_unseen_negatives_with_target,target_margin,primary,primary,shapley_mc,Monte Carlo Shapley,intervention_success,0.9996,0.999,1.0,1000,5,0
MovieLens-1M,profile,sampled_unseen_negatives_with_target,target_margin,primary,primary,shapley_mc,Monte Carlo Shapley,abstention,0.0,0.0,0.0,1000,5,0
MovieLens-1M,profile,sampled_unseen_negatives_with_target,target_margin,primary,primary,shapley_mc,Monte Carlo Shapley,joint_regret_primary,1.2857450701983388e-05,1.128264789165287e-05,1.4586119671339897e-05,1000,5,0
MovieLens-1M,profile,sampled_unseen_negatives_with_target,target_margin,primary,primary,shapley_mc,Monte Carlo Shapley,normalized_regret_primary,0.01865243021243686,0.016180583786849983,0.021229461789146194,1000,5,0
MovieLens-1M,profile,sampled_unseen_negatives_with_target,target_margin,primary,primary,shapley_mc,Monte Carlo Shapley,joint_regret_ndcg,0.006778934877160415,0.005582103503953922,0.008016802144811241,1000,5,0
MovieLens-1M,profile,sampled_unseen_negatives_with_target,target_margin,primary,primary,shapley_mc,Monte Carlo Shapley,normalized_regret_ndcg,0.6887799355584395,0.5276262187619903,0.9149016206760618,290,5,710
MovieLens-1M,profile,sampled_unseen_negatives_with_target,target_margin,primary,primary,shapley_mc,Monte Carlo Shapley,intervention_success_ndcg,0.047799999999999995,0.041,0.055,1000,5,0
MovieLens-1M,profile,sampled_unseen_negatives_with_target,target_margin,primary,primary,shapley_mc,Monte Carlo Shapley,aia_null_mean,3.76789205892147e-05,-0.0001766907035624334,0.000250444115648541,1000,5,0
MovieLens-1M,profile,sampled_unseen_negatives_with_target,target_margin,primary,primary,shapley_mc,Monte Carlo Shapley,aia_null_p95,0.3990103639203933,0.39481061213692775,0.40349591411118546,1000,5,0
MovieLens-1M,profile,sampled_unseen_negatives_with_target,target_margin,primary,primary,shapley_mc,Monte Carlo Shapley,aia_permutation_p,0.007324675324675326,0.005586953046953047,0.009272932067932067,1000,5,0
