seed,user,n_players,method,method_label,aia,faithfulness_alignment,joint_effect_b2,joint_regret_b2,normalized_regret_b2,actionability_gap,efficiency_error
42,0,20,shapley_mc,Monte Carlo Shapley,0.6481203007518795,0.6481203007518795,0.0016462090768016857,0.0,0.0,0.0,1.734723475976807e-18
42,0,20,loo_oracle,LOO oracle,1.0,1.0,0.0016462090768016857,0.0,0.0,0.0,1.734723475976807e-18
42,0,20,lime,LIME,0.9533834586466164,0.9533834586466164,0.0016462090768016857,0.0,0.0,0.0,1.734723475976807e-18
42,1,20,shapley_mc,Monte Carlo Shapley,0.8436090225563909,0.8436090225563909,0.0021618785828182996,0.0,0.0,0.0,3.469446951953614e-18
42,1,20,loo_oracle,LOO oracle,1.0,1.0,0.0021618785828182996,0.0,0.0,0.0,3.469446951953614e-18
42,1,20,lime,LIME,0.9804511278195487,0.9804511278195487,0.0021618785828182996,0.0,0.0,0.0,3.469446951953614e-18
42,2,20,shapley_mc,Monte Carlo Shapley,0.9097744360902256,0.9052631578947368,0.0012519068384878596,0.00015926908865171452,0.11286267394150293,0.004511278195488799,1.734723475976807e-18
42,2,20,loo_oracle,LOO oracle,0.9954887218045112,1.0,-1.462760301029764e-05,0.0014258035301498717,1.0103655410488628,-0.004511278195488799,1.734723475976807e-18
42,2,20,lime,LIME,0.956390977443609,0.9548872180451128,-1.462760301029764e-05,0.0014258035301498717,1.0103655410488628,0.0015037593984962294,1.734723475976807e-18
42,3,16,shapley_mc,Monte Carlo Shapley,0.823529411764706,0.8264705882352942,0.0013895401792312634,0.0,0.0,-0.002941176470588225,0.0
42,3,16,loo_oracle,LOO oracle,0.9970588235294118,1.0,0.0013895401792312634,0.0,0.0,-0.002941176470588225,0.0
42,3,16,lime,LIME,0.9176470588235294,0.9235294117647058,0.0013895401792312634,0.0,0.0,-0.00588235294117645,0.0
42,4,20,shapley_mc,Monte Carlo Shapley,0.7082706766917292,0.6330827067669172,0.0014273111995523613,0.0,0.0,0.07518796992481191,0.0
42,4,20,loo_oracle,LOO oracle,0.9774436090225563,1.0,0.0005102792503454134,0.0009170319492069479,0.642489142418319,-0.022556390977443663,0.0
42,4,20,lime,LIME,0.8676691729323308,0.9263157894736842,0.0005102792503454134,0.0009170319492069479,0.642489142418319,-0.05864661654135339,0.0
42,5,20,shapley_mc,Monte Carlo Shapley,0.9428571428571428,0.9428571428571428,0.0016049081902492213,0.0,0.0,0.0,1.734723475976807e-18
42,5,20,loo_oracle,LOO oracle,0.9924812030075187,1.0,0.0004577071401474231,0.0011472010501017982,0.714807897646061,-0.007518796992481258,1.734723475976807e-18
42,5,20,lime,LIME,0.9669172932330825,0.9593984962406013,0.0004577071401474231,0.0011472010501017982,0.714807897646061,0.007518796992481258,1.734723475976807e-18
42,6,20,shapley_mc,Monte Carlo Shapley,0.918796992481203,0.9097744360902256,0.0006395848264362236,6.48860820158248e-05,0.09210611984857471,0.009022556390977376,7.589415207398531e-19
42,6,20,loo_oracle,LOO oracle,0.9969924812030074,1.0,0.0007044709084520484,0.0,0.0,-0.00300751879699257,7.589415207398531e-19
42,6,20,lime,LIME,0.9578947368421054,0.9654135338345864,3.6843640497774555e-05,0.0006676272679542739,0.9477002655419338,-0.007518796992481036,7.589415207398531e-19
42,7,20,shapley_mc,Monte Carlo Shapley,0.5263157894736841,0.5639097744360902,-0.00019784369142189506,0.0008026681997050922,1.3271092480302558,-0.03759398496240618,8.673617379884035e-19
42,7,20,loo_oracle,LOO oracle,0.9759398496240601,1.0,-0.00017505956485652785,0.000779884073139725,1.2894386076781152,-0.024060150375939893,8.673617379884035e-19
42,7,20,lime,LIME,0.8586466165413533,0.882706766917293,-0.0007362172560273494,0.0013410417643105466,2.217241106680467,-0.02406015037593967,8.673617379884035e-19
42,8,20,shapley_mc,Monte Carlo Shapley,0.6375939849624059,0.6015037593984961,0.00203546609627836,0.0,0.0,0.03609022556390984,0.0
42,8,20,loo_oracle,LOO oracle,0.9894736842105262,1.0,0.0009572264130402464,0.0010782396832381136,0.5297261814774697,-0.010526315789473828,0.0
42,8,20,lime,LIME,0.9548872180451128,0.9669172932330825,0.0009572264130402464,0.0010782396832381136,0.5297261814774697,-0.012030075187969724,0.0
42,9,20,shapley_mc,Monte Carlo Shapley,0.6977443609022556,0.6977443609022556,0.001585300296243819,0.00010089773888960485,0.05983741928733993,0.0,1.734723475976807e-18
42,9,20,loo_oracle,LOO oracle,0.9954887218045112,1.0,0.0005632359389000641,0.0011229620962333597,0.6659728407752119,-0.004511278195488799,1.734723475976807e-18
42,9,20,lime,LIME,0.9593984962406013,0.9639097744360902,0.0005632359389000641,0.0011229620962333597,0.6659728407752119,-0.00451127819548891,1.734723475976807e-18
42,10,20,shapley_mc,Monte Carlo Shapley,0.7082706766917292,0.6526315789473683,0.000767676684359675,0.0,0.0,0.05563909774436082,0.0
42,10,20,loo_oracle,LOO oracle,0.9684210526315788,1.0,0.00016693432486908355,0.0006007423594905914,0.7825460521953056,-0.03157894736842115,0.0
42,10,20,lime,LIME,0.7548872180451127,0.813533834586466,0.00016693432486908355,0.0006007423594905914,0.7825460521953056,-0.05864661654135328,0.0
42,11,12,shapley_mc,Monte Carlo Shapley,0.30069930069930073,0.2517482517482518,0.0007986178177252778,0.0,0.0,0.04895104895104896,1.734723475976807e-18
42,11,12,loo_oracle,LOO oracle,0.9720279720279721,1.0,0.00017774161948647116,0.0006208761982388067,0.7774384488813745,-0.027972027972027913,1.734723475976807e-18
42,11,12,lime,LIME,0.9090909090909092,0.965034965034965,0.00017774161948647116,0.0006208761982388067,0.7774384488813745,-0.055944055944055826,1.734723475976807e-18
42,12,20,shapley_mc,Monte Carlo Shapley,0.8947368421052632,0.882706766917293,0.0013376923537292695,0.0,0.0,0.012030075187970168,3.469446951953614e-18
42,12,20,loo_oracle,LOO oracle,0.9969924812030074,1.0,0.0013376923537292695,0.0,0.0,-0.00300751879699257,3.469446951953614e-18
42,12,20,lime,LIME,0.9744360902255638,0.9729323308270676,9.101452812176891e-05,0.0012466778256075006,0.931961538989143,0.0015037593984961184,3.469446951953614e-18
42,13,11,shapley_mc,Monte Carlo Shapley,0.6454545454545455,0.6454545454545455,0.0021512816384944844,0.0,0.0,0.0,0.0
42,13,11,loo_oracle,LOO oracle,1.0,1.0,0.0021512816384944844,0.0,0.0,0.0,0.0
42,13,11,lime,LIME,0.990909090909091,0.990909090909091,0.0021512816384944844,0.0,0.0,0.0,0.0
42,14,20,shapley_mc,Monte Carlo Shapley,0.4120300751879699,0.27368421052631575,0.00045005397317338103,0.0,0.0,0.13834586466165416,8.673617379884035e-19
42,14,20,loo_oracle,LOO oracle,0.9293233082706768,1.0,-0.0005902714525964359,0.001040325425769817,2.3115570253114504,-0.07067669172932323,8.673617379884035e-19
42,14,20,lime,LIME,0.8451127819548873,0.9293233082706768,-0.0005902714525964359,0.001040325425769817,2.3115570253114504,-0.08421052631578951,8.673617379884035e-19
42,15,11,shapley_mc,Monte Carlo Shapley,0.6090909090909091,0.5818181818181819,0.0022013558907656994,0.00021034927106305945,0.08722014378255703,0.027272727272727226,3.469446951953614e-18
42,15,11,loo_oracle,LOO oracle,0.990909090909091,1.0,5.6720988939051864e-05,0.002354984172889707,0.9764809601052054,-0.009090909090909038,3.469446951953614e-18
42,15,11,lime,LIME,0.990909090909091,1.0,5.6720988939051864e-05,0.002354984172889707,0.9764809601052054,-0.009090909090909038,3.469446951953614e-18
42,16,20,shapley_mc,Monte Carlo Shapley,0.7383458646616541,0.7142857142857143,0.0008625142544559927,0.0,0.0,0.02406015037593978,0.0
42,16,20,loo_oracle,LOO oracle,0.9894736842105262,1.0,0.00016222709149410486,0.0007002871629618879,0.8119137261002847,-0.010526315789473828,0.0
42,16,20,lime,LIME,0.9097744360902256,0.9428571428571428,0.00016222709149410486,0.0007002871629618879,0.8119137261002847,-0.03308270676691727,0.0
42,17,20,shapley_mc,Monte Carlo Shapley,0.5969924812030075,0.6195488721804511,0.0007757195162990671,0.00010836801831126675,0.12257611825332929,-0.022556390977443552,0.0
42,17,20,loo_oracle,LOO oracle,0.9789473684210527,1.0,0.0002470854587177107,0.0006370020758926231,0.7205192362008201,-0.021052631578947323,0.0
42,17,20,lime,LIME,0.8962406015037594,0.9218045112781955,0.0002470854587177107,0.0006370020758926231,0.7205192362008201,-0.025563909774436122,0.0
42,18,20,shapley_mc,Monte Carlo Shapley,0.831578947368421,0.831578947368421,0.0027232346661094087,0.0,0.0,0.0,5.204170427930421e-18
42,18,20,loo_oracle,LOO oracle,1.0,1.0,0.0027232346661094087,0.0,0.0,0.0,5.204170427930421e-18
42,18,20,lime,LIME,0.9834586466165413,0.9834586466165413,0.0027232346661094087,0.0,0.0,0.0,5.204170427930421e-18
42,19,17,shapley_mc,Monte Carlo Shapley,0.698529411764706,0.698529411764706,0.004257840861688178,0.0,0.0,0.0,3.469446951953614e-18
42,19,17,loo_oracle,LOO oracle,1.0,1.0,0.004257840861688178,0.0,0.0,0.0,3.469446951953614e-18
42,19,17,lime,LIME,0.985294117647059,0.985294117647059,0.004257840861688178,0.0,0.0,0.0,3.469446951953614e-18
42,20,4,shapley_mc,Monte Carlo Shapley,1.0,1.0,0.0013466981963510816,,,0.0,1.3877787807814457e-17
42,20,4,loo_oracle,LOO oracle,1.0,1.0,0.0013466981963510816,,,0.0,1.3877787807814457e-17
42,20,4,lime,LIME,1.0,1.0,0.0013466981963510816,,,0.0,1.3877787807814457e-17
42,21,20,shapley_mc,Monte Carlo Shapley,0.8541353383458646,0.831578947368421,0.00036752968470787906,,,0.022556390977443663,0.0
42,21,20,loo_oracle,LOO oracle,0.9954887218045112,1.0,0.00036752968470787906,,,-0.004511278195488799,0.0
42,21,20,lime,LIME,0.9819548872180449,0.9759398496240601,0.00036752968470787906,,,0.006015037593984807,0.0
42,22,20,shapley_mc,Monte Carlo Shapley,0.8721804511278194,0.8706766917293233,0.0018472589445845955,,,0.0015037593984961184,5.204170427930421e-18
42,22,20,loo_oracle,LOO oracle,0.9969924812030074,1.0,0.0018472589445845955,,,-0.00300751879699257,5.204170427930421e-18
42,22,20,lime,LIME,0.9804511278195487,0.9774436090225563,0.0018472589445845955,,,0.003007518796992348,5.204170427930421e-18
42,23,20,shapley_mc,Monte Carlo Shapley,0.8661654135338346,0.8541353383458646,0.0013807639407035777,,,0.012030075187969946,1.734723475976807e-18
42,23,20,loo_oracle,LOO oracle,0.9954887218045112,1.0,0.0015066729805373602,,,-0.004511278195488799,1.734723475976807e-18
42,23,20,lime,LIME,0.9924812030075187,0.9909774436090225,0.0015066729805373602,,,0.0015037593984962294,1.734723475976807e-18
42,24,20,shapley_mc,Monte Carlo Shapley,0.8030075187969924,0.7609022556390977,0.0006018479473417493,,,0.042105263157894646,0.0
42,24,20,loo_oracle,LOO oracle,0.9864661654135337,1.0,-0.0006345709337136629,,,-0.013533834586466287,0.0
42,24,20,lime,LIME,0.8812030075187969,0.9203007518796992,-0.0006345709337136629,,,-0.0390977443609023,0.0
42,25,20,shapley_mc,Monte Carlo Shapley,0.593984962406015,0.5819548872180451,0.0003544780925693325,,,0.012030075187969835,0.0
42,25,20,loo_oracle,LOO oracle,0.9488721804511278,1.0,-0.00042629470328497954,,,-0.051127819548872244,0.0
42,25,20,lime,LIME,0.7097744360902255,0.8556390977443609,-0.00042629470328497954,,,-0.14586466165413536,0.0
42,26,20,shapley_mc,Monte Carlo Shapley,0.7488721804511278,0.7458646616541353,0.0007409859601483215,,,0.003007518796992459,1.734723475976807e-18
42,26,20,loo_oracle,LOO oracle,0.9969924812030074,1.0,-0.0010566519651007411,,,-0.00300751879699257,1.734723475976807e-18
42,26,20,lime,LIME,0.9759398496240601,0.9774436090225563,-0.0010566519651007411,,,-0.0015037593984962294,1.734723475976807e-18
42,27,20,shapley_mc,Monte Carlo Shapley,0.8105263157894737,0.8105263157894737,0.005711112605096769,,,0.0,0.0
42,27,20,loo_oracle,LOO oracle,1.0,1.0,0.005711112605096769,,,0.0,0.0
42,27,20,lime,LIME,0.825563909774436,0.825563909774436,0.005711112605096769,,,0.0,0.0
42,28,20,shapley_mc,Monte Carlo Shapley,0.7639097744360903,0.7578947368421052,0.0014098180718883913,,,0.00601503759398514,1.734723475976807e-18
42,28,20,loo_oracle,LOO oracle,0.9984962406015038,1.0,0.0008657280047295601,,,-0.0015037593984962294,1.734723475976807e-18
42,28,20,lime,LIME,0.9338345864661652,0.932330827067669,0.0008730744347266173,,,0.0015037593984962294,1.734723475976807e-18
42,29,20,shapley_mc,Monte Carlo Shapley,0.6706766917293233,0.6676691729323309,0.002506279812816259,,,0.003007518796992459,6.938893903907228e-18
42,29,20,loo_oracle,LOO oracle,0.9984962406015038,1.0,0.0007203348211907157,,,-0.0015037593984962294,6.938893903907228e-18
42,29,20,lime,LIME,0.9714285714285714,0.9729323308270676,0.0007203348211907157,,,-0.0015037593984962294,6.938893903907228e-18
42,30,20,shapley_mc,Monte Carlo Shapley,0.7789473684210525,0.732330827067669,-6.90495472276953e-05,,,0.046616541353383445,0.0
42,30,20,loo_oracle,LOO oracle,0.9774436090225563,1.0,-5.899276961479627e-05,,,-0.022556390977443663,0.0
42,30,20,lime,LIME,0.8977443609022555,0.932330827067669,-0.0005113975666692361,,,-0.0345864661654135,0.0
42,31,20,shapley_mc,Monte Carlo Shapley,0.8872180451127819,0.8872180451127819,-0.0008852438800711626,,,0.0,0.0
42,31,20,loo_oracle,LOO oracle,1.0,1.0,-7.031161545301146e-05,,,0.0,0.0
42,31,20,lime,LIME,0.9684210526315788,0.9684210526315788,-7.031161545301146e-05,,,0.0,0.0
42,32,20,shapley_mc,Monte Carlo Shapley,0.5969924812030075,0.5699248120300752,0.0009951162232825217,,,0.02706766917293235,0.0
42,32,20,loo_oracle,LOO oracle,0.9789473684210527,1.0,0.0009951162232825217,,,-0.021052631578947323,0.0
42,32,20,lime,LIME,0.8842105263157894,0.9203007518796992,9.587594109183861e-05,,,-0.03609022556390973,0.0
42,33,20,shapley_mc,Monte Carlo Shapley,0.3037593984962406,0.19548872180451127,8.801887030479572e-05,,,0.10827067669172935,4.336808689942018e-19
42,33,20,loo_oracle,LOO oracle,0.9022556390977443,1.0,-0.00028267189643477186,,,-0.09774436090225569,4.336808689942018e-19
42,33,20,lime,LIME,0.806015037593985,0.8180451127819548,-0.0002669081875715795,,,-0.012030075187969835,4.336808689942018e-19
42,34,20,shapley_mc,Monte Carlo Shapley,0.6766917293233082,0.6541353383458646,0.0011467042140829165,,,0.022556390977443663,8.673617379884035e-19
42,34,20,loo_oracle,LOO oracle,0.9984962406015038,1.0,0.0011467042140829165,,,-0.0015037593984962294,8.673617379884035e-19
42,34,20,lime,LIME,0.9142857142857143,0.9172932330827066,0.00028641580362270824,,,-0.003007518796992348,8.673617379884035e-19
42,35,20,shapley_mc,Monte Carlo Shapley,0.6812030075187969,0.6451127819548872,-1.6506881775624205e-05,,,0.03609022556390973,8.673617379884035e-19
42,35,20,loo_oracle,LOO oracle,0.9849624060150375,1.0,-0.0009133740390293021,,,-0.015037593984962516,8.673617379884035e-19
42,35,20,lime,LIME,0.9082706766917292,0.9413533834586465,-0.0009133740390293021,,,-0.03308270676691727,8.673617379884035e-19
42,36,20,shapley_mc,Monte Carlo Shapley,0.6812030075187969,0.6706766917293233,0.0016663495677020634,,,0.010526315789473606,8.673617379884035e-19
42,36,20,loo_oracle,LOO oracle,0.9984962406015038,1.0,0.0007738806632371364,,,-0.0015037593984962294,8.673617379884035e-19
42,36,20,lime,LIME,0.9473684210526315,0.956390977443609,0.0007738806632371364,,,-0.009022556390977488,8.673617379884035e-19
42,37,20,shapley_mc,Monte Carlo Shapley,0.9263157894736842,0.9157894736842105,0.0016278120861952794,,,0.010526315789473717,0.0
42,37,20,loo_oracle,LOO oracle,0.9969924812030074,1.0,0.0016278120861952794,,,-0.00300751879699257,0.0
42,37,20,lime,LIME,0.9052631578947368,0.9127819548872179,0.0016278120861952794,,,-0.007518796992481147,0.0
42,38,20,shapley_mc,Monte Carlo Shapley,0.8030075187969924,0.8030075187969924,0.000837759579552122,,,0.0,1.734723475976807e-18
42,38,20,loo_oracle,LOO oracle,1.0,1.0,0.00010597414488605628,,,0.0,1.734723475976807e-18
42,38,20,lime,LIME,0.9699248120300751,0.9699248120300751,0.00010597414488605628,,,0.0,1.734723475976807e-18
42,39,20,shapley_mc,Monte Carlo Shapley,0.801503759398496,0.801503759398496,0.0025787256407113213,,,0.0,1.734723475976807e-18
42,39,20,loo_oracle,LOO oracle,1.0,1.0,0.0025787256407113213,,,0.0,1.734723475976807e-18
42,39,20,lime,LIME,0.9654135338345864,0.9654135338345864,0.0025787256407113213,,,0.0,1.734723475976807e-18
42,40,12,shapley_mc,Monte Carlo Shapley,0.8881118881118882,0.8881118881118882,0.00546844461721685,,,0.0,1.0408340855860843e-17
42,40,12,loo_oracle,LOO oracle,1.0,1.0,0.00546844461721685,,,0.0,1.0408340855860843e-17
42,40,12,lime,LIME,0.9930069930069931,0.9930069930069931,0.00546844461721685,,,0.0,1.0408340855860843e-17
42,41,20,shapley_mc,Monte Carlo Shapley,0.5609022556390978,0.5609022556390978,0.002298016088633781,,,0.0,1.734723475976807e-18
42,41,20,loo_oracle,LOO oracle,1.0,1.0,0.002298016088633781,,,0.0,1.734723475976807e-18
42,41,20,lime,LIME,0.9789473684210527,0.9789473684210527,0.002298016088633781,,,0.0,1.734723475976807e-18
42,42,18,shapley_mc,Monte Carlo Shapley,0.5273477812177503,0.5273477812177503,-0.010605649800175088,,,0.0,0.0
42,42,18,loo_oracle,LOO oracle,1.0,1.0,-0.010605649800175088,,,0.0,0.0
42,42,18,lime,LIME,0.9401444788441692,0.9401444788441692,-0.010605649800175088,,,0.0,0.0
42,43,20,shapley_mc,Monte Carlo Shapley,0.6360902255639098,0.6090225563909774,-0.0006994933887713994,,,0.027067669172932463,8.673617379884035e-19
42,43,20,loo_oracle,LOO oracle,0.9774436090225563,1.0,-0.0006994933887713994,,,-0.022556390977443663,8.673617379884035e-19
42,43,20,lime,LIME,0.9488721804511278,0.9819548872180449,-0.0006994933887713994,,,-0.03308270676691716,8.673617379884035e-19
42,44,20,shapley_mc,Monte Carlo Shapley,0.8796992481203006,0.8586466165413533,0.00010539365773887255,,,0.021052631578947323,4.336808689942018e-19
42,44,20,loo_oracle,LOO oracle,0.9909774436090225,1.0,0.00010539365773887255,,,-0.009022556390977488,4.336808689942018e-19
42,44,20,lime,LIME,0.8872180451127819,0.9037593984962405,0.00010539365773887255,,,-0.016541353383458635,4.336808689942018e-19
42,45,20,shapley_mc,Monte Carlo Shapley,0.4330827067669173,0.3142857142857143,0.00044222088145456917,,,0.11879699248120301,4.336808689942018e-19
42,45,20,loo_oracle,LOO oracle,0.8766917293233082,1.0,2.6497564351246616e-05,,,-0.12330827067669181,4.336808689942018e-19
42,45,20,lime,LIME,0.6766917293233082,0.8240601503759398,7.740337317263535e-05,,,-0.1473684210526316,4.336808689942018e-19
42,46,15,shapley_mc,Monte Carlo Shapley,0.95,0.9642857142857141,-0.0013822896778200588,,,-0.014285714285714124,1.734723475976807e-18
42,46,15,loo_oracle,LOO oracle,0.9964285714285712,1.0,-0.0013822896778200588,,,-0.003571428571428781,1.734723475976807e-18
42,46,15,lime,LIME,0.9785714285714284,0.9857142857142854,-0.0013822896778200588,,,-0.0071428571428570065,1.734723475976807e-18
42,47,20,shapley_mc,Monte Carlo Shapley,0.7714285714285714,0.7458646616541353,0.00214945038494585,,,0.02556390977443601,0.0
42,47,20,loo_oracle,LOO oracle,0.993984962406015,1.0,0.00214945038494585,,,-0.006015037593985029,0.0
42,47,20,lime,LIME,0.9819548872180449,0.9849624060150375,0.00214945038494585,,,-0.00300751879699257,0.0
42,48,20,shapley_mc,Monte Carlo Shapley,0.9037593984962405,0.8992481203007519,-0.004434458144095044,,,0.004511278195488688,0.0
42,48,20,loo_oracle,LOO oracle,0.9984962406015038,1.0,-0.004434458144095044,,,-0.0015037593984962294,0.0
42,48,20,lime,LIME,0.9398496240601503,0.9413533834586465,-0.004434458144095044,,,-0.0015037593984962294,0.0
42,49,11,shapley_mc,Monte Carlo Shapley,0.5818181818181819,0.5818181818181819,0.0026363694619112588,,,0.0,3.469446951953614e-18
42,49,11,loo_oracle,LOO oracle,1.0,1.0,0.0026363694619112588,,,0.0,3.469446951953614e-18
42,49,11,lime,LIME,0.9818181818181818,0.9818181818181818,0.0026363694619112588,,,0.0,3.469446951953614e-18
42,50,20,shapley_mc,Monte Carlo Shapley,0.7984962406015037,0.801503759398496,0.0020533462871299424,,,-0.003007518796992348,1.734723475976807e-18
42,50,20,loo_oracle,LOO oracle,0.9984962406015038,1.0,0.0020533462871299424,,,-0.0015037593984962294,1.734723475976807e-18
42,50,20,lime,LIME,0.9593984962406013,0.956390977443609,0.0020533462871299424,,,0.003007518796992237,1.734723475976807e-18
42,51,20,shapley_mc,Monte Carlo Shapley,0.8466165413533834,0.8466165413533834,-0.0017969274633689025,,,0.0,5.204170427930421e-18
42,51,20,loo_oracle,LOO oracle,1.0,1.0,-0.0017015840477069277,,,0.0,5.204170427930421e-18
42,51,20,lime,LIME,0.8240601503759398,0.8240601503759398,-0.0017969274633689025,,,0.0,5.204170427930421e-18
42,52,20,shapley_mc,Monte Carlo Shapley,0.6150375939849623,0.5804511278195488,0.00040799977197836235,,,0.0345864661654135,8.673617379884035e-19
42,52,20,loo_oracle,LOO oracle,0.9654135338345864,1.0,-0.0005583379517214437,,,-0.03458646616541361,8.673617379884035e-19
42,52,20,lime,LIME,0.8902255639097743,0.9353383458646616,-0.0004845122574672067,,,-0.04511278195488733,8.673617379884035e-19
42,53,20,shapley_mc,Monte Carlo Shapley,0.7398496240601502,0.7308270676691728,0.0011279855335527555,,,0.009022556390977376,0.0
42,53,20,loo_oracle,LOO oracle,0.9909774436090225,1.0,0.0003128830249278791,,,-0.009022556390977488,0.0
42,53,20,lime,LIME,0.9533834586466164,0.9729323308270676,0.0003128830249278791,,,-0.019548872180451204,0.0
42,54,16,shapley_mc,Monte Carlo Shapley,0.8823529411764707,0.8823529411764707,-0.0032910532443469753,,,0.0,1.734723475976807e-18
42,54,16,loo_oracle,LOO oracle,1.0,1.0,-0.0032910532443469753,,,0.0,1.734723475976807e-18
42,54,16,lime,LIME,0.9558823529411766,0.9558823529411766,-0.0032910532443469753,,,0.0,1.734723475976807e-18
42,55,20,shapley_mc,Monte Carlo Shapley,0.7112781954887217,0.706766917293233,0.00197744751941914,,,0.004511278195488688,3.469446951953614e-18
42,55,20,loo_oracle,LOO oracle,0.9984962406015038,1.0,0.00197744751941914,,,-0.0015037593984962294,3.469446951953614e-18
42,55,20,lime,LIME,0.9789473684210527,0.9804511278195487,0.00197744751941914,,,-0.0015037593984960074,3.469446951953614e-18
42,56,20,shapley_mc,Monte Carlo Shapley,0.8977443609022555,0.8947368421052632,0.0013221583260461522,,,0.003007518796992348,5.204170427930421e-18
42,56,20,loo_oracle,LOO oracle,0.9984962406015038,1.0,2.501805472543417e-05,,,-0.0015037593984962294,5.204170427930421e-18
42,56,20,lime,LIME,0.9789473684210527,0.9804511278195487,2.501805472543417e-05,,,-0.0015037593984960074,5.204170427930421e-18
42,57,20,shapley_mc,Monte Carlo Shapley,0.58796992481203,0.5112781954887218,0.0006287873920896025,,,0.07669172932330826,0.0
42,57,20,loo_oracle,LOO oracle,0.9864661654135337,1.0,0.00012528783906751162,,,-0.013533834586466287,0.0
42,57,20,lime,LIME,0.8857142857142858,0.9082706766917292,0.00012528783906751162,,,-0.02255639097744344,0.0
42,58,20,shapley_mc,Monte Carlo Shapley,0.7338345864661654,0.7338345864661654,0.0021656243650945983,,,0.0,5.204170427930421e-18
42,58,20,loo_oracle,LOO oracle,1.0,1.0,0.0021656243650945983,,,0.0,5.204170427930421e-18
42,58,20,lime,LIME,0.9759398496240601,0.9759398496240601,0.0021656243650945983,,,0.0,5.204170427930421e-18
42,59,20,shapley_mc,Monte Carlo Shapley,0.9127819548872179,0.9067669172932331,0.0014243181993804366,,,0.006015037593984807,1.734723475976807e-18
42,59,20,loo_oracle,LOO oracle,0.9924812030075187,1.0,0.0014243181993804366,,,-0.007518796992481258,1.734723475976807e-18
42,59,20,lime,LIME,0.9774436090225563,0.9819548872180449,0.0014243181993804366,,,-0.004511278195488577,1.734723475976807e-18
42,60,7,shapley_mc,Monte Carlo Shapley,0.7142857142857144,0.6071428571428572,0.003342016073077936,,,0.1071428571428572,3.469446951953614e-18
42,60,7,loo_oracle,LOO oracle,0.9642857142857145,1.0,-8.024230239628283e-05,,,-0.035714285714285476,3.469446951953614e-18
42,60,7,lime,LIME,0.9285714285714288,0.8928571428571429,-8.024230239628283e-05,,,0.03571428571428592,3.469446951953614e-18
42,61,20,shapley_mc,Monte Carlo Shapley,0.7819548872180451,0.7639097744360903,0.0005140229367284199,,,0.018045112781954753,1.3010426069826053e-18
42,61,20,loo_oracle,LOO oracle,0.9684210526315788,1.0,4.135492451806666e-05,,,-0.03157894736842115,1.3010426069826053e-18
42,61,20,lime,LIME,0.7969924812030074,0.8781954887218045,-0.0004055637389566158,,,-0.08120300751879717,1.3010426069826053e-18
42,62,20,shapley_mc,Monte Carlo Shapley,0.8045112781954886,0.8240601503759398,-0.0005565716745226101,,,-0.019548872180451204,1.734723475976807e-18
42,62,20,loo_oracle,LOO oracle,0.993984962406015,1.0,-0.00046361270471617644,,,-0.006015037593985029,1.734723475976807e-18
42,62,20,lime,LIME,0.8992481203007519,0.9082706766917292,-0.00046361270471617644,,,-0.009022556390977376,1.734723475976807e-18
42,63,20,shapley_mc,Monte Carlo Shapley,0.932330827067669,0.932330827067669,-0.009772059459310145,,,0.0,1.3877787807814457e-17
42,63,20,loo_oracle,LOO oracle,1.0,1.0,-0.010519345187861018,,,0.0,1.3877787807814457e-17
42,63,20,lime,LIME,0.9714285714285714,0.9714285714285714,-0.010519345187861018,,,0.0,1.3877787807814457e-17
42,64,20,shapley_mc,Monte Carlo Shapley,0.7007518796992479,0.6827067669172932,0.001857462856990677,,,0.018045112781954753,6.938893903907228e-18
42,64,20,loo_oracle,LOO oracle,0.9969924812030074,1.0,0.00187677424495869,,,-0.00300751879699257,6.938893903907228e-18
42,64,20,lime,LIME,0.9654135338345864,0.9729323308270676,0.00187677424495869,,,-0.007518796992481258,6.938893903907228e-18
42,65,14,shapley_mc,Monte Carlo Shapley,0.7274725274725276,0.7274725274725276,0.004199090913456882,,,0.0,6.938893903907228e-18
42,65,14,loo_oracle,LOO oracle,1.0,1.0,0.004199090913456882,,,0.0,6.938893903907228e-18
42,65,14,lime,LIME,0.9736263736263736,0.9736263736263736,0.004199090913456882,,,0.0,6.938893903907228e-18
42,66,20,shapley_mc,Monte Carlo Shapley,0.8511278195488721,0.8616541353383457,0.0006805378229228776,,,-0.010526315789473606,8.673617379884035e-19
42,66,20,loo_oracle,LOO oracle,0.9879699248120299,1.0,3.4405493265110554e-05,,,-0.012030075187970057,8.673617379884035e-19
42,66,20,lime,LIME,0.8676691729323308,0.900751879699248,1.5329303173383657e-05,,,-0.03308270676691716,8.673617379884035e-19
42,67,20,shapley_mc,Monte Carlo Shapley,0.9203007518796992,0.9203007518796992,0.0022630494314759275,,,0.0,6.938893903907228e-18
42,67,20,loo_oracle,LOO oracle,0.9969924812030074,1.0,0.0022630494314759275,,,-0.00300751879699257,6.938893903907228e-18
42,67,20,lime,LIME,0.9774436090225563,0.9744360902255638,0.0022630494314759275,,,0.00300751879699257,6.938893903907228e-18
42,68,20,shapley_mc,Monte Carlo Shapley,0.29172932330827067,0.33684210526315783,0.0002619120186506674,,,-0.04511278195488716,0.0
42,68,20,loo_oracle,LOO oracle,0.9744360902255638,1.0,-0.0006001983952688139,,,-0.025563909774436233,0.0
42,68,20,lime,LIME,0.8090225563909773,0.8842105263157894,-0.0006001983952688139,,,-0.07518796992481214,0.0
42,69,20,shapley_mc,Monte Carlo Shapley,0.8030075187969924,0.7729323308270677,0.0008391126220197442,,,0.0300751879699247,0.0
42,69,20,loo_oracle,LOO oracle,0.9909774436090225,1.0,-3.102485491429663e-05,,,-0.009022556390977488,0.0
42,69,20,lime,LIME,0.9684210526315788,0.9654135338345864,-3.102485491429663e-05,,,0.003007518796992459,0.0
42,70,17,shapley_mc,Monte Carlo Shapley,0.7107843137254903,0.7352941176470589,-0.00021825344422854442,,,-0.02450980392156854,4.336808689942018e-19
42,70,17,loo_oracle,LOO oracle,0.9950980392156863,1.0,-0.0008342012420077816,,,-0.004901960784313708,4.336808689942018e-19
42,70,17,lime,LIME,0.9166666666666667,0.9436274509803922,-0.0008342012420077816,,,-0.026960784313725505,4.336808689942018e-19
42,71,20,shapley_mc,Monte Carlo Shapley,0.8285714285714285,0.8285714285714285,0.0026710037525703445,,,0.0,0.0
42,71,20,loo_oracle,LOO oracle,1.0,1.0,0.0026710037525703445,,,0.0,0.0
42,71,20,lime,LIME,0.9879699248120299,0.9879699248120299,0.0026710037525703445,,,0.0,0.0
42,72,20,shapley_mc,Monte Carlo Shapley,0.6511278195488721,0.625563909774436,0.0005101863563824471,,,0.025563909774436122,1.3010426069826053e-18
42,72,20,loo_oracle,LOO oracle,0.9503759398496241,1.0,4.3608734274391825e-05,,,-0.049624060150375904,1.3010426069826053e-18
42,72,20,lime,LIME,0.9142857142857143,0.9067669172932331,9.505929381092848e-06,,,0.007518796992481147,1.3010426069826053e-18
42,73,20,shapley_mc,Monte Carlo Shapley,0.9338345864661652,0.9052631578947368,0.0012928228383642382,,,0.02857142857142847,0.0
42,73,20,loo_oracle,LOO oracle,0.9819548872180449,1.0,0.0012928228383642382,,,-0.018045112781955086,0.0
42,73,20,lime,LIME,0.9639097744360902,0.9819548872180449,0.0012928228383642382,,,-0.018045112781954753,0.0
42,74,20,shapley_mc,Monte Carlo Shapley,0.5037593984962406,0.5172932330827067,0.00042349503274990985,,,-0.013533834586466065,3.2526065174565133e-19
42,74,20,loo_oracle,LOO oracle,0.9609022556390976,1.0,5.0101715709738315e-05,,,-0.03909774436090241,3.2526065174565133e-19
42,74,20,lime,LIME,0.793984962406015,0.8736842105263156,5.0101715709738315e-05,,,-0.0796992481203006,3.2526065174565133e-19
42,75,20,shapley_mc,Monte Carlo Shapley,0.6631578947368421,0.5849624060150376,0.0005653303658065822,,,0.07819548872180448,8.673617379884035e-19
42,75,20,loo_oracle,LOO oracle,0.9804511278195487,1.0,4.286048637580642e-05,,,-0.019548872180451315,8.673617379884035e-19
42,75,20,lime,LIME,0.9368421052631578,0.9609022556390976,4.286048637580642e-05,,,-0.02406015037593978,8.673617379884035e-19
42,76,10,shapley_mc,Monte Carlo Shapley,0.5272727272727272,0.5272727272727272,-0.013174708501506815,,,0.0,2.7755575615628914e-17
42,76,10,loo_oracle,LOO oracle,0.9999999999999999,0.9999999999999999,-0.006873617408429178,,,0.0,2.7755575615628914e-17
42,76,10,lime,LIME,0.9636363636363635,0.9636363636363635,-0.006873617408429178,,,0.0,2.7755575615628914e-17
42,77,20,shapley_mc,Monte Carlo Shapley,0.8481203007518796,0.6977443609022556,0.0003972675161691419,,,0.15037593984962405,4.336808689942018e-19
42,77,20,loo_oracle,LOO oracle,0.8962406015037594,1.0,-0.0005282812800104786,,,-0.1037593984962406,4.336808689942018e-19
42,77,20,lime,LIME,0.732330827067669,0.8421052631578947,-0.0005282812800104786,,,-0.10977443609022564,4.336808689942018e-19
42,78,14,shapley_mc,Monte Carlo Shapley,0.8769230769230769,0.8241758241758241,-1.8299099517338213e-05,,,0.05274725274725278,0.0
42,78,14,loo_oracle,LOO oracle,0.9780219780219781,1.0,-1.8299099517338213e-05,,,-0.0219780219780219,0.0
42,78,14,lime,LIME,0.9868131868131869,0.9692307692307693,-1.8299099517338213e-05,,,0.01758241758241752,0.0
42,79,20,shapley_mc,Monte Carlo Shapley,0.7774436090225564,0.7909774436090224,-9.999637137925177e-05,,,-0.013533834586466065,0.0
42,79,20,loo_oracle,LOO oracle,0.993984962406015,1.0,-9.999637137925177e-05,,,-0.006015037593985029,0.0
42,79,20,lime,LIME,0.9624060150375938,0.9624060150375938,-9.999637137925177e-05,,,0.0,0.0
42,80,20,shapley_mc,Monte Carlo Shapley,0.8706766917293233,0.8812030075187969,-0.004287664221311216,,,-0.010526315789473606,1.3877787807814457e-17
42,80,20,loo_oracle,LOO oracle,0.9984962406015038,1.0,-0.004287664221311216,,,-0.0015037593984962294,1.3877787807814457e-17
42,80,20,lime,LIME,0.9879699248120299,0.9849624060150375,-0.004287664221311216,,,0.003007518796992459,1.3877787807814457e-17
42,81,20,shapley_mc,Monte Carlo Shapley,0.8390977443609022,0.8390977443609022,0.001657503652479464,,,0.0,5.204170427930421e-18
42,81,20,loo_oracle,LOO oracle,1.0,1.0,0.001657503652479464,,,0.0,5.204170427930421e-18
42,81,20,lime,LIME,0.9834586466165413,0.9834586466165413,0.001657503652479464,,,0.0,5.204170427930421e-18
42,82,20,shapley_mc,Monte Carlo Shapley,0.7157894736842104,0.7157894736842104,0.001600862599844044,,,0.0,0.0
42,82,20,loo_oracle,LOO oracle,1.0,1.0,0.0008230222602501058,,,0.0,0.0
42,82,20,lime,LIME,0.9368421052631578,0.9368421052631578,0.0008494710791122628,,,0.0,0.0
42,83,20,shapley_mc,Monte Carlo Shapley,0.49624060150375937,0.5067669172932331,-0.004698133085640821,,,-0.010526315789473717,0.0
42,83,20,loo_oracle,LOO oracle,0.9984962406015038,1.0,0.00043293694943880023,,,-0.0015037593984962294,0.0
42,83,20,lime,LIME,0.9548872180451128,0.9654135338345864,0.00043293694943880023,,,-0.010526315789473606,0.0
42,84,13,shapley_mc,Monte Carlo Shapley,0.6868131868131868,0.6978021978021978,-0.0011399142207189072,,,-0.01098901098901095,3.469446951953614e-18
42,84,13,loo_oracle,LOO oracle,0.9945054945054945,1.0,-0.0011399142207189072,,,-0.005494505494505475,3.469446951953614e-18
42,84,13,lime,LIME,0.8186813186813187,0.8571428571428571,-0.0011399142207189072,,,-0.038461538461538436,3.469446951953614e-18
42,85,20,shapley_mc,Monte Carlo Shapley,0.801503759398496,0.801503759398496,0.002856671775391617,,,0.0,1.0408340855860843e-17
42,85,20,loo_oracle,LOO oracle,1.0,1.0,0.002856671775391617,,,0.0,1.0408340855860843e-17
42,85,20,lime,LIME,0.9804511278195487,0.9804511278195487,0.002856671775391617,,,0.0,1.0408340855860843e-17
42,86,20,shapley_mc,Monte Carlo Shapley,0.8360902255639097,0.8360902255639097,-0.0008263148805360832,,,0.0,4.336808689942018e-19
42,86,20,loo_oracle,LOO oracle,1.0,1.0,-0.0008263148805360832,,,0.0,4.336808689942018e-19
42,86,20,lime,LIME,0.9533834586466164,0.9533834586466164,-0.0008263148805360832,,,0.0,4.336808689942018e-19
42,87,20,shapley_mc,Monte Carlo Shapley,0.6977443609022556,0.7007518796992479,0.0009708044489590284,,,-0.003007518796992348,8.673617379884035e-19
42,87,20,loo_oracle,LOO oracle,0.993984962406015,1.0,0.0003504293395531488,,,-0.006015037593985029,8.673617379884035e-19
42,87,20,lime,LIME,0.9458646616541352,0.9503759398496241,0.0003504293395531488,,,-0.00451127819548891,8.673617379884035e-19
42,88,11,shapley_mc,Monte Carlo Shapley,0.3181818181818182,0.29090909090909095,0.004758582237290088,,,0.027272727272727226,0.0
42,88,11,loo_oracle,LOO oracle,0.990909090909091,1.0,0.004758582237290088,,,-0.009090909090909038,0.0
42,88,11,lime,LIME,0.9818181818181818,0.9636363636363637,0.004758582237290088,,,0.018181818181818077,0.0
42,89,20,shapley_mc,Monte Carlo Shapley,0.669172932330827,0.6436090225563909,0.0011674992146767926,,,0.025563909774436122,1.734723475976807e-18
42,89,20,loo_oracle,LOO oracle,0.9864661654135337,1.0,0.0005506358028583569,,,-0.013533834586466287,1.734723475976807e-18
42,89,20,lime,LIME,0.8736842105263156,0.9082706766917292,0.0005506358028583569,,,-0.03458646616541361,1.734723475976807e-18
42,90,20,shapley_mc,Monte Carlo Shapley,0.6601503759398496,0.6180451127819548,-6.588380044914022e-06,,,0.04210526315789476,0.0
42,90,20,loo_oracle,LOO oracle,0.9864661654135337,1.0,-6.588380044914022e-06,,,-0.013533834586466287,0.0
42,90,20,lime,LIME,0.9699248120300751,0.9744360902255638,-6.588380044914022e-06,,,-0.004511278195488688,0.0
42,91,20,shapley_mc,Monte Carlo Shapley,0.9293233082706768,0.8992481203007519,0.0006767408328105518,,,0.03007518796992492,8.673617379884035e-19
42,91,20,loo_oracle,LOO oracle,0.9834586466165413,1.0,2.749718737893314e-05,,,-0.016541353383458746,8.673617379884035e-19
42,91,20,lime,LIME,0.9097744360902256,0.932330827067669,-2.727622454568035e-07,,,-0.02255639097744344,8.673617379884035e-19
42,92,20,shapley_mc,Monte Carlo Shapley,0.6390977443609022,0.6631578947368421,-0.0001110646830076445,,,-0.024060150375939893,8.673617379884035e-19
42,92,20,loo_oracle,LOO oracle,0.9849624060150375,1.0,-9.036296012637779e-05,,,-0.015037593984962516,8.673617379884035e-19
42,92,20,lime,LIME,0.7864661654135338,0.8090225563909773,-0.0004783518083817939,,,-0.022556390977443552,8.673617379884035e-19
42,93,12,shapley_mc,Monte Carlo Shapley,0.8881118881118882,0.8671328671328673,0.0016750505995213327,,,0.020979020979020935,8.673617379884035e-19
42,93,12,loo_oracle,LOO oracle,0.9790209790209792,1.0,-0.00016159682905231287,,,-0.020979020979020824,8.673617379884035e-19
42,93,12,lime,LIME,0.8811188811188813,0.8811188811188813,-0.0013964756450429716,,,0.0,8.673617379884035e-19
42,94,20,shapley_mc,Monte Carlo Shapley,0.7699248120300751,0.7789473684210525,-0.0007851779639376777,,,-0.009022556390977376,4.336808689942018e-19
42,94,20,loo_oracle,LOO oracle,0.9984962406015038,1.0,-1.2562874308619243e-05,,,-0.0015037593984962294,4.336808689942018e-19
42,94,20,lime,LIME,0.918796992481203,0.9263157894736842,-0.0007851779639376777,,,-0.007518796992481258,4.336808689942018e-19
42,95,20,shapley_mc,Monte Carlo Shapley,0.6330827067669172,0.6406015037593984,-0.0006444899698235806,,,-0.007518796992481147,4.336808689942018e-19
42,95,20,loo_oracle,LOO oracle,0.9954887218045112,1.0,-7.663814911823552e-05,,,-0.004511278195488799,4.336808689942018e-19
42,95,20,lime,LIME,0.9488721804511278,0.9458646616541352,-7.663814911823552e-05,,,0.00300751879699257,4.336808689942018e-19
42,96,20,shapley_mc,Monte Carlo Shapley,0.7548872180451127,0.6571428571428571,-6.025849084956292e-05,,,0.09774436090225558,8.673617379884035e-19
42,96,20,loo_oracle,LOO oracle,0.9443609022556391,1.0,-0.0005169151139707839,,,-0.05563909774436093,8.673617379884035e-19
42,96,20,lime,LIME,0.8586466165413533,0.9097744360902256,-0.0004907564121263142,,,-0.051127819548872244,8.673617379884035e-19
42,97,10,shapley_mc,Monte Carlo Shapley,0.7212121212121211,0.7454545454545454,-0.004231062891736026,,,-0.024242424242424288,6.938893903907228e-18
42,97,10,loo_oracle,LOO oracle,0.9878787878787878,0.9999999999999999,-0.004231062891736026,,,-0.012121212121212088,6.938893903907228e-18
42,97,10,lime,LIME,0.8424242424242423,0.8303030303030302,-0.004231062891736026,,,0.012121212121212088,6.938893903907228e-18
42,98,20,shapley_mc,Monte Carlo Shapley,0.8180451127819548,0.7834586466165413,0.0008033986900279899,,,0.0345864661654135,1.734723475976807e-18
42,98,20,loo_oracle,LOO oracle,0.9954887218045112,1.0,8.085365550769552e-05,,,-0.004511278195488799,1.734723475976807e-18
42,98,20,lime,LIME,0.9578947368421054,0.9624060150375938,8.085365550769552e-05,,,-0.004511278195488466,1.734723475976807e-18
42,99,18,shapley_mc,Monte Carlo Shapley,0.7089783281733747,0.7089783281733747,0.0008379461504722796,,,0.0,1.734723475976807e-18
42,99,18,loo_oracle,LOO oracle,1.0,1.0,0.0001561736051237106,,,0.0,1.734723475976807e-18
42,99,18,lime,LIME,0.9607843137254902,0.9607843137254902,0.0001561736051237106,,,0.0,1.734723475976807e-18
42,100,20,shapley_mc,Monte Carlo Shapley,0.7338345864661654,0.7052631578947368,0.000973016933944304,,,0.02857142857142858,8.673617379884035e-19
42,100,20,loo_oracle,LOO oracle,0.9804511278195487,1.0,0.000973016933944304,,,-0.019548872180451315,8.673617379884035e-19
42,100,20,lime,LIME,0.9428571428571428,0.9639097744360902,0.000973016933944304,,,-0.021052631578947323,8.673617379884035e-19
42,101,20,shapley_mc,Monte Carlo Shapley,0.8421052631578947,0.8390977443609022,0.0012042178819320903,,,0.003007518796992459,5.204170427930421e-18
42,101,20,loo_oracle,LOO oracle,0.9909774436090225,1.0,0.0003579188918919618,,,-0.009022556390977488,5.204170427930421e-18
42,101,20,lime,LIME,0.8992481203007519,0.9293233082706768,0.0003579188918919618,,,-0.03007518796992492,5.204170427930421e-18
42,102,20,shapley_mc,Monte Carlo Shapley,0.6842105263157895,0.7609022556390977,0.0004991727068462959,,,-0.07669172932330826,0.0
42,102,20,loo_oracle,LOO oracle,0.9548872180451128,1.0,-0.0005663314251923013,,,-0.045112781954887216,0.0
42,102,20,lime,LIME,0.8120300751879698,0.8902255639097743,-3.202655757988948e-05,,,-0.07819548872180448,0.0
42,103,19,shapley_mc,Monte Carlo Shapley,0.7157894736842104,0.7157894736842104,0.0019552054519651474,,,0.0,0.0
42,103,19,loo_oracle,LOO oracle,1.0,1.0,0.0019552054519651474,,,0.0,0.0
42,103,19,lime,LIME,0.9789473684210527,0.9789473684210527,0.0019552054519651474,,,0.0,0.0
42,104,20,shapley_mc,Monte Carlo Shapley,0.7699248120300751,0.7789473684210525,0.00015536954744771458,,,-0.009022556390977376,0.0
42,104,20,loo_oracle,LOO oracle,0.9834586466165413,1.0,3.5245077776080436e-05,,,-0.016541353383458746,0.0
42,104,20,lime,LIME,0.9142857142857143,0.9578947368421054,3.5245077776080436e-05,,,-0.0436090225563911,0.0
42,105,20,shapley_mc,Monte Carlo Shapley,0.6225563909774435,0.5984962406015037,0.001286396483154928,,,0.02406015037593978,0.0
42,105,20,loo_oracle,LOO oracle,0.993984962406015,1.0,0.001286396483154928,,,-0.006015037593985029,0.0
42,105,20,lime,LIME,0.9533834586466164,0.9473684210526315,0.000674107903677168,,,0.006015037593984918,0.0
42,106,20,shapley_mc,Monte Carlo Shapley,0.7909774436090224,0.8210526315789473,-3.691969366337311e-06,,,-0.03007518796992481,0.0
42,106,20,loo_oracle,LOO oracle,0.9729323308270676,1.0,-3.691969366337311e-06,,,-0.02706766917293235,0.0
42,106,20,lime,LIME,0.8270676691729323,0.8796992481203006,-3.691969366337311e-06,,,-0.05263157894736836,0.0
42,107,15,shapley_mc,Monte Carlo Shapley,0.7321428571428571,0.7321428571428571,0.0044639196645201995,,,0.0,6.938893903907228e-18
42,107,15,loo_oracle,LOO oracle,1.0,1.0,0.0018623724131959785,,,0.0,6.938893903907228e-18
42,107,15,lime,LIME,0.9642857142857141,0.9642857142857141,0.0018623724131959785,,,0.0,6.938893903907228e-18
42,108,20,shapley_mc,Monte Carlo Shapley,0.6977443609022556,0.6646616541353383,0.0004090708464605797,,,0.03308270676691727,0.0
42,108,20,loo_oracle,LOO oracle,0.9924812030075187,1.0,0.0004090708464605797,,,-0.007518796992481258,0.0
42,108,20,lime,LIME,0.9413533834586465,0.9624060150375938,0.0004090708464605797,,,-0.021052631578947323,0.0
42,109,20,shapley_mc,Monte Carlo Shapley,0.8616541353383457,0.8345864661654135,0.0006960174228168858,,,0.02706766917293213,1.3010426069826053e-18
42,109,20,loo_oracle,LOO oracle,0.9864661654135337,1.0,2.4832084789594422e-05,,,-0.013533834586466287,1.3010426069826053e-18
42,109,20,lime,LIME,0.9699248120300751,0.9639097744360902,2.4462315933726497e-05,,,0.006015037593984918,1.3010426069826053e-18
42,110,20,shapley_mc,Monte Carlo Shapley,0.41052631578947363,0.393984962406015,0.0007217907608578211,,,0.016541353383458635,8.673617379884035e-19
42,110,20,loo_oracle,LOO oracle,0.9293233082706768,1.0,0.00010120004053337794,,,-0.07067669172932323,8.673617379884035e-19
42,110,20,lime,LIME,0.8120300751879698,0.8932330827067668,0.00010120004053337794,,,-0.08120300751879705,8.673617379884035e-19
42,111,20,shapley_mc,Monte Carlo Shapley,0.7503759398496239,0.7127819548872181,0.0011235442338429213,,,0.037593984962405846,0.0
42,111,20,loo_oracle,LOO oracle,0.9729323308270676,1.0,0.0001374691587504029,,,-0.02706766917293235,0.0
42,111,20,lime,LIME,0.9112781954887217,0.956390977443609,0.0001374691587504029,,,-0.04511278195488733,0.0
42,112,20,shapley_mc,Monte Carlo Shapley,0.6285714285714286,0.6345864661654135,0.0020117569968101656,,,-0.006015037593984918,0.0
42,112,20,loo_oracle,LOO oracle,0.9954887218045112,1.0,0.0012662337560550019,,,-0.004511278195488799,0.0
42,112,20,lime,LIME,0.9669172932330825,0.9669172932330825,0.0012662337560550019,,,0.0,0.0
42,113,20,shapley_mc,Monte Carlo Shapley,0.6646616541353383,0.6706766917293233,0.0004316241099341367,,,-0.006015037593985029,8.673617379884035e-19
42,113,20,loo_oracle,LOO oracle,0.993984962406015,1.0,0.0004316241099341367,,,-0.006015037593985029,8.673617379884035e-19
42,113,20,lime,LIME,0.9744360902255638,0.9774436090225563,0.0004316241099341367,,,-0.00300751879699257,8.673617379884035e-19
42,114,20,shapley_mc,Monte Carlo Shapley,0.8646616541353382,0.849624060150376,0.002993749531383816,,,0.015037593984962294,0.0
42,114,20,loo_oracle,LOO oracle,0.9879699248120299,1.0,0.003337818018645078,,,-0.012030075187970057,0.0
42,114,20,lime,LIME,0.9669172932330825,0.9518796992481202,0.003337818018645078,,,0.015037593984962294,0.0
42,115,20,shapley_mc,Monte Carlo Shapley,0.6285714285714286,0.5969924812030075,2.2062053149196625e-05,,,0.03157894736842104,1.734723475976807e-18
42,115,20,loo_oracle,LOO oracle,0.9789473684210527,1.0,2.2062053149196625e-05,,,-0.021052631578947323,1.734723475976807e-18
42,115,20,lime,LIME,0.8947368421052632,0.863157894736842,2.2062053149196625e-05,,,0.03157894736842115,1.734723475976807e-18
42,116,20,shapley_mc,Monte Carlo Shapley,0.6571428571428571,0.6300751879699248,-0.00018603751232770804,,,0.02706766917293235,2.168404344971009e-19
42,116,20,loo_oracle,LOO oracle,0.9639097744360902,1.0,-0.0005300514352328256,,,-0.03609022556390984,2.168404344971009e-19
42,116,20,lime,LIME,0.7699248120300751,0.8436090225563909,-0.0005300514352328256,,,-0.0736842105263158,2.168404344971009e-19
42,117,20,shapley_mc,Monte Carlo Shapley,0.8180451127819548,0.7593984962406014,-0.00010614348047766065,,,0.05864661654135339,0.0
42,117,20,loo_oracle,LOO oracle,0.9804511278195487,1.0,-0.0007177178084979419,,,-0.019548872180451315,0.0
42,117,20,lime,LIME,0.9428571428571428,0.9368421052631578,-0.00010614348047766065,,,0.006015037593985029,0.0
42,118,20,shapley_mc,Monte Carlo Shapley,0.7593984962406014,0.7503759398496239,0.0007408516595129311,,,0.009022556390977488,8.673617379884035e-19
42,118,20,loo_oracle,LOO oracle,0.9924812030075187,1.0,0.0008163000255841379,,,-0.007518796992481258,8.673617379884035e-19
42,118,20,lime,LIME,0.9037593984962405,0.9248120300751879,8.900398160038847e-05,,,-0.021052631578947323,8.673617379884035e-19
42,119,20,shapley_mc,Monte Carlo Shapley,0.669172932330827,0.669172932330827,0.0003748607077320165,,,0.0,0.0
42,119,20,loo_oracle,LOO oracle,1.0,1.0,-4.706324446057675e-05,,,0.0,0.0
42,119,20,lime,LIME,0.9473684210526315,0.9473684210526315,-4.706324446057675e-05,,,0.0,0.0
42,120,20,shapley_mc,Monte Carlo Shapley,0.8857142857142858,0.8721804511278194,-5.135619401708258e-05,,,0.013533834586466398,1.3010426069826053e-18
42,120,20,loo_oracle,LOO oracle,0.9864661654135337,1.0,3.596659842614036e-05,,,-0.013533834586466287,1.3010426069826053e-18
42,120,20,lime,LIME,0.9218045112781955,0.9368421052631578,3.596659842614036e-05,,,-0.015037593984962294,1.3010426069826053e-18
42,121,20,shapley_mc,Monte Carlo Shapley,0.7699248120300751,0.7699248120300751,0.0021950350423980414,,,0.0,6.938893903907228e-18
42,121,20,loo_oracle,LOO oracle,1.0,1.0,0.002379706278267779,,,0.0,6.938893903907228e-18
42,121,20,lime,LIME,0.9834586466165413,0.9834586466165413,0.002379706278267779,,,0.0,6.938893903907228e-18
42,122,20,shapley_mc,Monte Carlo Shapley,0.7338345864661654,0.6330827067669172,-0.0005393530909089672,,,0.10075187969924815,0.0
42,122,20,loo_oracle,LOO oracle,0.9684210526315788,1.0,-0.0005901638294592004,,,-0.03157894736842115,0.0
42,122,20,lime,LIME,0.8706766917293233,0.9293233082706768,-0.0005393530909089672,,,-0.0586466165413535,0.0
42,123,18,shapley_mc,Monte Carlo Shapley,0.8844169246646028,0.8596491228070176,0.0012772811199624479,,,0.024767801857585203,0.0
42,123,18,loo_oracle,LOO oracle,0.9876160990712075,1.0,0.000484302194675712,,,-0.01238390092879249,0.0
42,123,18,lime,LIME,0.9484004127966976,0.9649122807017543,0.000484302194675712,,,-0.016511867905056654,0.0
42,124,20,shapley_mc,Monte Carlo Shapley,0.5368421052631579,0.5263157894736841,0.0006635548896473664,,,0.010526315789473828,0.0
42,124,20,loo_oracle,LOO oracle,0.9984962406015038,1.0,0.00020272108926366883,,,-0.0015037593984962294,0.0
42,124,20,lime,LIME,0.9368421052631578,0.9458646616541352,0.00020272108926366883,,,-0.009022556390977376,0.0
42,125,20,shapley_mc,Monte Carlo Shapley,0.4676691729323308,0.47067669172932325,0.0008951334185909876,,,-0.003007518796992459,1.734723475976807e-18
42,125,20,loo_oracle,LOO oracle,0.9954887218045112,1.0,0.00016054892562239464,,,-0.004511278195488799,1.734723475976807e-18
42,125,20,lime,LIME,0.900751879699248,0.9172932330827066,0.00016054892562239464,,,-0.016541353383458635,1.734723475976807e-18
42,126,20,shapley_mc,Monte Carlo Shapley,0.9022556390977443,0.9172932330827066,-0.0014219217748426827,,,-0.015037593984962294,0.0
42,126,20,loo_oracle,LOO oracle,0.9894736842105262,1.0,-0.00016180584191050063,,,-0.010526315789473828,0.0
42,126,20,lime,LIME,0.9639097744360902,0.9624060150375938,-0.00016180584191050063,,,0.0015037593984963404,0.0
42,127,16,shapley_mc,Monte Carlo Shapley,0.8029411764705883,0.788235294117647,0.0021288639386486397,,,0.014705882352941235,0.0
42,127,16,loo_oracle,LOO oracle,0.9970588235294118,1.0,0.0021288639386486397,,,-0.002941176470588225,0.0
42,127,16,lime,LIME,0.9470588235294116,0.95,0.0021288639386486397,,,-0.002941176470588336,0.0
42,128,20,shapley_mc,Monte Carlo Shapley,0.8045112781954886,0.8045112781954886,0.002138404312606923,,,0.0,1.734723475976807e-18
42,128,20,loo_oracle,LOO oracle,1.0,1.0,0.002138404312606923,,,0.0,1.734723475976807e-18
42,128,20,lime,LIME,0.9518796992481202,0.9518796992481202,0.002138404312606923,,,0.0,1.734723475976807e-18
42,129,20,shapley_mc,Monte Carlo Shapley,0.8421052631578947,0.837593984962406,-2.3624893676577052e-05,,,0.004511278195488688,0.0
42,129,20,loo_oracle,LOO oracle,0.9789473684210527,1.0,-0.0006176640257792299,,,-0.021052631578947323,0.0
42,129,20,lime,LIME,0.8225563909774435,0.8390977443609022,-0.0006176640257792299,,,-0.016541353383458746,0.0
42,130,20,shapley_mc,Monte Carlo Shapley,0.837593984962406,0.8481203007518796,0.0030360554000778417,,,-0.010526315789473606,5.204170427930421e-18
42,130,20,loo_oracle,LOO oracle,0.9984962406015038,1.0,0.0030360554000778417,,,-0.0015037593984962294,5.204170427930421e-18
42,130,20,lime,LIME,0.9518796992481202,0.9473684210526315,0.0030360554000778417,,,0.004511278195488688,5.204170427930421e-18
42,131,20,shapley_mc,Monte Carlo Shapley,0.8541353383458646,0.8165413533834586,0.0022914360250658183,,,0.03759398496240607,3.469446951953614e-18
42,131,20,loo_oracle,LOO oracle,0.9864661654135337,1.0,0.0022914360250658183,,,-0.013533834586466287,3.469446951953614e-18
42,131,20,lime,LIME,0.956390977443609,0.9699248120300751,0.0022914360250658183,,,-0.013533834586466065,3.469446951953614e-18
42,132,20,shapley_mc,Monte Carlo Shapley,0.6406015037593984,0.5278195488721804,8.23352556330037e-05,,,0.11278195488721798,4.336808689942018e-19
42,132,20,loo_oracle,LOO oracle,0.9112781954887217,1.0,8.23352556330037e-05,,,-0.08872180451127831,4.336808689942018e-19
42,132,20,lime,LIME,0.8045112781954886,0.9533834586466164,8.23352556330037e-05,,,-0.14887218045112782,4.336808689942018e-19
42,133,20,shapley_mc,Monte Carlo Shapley,0.6796992481203006,0.7097744360902255,0.0011360168447110408,,,-0.03007518796992492,0.0
42,133,20,loo_oracle,LOO oracle,0.9894736842105262,1.0,0.0011360168447110408,,,-0.010526315789473828,0.0
42,133,20,lime,LIME,0.8421052631578947,0.8601503759398496,0.00013043946044433152,,,-0.018045112781954864,0.0
42,134,20,shapley_mc,Monte Carlo Shapley,0.9233082706766916,0.932330827067669,-0.001356304044927592,,,-0.009022556390977376,8.673617379884035e-19
42,134,20,loo_oracle,LOO oracle,0.9909774436090225,1.0,-0.001356304044927592,,,-0.009022556390977488,8.673617379884035e-19
42,134,20,lime,LIME,0.9699248120300751,0.9819548872180449,-0.001356304044927592,,,-0.012030075187969835,8.673617379884035e-19
42,135,20,shapley_mc,Monte Carlo Shapley,0.5067669172932331,0.5052631578947367,0.0009081710442521151,,,0.0015037593984963404,0.0
42,135,20,loo_oracle,LOO oracle,0.9879699248120299,1.0,0.0009081710442521151,,,-0.012030075187970057,0.0
42,135,20,lime,LIME,0.8646616541353382,0.882706766917293,0.0009081710442521151,,,-0.018045112781954753,0.0
42,136,20,shapley_mc,Monte Carlo Shapley,0.6466165413533834,0.6345864661654135,0.0016629450367347531,,,0.012030075187969946,8.673617379884035e-19
42,136,20,loo_oracle,LOO oracle,0.9969924812030074,1.0,0.0008898376176743605,,,-0.00300751879699257,8.673617379884035e-19
42,136,20,lime,LIME,0.9248120300751879,0.9218045112781955,0.0008898376176743605,,,0.003007518796992348,8.673617379884035e-19
42,137,20,shapley_mc,Monte Carlo Shapley,0.9248120300751879,0.8902255639097743,0.00010398288919516441,,,0.03458646616541361,0.0
42,137,20,loo_oracle,LOO oracle,0.9804511278195487,1.0,0.00010398288919516441,,,-0.019548872180451315,0.0
42,137,20,lime,LIME,0.9293233082706768,0.956390977443609,0.00010398288919516441,,,-0.02706766917293224,0.0
42,138,20,shapley_mc,Monte Carlo Shapley,0.58796992481203,0.556390977443609,-0.0002613523170945653,,,0.03157894736842104,8.673617379884035e-19
42,138,20,loo_oracle,LOO oracle,0.9428571428571428,1.0,3.572960901587763e-06,,,-0.05714285714285716,8.673617379884035e-19
42,138,20,lime,LIME,0.793984962406015,0.7699248120300751,3.572960901587763e-06,,,0.024060150375939893,8.673617379884035e-19
42,139,20,shapley_mc,Monte Carlo Shapley,0.7834586466165413,0.7909774436090224,0.0018534606228858275,,,-0.007518796992481147,1.734723475976807e-18
42,139,20,loo_oracle,LOO oracle,0.9984962406015038,1.0,0.0018534606228858275,,,-0.0015037593984962294,1.734723475976807e-18
42,139,20,lime,LIME,0.9609022556390976,0.9624060150375938,0.0018534606228858275,,,-0.0015037593984962294,1.734723475976807e-18
42,140,13,shapley_mc,Monte Carlo Shapley,0.8131868131868131,0.7967032967032966,0.001427220027168108,,,0.016483516483516425,0.0
42,140,13,loo_oracle,LOO oracle,0.9945054945054945,1.0,0.00040584593594056306,,,-0.005494505494505475,0.0
42,140,13,lime,LIME,0.901098901098901,0.9065934065934067,0.00040584593594056306,,,-0.005494505494505697,0.0
42,141,20,shapley_mc,Monte Carlo Shapley,0.9127819548872179,0.9112781954887217,0.000817255995774202,,,0.0015037593984962294,8.673617379884035e-19
42,141,20,loo_oracle,LOO oracle,0.9954887218045112,1.0,0.000817255995774202,,,-0.004511278195488799,8.673617379884035e-19
42,141,20,lime,LIME,0.9834586466165413,0.9909774436090225,0.000817255995774202,,,-0.007518796992481258,8.673617379884035e-19
42,142,20,shapley_mc,Monte Carlo Shapley,0.7864661654135338,0.7894736842105263,0.00047123258183279226,,,-0.00300751879699257,0.0
42,142,20,loo_oracle,LOO oracle,0.9834586466165413,1.0,0.00047123258183279226,,,-0.016541353383458746,0.0
42,142,20,lime,LIME,0.9022556390977443,0.918796992481203,7.890517554909326e-05,,,-0.016541353383458635,0.0
42,143,15,shapley_mc,Monte Carlo Shapley,0.9857142857142854,0.9857142857142854,0.0023551318772935814,,,0.0,1.734723475976807e-18
42,143,15,loo_oracle,LOO oracle,1.0,1.0,0.0008837825060077908,,,0.0,1.734723475976807e-18
42,143,15,lime,LIME,0.95,0.95,0.0008837825060077908,,,0.0,1.734723475976807e-18
42,144,13,shapley_mc,Monte Carlo Shapley,0.8956043956043955,0.8956043956043955,2.2016557727377872e-05,,,0.0,8.673617379884035e-19
42,144,13,loo_oracle,LOO oracle,1.0,1.0,2.2016557727377872e-05,,,0.0,8.673617379884035e-19
42,144,13,lime,LIME,0.989010989010989,0.989010989010989,2.2016557727377872e-05,,,0.0,8.673617379884035e-19
42,145,20,shapley_mc,Monte Carlo Shapley,0.38345864661654133,0.30225563909774433,0.000376598427509367,,,0.081203007518797,8.673617379884035e-19
42,145,20,loo_oracle,LOO oracle,0.9518796992481202,1.0,0.0003758705576797361,,,-0.048120300751879785,8.673617379884035e-19
42,145,20,lime,LIME,0.7789473684210525,0.8436090225563909,0.000376598427509367,,,-0.06466165413533842,8.673617379884035e-19
42,146,20,shapley_mc,Monte Carlo Shapley,0.8150375939849623,0.8150375939849623,0.0013863101162753244,,,0.0,0.0
42,146,20,loo_oracle,LOO oracle,1.0,1.0,0.00017330274493126963,,,0.0,0.0
42,146,20,lime,LIME,0.9503759398496241,0.9503759398496241,0.00017330274493126963,,,0.0,0.0
42,147,20,shapley_mc,Monte Carlo Shapley,0.6270676691729322,0.7127819548872181,-0.0001166421487134306,,,-0.08571428571428585,1.0842021724855044e-19
42,147,20,loo_oracle,LOO oracle,0.9293233082706768,1.0,-0.0004913587963198962,,,-0.07067669172932323,1.0842021724855044e-19
42,147,20,lime,LIME,0.5353383458646617,0.6541353383458646,-0.0004913587963198962,,,-0.1187969924812029,1.0842021724855044e-19
42,148,20,shapley_mc,Monte Carlo Shapley,0.44060150375939844,0.3533834586466165,0.0004288324090660489,,,0.08721804511278192,6.505213034913027e-19
42,148,20,loo_oracle,LOO oracle,0.9654135338345864,1.0,-8.641035989737089e-05,,,-0.03458646616541361,6.505213034913027e-19
42,148,20,lime,LIME,0.8616541353383457,0.9112781954887217,-8.641035989737089e-05,,,-0.049624060150376015,6.505213034913027e-19
42,149,20,shapley_mc,Monte Carlo Shapley,0.8887218045112781,0.8646616541353382,-6.651046560340879e-05,,,0.024060150375939893,4.336808689942018e-19
42,149,20,loo_oracle,LOO oracle,0.9774436090225563,1.0,-0.0007710393019618178,,,-0.022556390977443663,4.336808689942018e-19
42,149,20,lime,LIME,0.9157894736842105,0.9383458646616539,-0.0007710393019618178,,,-0.02255639097744344,4.336808689942018e-19
42,150,20,shapley_mc,Monte Carlo Shapley,0.6526315789473683,0.6616541353383457,0.0011534108458642889,,,-0.009022556390977376,1.734723475976807e-18
42,150,20,loo_oracle,LOO oracle,0.9984962406015038,1.0,0.0014351666610021852,,,-0.0015037593984962294,1.734723475976807e-18
42,150,20,lime,LIME,0.9804511278195487,0.9819548872180449,0.0014351666610021852,,,-0.0015037593984962294,1.734723475976807e-18
42,151,18,shapley_mc,Monte Carlo Shapley,0.7585139318885449,0.7585139318885449,0.0008683077998698496,,,0.0,0.0
42,151,18,loo_oracle,LOO oracle,1.0,1.0,-3.87307720214336e-05,,,0.0,0.0
42,151,18,lime,LIME,0.9711042311661506,0.9711042311661506,-3.87307720214336e-05,,,0.0,0.0
42,152,17,shapley_mc,Monte Carlo Shapley,0.8039215686274511,0.8039215686274511,0.002789231131997305,,,0.0,0.0
42,152,17,loo_oracle,LOO oracle,1.0,1.0,0.0031138797805750906,,,0.0,0.0
42,152,17,lime,LIME,0.9681372549019608,0.9681372549019608,0.0031138797805750906,,,0.0,0.0
42,153,13,shapley_mc,Monte Carlo Shapley,0.9395604395604396,0.9395604395604396,0.0001810955951567217,,,0.0,0.0
42,153,13,loo_oracle,LOO oracle,1.0,1.0,0.0001810955951567217,,,0.0,0.0
42,153,13,lime,LIME,0.9340659340659341,0.9340659340659341,0.0001810955951567217,,,0.0,0.0
42,154,20,shapley_mc,Monte Carlo Shapley,0.8180451127819548,0.8105263157894737,0.003406233381528234,,,0.007518796992481147,1.734723475976807e-18
42,154,20,loo_oracle,LOO oracle,0.9954887218045112,1.0,0.003406233381528234,,,-0.004511278195488799,1.734723475976807e-18
42,154,20,lime,LIME,0.9624060150375938,0.9669172932330825,0.003406233381528234,,,-0.004511278195488688,1.734723475976807e-18
42,155,20,shapley_mc,Monte Carlo Shapley,0.6556390977443608,0.6857142857142857,-0.0002061889308325182,,,-0.03007518796992492,0.0
42,155,20,loo_oracle,LOO oracle,0.9729323308270676,1.0,-0.00015622382018570802,,,-0.02706766917293235,0.0
42,155,20,lime,LIME,0.8992481203007519,0.9368421052631578,-0.0007544510181187736,,,-0.03759398496240596,0.0
42,156,20,shapley_mc,Monte Carlo Shapley,0.706766917293233,0.7037593984962407,0.0017695465836048974,,,0.003007518796992348,1.734723475976807e-18
42,156,20,loo_oracle,LOO oracle,0.993984962406015,1.0,0.0017695465836048974,,,-0.006015037593985029,1.734723475976807e-18
42,156,20,lime,LIME,0.9699248120300751,0.9759398496240601,0.0017695465836048974,,,-0.006015037593985029,1.734723475976807e-18
42,157,15,shapley_mc,Monte Carlo Shapley,0.8714285714285712,0.8142857142857142,0.0002080807940331164,,,0.05714285714285705,0.0
42,157,15,loo_oracle,LOO oracle,0.9857142857142854,1.0,0.0002080807940331164,,,-0.014285714285714568,0.0
42,157,15,lime,LIME,0.9357142857142854,0.9642857142857141,0.0002080807940331164,,,-0.028571428571428692,0.0
42,158,20,shapley_mc,Monte Carlo Shapley,0.8451127819548873,0.8691729323308269,-0.0001566080380912549,,,-0.02406015037593967,3.2526065174565133e-19
42,158,20,loo_oracle,LOO oracle,0.9909774436090225,1.0,-0.0001566080380912549,,,-0.009022556390977488,3.2526065174565133e-19
42,158,20,lime,LIME,0.9172932330827066,0.9533834586466164,-0.0001566080380912549,,,-0.03609022556390984,3.2526065174565133e-19
42,159,7,shapley_mc,Monte Carlo Shapley,0.7857142857142859,0.7857142857142859,0.008555350248478755,,,0.0,3.469446951953614e-17
42,159,7,loo_oracle,LOO oracle,1.0,1.0,0.0022009088207952665,,,0.0,3.469446951953614e-17
42,159,7,lime,LIME,0.9642857142857145,0.9642857142857145,0.008555350248478755,,,0.0,3.469446951953614e-17
42,160,20,shapley_mc,Monte Carlo Shapley,0.5503759398496241,0.44360902255639095,0.00047589922310126154,,,0.10676691729323312,0.0
42,160,20,loo_oracle,LOO oracle,0.9654135338345864,1.0,0.00017493907863092018,,,-0.03458646616541361,0.0
42,160,20,lime,LIME,0.8180451127819548,0.8992481203007519,0.00020956129462801343,,,-0.08120300751879705,0.0
42,161,20,shapley_mc,Monte Carlo Shapley,0.7293233082706766,0.732330827067669,0.0010465033923181544,,,-0.003007518796992459,0.0
42,161,20,loo_oracle,LOO oracle,0.9984962406015038,1.0,5.7064997927736005e-05,,,-0.0015037593984962294,0.0
42,161,20,lime,LIME,0.9804511278195487,0.9789473684210527,5.7064997927736005e-05,,,0.0015037593984960074,0.0
42,162,20,shapley_mc,Monte Carlo Shapley,0.7969924812030074,0.7428571428571428,0.0005436616813838113,,,0.05413533834586459,8.673617379884035e-19
42,162,20,loo_oracle,LOO oracle,0.9533834586466164,1.0,-0.0001202058027422459,,,-0.046616541353383556,8.673617379884035e-19
42,162,20,lime,LIME,0.9233082706766916,0.9669172932330825,-0.0007747284538827115,,,-0.043609022556390875,8.673617379884035e-19
42,163,20,shapley_mc,Monte Carlo Shapley,0.6796992481203006,0.7082706766917292,0.00072742288535671,,,-0.02857142857142858,8.673617379884035e-19
42,163,20,loo_oracle,LOO oracle,0.9954887218045112,1.0,-3.04719396154729e-06,,,-0.004511278195488799,8.673617379884035e-19
42,163,20,lime,LIME,0.8887218045112781,0.900751879699248,-3.04719396154729e-06,,,-0.012030075187969835,8.673617379884035e-19
42,164,20,shapley_mc,Monte Carlo Shapley,0.6541353383458646,0.6165413533834586,-0.00035869076026950886,,,0.03759398496240596,8.673617379884035e-19
42,164,20,loo_oracle,LOO oracle,0.9714285714285714,1.0,-0.0007652200900937212,,,-0.02857142857142858,8.673617379884035e-19
42,164,20,lime,LIME,0.613533834586466,0.6421052631578947,-0.0007652200900937212,,,-0.028571428571428692,8.673617379884035e-19
42,165,20,shapley_mc,Monte Carlo Shapley,0.669172932330827,0.6766917293233082,0.00031083202742898663,,,-0.007518796992481258,8.673617379884035e-19
42,165,20,loo_oracle,LOO oracle,0.9398496240601503,1.0,-0.00045064988355325575,,,-0.06015037593984973,8.673617379884035e-19
42,165,20,lime,LIME,0.706766917293233,0.7999999999999999,-0.00045064988355325575,,,-0.09323308270676689,8.673617379884035e-19
42,166,16,shapley_mc,Monte Carlo Shapley,0.7911764705882354,0.7323529411764707,0.0014045388506346845,,,0.05882352941176472,8.673617379884035e-19
42,166,16,loo_oracle,LOO oracle,0.988235294117647,1.0,0.00046944001684612324,,,-0.01176470588235301,8.673617379884035e-19
42,166,16,lime,LIME,0.9205882352941176,0.9382352941176471,0.00046944001684612324,,,-0.01764705882352946,8.673617379884035e-19
42,167,16,shapley_mc,Monte Carlo Shapley,0.45294117647058824,0.45294117647058824,0.0014828201476161929,,,0.0,1.734723475976807e-18
42,167,16,loo_oracle,LOO oracle,1.0,1.0,0.0003696696123955401,,,0.0,1.734723475976807e-18
42,167,16,lime,LIME,0.9852941176470588,0.9852941176470588,0.0003696696123955401,,,0.0,1.734723475976807e-18
42,168,20,shapley_mc,Monte Carlo Shapley,0.8646616541353382,0.8436090225563909,0.00010702861199102243,,,0.021052631578947323,1.734723475976807e-18
42,168,20,loo_oracle,LOO oracle,0.9894736842105262,1.0,0.00010702861199102243,,,-0.010526315789473828,1.734723475976807e-18
42,168,20,lime,LIME,0.9624060150375938,0.9849624060150375,0.00010702861199102243,,,-0.022556390977443663,1.734723475976807e-18
42,169,20,shapley_mc,Monte Carlo Shapley,0.813533834586466,0.8105263157894737,0.0009943480863993104,,,0.003007518796992348,0.0
42,169,20,loo_oracle,LOO oracle,0.9984962406015038,1.0,8.135036607637147e-05,,,-0.0015037593984962294,0.0
42,169,20,lime,LIME,0.9729323308270676,0.9789473684210527,8.135036607637147e-05,,,-0.006015037593985029,0.0
42,170,17,shapley_mc,Monte Carlo Shapley,0.7965686274509804,0.7965686274509804,0.0022132365765362705,,,0.0,3.469446951953614e-18
42,170,17,loo_oracle,LOO oracle,1.0,1.0,0.0022132365765362705,,,0.0,3.469446951953614e-18
42,170,17,lime,LIME,0.9901960784313727,0.9901960784313727,0.0022132365765362705,,,0.0,3.469446951953614e-18
42,171,10,shapley_mc,Monte Carlo Shapley,0.8666666666666665,0.8666666666666665,-4.45659982973301e-05,,,0.0,8.673617379884035e-19
42,171,10,loo_oracle,LOO oracle,0.9999999999999999,0.9999999999999999,-4.45659982973301e-05,,,0.0,8.673617379884035e-19
42,171,10,lime,LIME,0.7333333333333332,0.7333333333333332,-4.45659982973301e-05,,,0.0,8.673617379884035e-19
42,172,20,shapley_mc,Monte Carlo Shapley,0.8812030075187969,0.8601503759398496,0.0016263556946745084,,,0.021052631578947323,3.469446951953614e-18
42,172,20,loo_oracle,LOO oracle,0.9924812030075187,1.0,0.0006774404852288862,,,-0.007518796992481258,3.469446951953614e-18
42,172,20,lime,LIME,0.8691729323308269,0.8917293233082706,0.0006774404852288862,,,-0.022556390977443663,3.469446951953614e-18
42,173,20,shapley_mc,Monte Carlo Shapley,0.831578947368421,0.831578947368421,0.002151903782127207,,,0.0,1.734723475976807e-18
42,173,20,loo_oracle,LOO oracle,1.0,1.0,0.0011975137515711776,,,0.0,1.734723475976807e-18
42,173,20,lime,LIME,0.9518796992481202,0.9518796992481202,0.0011975137515711776,,,0.0,1.734723475976807e-18
42,174,20,shapley_mc,Monte Carlo Shapley,0.6947368421052631,0.7203007518796991,0.0006650985929042008,,,-0.02556390977443601,8.673617379884035e-19
42,174,20,loo_oracle,LOO oracle,0.9879699248120299,1.0,0.0006650985929042008,,,-0.012030075187970057,8.673617379884035e-19
42,174,20,lime,LIME,0.9368421052631578,0.9443609022556391,0.0006650985929042008,,,-0.007518796992481258,8.673617379884035e-19
42,175,20,shapley_mc,Monte Carlo Shapley,0.8390977443609022,0.813533834586466,0.0006434198413952652,,,0.025563909774436233,0.0
42,175,20,loo_oracle,LOO oracle,0.9759398496240601,1.0,5.5680318470252566e-05,,,-0.024060150375939893,0.0
42,175,20,lime,LIME,0.8706766917293233,0.9127819548872179,0.00010334373506354355,,,-0.042105263157894646,0.0
42,176,20,shapley_mc,Monte Carlo Shapley,0.8917293233082706,0.875187969924812,-0.00022065059709575063,,,0.016541353383458635,4.336808689942018e-19
42,176,20,loo_oracle,LOO oracle,0.9969924812030074,1.0,3.2739248653768094e-05,,,-0.00300751879699257,4.336808689942018e-19
42,176,20,lime,LIME,0.9759398496240601,0.9804511278195487,3.2739248653768094e-05,,,-0.004511278195488577,4.336808689942018e-19
42,177,20,shapley_mc,Monte Carlo Shapley,0.7864661654135338,0.7503759398496239,0.0009029935107615628,,,0.03609022556390984,4.336808689942018e-19
42,177,20,loo_oracle,LOO oracle,0.9849624060150375,1.0,0.0009029935107615628,,,-0.015037593984962516,4.336808689942018e-19
42,177,20,lime,LIME,0.9443609022556391,0.9533834586466164,0.0009029935107615628,,,-0.009022556390977376,4.336808689942018e-19
42,178,20,shapley_mc,Monte Carlo Shapley,0.7007518796992479,0.6827067669172932,0.0009818961527098269,,,0.018045112781954753,1.734723475976807e-18
42,178,20,loo_oracle,LOO oracle,0.9954887218045112,1.0,0.00014194827666780263,,,-0.004511278195488799,1.734723475976807e-18
42,178,20,lime,LIME,0.9699248120300751,0.9744360902255638,0.00014194827666780263,,,-0.004511278195488688,1.734723475976807e-18
42,179,20,shapley_mc,Monte Carlo Shapley,0.5293233082706766,0.5338345864661653,0.0005573646658519338,,,-0.004511278195488688,0.0
42,179,20,loo_oracle,LOO oracle,0.9984962406015038,1.0,2.9486498036301878e-05,,,-0.0015037593984962294,0.0
42,179,20,lime,LIME,0.9473684210526315,0.9428571428571428,2.9486498036301878e-05,,,0.004511278195488688,0.0
42,180,20,shapley_mc,Monte Carlo Shapley,0.7864661654135338,0.7849624060150376,0.0012755277086408667,,,0.0015037593984961184,1.734723475976807e-18
42,180,20,loo_oracle,LOO oracle,0.9984962406015038,1.0,0.0013028931035198865,,,-0.0015037593984962294,1.734723475976807e-18
42,180,20,lime,LIME,0.9849624060150375,0.9819548872180449,0.0012755277086408667,,,0.00300751879699257,1.734723475976807e-18
42,181,20,shapley_mc,Monte Carlo Shapley,0.7744360902255639,0.7744360902255639,-0.00414053226739397,,,0.0,1.3877787807814457e-17
42,181,20,loo_oracle,LOO oracle,1.0,1.0,-0.00414053226739397,,,0.0,1.3877787807814457e-17
42,181,20,lime,LIME,0.9789473684210527,0.9789473684210527,-0.00414053226739397,,,0.0,1.3877787807814457e-17
42,182,20,shapley_mc,Monte Carlo Shapley,0.6436090225563909,0.6225563909774435,0.000963427356995672,,,0.021052631578947323,0.0
42,182,20,loo_oracle,LOO oracle,0.9879699248120299,1.0,0.00026555450699261574,,,-0.012030075187970057,0.0
42,182,20,lime,LIME,0.9353383458646616,0.9473684210526315,0.00026555450699261574,,,-0.012030075187969946,0.0
42,183,20,shapley_mc,Monte Carlo Shapley,0.8270676691729323,0.875187969924812,0.0006486185555279467,,,-0.048120300751879674,0.0
42,183,20,loo_oracle,LOO oracle,0.9729323308270676,1.0,0.0006486185555279467,,,-0.02706766917293235,0.0
42,183,20,lime,LIME,0.8586466165413533,0.8661654135338346,4.3246759427018056e-05,,,-0.007518796992481258,0.0
42,184,20,shapley_mc,Monte Carlo Shapley,0.8075187969924811,0.7864661654135338,0.002595296527456492,,,0.021052631578947323,1.0408340855860843e-17
42,184,20,loo_oracle,LOO oracle,0.9969924812030074,1.0,0.002595296527456492,,,-0.00300751879699257,1.0408340855860843e-17
42,184,20,lime,LIME,0.9894736842105262,0.9864661654135337,0.002595296527456492,,,0.003007518796992459,1.0408340855860843e-17
42,185,20,shapley_mc,Monte Carlo Shapley,0.7428571428571428,0.7157894736842104,0.0004309205915958847,,,0.02706766917293235,0.0
42,185,20,loo_oracle,LOO oracle,0.9819548872180449,1.0,1.8470546832127788e-05,,,-0.018045112781955086,0.0
42,185,20,lime,LIME,0.8872180451127819,0.9218045112781955,-0.0004875566417987254,,,-0.03458646616541361,0.0
42,186,20,shapley_mc,Monte Carlo Shapley,0.8390977443609022,0.7969924812030074,0.0007562203883559881,,,0.04210526315789487,8.673617379884035e-19
42,186,20,loo_oracle,LOO oracle,0.9744360902255638,1.0,-0.0007935226563667852,,,-0.025563909774436233,8.673617379884035e-19
42,186,20,lime,LIME,0.8992481203007519,0.9368421052631578,-0.0007138739845138353,,,-0.03759398496240596,8.673617379884035e-19
42,187,20,shapley_mc,Monte Carlo Shapley,0.8436090225563909,0.8556390977443609,-0.00013966971692991326,,,-0.012030075187969946,8.673617379884035e-19
42,187,20,loo_oracle,LOO oracle,0.9969924812030074,1.0,-0.0010119075364402597,,,-0.00300751879699257,8.673617379884035e-19
42,187,20,lime,LIME,0.9383458646616539,0.9383458646616539,-0.0010119075364402597,,,0.0,8.673617379884035e-19
42,188,20,shapley_mc,Monte Carlo Shapley,0.8150375939849623,0.8406015037593983,0.000659087350049048,,,-0.02556390977443601,4.336808689942018e-18
42,188,20,loo_oracle,LOO oracle,0.9879699248120299,1.0,0.000659087350049048,,,-0.012030075187970057,4.336808689942018e-18
42,188,20,lime,LIME,0.9669172932330825,0.9699248120300751,0.000659087350049048,,,-0.00300751879699257,4.336808689942018e-18
42,189,20,shapley_mc,Monte Carlo Shapley,0.7022556390977444,0.724812030075188,-0.00016660460624373652,,,-0.022556390977443663,2.168404344971009e-19
42,189,20,loo_oracle,LOO oracle,0.9834586466165413,1.0,-0.0001498534153210329,,,-0.016541353383458746,2.168404344971009e-19
42,189,20,lime,LIME,0.77593984962406,0.8165413533834586,-0.0001498534153210329,,,-0.04060150375939853,2.168404344971009e-19
42,190,12,shapley_mc,Monte Carlo Shapley,0.6923076923076924,0.6853146853146854,0.005163176511949863,,,0.006993006993006978,3.469446951953614e-18
42,190,12,loo_oracle,LOO oracle,0.9930069930069931,1.0,0.0026751806716557858,,,-0.006993006993006867,3.469446951953614e-18
42,190,12,lime,LIME,0.965034965034965,0.9790209790209792,0.0026751806716557858,,,-0.013986013986014179,3.469446951953614e-18
42,191,20,shapley_mc,Monte Carlo Shapley,0.806015037593985,0.806015037593985,0.0008293768579105687,,,0.0,0.0
42,191,20,loo_oracle,LOO oracle,1.0,1.0,0.0008675192659379771,,,0.0,0.0
42,191,20,lime,LIME,0.9609022556390976,0.9609022556390976,0.0001647330723318352,,,0.0,0.0
42,192,20,shapley_mc,Monte Carlo Shapley,0.7308270676691728,0.7383458646616541,-5.896886722606132e-05,,,-0.007518796992481258,0.0
42,192,20,loo_oracle,LOO oracle,0.9849624060150375,1.0,-5.896886722606132e-05,,,-0.015037593984962516,0.0
42,192,20,lime,LIME,0.9293233082706768,0.9503759398496241,-5.896886722606132e-05,,,-0.021052631578947323,0.0
42,193,20,shapley_mc,Monte Carlo Shapley,0.7984962406015037,0.7909774436090224,0.00037257276311497556,,,0.007518796992481258,0.0
42,193,20,loo_oracle,LOO oracle,0.9834586466165413,1.0,0.00036062853072349466,,,-0.016541353383458746,0.0
42,193,20,lime,LIME,0.8406015037593983,0.8842105263157894,0.00036062853072349466,,,-0.0436090225563911,0.0
42,194,20,shapley_mc,Monte Carlo Shapley,0.7338345864661654,0.6706766917293233,-0.0002200381725938616,,,0.06315789473684208,0.0
42,194,20,loo_oracle,LOO oracle,0.9127819548872179,1.0,-0.0005877597773357723,,,-0.08721804511278208,0.0
42,194,20,lime,LIME,0.6932330827067669,0.7218045112781954,-0.0004669875684357172,,,-0.02857142857142858,0.0
42,195,20,shapley_mc,Monte Carlo Shapley,0.8962406015037594,0.8962406015037594,0.002732399102588434,,,0.0,6.938893903907228e-18
42,195,20,loo_oracle,LOO oracle,1.0,1.0,0.0011892520973988407,,,0.0,6.938893903907228e-18
42,195,20,lime,LIME,0.9473684210526315,0.9473684210526315,0.0027850170586623535,,,0.0,6.938893903907228e-18
42,196,13,shapley_mc,Monte Carlo Shapley,0.6978021978021978,0.6978021978021978,-0.010394443181320101,,,0.0,2.7755575615628914e-17
42,196,13,loo_oracle,LOO oracle,1.0,1.0,-0.010394443181320101,,,0.0,2.7755575615628914e-17
42,196,13,lime,LIME,0.9780219780219779,0.9780219780219779,-0.010394443181320101,,,0.0,2.7755575615628914e-17
42,197,20,shapley_mc,Monte Carlo Shapley,0.7624060150375939,0.6796992481203006,0.0005915478749766723,,,0.08270676691729328,8.673617379884035e-19
42,197,20,loo_oracle,LOO oracle,0.9624060150375938,1.0,0.00020519343943131707,,,-0.03759398496240618,8.673617379884035e-19
42,197,20,lime,LIME,0.8481203007518796,0.8992481203007519,0.00020519343943131707,,,-0.051127819548872244,8.673617379884035e-19
42,198,20,shapley_mc,Monte Carlo Shapley,0.7563909774436091,0.7533834586466165,0.002776275121857019,,,0.00300751879699257,3.469446951953614e-18
42,198,20,loo_oracle,LOO oracle,0.9954887218045112,1.0,0.002776275121857019,,,-0.004511278195488799,3.469446951953614e-18
42,198,20,lime,LIME,0.9759398496240601,0.9759398496240601,0.002776275121857019,,,0.0,3.469446951953614e-18
42,199,11,shapley_mc,Monte Carlo Shapley,0.8181818181818182,0.8000000000000002,-0.001463141004578672,,,0.018181818181818077,1.3010426069826053e-18
42,199,11,loo_oracle,LOO oracle,0.9818181818181818,1.0,-0.001463141004578672,,,-0.018181818181818188,1.3010426069826053e-18
42,199,11,lime,LIME,0.8363636363636365,0.8727272727272729,-0.001463141004578672,,,-0.036363636363636376,1.3010426069826053e-18
42,200,20,shapley_mc,Monte Carlo Shapley,0.8541353383458646,0.8541353383458646,0.0038205350456435583,,,0.0,1.734723475976807e-18
42,200,20,loo_oracle,LOO oracle,1.0,1.0,0.0029497687839755704,,,0.0,1.734723475976807e-18
42,200,20,lime,LIME,0.8571428571428572,0.8571428571428572,0.0029497687839755704,,,0.0,1.734723475976807e-18
42,201,20,shapley_mc,Monte Carlo Shapley,0.8180451127819548,0.8616541353383457,0.00010748589539816278,,,-0.043609022556390875,4.336808689942018e-19
42,201,20,loo_oracle,LOO oracle,0.9593984962406013,1.0,-0.0009519601784117038,,,-0.04060150375939875,4.336808689942018e-19
42,201,20,lime,LIME,0.8947368421052632,0.9473684210526315,0.00010748589539816278,,,-0.05263157894736836,4.336808689942018e-19
42,202,20,shapley_mc,Monte Carlo Shapley,0.6586466165413534,0.6586466165413534,0.001053243301136153,,,0.0,1.734723475976807e-18
42,202,20,loo_oracle,LOO oracle,0.993984962406015,1.0,0.001053243301136153,,,-0.006015037593985029,1.734723475976807e-18
42,202,20,lime,LIME,0.8165413533834586,0.831578947368421,0.001053243301136153,,,-0.015037593984962405,1.734723475976807e-18
42,203,20,shapley_mc,Monte Carlo Shapley,0.7278195488721804,0.6812030075187969,0.0002750285459046098,,,0.046616541353383445,0.0
42,203,20,loo_oracle,LOO oracle,0.9909774436090225,1.0,0.0002750285459046098,,,-0.009022556390977488,0.0
42,203,20,lime,LIME,0.9022556390977443,0.9127819548872179,0.0002750285459046098,,,-0.010526315789473606,0.0
42,204,20,shapley_mc,Monte Carlo Shapley,0.9203007518796992,0.9203007518796992,-0.002009139660410608,,,0.0,5.204170427930421e-18
42,204,20,loo_oracle,LOO oracle,1.0,1.0,-0.002009139660410608,,,0.0,5.204170427930421e-18
42,204,20,lime,LIME,0.9924812030075187,0.9924812030075187,-0.002009139660410608,,,0.0,5.204170427930421e-18
42,205,12,shapley_mc,Monte Carlo Shapley,0.6923076923076924,0.7342657342657343,-0.0016840748504111103,,,-0.04195804195804187,0.0
42,205,12,loo_oracle,LOO oracle,0.9860139860139862,1.0,-0.0016840748504111103,,,-0.013986013986013845,0.0
42,205,12,lime,LIME,0.9230769230769231,0.9440559440559443,-0.0016840748504111103,,,-0.020979020979021157,0.0
42,206,13,shapley_mc,Monte Carlo Shapley,0.21428571428571427,0.20329670329670327,0.004185559063703992,,,0.010989010989011005,1.0408340855860843e-17
42,206,13,loo_oracle,LOO oracle,0.9945054945054945,1.0,0.0028340909447200358,,,-0.005494505494505475,1.0408340855860843e-17
42,206,13,lime,LIME,0.967032967032967,0.9725274725274725,0.0028340909447200358,,,-0.005494505494505475,1.0408340855860843e-17
42,207,20,shapley_mc,Monte Carlo Shapley,0.48872180451127817,0.47067669172932325,-2.5668759030539334e-06,,,0.01804511278195492,4.336808689942018e-19
42,207,20,loo_oracle,LOO oracle,0.9834586466165413,1.0,-2.5668759030539334e-06,,,-0.016541353383458746,4.336808689942018e-19
42,207,20,lime,LIME,0.7563909774436091,0.8180451127819548,-2.5668759030539334e-06,,,-0.06165413533834574,4.336808689942018e-19
42,208,7,shapley_mc,Monte Carlo Shapley,-0.1785714285714286,-0.28571428571428575,0.0023736124684118898,,,0.10714285714285715,1.3877787807814457e-17
42,208,7,loo_oracle,LOO oracle,0.9642857142857145,1.0,-0.003931531413342293,,,-0.035714285714285476,1.3877787807814457e-17
42,208,7,lime,LIME,0.8214285714285715,0.9285714285714288,-0.003931531413342293,,,-0.10714285714285732,1.3877787807814457e-17
42,209,20,shapley_mc,Monte Carlo Shapley,0.8526315789473683,0.8781954887218045,-2.8575502881322823e-05,,,-0.025563909774436233,4.336808689942018e-19
42,209,20,loo_oracle,LOO oracle,0.9774436090225563,1.0,-0.0006903698229917543,,,-0.022556390977443663,4.336808689942018e-19
42,209,20,lime,LIME,0.8210526315789473,0.882706766917293,-0.0006903698229917543,,,-0.06165413533834574,4.336808689942018e-19
42,210,20,shapley_mc,Monte Carlo Shapley,0.7112781954887217,0.7112781954887217,0.002481985061045411,,,0.0,3.469446951953614e-18
42,210,20,loo_oracle,LOO oracle,1.0,1.0,0.002481985061045411,,,0.0,3.469446951953614e-18
42,210,20,lime,LIME,0.9684210526315788,0.9684210526315788,0.002481985061045411,,,0.0,3.469446951953614e-18
42,211,20,shapley_mc,Monte Carlo Shapley,0.6526315789473683,0.6270676691729322,-7.548725566197678e-05,,,0.025563909774436122,0.0
42,211,20,loo_oracle,LOO oracle,0.9924812030075187,1.0,-8.36487535335606e-05,,,-0.007518796992481258,0.0
42,211,20,lime,LIME,0.9699248120300751,0.9744360902255638,-8.36487535335606e-05,,,-0.004511278195488688,0.0
42,212,17,shapley_mc,Monte Carlo Shapley,0.9166666666666667,0.9166666666666667,0.0017030779089901027,,,0.0,0.0
42,212,17,loo_oracle,LOO oracle,1.0,1.0,0.0019991482079187994,,,0.0,0.0
42,212,17,lime,LIME,0.985294117647059,0.985294117647059,0.0019991482079187994,,,0.0,0.0
42,213,20,shapley_mc,Monte Carlo Shapley,0.5804511278195488,0.5834586466165413,0.0013448336294654695,,,-0.00300751879699257,1.3010426069826053e-18
42,213,20,loo_oracle,LOO oracle,0.9909774436090225,1.0,0.0013448336294654695,,,-0.009022556390977488,1.3010426069826053e-18
42,213,20,lime,LIME,0.9248120300751879,0.9428571428571428,0.0013448336294654695,,,-0.018045112781954975,1.3010426069826053e-18
42,214,20,shapley_mc,Monte Carlo Shapley,0.7624060150375939,0.7593984962406014,-0.00027271332724798647,,,0.003007518796992459,0.0
42,214,20,loo_oracle,LOO oracle,0.9984962406015038,1.0,-0.00027271332724798647,,,-0.0015037593984962294,0.0
42,214,20,lime,LIME,0.9458646616541352,0.9413533834586465,-0.00027271332724798647,,,0.004511278195488688,0.0
42,215,20,shapley_mc,Monte Carlo Shapley,0.9142857142857143,0.9022556390977443,-6.663807637435903e-05,,,0.012030075187969946,6.505213034913027e-19
42,215,20,loo_oracle,LOO oracle,0.9909774436090225,1.0,-0.0007927517332718126,,,-0.009022556390977488,6.505213034913027e-19
42,215,20,lime,LIME,0.9203007518796992,0.9383458646616539,-6.663807637435903e-05,,,-0.018045112781954753,6.505213034913027e-19
42,216,9,shapley_mc,Monte Carlo Shapley,0.7333333333333334,0.7333333333333334,0.0017044899387821388,,,0.0,1.5612511283791264e-17
42,216,9,loo_oracle,LOO oracle,1.0,1.0,0.0017044899387821388,,,0.0,1.5612511283791264e-17
42,216,9,lime,LIME,0.9333333333333332,0.9333333333333332,0.0017044899387821388,,,0.0,1.5612511283791264e-17
42,217,20,shapley_mc,Monte Carlo Shapley,0.8180451127819548,0.8180451127819548,0.0006775731552250974,,,0.0,8.673617379884035e-19
42,217,20,loo_oracle,LOO oracle,0.9789473684210527,1.0,0.0001623188572487666,,,-0.021052631578947323,8.673617379884035e-19
42,217,20,lime,LIME,0.9428571428571428,0.9428571428571428,0.0001623188572487666,,,0.0,8.673617379884035e-19
42,218,12,shapley_mc,Monte Carlo Shapley,0.9440559440559443,0.9440559440559443,-0.012283992983067038,,,0.0,6.938893903907228e-18
42,218,12,loo_oracle,LOO oracle,1.0,1.0,-0.012283992983067038,,,0.0,6.938893903907228e-18
42,218,12,lime,LIME,0.9930069930069931,0.9930069930069931,-0.012283992983067038,,,0.0,6.938893903907228e-18
42,219,20,shapley_mc,Monte Carlo Shapley,0.7834586466165413,0.7789473684210525,0.0008323541555886882,,,0.004511278195488799,0.0
42,219,20,loo_oracle,LOO oracle,0.993984962406015,1.0,0.0008323541555886882,,,-0.006015037593985029,0.0
42,219,20,lime,LIME,0.9248120300751879,0.9428571428571428,0.00019024454680516278,,,-0.018045112781954975,0.0
42,220,10,shapley_mc,Monte Carlo Shapley,0.6484848484848483,0.709090909090909,0.00010936732449484676,,,-0.06060606060606066,0.0
42,220,10,loo_oracle,LOO oracle,0.9030303030303028,0.9999999999999999,-0.001195413757051178,,,-0.09696969696969704,0.0
42,220,10,lime,LIME,0.8787878787878788,0.9636363636363635,-0.001195413757051178,,,-0.08484848484848473,0.0
42,221,20,shapley_mc,Monte Carlo Shapley,0.732330827067669,0.732330827067669,0.0027156134763333117,,,0.0,6.938893903907228e-18
42,221,20,loo_oracle,LOO oracle,1.0,1.0,0.0027156134763333117,,,0.0,6.938893903907228e-18
42,221,20,lime,LIME,0.9834586466165413,0.9834586466165413,0.0027156134763333117,,,0.0,6.938893903907228e-18
42,222,20,shapley_mc,Monte Carlo Shapley,0.41353383458646614,0.4120300751879699,1.5482797568078244e-05,,,0.0015037593984962294,2.168404344971009e-19
42,222,20,loo_oracle,LOO oracle,0.9488721804511278,1.0,1.5482797568078244e-05,,,-0.051127819548872244,2.168404344971009e-19
42,222,20,lime,LIME,0.6195488721804511,0.7639097744360903,-0.00034949027764319407,,,-0.14436090225563925,2.168404344971009e-19
42,223,20,shapley_mc,Monte Carlo Shapley,0.8030075187969924,0.7804511278195487,0.0011306230077585133,,,0.022556390977443663,3.469446951953614e-18
42,223,20,loo_oracle,LOO oracle,0.9954887218045112,1.0,0.0002411531020448665,,,-0.004511278195488799,3.469446951953614e-18
42,223,20,lime,LIME,0.9804511278195487,0.9849624060150375,0.0002411531020448665,,,-0.004511278195488799,3.469446951953614e-18
42,224,20,shapley_mc,Monte Carlo Shapley,0.7052631578947368,0.6330827067669172,4.9039036594811236e-05,,,0.07218045112781957,4.336808689942018e-19
42,224,20,loo_oracle,LOO oracle,0.9789473684210527,1.0,-0.0009187503701779121,,,-0.021052631578947323,4.336808689942018e-19
42,224,20,lime,LIME,0.9127819548872179,0.9308270676691727,-0.0009187503701779121,,,-0.018045112781954753,4.336808689942018e-19
42,225,9,shapley_mc,Monte Carlo Shapley,-0.03333333333333333,-0.03333333333333333,0.0004431459440092378,,,0.0,0.0
42,225,9,loo_oracle,LOO oracle,0.9500000000000001,1.0,-0.0010284064523094494,,,-0.04999999999999993,0.0
42,225,9,lime,LIME,0.7999999999999999,0.8666666666666667,-0.0010284064523094494,,,-0.06666666666666676,0.0
42,226,11,shapley_mc,Monte Carlo Shapley,0.5272727272727273,0.5272727272727273,0.0032116340119611175,,,0.0,3.469446951953614e-18
42,226,11,loo_oracle,LOO oracle,1.0,1.0,0.0032116340119611175,,,0.0,3.469446951953614e-18
42,226,11,lime,LIME,0.9545454545454546,0.9545454545454546,0.0032116340119611175,,,0.0,3.469446951953614e-18
42,227,20,shapley_mc,Monte Carlo Shapley,0.900751879699248,0.8977443609022555,0.0025556529316182464,,,0.003007518796992459,5.204170427930421e-18
42,227,20,loo_oracle,LOO oracle,0.9984962406015038,1.0,0.0015483690344120782,,,-0.0015037593984962294,5.204170427930421e-18
42,227,20,lime,LIME,0.9443609022556391,0.9413533834586465,0.0015483690344120782,,,0.00300751879699257,5.204170427930421e-18
42,228,20,shapley_mc,Monte Carlo Shapley,0.8210526315789473,0.8436090225563909,0.0020752352504763705,,,-0.022556390977443663,1.734723475976807e-18
42,228,20,loo_oracle,LOO oracle,0.993984962406015,1.0,0.0020752352504763705,,,-0.006015037593985029,1.734723475976807e-18
42,228,20,lime,LIME,0.9804511278195487,0.9864661654135337,0.0020752352504763705,,,-0.006015037593985029,1.734723475976807e-18
42,229,20,shapley_mc,Monte Carlo Shapley,0.7353383458646616,0.7413533834586465,0.0016406387835444236,,,-0.006015037593984918,1.734723475976807e-18
42,229,20,loo_oracle,LOO oracle,0.9984962406015038,1.0,0.0016406387835444236,,,-0.0015037593984962294,1.734723475976807e-18
42,229,20,lime,LIME,0.9413533834586465,0.9458646616541352,0.0005445124770900311,,,-0.004511278195488688,1.734723475976807e-18
42,230,20,shapley_mc,Monte Carlo Shapley,0.831578947368421,0.8300751879699247,-0.00022188724084371003,,,0.0015037593984962294,1.0842021724855044e-18
42,230,20,loo_oracle,LOO oracle,0.993984962406015,1.0,-0.0006447749642977119,,,-0.006015037593985029,1.0842021724855044e-18
42,230,20,lime,LIME,0.9338345864661652,0.9473684210526315,-0.00061764776285822,,,-0.013533834586466287,1.0842021724855044e-18
42,231,20,shapley_mc,Monte Carlo Shapley,0.8270676691729323,0.7909774436090224,0.0017618877794361998,,,0.03609022556390984,1.734723475976807e-18
42,231,20,loo_oracle,LOO oracle,0.993984962406015,1.0,0.0017618877794361998,,,-0.006015037593985029,1.734723475976807e-18
42,231,20,lime,LIME,0.9218045112781955,0.932330827067669,0.0017618877794361998,,,-0.010526315789473495,1.734723475976807e-18
42,232,20,shapley_mc,Monte Carlo Shapley,0.6300751879699248,0.5864661654135337,0.0019354091197248402,,,0.0436090225563911,6.938893903907228e-18
42,232,20,loo_oracle,LOO oracle,0.9924812030075187,1.0,0.0019354091197248402,,,-0.007518796992481258,6.938893903907228e-18
42,232,20,lime,LIME,0.9654135338345864,0.9804511278195487,0.0019354091197248402,,,-0.015037593984962294,6.938893903907228e-18
42,233,20,shapley_mc,Monte Carlo Shapley,0.9112781954887217,0.9022556390977443,0.003270009122012474,,,0.009022556390977376,1.3877787807814457e-17
42,233,20,loo_oracle,LOO oracle,0.993984962406015,1.0,0.003270009122012474,,,-0.006015037593985029,1.3877787807814457e-17
42,233,20,lime,LIME,0.9789473684210527,0.9849624060150375,0.003270009122012474,,,-0.006015037593984807,1.3877787807814457e-17
42,234,20,shapley_mc,Monte Carlo Shapley,0.7578947368421052,0.7578947368421052,0.001825583209263404,,,0.0,1.734723475976807e-18
42,234,20,loo_oracle,LOO oracle,1.0,1.0,0.001825781019106687,,,0.0,1.734723475976807e-18
42,234,20,lime,LIME,0.9759398496240601,0.9759398496240601,0.001825583209263404,,,0.0,1.734723475976807e-18
42,235,20,shapley_mc,Monte Carlo Shapley,0.30977443609022554,0.2721804511278195,0.0005983722487681309,,,0.03759398496240601,0.0
42,235,20,loo_oracle,LOO oracle,0.9969924812030074,1.0,0.0007752327099665446,,,-0.00300751879699257,0.0
42,235,20,lime,LIME,0.9909774436090225,0.9894736842105262,0.0007752327099665446,,,0.0015037593984963404,0.0
42,236,20,shapley_mc,Monte Carlo Shapley,0.6571428571428571,0.6586466165413534,0.0003949560871008839,,,-0.0015037593984962294,8.673617379884035e-19
42,236,20,loo_oracle,LOO oracle,0.9759398496240601,1.0,0.0003949560871008839,,,-0.024060150375939893,8.673617379884035e-19
42,236,20,lime,LIME,0.8601503759398496,0.9293233082706768,0.0003949560871008839,,,-0.06917293233082722,8.673617379884035e-19
42,237,20,shapley_mc,Monte Carlo Shapley,0.7233082706766917,0.675187969924812,0.0009245397592455573,,,0.048120300751879674,0.0
42,237,20,loo_oracle,LOO oracle,0.9879699248120299,1.0,0.00021013397656033383,,,-0.012030075187970057,0.0
42,237,20,lime,LIME,0.9127819548872179,0.9157894736842105,0.00023046799444248478,,,-0.00300751879699257,0.0
42,238,20,shapley_mc,Monte Carlo Shapley,0.7819548872180451,0.7714285714285714,0.002076208264928714,,,0.010526315789473717,3.469446951953614e-18
42,238,20,loo_oracle,LOO oracle,0.9984962406015038,1.0,0.002076208264928714,,,-0.0015037593984962294,3.469446951953614e-18
42,238,20,lime,LIME,0.9744360902255638,0.9729323308270676,0.002076208264928714,,,0.0015037593984961184,3.469446951953614e-18
42,239,20,shapley_mc,Monte Carlo Shapley,0.7203007518796991,0.7172932330827068,0.0008767040827800665,,,0.003007518796992348,0.0
42,239,20,loo_oracle,LOO oracle,0.9984962406015038,1.0,9.831981016572566e-05,,,-0.0015037593984962294,0.0
42,239,20,lime,LIME,0.956390977443609,0.9548872180451128,9.831981016572566e-05,,,0.0015037593984962294,0.0
42,240,20,shapley_mc,Monte Carlo Shapley,0.5804511278195488,0.5774436090225563,0.0022302402338741367,,,0.003007518796992459,1.734723475976807e-18
42,240,20,loo_oracle,LOO oracle,0.9969924812030074,1.0,0.0013838676511397918,,,-0.00300751879699257,1.734723475976807e-18
42,240,20,lime,LIME,0.9669172932330825,0.9714285714285714,0.0014059667764723116,,,-0.00451127819548891,1.734723475976807e-18
42,241,20,shapley_mc,Monte Carlo Shapley,0.819548872180451,0.8210526315789473,0.0009003324503039645,,,-0.0015037593984962294,2.6020852139652106e-18
42,241,20,loo_oracle,LOO oracle,0.9894736842105262,1.0,0.00019108053407679293,,,-0.010526315789473828,2.6020852139652106e-18
42,241,20,lime,LIME,0.9278195488721804,0.9368421052631578,0.00019108053407679293,,,-0.009022556390977376,2.6020852139652106e-18
42,242,17,shapley_mc,Monte Carlo Shapley,0.931372549019608,0.9338235294117647,-0.0018569403667878515,,,-0.002450980392156743,8.673617379884035e-19
42,242,17,loo_oracle,LOO oracle,0.9975490196078433,1.0,-0.0018569403667878515,,,-0.002450980392156743,8.673617379884035e-19
42,242,17,lime,LIME,0.9607843137254902,0.9632352941176472,-0.0018569403667878515,,,-0.002450980392156965,8.673617379884035e-19
42,243,20,shapley_mc,Monte Carlo Shapley,0.7984962406015037,0.7984962406015037,0.001269439859761523,,,0.0,0.0
42,243,20,loo_oracle,LOO oracle,1.0,1.0,0.00013976462339526652,,,0.0,0.0
42,243,20,lime,LIME,0.9714285714285714,0.9714285714285714,0.00013976462339526652,,,0.0,0.0
42,244,20,shapley_mc,Monte Carlo Shapley,0.7488721804511278,0.7022556390977444,0.0001724987578824999,,,0.046616541353383445,0.0
42,244,20,loo_oracle,LOO oracle,0.9924812030075187,1.0,0.0001724987578824999,,,-0.007518796992481258,0.0
42,244,20,lime,LIME,0.9172932330827066,0.9203007518796992,0.0001724987578824999,,,-0.00300751879699257,0.0
42,245,17,shapley_mc,Monte Carlo Shapley,0.8480392156862745,0.8480392156862745,0.0019051612125589035,,,0.0,1.734723475976807e-18
42,245,17,loo_oracle,LOO oracle,1.0,1.0,0.0019051612125589035,,,0.0,1.734723475976807e-18
42,245,17,lime,LIME,0.9779411764705883,0.9779411764705883,0.0019051612125589035,,,0.0,1.734723475976807e-18
42,246,17,shapley_mc,Monte Carlo Shapley,0.8921568627450982,0.8995098039215688,0.001728418223914674,,,-0.007352941176470562,1.734723475976807e-18
42,246,17,loo_oracle,LOO oracle,0.9975490196078433,1.0,0.0007591326480083649,,,-0.002450980392156743,1.734723475976807e-18
42,246,17,lime,LIME,0.948529411764706,0.9460784313725492,0.0007591326480083649,,,0.002450980392156743,1.734723475976807e-18
42,247,20,shapley_mc,Monte Carlo Shapley,0.9308270676691727,0.9308270676691727,0.0008632280614595533,,,0.0,0.0
42,247,20,loo_oracle,LOO oracle,1.0,1.0,0.0008632280614595533,,,0.0,0.0
42,247,20,lime,LIME,0.9759398496240601,0.9759398496240601,0.0008632280614595533,,,0.0,0.0
42,248,20,shapley_mc,Monte Carlo Shapley,0.631578947368421,0.631578947368421,3.537925602548064e-05,,,0.0,8.673617379884035e-19
42,248,20,loo_oracle,LOO oracle,1.0,1.0,3.537925602548064e-05,,,0.0,8.673617379884035e-19
42,248,20,lime,LIME,0.9398496240601503,0.9398496240601503,3.537925602548064e-05,,,0.0,8.673617379884035e-19
42,249,10,shapley_mc,Monte Carlo Shapley,0.5151515151515151,0.5272727272727272,0.0012167791141267092,,,-0.012121212121212088,0.0
42,249,10,loo_oracle,LOO oracle,0.9878787878787878,0.9999999999999999,0.0002420414094441159,,,-0.012121212121212088,0.0
42,249,10,lime,LIME,0.9393939393939393,0.9515151515151514,0.0002420414094441159,,,-0.012121212121212088,0.0
42,250,20,shapley_mc,Monte Carlo Shapley,0.6360902255639098,0.6360902255639098,0.0017873216662445124,,,0.0,8.673617379884035e-18
42,250,20,loo_oracle,LOO oracle,1.0,1.0,0.0017873216662445124,,,0.0,8.673617379884035e-18
42,250,20,lime,LIME,0.9022556390977443,0.9022556390977443,0.0017873216662445124,,,0.0,8.673617379884035e-18
42,251,20,shapley_mc,Monte Carlo Shapley,0.35488721804511275,0.2706766917293233,0.0003464806675452792,,,0.08421052631578946,0.0
42,251,20,loo_oracle,LOO oracle,0.9353383458646616,1.0,3.0233510255550655e-05,,,-0.06466165413533842,0.0
42,251,20,lime,LIME,0.78796992481203,0.8526315789473683,3.0233510255550655e-05,,,-0.06466165413533831,0.0
42,252,20,shapley_mc,Monte Carlo Shapley,0.78796992481203,0.78796992481203,0.0012519574691570723,,,0.0,1.734723475976807e-18
42,252,20,loo_oracle,LOO oracle,1.0,1.0,0.001535630767706131,,,0.0,1.734723475976807e-18
42,252,20,lime,LIME,0.9774436090225563,0.9774436090225563,0.00028385076972398116,,,0.0,1.734723475976807e-18
42,253,14,shapley_mc,Monte Carlo Shapley,0.9516483516483516,0.9428571428571428,0.0018102395500572688,,,0.00879120879120876,0.0
42,253,14,loo_oracle,LOO oracle,0.9956043956043955,1.0,0.0005184426324209568,,,-0.004395604395604491,0.0
42,253,14,lime,LIME,0.9868131868131869,0.9912087912087912,0.0005184426324209568,,,-0.00439560439560438,0.0
42,254,20,shapley_mc,Monte Carlo Shapley,0.7533834586466165,0.7413533834586465,0.0017966637063190904,,,0.012030075187969946,3.469446951953614e-18
42,254,20,loo_oracle,LOO oracle,0.9984962406015038,1.0,0.0018045848333374526,,,-0.0015037593984962294,3.469446951953614e-18
42,254,20,lime,LIME,0.9909774436090225,0.9924812030075187,0.0018045848333374526,,,-0.0015037593984962294,3.469446951953614e-18
42,255,20,shapley_mc,Monte Carlo Shapley,0.6586466165413534,0.6586466165413534,-9.337750239896137e-05,,,0.0,4.336808689942018e-19
42,255,20,loo_oracle,LOO oracle,0.9503759398496241,1.0,-2.201961599612723e-06,,,-0.049624060150375904,4.336808689942018e-19
42,255,20,lime,LIME,0.7669172932330827,0.875187969924812,-0.0005483301650536787,,,-0.1082706766917293,4.336808689942018e-19
42,256,20,shapley_mc,Monte Carlo Shapley,0.9518796992481202,0.9518796992481202,0.002729007973841069,,,0.0,1.734723475976807e-18
42,256,20,loo_oracle,LOO oracle,1.0,1.0,0.002729007973841069,,,0.0,1.734723475976807e-18
42,256,20,lime,LIME,0.9503759398496241,0.9503759398496241,0.002729007973841069,,,0.0,1.734723475976807e-18
42,257,20,shapley_mc,Monte Carlo Shapley,0.8586466165413533,0.8586466165413533,0.0021900984060629902,,,0.0,6.938893903907228e-18
42,257,20,loo_oracle,LOO oracle,1.0,1.0,0.0021900984060629902,,,0.0,6.938893903907228e-18
42,257,20,lime,LIME,0.9969924812030074,0.9969924812030074,0.0021900984060629902,,,0.0,6.938893903907228e-18
42,258,20,shapley_mc,Monte Carlo Shapley,0.8180451127819548,0.8180451127819548,0.0026992978861727357,,,0.0,5.204170427930421e-18
42,258,20,loo_oracle,LOO oracle,1.0,1.0,0.0026992978861727357,,,0.0,5.204170427930421e-18
42,258,20,lime,LIME,0.9578947368421054,0.9578947368421054,0.0026992978861727357,,,0.0,5.204170427930421e-18
42,259,20,shapley_mc,Monte Carlo Shapley,0.6601503759398496,0.6030075187969924,-0.00026561894524229634,,,0.05714285714285716,0.0
42,259,20,loo_oracle,LOO oracle,0.9112781954887217,1.0,-0.0005409166757527339,,,-0.08872180451127831,0.0
42,259,20,lime,LIME,0.6992481203007518,0.882706766917293,-0.0005409166757527339,,,-0.1834586466165412,0.0
42,260,20,shapley_mc,Monte Carlo Shapley,0.7383458646616541,0.6496240601503759,-0.00020927670833320589,,,0.0887218045112782,0.0
42,260,20,loo_oracle,LOO oracle,0.9684210526315788,1.0,-0.0006461231731473283,,,-0.03157894736842115,0.0
42,260,20,lime,LIME,0.8721804511278194,0.900751879699248,-0.0006461231731473283,,,-0.02857142857142858,0.0
42,261,20,shapley_mc,Monte Carlo Shapley,0.9518796992481202,0.9428571428571428,0.0006605004011409621,,,0.009022556390977376,8.673617379884035e-19
42,261,20,loo_oracle,LOO oracle,0.9834586466165413,1.0,2.5228919421249607e-05,,,-0.016541353383458746,8.673617379884035e-19
42,261,20,lime,LIME,0.9097744360902256,0.9413533834586465,-0.0005965913032999204,,,-0.03157894736842093,8.673617379884035e-19
42,262,20,shapley_mc,Monte Carlo Shapley,0.8676691729323308,0.8676691729323308,-0.0029432517962947324,,,0.0,6.938893903907228e-18
42,262,20,loo_oracle,LOO oracle,1.0,1.0,-0.0032110509613404448,,,0.0,6.938893903907228e-18
42,262,20,lime,LIME,0.9834586466165413,0.9834586466165413,-0.0032110509613404448,,,0.0,6.938893903907228e-18
42,263,20,shapley_mc,Monte Carlo Shapley,0.8285714285714285,0.7353383458646616,0.0001422533072747978,,,0.09323308270676689,8.673617379884035e-19
42,263,20,loo_oracle,LOO oracle,0.9774436090225563,1.0,0.0001422533072747978,,,-0.022556390977443663,8.673617379884035e-19
42,263,20,lime,LIME,0.9548872180451128,0.9714285714285714,0.0001422533072747978,,,-0.016541353383458635,8.673617379884035e-19
42,264,20,shapley_mc,Monte Carlo Shapley,0.8090225563909773,0.7909774436090224,0.0016953398753628002,,,0.018045112781954864,0.0
42,264,20,loo_oracle,LOO oracle,0.9969924812030074,1.0,0.0016953398753628002,,,-0.00300751879699257,0.0
42,264,20,lime,LIME,0.9503759398496241,0.9593984962406013,0.0016953398753628002,,,-0.009022556390977154,0.0
42,265,20,shapley_mc,Monte Carlo Shapley,0.8225563909774435,0.8225563909774435,-0.006959103339918227,,,0.0,2.0816681711721685e-17
42,265,20,loo_oracle,LOO oracle,1.0,1.0,-0.006959103339918227,,,0.0,2.0816681711721685e-17
42,265,20,lime,LIME,0.9714285714285714,0.9714285714285714,-0.006959103339918227,,,0.0,2.0816681711721685e-17
42,266,20,shapley_mc,Monte Carlo Shapley,0.5624060150375939,0.5609022556390978,0.0006425231666723485,,,0.0015037593984961184,1.3010426069826053e-18
42,266,20,loo_oracle,LOO oracle,0.9909774436090225,1.0,0.0006425231666723485,,,-0.009022556390977488,1.3010426069826053e-18
42,266,20,lime,LIME,0.8300751879699247,0.8721804511278194,0.0006425231666723485,,,-0.042105263157894646,1.3010426069826053e-18
42,267,20,shapley_mc,Monte Carlo Shapley,0.28721804511278193,0.2781954887218045,0.00024024546940254465,,,0.009022556390977432,8.673617379884035e-19
42,267,20,loo_oracle,LOO oracle,0.993984962406015,1.0,-0.00037315098466239593,,,-0.006015037593985029,8.673617379884035e-19
42,267,20,lime,LIME,0.7338345864661654,0.7548872180451127,-0.00037315098466239593,,,-0.021052631578947323,8.673617379884035e-19
42,268,17,shapley_mc,Monte Carlo Shapley,0.911764705882353,0.9142156862745098,-0.0008608637727754997,,,-0.002450980392156743,8.673617379884035e-19
42,268,17,loo_oracle,LOO oracle,0.9975490196078433,1.0,-5.091786200039916e-05,,,-0.002450980392156743,8.673617379884035e-19
42,268,17,lime,LIME,0.911764705882353,0.9142156862745098,-5.091786200039916e-05,,,-0.002450980392156743,8.673617379884035e-19
42,269,20,shapley_mc,Monte Carlo Shapley,0.837593984962406,0.8511278195488721,-0.0016706639633585763,,,-0.013533834586466065,8.673617379884035e-19
42,269,20,loo_oracle,LOO oracle,0.9969924812030074,1.0,-0.0016706639633585763,,,-0.00300751879699257,8.673617379884035e-19
42,269,20,lime,LIME,0.9759398496240601,0.9849624060150375,-0.0016706639633585763,,,-0.009022556390977376,8.673617379884035e-19
42,270,20,shapley_mc,Monte Carlo Shapley,0.7548872180451127,0.7593984962406014,0.0006934257308122138,,,-0.004511278195488688,0.0
42,270,20,loo_oracle,LOO oracle,0.9954887218045112,1.0,-3.774722190236224e-05,,,-0.004511278195488799,0.0
42,270,20,lime,LIME,0.956390977443609,0.9533834586466164,-2.834360547804282e-05,,,0.00300751879699257,0.0
42,271,20,shapley_mc,Monte Carlo Shapley,0.7413533834586465,0.7338345864661654,0.0017836935990734881,,,0.007518796992481147,3.469446951953614e-18
42,271,20,loo_oracle,LOO oracle,0.993984962406015,1.0,0.0017836935990734881,,,-0.006015037593985029,3.469446951953614e-18
42,271,20,lime,LIME,0.9609022556390976,0.9578947368421054,0.0017836935990734881,,,0.003007518796992237,3.469446951953614e-18
42,272,20,shapley_mc,Monte Carlo Shapley,0.7654135338345864,0.7624060150375939,0.0019171159381775604,,,0.00300751879699257,3.469446951953614e-18
42,272,20,loo_oracle,LOO oracle,0.9969924812030074,1.0,0.0019171159381775604,,,-0.00300751879699257,3.469446951953614e-18
42,272,20,lime,LIME,0.9353383458646616,0.9428571428571428,0.0019171159381775604,,,-0.007518796992481258,3.469446951953614e-18
42,273,20,shapley_mc,Monte Carlo Shapley,0.6571428571428571,0.6451127819548872,0.000785520930186967,,,0.012030075187969946,0.0
42,273,20,loo_oracle,LOO oracle,0.9969924812030074,1.0,0.000785520930186967,,,-0.00300751879699257,0.0
42,273,20,lime,LIME,0.9624060150375938,0.9699248120300751,0.00019322609410332703,,,-0.007518796992481258,0.0
42,274,20,shapley_mc,Monte Carlo Shapley,0.7428571428571428,0.7428571428571428,0.0007928482604372955,,,0.0,0.0
42,274,20,loo_oracle,LOO oracle,1.0,1.0,0.0007928482604372955,,,0.0,0.0
42,274,20,lime,LIME,0.9443609022556391,0.9443609022556391,0.0007928482604372955,,,0.0,0.0
42,275,12,shapley_mc,Monte Carlo Shapley,0.7132867132867133,0.7412587412587414,0.0034704341252889126,,,-0.027972027972028024,6.938893903907228e-18
42,275,12,loo_oracle,LOO oracle,0.9930069930069931,1.0,0.0018555093278099233,,,-0.006993006993006867,6.938893903907228e-18
42,275,12,lime,LIME,0.9720279720279721,0.9860139860139862,0.0018555093278099233,,,-0.013986013986014068,6.938893903907228e-18
42,276,14,shapley_mc,Monte Carlo Shapley,0.7582417582417583,0.7582417582417583,-0.003826811992136192,,,0.0,6.938893903907228e-18
42,276,14,loo_oracle,LOO oracle,1.0,1.0,-4.01585725173792e-05,,,0.0,6.938893903907228e-18
42,276,14,lime,LIME,0.9868131868131869,0.9868131868131869,-4.01585725173792e-05,,,0.0,6.938893903907228e-18
42,277,20,shapley_mc,Monte Carlo Shapley,0.7503759398496239,0.7368421052631579,0.0005234983945798244,,,0.013533834586466065,8.673617379884035e-19
42,277,20,loo_oracle,LOO oracle,0.9503759398496241,1.0,0.0005234983945798244,,,-0.049624060150375904,8.673617379884035e-19
42,277,20,lime,LIME,0.7624060150375939,0.8421052631578947,0.0005234983945798244,,,-0.07969924812030083,8.673617379884035e-19
42,278,13,shapley_mc,Monte Carlo Shapley,0.8626373626373626,0.8626373626373626,0.00029156799917673393,,,0.0,8.673617379884035e-19
42,278,13,loo_oracle,LOO oracle,1.0,1.0,0.0002285018902707936,,,0.0,8.673617379884035e-19
42,278,13,lime,LIME,0.967032967032967,0.967032967032967,0.00029156799917673393,,,0.0,8.673617379884035e-19
42,279,20,shapley_mc,Monte Carlo Shapley,0.6375939849624059,0.675187969924812,-0.0005978523205839581,,,-0.03759398496240607,0.0
42,279,20,loo_oracle,LOO oracle,0.9714285714285714,1.0,-6.882214178727253e-05,,,-0.02857142857142858,0.0
42,279,20,lime,LIME,0.7804511278195487,0.8541353383458646,-0.0006701820988737062,,,-0.07368421052631591,0.0
42,280,20,shapley_mc,Monte Carlo Shapley,0.9458646616541352,0.9413533834586465,-0.0006884405938339944,,,0.004511278195488688,2.6020852139652106e-18
42,280,20,loo_oracle,LOO oracle,0.9954887218045112,1.0,-0.0006884405938339944,,,-0.004511278195488799,2.6020852139652106e-18
42,280,20,lime,LIME,0.9413533834586465,0.9458646616541352,-0.0006884405938339944,,,-0.004511278195488688,2.6020852139652106e-18
42,281,13,shapley_mc,Monte Carlo Shapley,0.8131868131868131,0.8186813186813187,0.0027591749427224865,,,-0.005494505494505586,3.469446951953614e-18
42,281,13,loo_oracle,LOO oracle,0.9945054945054945,1.0,0.00021123511532955552,,,-0.005494505494505475,3.469446951953614e-18
42,281,13,lime,LIME,0.989010989010989,0.9945054945054945,0.00021123511532955552,,,-0.005494505494505475,3.469446951953614e-18
42,282,20,shapley_mc,Monte Carlo Shapley,0.9127819548872179,0.9127819548872179,-0.004619516353045805,,,0.0,6.938893903907228e-18
42,282,20,loo_oracle,LOO oracle,1.0,1.0,-0.005286961021655268,,,0.0,6.938893903907228e-18
42,282,20,lime,LIME,0.9819548872180449,0.9819548872180449,-0.005286961021655268,,,0.0,6.938893903907228e-18
42,283,20,shapley_mc,Monte Carlo Shapley,0.8270676691729323,0.8030075187969924,0.0008039019801623914,,,0.024060150375939893,8.673617379884035e-19
42,283,20,loo_oracle,LOO oracle,0.9954887218045112,1.0,0.0008185678370443705,,,-0.004511278195488799,8.673617379884035e-19
42,283,20,lime,LIME,0.9759398496240601,0.9834586466165413,0.0008185678370443705,,,-0.007518796992481147,8.673617379884035e-19
42,284,20,shapley_mc,Monte Carlo Shapley,0.8526315789473683,0.8526315789473683,0.001704496446268522,,,0.0,0.0
42,284,20,loo_oracle,LOO oracle,1.0,1.0,0.000560278055984853,,,0.0,0.0
42,284,20,lime,LIME,0.9624060150375938,0.9624060150375938,0.000560278055984853,,,0.0,0.0
42,285,20,shapley_mc,Monte Carlo Shapley,0.8436090225563909,0.793984962406015,0.000670272322388199,,,0.049624060150375904,0.0
42,285,20,loo_oracle,LOO oracle,0.9789473684210527,1.0,9.18710247391763e-05,,,-0.021052631578947323,0.0
42,285,20,lime,LIME,0.9172932330827066,0.9443609022556391,9.18710247391763e-05,,,-0.027067669172932463,0.0
42,286,20,shapley_mc,Monte Carlo Shapley,0.8330827067669173,0.837593984962406,-5.474752303991082e-05,,,-0.004511278195488688,8.673617379884035e-19
42,286,20,loo_oracle,LOO oracle,0.9864661654135337,1.0,-5.474752303991082e-05,,,-0.013533834586466287,8.673617379884035e-19
42,286,20,lime,LIME,0.9218045112781955,0.9428571428571428,-5.474752303991082e-05,,,-0.021052631578947323,8.673617379884035e-19
42,287,20,shapley_mc,Monte Carlo Shapley,0.7909774436090224,0.7909774436090224,0.0013163099750334584,,,0.0,1.734723475976807e-18
42,287,20,loo_oracle,LOO oracle,1.0,1.0,0.0013718172585160948,,,0.0,1.734723475976807e-18
42,287,20,lime,LIME,0.956390977443609,0.956390977443609,0.0013718172585160948,,,0.0,1.734723475976807e-18
42,288,20,shapley_mc,Monte Carlo Shapley,0.6541353383458646,0.6541353383458646,0.0006188552684548987,,,0.0,0.0
42,288,20,loo_oracle,LOO oracle,1.0,1.0,0.0007066717014357349,,,0.0,0.0
42,288,20,lime,LIME,0.8330827067669173,0.8330827067669173,0.00018353074070465158,,,0.0,0.0
42,289,11,shapley_mc,Monte Carlo Shapley,0.7363636363636363,0.7363636363636363,0.0023625649572501795,,,0.0,6.938893903907228e-18
42,289,11,loo_oracle,LOO oracle,1.0,1.0,-0.00016743808365082824,,,0.0,6.938893903907228e-18
42,289,11,lime,LIME,0.9727272727272729,0.9727272727272729,-0.00016743808365082824,,,0.0,6.938893903907228e-18
42,290,20,shapley_mc,Monte Carlo Shapley,0.7473684210526315,0.7368421052631579,0.0007320372476805614,,,0.010526315789473606,0.0
42,290,20,loo_oracle,LOO oracle,0.9984962406015038,1.0,0.00015802120485264304,,,-0.0015037593984962294,0.0
42,290,20,lime,LIME,0.9067669172932331,0.9127819548872179,0.00015802120485264304,,,-0.006015037593984807,0.0
42,291,20,shapley_mc,Monte Carlo Shapley,0.8947368421052632,0.8962406015037594,-0.006991964978266485,,,-0.0015037593984962294,1.3877787807814457e-17
42,291,20,loo_oracle,LOO oracle,0.9984962406015038,1.0,-0.006991964978266485,,,-0.0015037593984962294,1.3877787807814457e-17
42,291,20,lime,LIME,0.9759398496240601,0.9774436090225563,-0.006991964978266485,,,-0.0015037593984962294,1.3877787807814457e-17
42,292,20,shapley_mc,Monte Carlo Shapley,0.9037593984962405,0.9172932330827066,-0.0010186546498823779,,,-0.013533834586466065,1.734723475976807e-18
42,292,20,loo_oracle,LOO oracle,0.993984962406015,1.0,-0.0010186546498823779,,,-0.006015037593985029,1.734723475976807e-18
42,292,20,lime,LIME,0.9819548872180449,0.9714285714285714,-0.0010186546498823779,,,0.010526315789473495,1.734723475976807e-18
42,293,20,shapley_mc,Monte Carlo Shapley,0.7052631578947368,0.7308270676691728,0.0007586482696579355,,,-0.02556390977443601,8.673617379884035e-19
42,293,20,loo_oracle,LOO oracle,0.9909774436090225,1.0,0.00014057606261952404,,,-0.009022556390977488,8.673617379884035e-19
42,293,20,lime,LIME,0.918796992481203,0.9172932330827066,0.00017074592520838205,,,0.0015037593984963404,8.673617379884035e-19
42,294,20,shapley_mc,Monte Carlo Shapley,0.793984962406015,0.7924812030075187,-0.0038746574548574886,,,0.0015037593984963404,0.0
42,294,20,loo_oracle,LOO oracle,0.9969924812030074,1.0,-0.0038746574548574886,,,-0.00300751879699257,0.0
42,294,20,lime,LIME,0.9819548872180449,0.9789473684210527,-0.0038746574548574886,,,0.003007518796992237,0.0
42,295,20,shapley_mc,Monte Carlo Shapley,0.6872180451127818,0.706766917293233,-9.609382892405982e-06,,,-0.019548872180451204,0.0
42,295,20,loo_oracle,LOO oracle,0.9744360902255638,1.0,-9.609382892405982e-06,,,-0.025563909774436233,0.0
42,295,20,lime,LIME,0.863157894736842,0.8796992481203006,-9.609382892405982e-06,,,-0.016541353383458635,0.0
42,296,20,shapley_mc,Monte Carlo Shapley,0.9684210526315788,0.9684210526315788,-0.0021349535381088858,,,0.0,1.734723475976807e-18
42,296,20,loo_oracle,LOO oracle,1.0,1.0,0.0001305775633770878,,,0.0,1.734723475976807e-18
42,296,20,lime,LIME,0.9684210526315788,0.9684210526315788,0.0001305775633770878,,,0.0,1.734723475976807e-18
42,297,19,shapley_mc,Monte Carlo Shapley,0.6175438596491227,0.612280701754386,0.002770116910075282,,,0.0052631578947367474,0.0
42,297,19,loo_oracle,LOO oracle,0.9982456140350877,1.0,0.002770116910075282,,,-0.0017543859649122862,0.0
42,297,19,lime,LIME,0.9631578947368421,0.9684210526315788,0.002770116910075282,,,-0.0052631578947367474,0.0
42,298,20,shapley_mc,Monte Carlo Shapley,0.9413533834586465,0.9503759398496241,-0.0009384150964124593,,,-0.009022556390977599,1.734723475976807e-18
42,298,20,loo_oracle,LOO oracle,0.9984962406015038,1.0,5.403182055507827e-05,,,-0.0015037593984962294,1.734723475976807e-18
42,298,20,lime,LIME,0.9819548872180449,0.9879699248120299,5.403182055507827e-05,,,-0.006015037593985029,1.734723475976807e-18
42,299,20,shapley_mc,Monte Carlo Shapley,0.7157894736842104,0.7398496240601502,-0.0008190492265266469,,,-0.02406015037593978,2.168404344971009e-19
42,299,20,loo_oracle,LOO oracle,0.8721804511278194,1.0,-0.0008190492265266469,,,-0.1278195488721806,2.168404344971009e-19
42,299,20,lime,LIME,0.7518796992481201,0.8842105263157894,-0.0008190492265266469,,,-0.1323308270676693,2.168404344971009e-19
42,300,20,shapley_mc,Monte Carlo Shapley,0.5984962406015037,0.3969924812030075,-0.0002201457766928261,,,0.20150375939849624,4.336808689942018e-19
42,300,20,loo_oracle,LOO oracle,0.9338345864661652,1.0,-0.0004984741012344918,,,-0.06616541353383476,4.336808689942018e-19
42,300,20,lime,LIME,0.8616541353383457,0.9293233082706768,-0.0004984741012344918,,,-0.0676691729323311,4.336808689942018e-19
42,301,20,shapley_mc,Monte Carlo Shapley,0.7819548872180451,0.7112781954887217,0.0006597045586573258,,,0.07067669172932334,1.734723475976807e-18
42,301,20,loo_oracle,LOO oracle,0.9759398496240601,1.0,0.00010298817011422656,,,-0.024060150375939893,1.734723475976807e-18
42,301,20,lime,LIME,0.9097744360902256,0.9278195488721804,0.00012853742547325187,,,-0.018045112781954864,1.734723475976807e-18
42,302,20,shapley_mc,Monte Carlo Shapley,0.8285714285714285,0.7924812030075187,0.0005202997496886463,,,0.03609022556390984,0.0
42,302,20,loo_oracle,LOO oracle,0.9804511278195487,1.0,-0.000631394613072489,,,-0.019548872180451315,0.0
42,302,20,lime,LIME,0.9533834586466164,0.9684210526315788,-0.0006264896607161563,,,-0.015037593984962405,0.0
42,303,12,shapley_mc,Monte Carlo Shapley,0.7692307692307694,0.7412587412587414,0.000612360436503645,,,0.027972027972028024,1.734723475976807e-18
42,303,12,loo_oracle,LOO oracle,0.9930069930069931,1.0,0.000612360436503645,,,-0.006993006993006867,1.734723475976807e-18
42,303,12,lime,LIME,0.6083916083916086,0.6573426573426573,0.000612360436503645,,,-0.04895104895104874,1.734723475976807e-18
42,304,20,shapley_mc,Monte Carlo Shapley,0.5774436090225563,0.5022556390977443,0.000245765867481873,,,0.07518796992481203,0.0
42,304,20,loo_oracle,LOO oracle,0.9609022556390976,1.0,-0.00048497842883266085,,,-0.03909774436090241,0.0
42,304,20,lime,LIME,0.78796992481203,0.8872180451127819,-0.00048497842883266085,,,-0.09924812030075192,0.0
42,305,20,shapley_mc,Monte Carlo Shapley,0.9157894736842105,0.9203007518796992,0.0007959370390800968,,,-0.004511278195488688,6.505213034913027e-19
42,305,20,loo_oracle,LOO oracle,0.993984962406015,1.0,0.00012999480060349455,,,-0.006015037593985029,6.505213034913027e-19
42,305,20,lime,LIME,0.9218045112781955,0.9353383458646616,0.00012999480060349455,,,-0.013533834586466065,6.505213034913027e-19
42,306,20,shapley_mc,Monte Carlo Shapley,0.9308270676691727,0.9383458646616539,-0.0002114770401127064,,,-0.007518796992481258,8.673617379884035e-19
42,306,20,loo_oracle,LOO oracle,0.9894736842105262,1.0,-0.0012671442915751507,,,-0.010526315789473828,8.673617379884035e-19
42,306,20,lime,LIME,0.9639097744360902,0.9699248120300751,-0.0012671442915751507,,,-0.006015037593984918,8.673617379884035e-19
42,307,20,shapley_mc,Monte Carlo Shapley,0.6285714285714286,0.5503759398496241,4.648134863699527e-05,,,0.07819548872180448,0.0
42,307,20,loo_oracle,LOO oracle,0.9699248120300751,1.0,4.648134863699527e-05,,,-0.03007518796992492,0.0
42,307,20,lime,LIME,0.8406015037593983,0.8932330827067668,4.648134863699527e-05,,,-0.052631578947368474,0.0
42,308,20,shapley_mc,Monte Carlo Shapley,0.813533834586466,0.801503759398496,0.000825277076710762,,,0.012030075187969946,0.0
42,308,20,loo_oracle,LOO oracle,0.993984962406015,1.0,0.0009003728311465786,,,-0.006015037593985029,0.0
42,308,20,lime,LIME,0.9909774436090225,0.9894736842105262,0.0009003728311465786,,,0.0015037593984963404,0.0
42,309,20,shapley_mc,Monte Carlo Shapley,0.4661654135338345,0.5263157894736841,0.00011703078030406155,,,-0.060150375939849565,0.0
42,309,20,loo_oracle,LOO oracle,0.9759398496240601,1.0,0.000630267817832042,,,-0.024060150375939893,0.0
42,309,20,lime,LIME,0.7398496240601502,0.806015037593985,-0.0004599977752255402,,,-0.06616541353383476,0.0
42,310,15,shapley_mc,Monte Carlo Shapley,0.8714285714285712,0.8714285714285712,-0.004834608911585825,,,0.0,6.938893903907228e-18
42,310,15,loo_oracle,LOO oracle,1.0,1.0,-0.004834608911585825,,,0.0,6.938893903907228e-18
42,310,15,lime,LIME,0.9749999999999999,0.9749999999999999,-0.004829593045045155,,,0.0,6.938893903907228e-18
42,311,20,shapley_mc,Monte Carlo Shapley,0.6887218045112782,0.6842105263157895,0.00107943182236514,,,0.004511278195488688,1.734723475976807e-18
42,311,20,loo_oracle,LOO oracle,0.9969924812030074,1.0,0.00107943182236514,,,-0.00300751879699257,1.734723475976807e-18
42,311,20,lime,LIME,0.956390977443609,0.9548872180451128,0.00024011185985012284,,,0.0015037593984962294,1.734723475976807e-18
42,312,18,shapley_mc,Monte Carlo Shapley,0.8431372549019607,0.8431372549019607,-0.004115790855191315,,,0.0,1.0408340855860843e-17
42,312,18,loo_oracle,LOO oracle,1.0,1.0,-0.004115790855191315,,,0.0,1.0408340855860843e-17
42,312,18,lime,LIME,0.9463364293085655,0.9463364293085655,-0.004115790855191315,,,0.0,1.0408340855860843e-17
42,313,20,shapley_mc,Monte Carlo Shapley,0.7669172932330827,0.7789473684210525,0.001586982234033807,,,-0.012030075187969835,0.0
42,313,20,loo_oracle,LOO oracle,0.9984962406015038,1.0,0.001586982234033807,,,-0.0015037593984962294,0.0
42,313,20,lime,LIME,0.9533834586466164,0.9593984962406013,0.001586982234033807,,,-0.006015037593984807,0.0
42,314,13,shapley_mc,Monte Carlo Shapley,0.46703296703296704,0.4725274725274725,0.0006623921189053972,,,-0.005494505494505475,3.469446951953614e-18
42,314,13,loo_oracle,LOO oracle,0.9945054945054945,1.0,0.0006623921189053972,,,-0.005494505494505475,3.469446951953614e-18
42,314,13,lime,LIME,0.9505494505494506,0.945054945054945,0.0006623921189053972,,,0.005494505494505586,3.469446951953614e-18
42,315,20,shapley_mc,Monte Carlo Shapley,0.6210526315789473,0.5233082706766917,-3.05061214045943e-05,,,0.09774436090225558,8.673617379884035e-19
42,315,20,loo_oracle,LOO oracle,0.9067669172932331,1.0,-0.0006160930246909557,,,-0.09323308270676689,8.673617379884035e-19
42,315,20,lime,LIME,0.9368421052631578,0.9473684210526315,-0.0006160930246909557,,,-0.010526315789473717,8.673617379884035e-19
42,316,14,shapley_mc,Monte Carlo Shapley,0.7186813186813187,0.7010989010989012,0.0006918441575756717,,,0.01758241758241752,0.0
42,316,14,loo_oracle,LOO oracle,0.9912087912087912,1.0,-0.0008104911487006872,,,-0.00879120879120876,0.0
42,316,14,lime,LIME,0.9076923076923077,0.9252747252747253,-0.0008104911487006872,,,-0.01758241758241763,0.0
42,317,14,shapley_mc,Monte Carlo Shapley,0.8813186813186813,0.8813186813186813,0.0017725927311653678,,,0.0,0.0
42,317,14,loo_oracle,LOO oracle,1.0,1.0,0.0017725927311653678,,,0.0,0.0
42,317,14,lime,LIME,0.9956043956043955,0.9956043956043955,0.0017725927311653678,,,0.0,0.0
42,318,20,shapley_mc,Monte Carlo Shapley,0.5804511278195488,0.544360902255639,-0.00010208482256651719,,,0.03609022556390973,0.0
42,318,20,loo_oracle,LOO oracle,0.9819548872180449,1.0,-0.0007084978530104702,,,-0.018045112781955086,0.0
42,318,20,lime,LIME,0.8571428571428572,0.9037593984962405,-0.0006968907748377551,,,-0.046616541353383334,0.0
42,319,16,shapley_mc,Monte Carlo Shapley,0.9088235294117648,0.9,0.0044850964081532,,,0.008823529411764786,0.0
42,319,16,loo_oracle,LOO oracle,0.9970588235294118,1.0,0.004637389789500568,,,-0.002941176470588225,0.0
42,319,16,lime,LIME,0.9558823529411766,0.9588235294117649,0.002066453810677771,,,-0.002941176470588225,0.0
42,320,20,shapley_mc,Monte Carlo Shapley,0.8481203007518796,0.8481203007518796,-0.0024559878402864443,,,0.0,3.469446951953614e-18
42,320,20,loo_oracle,LOO oracle,1.0,1.0,-0.0024559878402864443,,,0.0,3.469446951953614e-18
42,320,20,lime,LIME,0.956390977443609,0.956390977443609,-0.0024559878402864443,,,0.0,3.469446951953614e-18
42,321,20,shapley_mc,Monte Carlo Shapley,0.8887218045112781,0.9082706766917292,-0.0015714898722969384,,,-0.019548872180451093,0.0
42,321,20,loo_oracle,LOO oracle,0.9924812030075187,1.0,-0.0015714898722969384,,,-0.007518796992481258,0.0
42,321,20,lime,LIME,0.900751879699248,0.9172932330827066,-0.0015714898722969384,,,-0.016541353383458635,0.0
42,322,20,shapley_mc,Monte Carlo Shapley,0.7082706766917292,0.6827067669172932,0.0015007175871867284,,,0.02556390977443601,1.734723475976807e-18
42,322,20,loo_oracle,LOO oracle,0.9954887218045112,1.0,0.0015339470029738789,,,-0.004511278195488799,1.734723475976807e-18
42,322,20,lime,LIME,0.9774436090225563,0.9819548872180449,0.0015339470029738789,,,-0.004511278195488577,1.734723475976807e-18
42,323,20,shapley_mc,Monte Carlo Shapley,0.7744360902255639,0.7984962406015037,0.0005209466286693609,,,-0.02406015037593978,4.336808689942018e-19
42,323,20,loo_oracle,LOO oracle,0.993984962406015,1.0,0.00010116552396377543,,,-0.006015037593985029,4.336808689942018e-19
42,323,20,lime,LIME,0.9413533834586465,0.9593984962406013,0.00010116552396377543,,,-0.018045112781954753,4.336808689942018e-19
42,324,20,shapley_mc,Monte Carlo Shapley,0.9052631578947368,0.837593984962406,0.0007237638485143028,,,0.06766917293233077,8.673617379884035e-19
42,324,20,loo_oracle,LOO oracle,0.9774436090225563,1.0,-1.754955772925726e-05,,,-0.022556390977443663,8.673617379884035e-19
42,324,20,lime,LIME,0.9578947368421054,0.9203007518796992,-1.754955772925726e-05,,,0.03759398496240618,8.673617379884035e-19
42,325,20,shapley_mc,Monte Carlo Shapley,0.7789473684210525,0.7774436090225564,0.0007768323618272399,,,0.0015037593984961184,0.0
42,325,20,loo_oracle,LOO oracle,0.9969924812030074,1.0,0.0007768323618272399,,,-0.00300751879699257,0.0
42,325,20,lime,LIME,0.8887218045112781,0.9067669172932331,0.00013029168844480576,,,-0.018045112781954975,0.0
42,326,20,shapley_mc,Monte Carlo Shapley,0.7954887218045112,0.7518796992481201,0.00035828156527661914,,,0.0436090225563911,1.734723475976807e-18
42,326,20,loo_oracle,LOO oracle,0.9894736842105262,1.0,0.00037573082096703514,,,-0.010526315789473828,1.734723475976807e-18
42,326,20,lime,LIME,0.8962406015037594,0.9082706766917292,0.00037573082096703514,,,-0.012030075187969835,1.734723475976807e-18
42,327,15,shapley_mc,Monte Carlo Shapley,0.7749999999999999,0.7107142857142856,0.0011298819121610126,,,0.06428571428571428,1.734723475976807e-18
42,327,15,loo_oracle,LOO oracle,0.9857142857142854,1.0,4.0198860566664774e-05,,,-0.014285714285714568,1.734723475976807e-18
42,327,15,lime,LIME,0.825,0.8607142857142854,4.0198860566664774e-05,,,-0.035714285714285476,1.734723475976807e-18
42,328,20,shapley_mc,Monte Carlo Shapley,0.6872180451127818,0.6390977443609022,0.00014578276664617418,,,0.048120300751879674,8.673617379884035e-19
42,328,20,loo_oracle,LOO oracle,0.9879699248120299,1.0,0.0001729488680696778,,,-0.012030075187970057,8.673617379884035e-19
42,328,20,lime,LIME,0.8947368421052632,0.9157894736842105,0.00014578276664617418,,,-0.021052631578947323,8.673617379884035e-19
42,329,20,shapley_mc,Monte Carlo Shapley,0.706766917293233,0.6977443609022556,0.0005826295042049567,,,0.009022556390977488,0.0
42,329,20,loo_oracle,LOO oracle,0.9984962406015038,1.0,3.806847071624597e-05,,,-0.0015037593984962294,0.0
42,329,20,lime,LIME,0.8962406015037594,0.8902255639097743,3.806847071624597e-05,,,0.00601503759398514,0.0
42,330,20,shapley_mc,Monte Carlo Shapley,0.7744360902255639,0.7714285714285714,-0.0002549943216051398,,,0.00300751879699257,0.0
42,330,20,loo_oracle,LOO oracle,0.993984962406015,1.0,-8.175584796643598e-05,,,-0.006015037593985029,0.0
42,330,20,lime,LIME,0.932330827067669,0.932330827067669,-0.001033991648702548,,,0.0,0.0
42,331,20,shapley_mc,Monte Carlo Shapley,0.801503759398496,0.8180451127819548,0.0027031199159319175,,,-0.016541353383458746,1.734723475976807e-18
42,331,20,loo_oracle,LOO oracle,0.9984962406015038,1.0,0.0027031199159319175,,,-0.0015037593984962294,1.734723475976807e-18
42,331,20,lime,LIME,0.9759398496240601,0.9774436090225563,0.0027031199159319175,,,-0.0015037593984962294,1.734723475976807e-18
42,332,20,shapley_mc,Monte Carlo Shapley,0.724812030075188,0.706766917293233,0.0005443278159119047,,,0.018045112781954975,0.0
42,332,20,loo_oracle,LOO oracle,0.9714285714285714,1.0,5.7642000305280217e-05,,,-0.02857142857142858,0.0
42,332,20,lime,LIME,0.837593984962406,0.8240601503759398,0.0005869761371249393,,,0.013533834586466176,0.0
42,333,20,shapley_mc,Monte Carlo Shapley,0.5218045112781955,0.5097744360902255,-0.0009328897974829053,,,0.012030075187969946,0.0
42,333,20,loo_oracle,LOO oracle,0.9924812030075187,1.0,-0.0009328897974829053,,,-0.007518796992481258,0.0
42,333,20,lime,LIME,0.7954887218045112,0.8180451127819548,-0.0009328897974829053,,,-0.022556390977443552,0.0
42,334,20,shapley_mc,Monte Carlo Shapley,0.8932330827067668,0.8932330827067668,0.0011622300923898043,,,0.0,0.0
42,334,20,loo_oracle,LOO oracle,1.0,1.0,0.0011622300923898043,,,0.0,0.0
42,334,20,lime,LIME,0.956390977443609,0.956390977443609,0.0002453260283937775,,,0.0,0.0
42,335,20,shapley_mc,Monte Carlo Shapley,0.7203007518796991,0.732330827067669,-0.00012300267642595397,,,-0.012030075187969946,0.0
42,335,20,loo_oracle,LOO oracle,0.9969924812030074,1.0,1.8190582471877548e-05,,,-0.00300751879699257,0.0
42,335,20,lime,LIME,0.8526315789473683,0.8616541353383457,-0.0005314309219130453,,,-0.009022556390977376,0.0
42,336,20,shapley_mc,Monte Carlo Shapley,0.5864661654135337,0.6210526315789473,0.000620828023530362,,,-0.03458646616541361,0.0
42,336,20,loo_oracle,LOO oracle,0.9909774436090225,1.0,0.000620828023530362,,,-0.009022556390977488,0.0
42,336,20,lime,LIME,0.9443609022556391,0.9654135338345864,0.000620828023530362,,,-0.021052631578947323,0.0
42,337,20,shapley_mc,Monte Carlo Shapley,0.4842105263157894,0.4977443609022556,-0.00024560302237325304,,,-0.013533834586466176,2.168404344971009e-19
42,337,20,loo_oracle,LOO oracle,0.8962406015037594,1.0,-3.1102219034351286e-05,,,-0.1037593984962406,2.168404344971009e-19
42,337,20,lime,LIME,0.7263157894736841,0.8902255639097743,-0.00042707130672947624,,,-0.16390977443609012,2.168404344971009e-19
42,338,20,shapley_mc,Monte Carlo Shapley,0.6992481203007518,0.6090225563909774,0.00033651566825138035,,,0.09022556390977443,8.673617379884035e-19
42,338,20,loo_oracle,LOO oracle,0.9458646616541352,1.0,-0.0006720627888974207,,,-0.054135338345864814,8.673617379884035e-19
42,338,20,lime,LIME,0.7308270676691728,0.7729323308270677,-0.0006720627888974207,,,-0.04210526315789487,8.673617379884035e-19
42,339,20,shapley_mc,Monte Carlo Shapley,0.9157894736842105,0.9157894736842105,0.0012340314392815799,,,0.0,8.673617379884035e-19
42,339,20,loo_oracle,LOO oracle,1.0,1.0,0.0012340314392815799,,,0.0,8.673617379884035e-19
42,339,20,lime,LIME,0.9789473684210527,0.9789473684210527,0.0012340314392815799,,,0.0,8.673617379884035e-19
42,340,13,shapley_mc,Monte Carlo Shapley,0.46153846153846156,0.6758241758241759,0.00019430394159436482,,,-0.2142857142857143,8.673617379884035e-19
42,340,13,loo_oracle,LOO oracle,0.901098901098901,1.0,0.0001217899582781623,,,-0.098901098901099,8.673617379884035e-19
42,340,13,lime,LIME,0.7582417582417583,0.901098901098901,-0.0006871632038064623,,,-0.14285714285714268,8.673617379884035e-19
42,341,20,shapley_mc,Monte Carlo Shapley,0.6932330827067669,0.6932330827067669,0.0021171734343543025,,,0.0,1.734723475976807e-18
42,341,20,loo_oracle,LOO oracle,1.0,1.0,0.0021171734343543025,,,0.0,1.734723475976807e-18
42,341,20,lime,LIME,0.9428571428571428,0.9428571428571428,0.0021171734343543025,,,0.0,1.734723475976807e-18
42,342,20,shapley_mc,Monte Carlo Shapley,0.8812030075187969,0.8842105263157894,0.002287122240029915,,,-0.00300751879699257,4.336808689942018e-18
42,342,20,loo_oracle,LOO oracle,0.9969924812030074,1.0,0.0010775921348682993,,,-0.00300751879699257,4.336808689942018e-18
42,342,20,lime,LIME,0.9518796992481202,0.9624060150375938,0.0011058813455057104,,,-0.010526315789473606,4.336808689942018e-18
42,343,20,shapley_mc,Monte Carlo Shapley,0.8090225563909773,0.8090225563909773,0.0035184342670690483,,,0.0,6.938893903907228e-18
42,343,20,loo_oracle,LOO oracle,1.0,1.0,0.0035184342670690483,,,0.0,6.938893903907228e-18
42,343,20,lime,LIME,0.9624060150375938,0.9624060150375938,0.0035184342670690483,,,0.0,6.938893903907228e-18
42,344,18,shapley_mc,Monte Carlo Shapley,0.9256965944272446,0.9422084623323013,-0.0011637753305883125,,,-0.016511867905056654,0.0
42,344,18,loo_oracle,LOO oracle,0.9938080495356036,1.0,-0.0011637753305883125,,,-0.006191950464396356,0.0
42,344,18,lime,LIME,0.9731682146542827,0.9628482972136224,-0.0011637753305883125,,,0.010319917440660298,0.0
42,345,20,shapley_mc,Monte Carlo Shapley,0.8360902255639097,0.7804511278195487,0.0005807410492988385,,,0.05563909774436093,8.673617379884035e-19
42,345,20,loo_oracle,LOO oracle,0.9774436090225563,1.0,-0.0008351985394230987,,,-0.022556390977443663,8.673617379884035e-19
42,345,20,lime,LIME,0.9624060150375938,0.9834586466165413,-0.0008351985394230987,,,-0.021052631578947434,8.673617379884035e-19
42,346,20,shapley_mc,Monte Carlo Shapley,0.6706766917293233,0.6240601503759398,0.0029429697919670095,,,0.046616541353383556,6.938893903907228e-18
42,346,20,loo_oracle,LOO oracle,0.9849624060150375,1.0,0.0017030202481725931,,,-0.015037593984962516,6.938893903907228e-18
42,346,20,lime,LIME,0.9263157894736842,0.9533834586466164,0.0017030202481725931,,,-0.02706766917293224,6.938893903907228e-18
42,347,20,shapley_mc,Monte Carlo Shapley,0.7368421052631579,0.6766917293233082,6.43961786301328e-05,,,0.06015037593984962,0.0
42,347,20,loo_oracle,LOO oracle,0.9894736842105262,1.0,6.43961786301328e-05,,,-0.010526315789473828,0.0
42,347,20,lime,LIME,0.9413533834586465,0.9413533834586465,6.43961786301328e-05,,,0.0,0.0
42,348,20,shapley_mc,Monte Carlo Shapley,0.7954887218045112,0.7984962406015037,0.0012434034983185849,,,-0.003007518796992459,2.6020852139652106e-18
42,348,20,loo_oracle,LOO oracle,0.9984962406015038,1.0,0.0004689675829027684,,,-0.0015037593984962294,2.6020852139652106e-18
42,348,20,lime,LIME,0.9293233082706768,0.9278195488721804,0.0004689675829027684,,,0.0015037593984963404,2.6020852139652106e-18
42,349,20,shapley_mc,Monte Carlo Shapley,0.7413533834586465,0.7278195488721804,0.0016250695580765084,,,0.013533834586466176,3.469446951953614e-18
42,349,20,loo_oracle,LOO oracle,0.993984962406015,1.0,0.0016250695580765084,,,-0.006015037593985029,3.469446951953614e-18
42,349,20,lime,LIME,0.9729323308270676,0.9759398496240601,0.0016250695580765084,,,-0.003007518796992459,3.469446951953614e-18
42,350,20,shapley_mc,Monte Carlo Shapley,0.8706766917293233,0.8556390977443609,3.183581615751052e-05,,,0.015037593984962405,1.734723475976807e-18
42,350,20,loo_oracle,LOO oracle,0.9849624060150375,1.0,3.183581615751052e-05,,,-0.015037593984962516,1.734723475976807e-18
42,350,20,lime,LIME,0.8842105263157894,0.8947368421052632,3.183581615751052e-05,,,-0.010526315789473717,1.734723475976807e-18
42,351,20,shapley_mc,Monte Carlo Shapley,0.8390977443609022,0.8075187969924811,0.0005766878932986219,,,0.03157894736842115,4.336808689942018e-19
42,351,20,loo_oracle,LOO oracle,0.9443609022556391,1.0,0.0005766878932986219,,,-0.05563909774436093,4.336808689942018e-19
42,351,20,lime,LIME,0.9548872180451128,0.9353383458646616,0.0005766878932986219,,,0.019548872180451204,4.336808689942018e-19
42,352,15,shapley_mc,Monte Carlo Shapley,0.6535714285714285,0.6642857142857141,-0.002535849389727507,,,-0.010714285714285676,3.469446951953614e-18
42,352,15,loo_oracle,LOO oracle,0.9928571428571428,1.0,-0.0006506624354871704,,,-0.0071428571428572285,3.469446951953614e-18
42,352,15,lime,LIME,0.9785714285714284,0.982142857142857,-0.0006506624354871704,,,-0.0035714285714285587,3.469446951953614e-18
42,353,20,shapley_mc,Monte Carlo Shapley,0.7112781954887217,0.6962406015037594,0.0019339784071203958,,,0.015037593984962294,0.0
42,353,20,loo_oracle,LOO oracle,0.9969924812030074,1.0,0.0009401972356817834,,,-0.00300751879699257,0.0
42,353,20,lime,LIME,0.956390977443609,0.9669172932330825,0.0009401972356817834,,,-0.010526315789473495,0.0
42,354,20,shapley_mc,Monte Carlo Shapley,0.5593984962406015,0.5654135338345864,0.0011638798554764462,,,-0.006015037593984918,1.734723475976807e-18
42,354,20,loo_oracle,LOO oracle,0.9909774436090225,1.0,0.0005036247957111439,,,-0.009022556390977488,1.734723475976807e-18
42,354,20,lime,LIME,0.956390977443609,0.9609022556390976,0.0005036247957111439,,,-0.004511278195488577,1.734723475976807e-18
42,355,17,shapley_mc,Monte Carlo Shapley,0.4926470588235295,0.49754901960784315,0.00030544203629856437,,,-0.0049019607843136526,2.3852447794681098e-18
42,355,17,loo_oracle,LOO oracle,0.9975490196078433,1.0,0.00030544203629856437,,,-0.002450980392156743,2.3852447794681098e-18
42,355,17,lime,LIME,0.8455882352941178,0.8602941176470589,0.00030544203629856437,,,-0.014705882352941124,2.3852447794681098e-18
42,356,20,shapley_mc,Monte Carlo Shapley,0.6962406015037594,0.6661654135338345,0.0006362114138386277,,,0.03007518796992492,0.0
42,356,20,loo_oracle,LOO oracle,0.9924812030075187,1.0,1.2162471174193001e-05,,,-0.007518796992481258,0.0
42,356,20,lime,LIME,0.8436090225563909,0.8646616541353382,-0.0007450294600225282,,,-0.021052631578947323,0.0
42,357,20,shapley_mc,Monte Carlo Shapley,0.437593984962406,0.5263157894736841,0.00020156659341263872,,,-0.08872180451127809,4.336808689942018e-19
42,357,20,loo_oracle,LOO oracle,0.9774436090225563,1.0,-0.0005739387625725567,,,-0.022556390977443663,4.336808689942018e-19
42,357,20,lime,LIME,0.8451127819548873,0.8421052631578947,-0.0005739387625725567,,,0.00300751879699257,4.336808689942018e-19
42,358,20,shapley_mc,Monte Carlo Shapley,0.8330827067669173,0.849624060150376,-0.0003470596240356394,,,-0.016541353383458635,0.0
42,358,20,loo_oracle,LOO oracle,0.9894736842105262,1.0,-0.0003470596240356394,,,-0.010526315789473828,0.0
42,358,20,lime,LIME,0.8601503759398496,0.8842105263157894,-0.0003470596240356394,,,-0.024060150375939893,0.0
42,359,20,shapley_mc,Monte Carlo Shapley,0.9203007518796992,0.9428571428571428,-0.0032588326246286714,,,-0.022556390977443663,3.469446951953614e-18
42,359,20,loo_oracle,LOO oracle,0.9879699248120299,1.0,-0.0032588326246286714,,,-0.012030075187970057,3.469446951953614e-18
42,359,20,lime,LIME,0.9684210526315788,0.9593984962406013,-0.0032588326246286714,,,0.009022556390977599,3.469446951953614e-18
42,360,14,shapley_mc,Monte Carlo Shapley,0.4241758241758242,0.37142857142857144,0.002987645581622622,,,0.05274725274725278,3.469446951953614e-18
42,360,14,loo_oracle,LOO oracle,0.9824175824175824,1.0,0.001677076079718287,,,-0.01758241758241763,3.469446951953614e-18
42,360,14,lime,LIME,0.9296703296703297,0.9340659340659341,0.001677076079718287,,,-0.00439560439560438,3.469446951953614e-18
42,361,20,shapley_mc,Monte Carlo Shapley,0.6962406015037594,0.6962406015037594,0.0015091553556463855,,,0.0,1.734723475976807e-18
42,361,20,loo_oracle,LOO oracle,1.0,1.0,0.0015091553556463855,,,0.0,1.734723475976807e-18
42,361,20,lime,LIME,0.9819548872180449,0.9819548872180449,0.0015091553556463855,,,0.0,1.734723475976807e-18
42,362,20,shapley_mc,Monte Carlo Shapley,0.6045112781954887,0.6045112781954887,0.0008776075122572391,,,0.0,3.469446951953614e-18
42,362,20,loo_oracle,LOO oracle,1.0,1.0,0.0008424536446181019,,,0.0,3.469446951953614e-18
42,362,20,lime,LIME,0.9834586466165413,0.9834586466165413,0.0008424536446181019,,,0.0,3.469446951953614e-18
42,363,13,shapley_mc,Monte Carlo Shapley,0.5659340659340659,0.5659340659340659,0.004071223201106422,,,0.0,0.0
42,363,13,loo_oracle,LOO oracle,1.0,1.0,0.0026413504868545434,,,0.0,0.0
42,363,13,lime,LIME,0.967032967032967,0.967032967032967,0.002619034060931169,,,0.0,0.0
42,364,18,shapley_mc,Monte Carlo Shapley,0.9009287925696594,0.890608875128999,-0.0036099191554789245,,,0.010319917440660409,1.734723475976807e-17
42,364,18,loo_oracle,LOO oracle,0.9917440660474718,1.0,-0.0036099191554789245,,,-0.008255933952528216,1.734723475976807e-17
42,364,18,lime,LIME,0.9752321981424149,0.9855521155830752,-0.0036099191554789245,,,-0.010319917440660298,1.734723475976807e-17
42,365,20,shapley_mc,Monte Carlo Shapley,0.4661654135338345,0.33082706766917286,0.0005373857162563889,,,0.13533834586466165,1.3010426069826053e-18
42,365,20,loo_oracle,LOO oracle,0.9218045112781955,1.0,1.2269213931714873e-05,,,-0.07819548872180448,1.3010426069826053e-18
42,365,20,lime,LIME,0.6571428571428571,0.7097744360902255,1.2269213931714873e-05,,,-0.05263157894736836,1.3010426069826053e-18
42,366,20,shapley_mc,Monte Carlo Shapley,0.42105263157894735,0.4090225563909774,-0.0001573577110999813,,,0.012030075187969946,1.734723475976807e-18
42,366,20,loo_oracle,LOO oracle,0.993984962406015,1.0,-0.0006138546063046979,,,-0.006015037593985029,1.734723475976807e-18
42,366,20,lime,LIME,0.9293233082706768,0.9172932330827066,-0.0006138546063046979,,,0.012030075187970168,1.734723475976807e-18
42,367,20,shapley_mc,Monte Carlo Shapley,0.7112781954887217,0.7112781954887217,0.0021494518612066305,,,0.0,3.469446951953614e-18
42,367,20,loo_oracle,LOO oracle,1.0,1.0,0.0021494518612066305,,,0.0,3.469446951953614e-18
42,367,20,lime,LIME,0.9443609022556391,0.9443609022556391,0.0021494518612066305,,,0.0,3.469446951953614e-18
42,368,20,shapley_mc,Monte Carlo Shapley,0.7443609022556391,0.7684210526315788,0.0007696234043934047,,,-0.02406015037593967,6.505213034913027e-19
42,368,20,loo_oracle,LOO oracle,0.9879699248120299,1.0,0.0007696234043934047,,,-0.012030075187970057,6.505213034913027e-19
42,368,20,lime,LIME,0.8872180451127819,0.9112781954887217,0.0007696234043934047,,,-0.02406015037593978,6.505213034913027e-19
42,369,20,shapley_mc,Monte Carlo Shapley,0.7849624060150376,0.7894736842105263,0.0011146147216129498,,,-0.004511278195488688,3.469446951953614e-18
42,369,20,loo_oracle,LOO oracle,0.9984962406015038,1.0,0.00024110703641805342,,,-0.0015037593984962294,3.469446951953614e-18
42,369,20,lime,LIME,0.993984962406015,0.9954887218045112,0.00024110703641805342,,,-0.0015037593984962294,3.469446951953614e-18
42,370,20,shapley_mc,Monte Carlo Shapley,0.8556390977443609,0.8646616541353382,0.0010762674163014019,,,-0.009022556390977376,0.0
42,370,20,loo_oracle,LOO oracle,0.9969924812030074,1.0,-7.540888599327777e-05,,,-0.00300751879699257,0.0
42,370,20,lime,LIME,0.9774436090225563,0.9804511278195487,-7.788856693574653e-05,,,-0.003007518796992348,0.0
42,371,20,shapley_mc,Monte Carlo Shapley,0.863157894736842,0.8571428571428572,0.0005564314238601931,,,0.006015037593984807,0.0
42,371,20,loo_oracle,LOO oracle,0.9819548872180449,1.0,0.00012749632344744022,,,-0.018045112781955086,0.0
42,371,20,lime,LIME,0.9233082706766916,0.9022556390977443,0.00012749632344744022,,,0.021052631578947323,0.0
42,372,11,shapley_mc,Monte Carlo Shapley,0.6454545454545455,0.6454545454545455,-0.003105905785605767,,,0.0,6.938893903907228e-18
42,372,11,loo_oracle,LOO oracle,1.0,1.0,-0.0001516457002103122,,,0.0,6.938893903907228e-18
42,372,11,lime,LIME,1.0,1.0,-0.0001516457002103122,,,0.0,6.938893903907228e-18
42,373,20,shapley_mc,Monte Carlo Shapley,0.732330827067669,0.732330827067669,0.0027122335448792056,,,0.0,3.469446951953614e-18
42,373,20,loo_oracle,LOO oracle,1.0,1.0,0.0027122335448792056,,,0.0,3.469446951953614e-18
42,373,20,lime,LIME,0.9699248120300751,0.9699248120300751,0.0027122335448792056,,,0.0,3.469446951953614e-18
42,374,20,shapley_mc,Monte Carlo Shapley,0.5894736842105263,0.5894736842105263,0.0014085099355819475,,,0.0,8.673617379884035e-19
42,374,20,loo_oracle,LOO oracle,1.0,1.0,0.0014085099355819475,,,0.0,8.673617379884035e-19
42,374,20,lime,LIME,0.9533834586466164,0.9533834586466164,0.0014085099355819475,,,0.0,8.673617379884035e-19
42,375,20,shapley_mc,Monte Carlo Shapley,0.8962406015037594,0.9022556390977443,0.00031376838792129824,,,-0.006015037593984918,8.673617379884035e-19
42,375,20,loo_oracle,LOO oracle,0.9984962406015038,1.0,0.0009012466695368371,,,-0.0015037593984962294,8.673617379884035e-19
42,375,20,lime,LIME,0.8796992481203006,0.8721804511278194,0.00031376838792129824,,,0.007518796992481258,8.673617379884035e-19
42,376,20,shapley_mc,Monte Carlo Shapley,0.8165413533834586,0.8165413533834586,0.001688608445962525,,,0.0,1.734723475976807e-18
42,376,20,loo_oracle,LOO oracle,1.0,1.0,0.0017155023105461242,,,0.0,1.734723475976807e-18
42,376,20,lime,LIME,0.9849624060150375,0.9849624060150375,0.0017155023105461242,,,0.0,1.734723475976807e-18
42,377,20,shapley_mc,Monte Carlo Shapley,0.6661654135338345,0.6812030075187969,-0.0013826176309799099,,,-0.015037593984962405,1.734723475976807e-18
42,377,20,loo_oracle,LOO oracle,0.993984962406015,1.0,-0.0013826176309799099,,,-0.006015037593985029,1.734723475976807e-18
42,377,20,lime,LIME,0.9458646616541352,0.9639097744360902,-0.0013826176309799099,,,-0.018045112781954975,1.734723475976807e-18
42,378,20,shapley_mc,Monte Carlo Shapley,0.7233082706766917,0.6661654135338345,0.0009942483335129704,,,0.05714285714285716,1.734723475976807e-18
42,378,20,loo_oracle,LOO oracle,0.9654135338345864,1.0,0.0003899796216360607,,,-0.03458646616541361,1.734723475976807e-18
42,378,20,lime,LIME,0.9233082706766916,0.9248120300751879,0.0003899796216360607,,,-0.0015037593984962294,1.734723475976807e-18
42,379,20,shapley_mc,Monte Carlo Shapley,0.6842105263157895,0.6496240601503759,0.0003540406198990764,,,0.03458646616541361,8.673617379884035e-19
42,379,20,loo_oracle,LOO oracle,0.993984962406015,1.0,-0.0004879659597933905,,,-0.006015037593985029,8.673617379884035e-19
42,379,20,lime,LIME,0.7654135338345864,0.77593984962406,-0.0004879659597933905,,,-0.010526315789473606,8.673617379884035e-19
42,380,20,shapley_mc,Monte Carlo Shapley,0.813533834586466,0.8150375939849623,0.0032604051781339183,,,-0.0015037593984963404,1.3877787807814457e-17
42,380,20,loo_oracle,LOO oracle,0.9984962406015038,1.0,0.0032604051781339183,,,-0.0015037593984962294,1.3877787807814457e-17
42,380,20,lime,LIME,0.9909774436090225,0.9924812030075187,0.0032604051781339183,,,-0.0015037593984962294,1.3877787807814457e-17
42,381,20,shapley_mc,Monte Carlo Shapley,0.7187969924812029,0.6917293233082705,-0.00010976349925623241,,,0.02706766917293235,1.734723475976807e-18
42,381,20,loo_oracle,LOO oracle,0.993984962406015,1.0,-0.00010976349925623241,,,-0.006015037593985029,1.734723475976807e-18
42,381,20,lime,LIME,0.9473684210526315,0.9533834586466164,-0.00010976349925623241,,,-0.006015037593984918,1.734723475976807e-18
42,382,12,shapley_mc,Monte Carlo Shapley,0.8251748251748254,0.8251748251748254,-0.005628537903113351,,,0.0,0.0
42,382,12,loo_oracle,LOO oracle,1.0,1.0,-0.005628537903113351,,,0.0,0.0
42,382,12,lime,LIME,0.9860139860139862,0.9860139860139862,-0.005628537903113351,,,0.0,0.0
42,383,11,shapley_mc,Monte Carlo Shapley,0.881818181818182,0.881818181818182,-0.0001288983746249861,,,0.0,4.336808689942018e-19
42,383,11,loo_oracle,LOO oracle,1.0,1.0,-0.0001288983746249861,,,0.0,4.336808689942018e-19
42,383,11,lime,LIME,0.9090909090909091,0.9090909090909091,-0.0001288983746249861,,,0.0,4.336808689942018e-19
42,384,20,shapley_mc,Monte Carlo Shapley,0.7849624060150376,0.7849624060150376,0.0008501854929118258,,,0.0,1.734723475976807e-18
42,384,20,loo_oracle,LOO oracle,1.0,1.0,0.00011701792153989699,,,0.0,1.734723475976807e-18
42,384,20,lime,LIME,0.9774436090225563,0.9774436090225563,0.00011701792153989699,,,0.0,1.734723475976807e-18
42,385,20,shapley_mc,Monte Carlo Shapley,0.9413533834586465,0.9413533834586465,-0.0011247081338600085,,,0.0,1.734723475976807e-18
42,385,20,loo_oracle,LOO oracle,1.0,1.0,-0.0011247081338600085,,,0.0,1.734723475976807e-18
42,385,20,lime,LIME,0.993984962406015,0.993984962406015,-0.0011247081338600085,,,0.0,1.734723475976807e-18
42,386,20,shapley_mc,Monte Carlo Shapley,0.6721804511278194,0.6872180451127818,0.0003487292643370443,,,-0.015037593984962405,0.0
42,386,20,loo_oracle,LOO oracle,0.9969924812030074,1.0,0.00016727743393485373,,,-0.00300751879699257,0.0
42,386,20,lime,LIME,0.9624060150375938,0.9714285714285714,0.00016727743393485373,,,-0.009022556390977599,0.0
42,387,20,shapley_mc,Monte Carlo Shapley,0.8180451127819548,0.825563909774436,0.0013137741503140843,,,-0.007518796992481258,1.734723475976807e-18
42,387,20,loo_oracle,LOO oracle,0.9924812030075187,1.0,0.00036896774527933607,,,-0.007518796992481258,1.734723475976807e-18
42,387,20,lime,LIME,0.8872180451127819,0.9067669172932331,0.00036896774527933607,,,-0.019548872180451204,1.734723475976807e-18
42,388,20,shapley_mc,Monte Carlo Shapley,0.8796992481203006,0.8796992481203006,-0.00013708534758793967,,,0.0,4.336808689942018e-19
42,388,20,loo_oracle,LOO oracle,1.0,1.0,-0.0011230317624663089,,,0.0,4.336808689942018e-19
42,388,20,lime,LIME,0.9774436090225563,0.9774436090225563,-0.0011230317624663089,,,0.0,4.336808689942018e-19
42,389,20,shapley_mc,Monte Carlo Shapley,0.8676691729323308,0.863157894736842,0.00261546516655492,,,0.004511278195488799,0.0
42,389,20,loo_oracle,LOO oracle,0.9984962406015038,1.0,0.00261546516655492,,,-0.0015037593984962294,0.0
42,389,20,lime,LIME,0.9909774436090225,0.9879699248120299,0.00261546516655492,,,0.00300751879699257,0.0
42,390,20,shapley_mc,Monte Carlo Shapley,0.38195488721804516,0.3789473684210526,-4.783836529037577e-05,,,0.00300751879699257,0.0
42,390,20,loo_oracle,LOO oracle,0.9834586466165413,1.0,-0.00046702610655480203,,,-0.016541353383458746,0.0
42,390,20,lime,LIME,0.7909774436090224,0.825563909774436,-0.00043372673928465666,,,-0.03458646616541361,0.0
42,391,20,shapley_mc,Monte Carlo Shapley,0.825563909774436,0.8225563909774435,-3.237881366824347e-05,,,0.00300751879699257,0.0
42,391,20,loo_oracle,LOO oracle,0.993984962406015,1.0,-0.0009616902020500584,,,-0.006015037593985029,0.0
42,391,20,lime,LIME,0.9609022556390976,0.956390977443609,-0.0009616902020500584,,,0.004511278195488577,0.0
42,392,20,shapley_mc,Monte Carlo Shapley,0.7473684210526315,0.6992481203007518,0.0009552175843318689,,,0.048120300751879674,0.0
42,392,20,loo_oracle,LOO oracle,0.9864661654135337,1.0,0.001053611804621879,,,-0.013533834586466287,0.0
42,392,20,lime,LIME,0.8721804511278194,0.9052631578947368,0.00039720851018726355,,,-0.03308270676691738,0.0
42,393,9,shapley_mc,Monte Carlo Shapley,0.5833333333333334,0.5,0.001096239040723035,,,0.08333333333333337,0.0
42,393,9,loo_oracle,LOO oracle,0.9666666666666667,1.0,-0.0013520463281873618,,,-0.033333333333333326,0.0
42,393,9,lime,LIME,0.8666666666666667,0.9,-0.0013520463281873618,,,-0.033333333333333326,0.0
42,394,11,shapley_mc,Monte Carlo Shapley,0.8000000000000002,0.8181818181818182,0.006035970205722885,,,-0.018181818181818077,6.938893903907228e-18
42,394,11,loo_oracle,LOO oracle,0.990909090909091,1.0,0.002996791388027553,,,-0.009090909090909038,6.938893903907228e-18
42,394,11,lime,LIME,0.990909090909091,0.9727272727272729,0.002996791388027553,,,0.018181818181818077,6.938893903907228e-18
42,395,20,shapley_mc,Monte Carlo Shapley,0.8601503759398496,0.8556390977443609,0.001652960368463241,,,0.004511278195488688,1.734723475976807e-18
42,395,20,loo_oracle,LOO oracle,0.9984962406015038,1.0,0.001652960368463241,,,-0.0015037593984962294,1.734723475976807e-18
42,395,20,lime,LIME,0.9609022556390976,0.956390977443609,0.001652960368463241,,,0.004511278195488577,1.734723475976807e-18
42,396,20,shapley_mc,Monte Carlo Shapley,0.8932330827067668,0.8932330827067668,0.0012189968116820271,,,0.0,1.734723475976807e-18
42,396,20,loo_oracle,LOO oracle,1.0,1.0,0.0004400659474853019,,,0.0,1.734723475976807e-18
42,396,20,lime,LIME,0.9654135338345864,0.9654135338345864,0.0004400659474853019,,,0.0,1.734723475976807e-18
42,397,20,shapley_mc,Monte Carlo Shapley,0.6,0.6,0.0026323917574161415,,,0.0,6.938893903907228e-18
42,397,20,loo_oracle,LOO oracle,1.0,1.0,0.0026323917574161415,,,0.0,6.938893903907228e-18
42,397,20,lime,LIME,0.9819548872180449,0.9819548872180449,0.0026323917574161415,,,0.0,6.938893903907228e-18
42,398,20,shapley_mc,Monte Carlo Shapley,0.6526315789473683,0.6526315789473683,0.00276175178053073,,,0.0,0.0
42,398,20,loo_oracle,LOO oracle,1.0,1.0,0.00276175178053073,,,0.0,0.0
42,398,20,lime,LIME,0.9593984962406013,0.9593984962406013,0.00276175178053073,,,0.0,0.0
42,399,20,shapley_mc,Monte Carlo Shapley,0.9022556390977443,0.9022556390977443,0.00019548016206072383,,,0.0,1.734723475976807e-18
42,399,20,loo_oracle,LOO oracle,1.0,1.0,0.0009819850898340476,,,0.0,1.734723475976807e-18
42,399,20,lime,LIME,0.993984962406015,0.993984962406015,0.00015783875147401538,,,0.0,1.734723475976807e-18
42,400,20,shapley_mc,Monte Carlo Shapley,0.5969924812030075,0.6,-1.364596469616286e-05,,,-0.003007518796992459,4.336808689942018e-19
42,400,20,loo_oracle,LOO oracle,0.993984962406015,1.0,-5.78966114830326e-05,,,-0.006015037593985029,4.336808689942018e-19
42,400,20,lime,LIME,0.9428571428571428,0.9518796992481202,-1.364596469616286e-05,,,-0.009022556390977376,4.336808689942018e-19
42,401,20,shapley_mc,Monte Carlo Shapley,0.7112781954887217,0.7398496240601502,0.0007436514939659356,,,-0.02857142857142847,0.0
42,401,20,loo_oracle,LOO oracle,0.9729323308270676,1.0,0.0007436514939659356,,,-0.02706766917293235,0.0
42,401,20,lime,LIME,0.8360902255639097,0.9037593984962405,6.963376865426474e-05,,,-0.06766917293233088,0.0
42,402,20,shapley_mc,Monte Carlo Shapley,0.9082706766917292,0.9067669172932331,4.670432378539591e-05,,,0.0015037593984961184,0.0
42,402,20,loo_oracle,LOO oracle,0.9909774436090225,1.0,4.670432378539591e-05,,,-0.009022556390977488,0.0
42,402,20,lime,LIME,0.9684210526315788,0.9654135338345864,4.670432378539591e-05,,,0.003007518796992459,0.0
42,403,20,shapley_mc,Monte Carlo Shapley,0.7624060150375939,0.7624060150375939,0.0017126245544596963,,,0.0,0.0
42,403,20,loo_oracle,LOO oracle,1.0,1.0,0.0017126245544596963,,,0.0,0.0
42,403,20,lime,LIME,0.9609022556390976,0.9609022556390976,0.0017126245544596963,,,0.0,0.0
42,404,20,shapley_mc,Monte Carlo Shapley,0.8601503759398496,0.8451127819548873,0.0013486942659368673,,,0.015037593984962294,3.469446951953614e-18
42,404,20,loo_oracle,LOO oracle,0.9954887218045112,1.0,0.0015924502390448625,,,-0.004511278195488799,3.469446951953614e-18
42,404,20,lime,LIME,0.9624060150375938,0.9639097744360902,0.0015924502390448625,,,-0.0015037593984963404,3.469446951953614e-18
42,405,20,shapley_mc,Monte Carlo Shapley,0.793984962406015,0.793984962406015,0.001453851064406264,,,0.0,5.204170427930421e-18
42,405,20,loo_oracle,LOO oracle,1.0,1.0,0.00019279989757858829,,,0.0,5.204170427930421e-18
42,405,20,lime,LIME,0.9909774436090225,0.9909774436090225,0.001453851064406264,,,0.0,5.204170427930421e-18
42,406,15,shapley_mc,Monte Carlo Shapley,0.4392857142857142,0.4035714285714285,0.0015675237729895208,,,0.0357142857142857,6.938893903907228e-18
42,406,15,loo_oracle,LOO oracle,0.9928571428571428,1.0,0.0005769935241221047,,,-0.0071428571428572285,6.938893903907228e-18
42,406,15,lime,LIME,0.9857142857142854,0.9857142857142854,0.0005769935241221047,,,0.0,6.938893903907228e-18
42,407,20,shapley_mc,Monte Carlo Shapley,0.7969924812030074,0.7864661654135338,-0.00023101932075175746,,,0.010526315789473606,4.336808689942018e-19
42,407,20,loo_oracle,LOO oracle,0.9909774436090225,1.0,-3.679702618586411e-05,,,-0.009022556390977488,4.336808689942018e-19
42,407,20,lime,LIME,0.918796992481203,0.9413533834586465,-0.0006907977733167647,,,-0.022556390977443552,4.336808689942018e-19
42,408,20,shapley_mc,Monte Carlo Shapley,0.9503759398496241,0.8932330827067668,0.0008949394735418004,,,0.05714285714285727,0.0
42,408,20,loo_oracle,LOO oracle,0.9789473684210527,1.0,0.0002082823890843244,,,-0.021052631578947323,0.0
42,408,20,lime,LIME,0.6375939849624059,0.6586466165413534,-0.0007234713302765594,,,-0.021052631578947434,0.0
42,409,20,shapley_mc,Monte Carlo Shapley,0.7774436090225564,0.7368421052631579,0.000748908352306954,,,0.04060150375939853,1.3010426069826053e-18
42,409,20,loo_oracle,LOO oracle,0.9819548872180449,1.0,-0.00011898848178387711,,,-0.018045112781955086,1.3010426069826053e-18
42,409,20,lime,LIME,0.8872180451127819,0.8812030075187969,-0.00011898848178387711,,,0.006015037593985029,1.3010426069826053e-18
42,410,20,shapley_mc,Monte Carlo Shapley,0.5593984962406015,0.5233082706766917,0.0013152457262005646,,,0.03609022556390973,0.0
42,410,20,loo_oracle,LOO oracle,0.9849624060150375,1.0,0.0013152457262005646,,,-0.015037593984962516,0.0
42,410,20,lime,LIME,0.9338345864661652,0.9428571428571428,0.0013152457262005646,,,-0.009022556390977599,0.0
42,411,20,shapley_mc,Monte Carlo Shapley,0.5639097744360902,0.5639097744360902,0.001012698879754359,,,0.0,8.673617379884035e-19
42,411,20,loo_oracle,LOO oracle,0.9879699248120299,1.0,0.001012698879754359,,,-0.012030075187970057,8.673617379884035e-19
42,411,20,lime,LIME,0.8691729323308269,0.9082706766917292,0.001012698879754359,,,-0.0390977443609023,8.673617379884035e-19
42,412,20,shapley_mc,Monte Carlo Shapley,0.8571428571428572,0.8511278195488721,0.002339912666767585,,,0.00601503759398514,3.469446951953614e-18
42,412,20,loo_oracle,LOO oracle,0.9984962406015038,1.0,0.002339912666767585,,,-0.0015037593984962294,3.469446951953614e-18
42,412,20,lime,LIME,0.9684210526315788,0.9699248120300751,0.002339912666767585,,,-0.0015037593984962294,3.469446951953614e-18
42,413,18,shapley_mc,Monte Carlo Shapley,0.7275541795665634,0.739938080495356,-0.003123948520382114,,,-0.012383900928792602,3.469446951953614e-18
42,413,18,loo_oracle,LOO oracle,0.9958720330237358,1.0,-0.003123948520382114,,,-0.0041279669762641635,3.469446951953614e-18
42,413,18,lime,LIME,0.9752321981424149,0.981424148606811,-0.003123948520382114,,,-0.006191950464396134,3.469446951953614e-18
42,414,20,shapley_mc,Monte Carlo Shapley,0.6195488721804511,0.6195488721804511,0.00017152599206760044,,,0.0,0.0
42,414,20,loo_oracle,LOO oracle,0.9924812030075187,1.0,0.00017152599206760044,,,-0.007518796992481258,0.0
42,414,20,lime,LIME,0.9458646616541352,0.9744360902255638,0.00017152599206760044,,,-0.02857142857142858,0.0
42,415,20,shapley_mc,Monte Carlo Shapley,0.7578947368421052,0.7624060150375939,-0.002133372409343526,,,-0.004511278195488688,0.0
42,415,20,loo_oracle,LOO oracle,0.9984962406015038,1.0,-0.0008441153041383043,,,-0.0015037593984962294,0.0
42,415,20,lime,LIME,0.9669172932330825,0.9714285714285714,-0.0008441153041383043,,,-0.00451127819548891,0.0
42,416,12,shapley_mc,Monte Carlo Shapley,0.5874125874125874,0.5874125874125874,0.0013663066763162646,,,0.0,3.469446951953614e-18
42,416,12,loo_oracle,LOO oracle,1.0,1.0,0.0003254849520977765,,,0.0,3.469446951953614e-18
42,416,12,lime,LIME,0.9510489510489512,0.9510489510489512,0.0003254849520977765,,,0.0,3.469446951953614e-18
42,417,20,shapley_mc,Monte Carlo Shapley,0.9428571428571428,0.9428571428571428,-0.004533676001358011,,,0.0,2.7755575615628914e-17
42,417,20,loo_oracle,LOO oracle,0.9969924812030074,1.0,-0.004668570430388264,,,-0.00300751879699257,2.7755575615628914e-17
42,417,20,lime,LIME,0.9744360902255638,0.9759398496240601,-0.004533676001358011,,,-0.0015037593984963404,2.7755575615628914e-17
42,418,20,shapley_mc,Monte Carlo Shapley,0.9218045112781955,0.9248120300751879,-0.0009353621900931586,,,-0.003007518796992348,8.673617379884035e-19
42,418,20,loo_oracle,LOO oracle,0.9984962406015038,1.0,1.812809823065198e-05,,,-0.0015037593984962294,8.673617379884035e-19
42,418,20,lime,LIME,0.9819548872180449,0.9849624060150375,1.812809823065198e-05,,,-0.00300751879699257,8.673617379884035e-19
42,419,20,shapley_mc,Monte Carlo Shapley,0.9037593984962405,0.882706766917293,0.0018651463007802738,,,0.021052631578947545,3.469446951953614e-18
42,419,20,loo_oracle,LOO oracle,0.9969924812030074,1.0,0.0018651463007802738,,,-0.00300751879699257,3.469446951953614e-18
42,419,20,lime,LIME,0.9834586466165413,0.9909774436090225,0.0018651463007802738,,,-0.007518796992481258,3.469446951953614e-18
42,420,15,shapley_mc,Monte Carlo Shapley,0.8821428571428571,0.8821428571428571,-0.0011859641619923478,,,0.0,2.168404344971009e-19
42,420,15,loo_oracle,LOO oracle,1.0,1.0,-0.0011859641619923478,,,0.0,2.168404344971009e-19
42,420,15,lime,LIME,0.9214285714285713,0.9214285714285713,-0.0011859641619923478,,,0.0,2.168404344971009e-19
42,421,20,shapley_mc,Monte Carlo Shapley,0.8872180451127819,0.8872180451127819,0.0014568203946803693,,,0.0,3.469446951953614e-18
42,421,20,loo_oracle,LOO oracle,1.0,1.0,0.0014568203946803693,,,0.0,3.469446951953614e-18
42,421,20,lime,LIME,0.9684210526315788,0.9684210526315788,0.0014568203946803693,,,0.0,3.469446951953614e-18
42,422,14,shapley_mc,Monte Carlo Shapley,0.8241758241758241,0.8021978021978022,0.0012896628555970624,,,0.0219780219780219,1.734723475976807e-18
42,422,14,loo_oracle,LOO oracle,0.9956043956043955,1.0,-8.41729508494482e-05,,,-0.004395604395604491,1.734723475976807e-18
42,422,14,lime,LIME,0.9428571428571428,0.9472527472527472,-8.41729508494482e-05,,,-0.00439560439560438,1.734723475976807e-18
42,423,20,shapley_mc,Monte Carlo Shapley,0.7864661654135338,0.8030075187969924,-0.0007716361099665558,,,-0.016541353383458635,0.0
42,423,20,loo_oracle,LOO oracle,0.9759398496240601,1.0,-0.0007716361099665558,,,-0.024060150375939893,0.0
42,423,20,lime,LIME,0.9654135338345864,0.9428571428571428,-0.0007716361099665558,,,0.022556390977443552,0.0
42,424,20,shapley_mc,Monte Carlo Shapley,0.8360902255639097,0.7954887218045112,0.0005498945177179193,,,0.040601503759398416,4.336808689942018e-19
42,424,20,loo_oracle,LOO oracle,0.9699248120300751,1.0,-4.231348489186493e-05,,,-0.03007518796992492,4.336808689942018e-19
42,424,20,lime,LIME,0.8390977443609022,0.8872180451127819,-4.231348489186493e-05,,,-0.048120300751879674,4.336808689942018e-19
42,425,20,shapley_mc,Monte Carlo Shapley,0.6992481203007518,0.6827067669172932,0.0009154323710882095,,,0.016541353383458635,8.673617379884035e-19
42,425,20,loo_oracle,LOO oracle,0.9969924812030074,1.0,0.00017311631601418798,,,-0.00300751879699257,8.673617379884035e-19
42,425,20,lime,LIME,0.9744360902255638,0.9789473684210527,0.00017311631601418798,,,-0.00451127819548891,8.673617379884035e-19
42,426,20,shapley_mc,Monte Carlo Shapley,0.675187969924812,0.675187969924812,0.002763398032012976,,,0.0,0.0
42,426,20,loo_oracle,LOO oracle,1.0,1.0,0.001426101098520316,,,0.0,0.0
42,426,20,lime,LIME,0.9909774436090225,0.9909774436090225,0.001426101098520316,,,0.0,0.0
42,427,20,shapley_mc,Monte Carlo Shapley,0.9097744360902256,0.9097744360902256,0.003120749817752455,,,0.0,0.0
42,427,20,loo_oracle,LOO oracle,1.0,1.0,0.003148151638183494,,,0.0,0.0
42,427,20,lime,LIME,0.9744360902255638,0.9744360902255638,0.003148151638183494,,,0.0,0.0
42,428,20,shapley_mc,Monte Carlo Shapley,0.5864661654135337,0.5308270676691729,0.0014217391035515337,,,0.05563909774436082,0.0
42,428,20,loo_oracle,LOO oracle,0.9759398496240601,1.0,0.0014217391035515337,,,-0.024060150375939893,0.0
42,428,20,lime,LIME,0.9218045112781955,0.9503759398496241,0.0014217391035515337,,,-0.02857142857142858,0.0
42,429,20,shapley_mc,Monte Carlo Shapley,0.47067669172932325,0.39999999999999997,-0.00010421478774624848,,,0.07067669172932328,0.0
42,429,20,loo_oracle,LOO oracle,0.9804511278195487,1.0,-2.686859729977842e-05,,,-0.019548872180451315,0.0
42,429,20,lime,LIME,0.806015037593985,0.8406015037593983,-0.0003730172866140413,,,-0.03458646616541339,0.0
42,430,20,shapley_mc,Monte Carlo Shapley,0.7999999999999999,0.8511278195488721,-3.6195289723761626e-05,,,-0.05112781954887213,0.0
42,430,20,loo_oracle,LOO oracle,0.9879699248120299,1.0,-0.0010307275338051758,,,-0.012030075187970057,0.0
42,430,20,lime,LIME,0.9639097744360902,0.9458646616541352,-3.6195289723761626e-05,,,0.018045112781954975,0.0
42,431,20,shapley_mc,Monte Carlo Shapley,0.8360902255639097,0.7984962406015037,-2.147821225145785e-05,,,0.03759398496240596,0.0
42,431,20,loo_oracle,LOO oracle,0.9879699248120299,1.0,-2.147821225145785e-05,,,-0.012030075187970057,0.0
42,431,20,lime,LIME,0.9639097744360902,0.9774436090225563,-2.147821225145785e-05,,,-0.013533834586466176,0.0
42,432,20,shapley_mc,Monte Carlo Shapley,0.6330827067669172,0.6330827067669172,0.0018972069996081586,,,0.0,3.469446951953614e-18
42,432,20,loo_oracle,LOO oracle,1.0,1.0,0.0018972069996081586,,,0.0,3.469446951953614e-18
42,432,20,lime,LIME,0.9112781954887217,0.9112781954887217,0.0018972069996081586,,,0.0,3.469446951953614e-18
42,433,20,shapley_mc,Monte Carlo Shapley,0.8887218045112781,0.8887218045112781,0.0010364234991948051,,,0.0,8.673617379884035e-19
42,433,20,loo_oracle,LOO oracle,1.0,1.0,0.0010488500325254169,,,0.0,8.673617379884035e-19
42,433,20,lime,LIME,0.9413533834586465,0.9413533834586465,0.0010364234991948051,,,0.0,8.673617379884035e-19
42,434,20,shapley_mc,Monte Carlo Shapley,0.900751879699248,0.875187969924812,0.0012268989688708487,,,0.02556390977443601,0.0
42,434,20,loo_oracle,LOO oracle,0.9879699248120299,1.0,0.0012268989688708487,,,-0.012030075187970057,0.0
42,434,20,lime,LIME,0.9578947368421054,0.9759398496240601,0.0004763585826377814,,,-0.018045112781954753,0.0
42,435,20,shapley_mc,Monte Carlo Shapley,0.793984962406015,0.7864661654135338,-0.00014181905374649473,,,0.007518796992481258,0.0
42,435,20,loo_oracle,LOO oracle,0.9729323308270676,1.0,6.642723377608961e-05,,,-0.02706766917293235,0.0
42,435,20,lime,LIME,0.8736842105263156,0.9248120300751879,-0.0006052850453512337,,,-0.051127819548872244,0.0
42,436,20,shapley_mc,Monte Carlo Shapley,0.837593984962406,0.837593984962406,0.0018071261848024434,,,0.0,3.469446951953614e-18
42,436,20,loo_oracle,LOO oracle,1.0,1.0,0.0019003093490745915,,,0.0,3.469446951953614e-18
42,436,20,lime,LIME,0.9819548872180449,0.9819548872180449,0.0019003093490745915,,,0.0,3.469446951953614e-18
42,437,20,shapley_mc,Monte Carlo Shapley,0.7924812030075187,0.7699248120300751,0.000687767216732138,,,0.022556390977443552,0.0
42,437,20,loo_oracle,LOO oracle,0.9924812030075187,1.0,-9.750496000859865e-05,,,-0.007518796992481258,0.0
42,437,20,lime,LIME,0.9263157894736842,0.9218045112781955,-9.750496000859865e-05,,,0.004511278195488688,0.0
42,438,20,shapley_mc,Monte Carlo Shapley,0.6390977443609022,0.6330827067669172,0.0012563193927816463,,,0.006015037593984918,1.734723475976807e-18
42,438,20,loo_oracle,LOO oracle,0.993984962406015,1.0,0.00046715866639474024,,,-0.006015037593985029,1.734723475976807e-18
42,438,20,lime,LIME,0.918796992481203,0.9383458646616539,0.00046715866639474024,,,-0.019548872180450982,1.734723475976807e-18
42,439,15,shapley_mc,Monte Carlo Shapley,0.8107142857142855,0.8035714285714284,0.0025621694247799365,,,0.0071428571428571175,1.0408340855860843e-17
42,439,15,loo_oracle,LOO oracle,0.9964285714285712,1.0,0.0025621694247799365,,,-0.003571428571428781,1.0408340855860843e-17
42,439,15,lime,LIME,0.9714285714285713,0.9749999999999999,0.0025621694247799365,,,-0.0035714285714285587,1.0408340855860843e-17
42,440,20,shapley_mc,Monte Carlo Shapley,0.8406015037593983,0.8466165413533834,-0.0012004823759634853,,,-0.006015037593985029,0.0
42,440,20,loo_oracle,LOO oracle,0.9969924812030074,1.0,-0.0005913070821054189,,,-0.00300751879699257,0.0
42,440,20,lime,LIME,0.9699248120300751,0.9714285714285714,-0.0005984698381719111,,,-0.0015037593984963404,0.0
42,441,20,shapley_mc,Monte Carlo Shapley,0.5233082706766917,0.44360902255639095,0.0003951008750379681,,,0.07969924812030077,0.0
42,441,20,loo_oracle,LOO oracle,0.9488721804511278,1.0,4.84334832208666e-05,,,-0.051127819548872244,0.0
42,441,20,lime,LIME,0.7804511278195487,0.9052631578947368,-0.00038533033542564876,,,-0.12481203007518804,0.0
42,442,20,shapley_mc,Monte Carlo Shapley,0.8541353383458646,0.8541353383458646,0.001722599844754591,,,0.0,0.0
42,442,20,loo_oracle,LOO oracle,1.0,1.0,0.001722599844754591,,,0.0,0.0
42,442,20,lime,LIME,0.9864661654135337,0.9864661654135337,0.001722599844754591,,,0.0,0.0
42,443,20,shapley_mc,Monte Carlo Shapley,0.7969924812030074,0.8075187969924811,0.0011760271490542928,,,-0.010526315789473717,0.0
42,443,20,loo_oracle,LOO oracle,0.9924812030075187,1.0,0.0011760271490542928,,,-0.007518796992481258,0.0
42,443,20,lime,LIME,0.9593984962406013,0.9654135338345864,0.00021251139942962682,,,-0.00601503759398514,0.0
42,444,20,shapley_mc,Monte Carlo Shapley,0.8616541353383457,0.8661654135338346,-8.61883573983202e-05,,,-0.00451127819548891,2.168404344971009e-19
42,444,20,loo_oracle,LOO oracle,0.9984962406015038,1.0,-7.17831247283307e-05,,,-0.0015037593984962294,2.168404344971009e-19
42,444,20,lime,LIME,0.918796992481203,0.9263157894736842,-0.000515918198620513,,,-0.007518796992481258,2.168404344971009e-19
42,445,20,shapley_mc,Monte Carlo Shapley,0.6345864661654135,0.6150375939849623,0.0006828036440355012,,,0.019548872180451204,8.673617379884035e-19
42,445,20,loo_oracle,LOO oracle,0.9849624060150375,1.0,-1.8577582298728856e-05,,,-0.015037593984962516,8.673617379884035e-19
42,445,20,lime,LIME,0.9383458646616539,0.9503759398496241,-1.8577582298728856e-05,,,-0.012030075187970168,8.673617379884035e-19
42,446,20,shapley_mc,Monte Carlo Shapley,0.8736842105263156,0.8526315789473683,-0.0001891666638934586,,,0.021052631578947323,4.336808689942018e-19
42,446,20,loo_oracle,LOO oracle,0.9879699248120299,1.0,-0.0007436581616145355,,,-0.012030075187970057,4.336808689942018e-19
42,446,20,lime,LIME,0.9082706766917292,0.9142857142857143,-0.0007436581616145355,,,-0.006015037593985029,4.336808689942018e-19
42,447,10,shapley_mc,Monte Carlo Shapley,0.6727272727272726,0.6727272727272726,0.0027550424441674104,,,0.0,0.0
42,447,10,loo_oracle,LOO oracle,0.9999999999999999,0.9999999999999999,0.0027550424441674104,,,0.0,0.0
42,447,10,lime,LIME,0.9151515151515152,0.9151515151515152,0.0027550424441674104,,,0.0,0.0
42,448,20,shapley_mc,Monte Carlo Shapley,0.7563909774436091,0.7563909774436091,0.0009082722635265217,,,0.0,0.0
42,448,20,loo_oracle,LOO oracle,0.9954887218045112,1.0,0.0009082722635265217,,,-0.004511278195488799,0.0
42,448,20,lime,LIME,0.956390977443609,0.9669172932330825,0.0009082722635265217,,,-0.010526315789473495,0.0
42,449,20,shapley_mc,Monte Carlo Shapley,0.9578947368421054,0.9654135338345864,-0.000992637142387287,,,-0.007518796992481036,0.0
42,449,20,loo_oracle,LOO oracle,0.9954887218045112,1.0,-0.000992637142387287,,,-0.004511278195488799,0.0
42,449,20,lime,LIME,0.9819548872180449,0.9894736842105262,-0.000992637142387287,,,-0.007518796992481258,0.0
42,450,20,shapley_mc,Monte Carlo Shapley,0.5819548872180451,0.5984962406015037,-3.288234913817467e-05,,,-0.016541353383458635,4.336808689942018e-19
42,450,20,loo_oracle,LOO oracle,0.9954887218045112,1.0,-3.288234913817467e-05,,,-0.004511278195488799,4.336808689942018e-19
42,450,20,lime,LIME,0.7578947368421052,0.78796992481203,-0.0005633065666639792,,,-0.03007518796992481,4.336808689942018e-19
42,451,20,shapley_mc,Monte Carlo Shapley,0.4631578947368421,0.38195488721804516,0.0007523862573289852,,,0.08120300751879694,0.0
42,451,20,loo_oracle,LOO oracle,0.956390977443609,1.0,-3.425709617321804e-05,,,-0.043609022556390986,0.0
42,451,20,lime,LIME,0.8586466165413533,0.9353383458646616,-3.425709617321804e-05,,,-0.07669172932330826,0.0
42,452,20,shapley_mc,Monte Carlo Shapley,0.5233082706766917,0.46917293233082696,0.0002092294499438374,,,0.05413533834586476,4.336808689942018e-19
42,452,20,loo_oracle,LOO oracle,0.9849624060150375,1.0,-0.0006479353076543348,,,-0.015037593984962516,4.336808689942018e-19
42,452,20,lime,LIME,0.8330827067669173,0.8466165413533834,-0.0006479353076543348,,,-0.013533834586466065,4.336808689942018e-19
42,453,20,shapley_mc,Monte Carlo Shapley,0.7924812030075187,0.7639097744360903,0.0007971619414829934,,,0.02857142857142836,0.0
42,453,20,loo_oracle,LOO oracle,0.993984962406015,1.0,0.00012735573699068636,,,-0.006015037593985029,0.0
42,453,20,lime,LIME,0.8781954887218045,0.8932330827067668,0.00012735573699068636,,,-0.015037593984962294,0.0
42,454,19,shapley_mc,Monte Carlo Shapley,0.6824561403508772,0.6578947368421053,0.0011778886494756002,,,0.024561403508771895,0.0
42,454,19,loo_oracle,LOO oracle,0.9947368421052631,1.0,0.0012692534818780632,,,-0.0052631578947368585,0.0
42,454,19,lime,LIME,0.9719298245614034,0.9649122807017543,0.0012692534818780632,,,0.007017543859649145,0.0
42,455,20,shapley_mc,Monte Carlo Shapley,0.6330827067669172,0.6511278195488721,0.0003275179434829023,,,-0.018045112781954864,0.0
42,455,20,loo_oracle,LOO oracle,0.9954887218045112,1.0,0.0003275179434829023,,,-0.004511278195488799,0.0
42,455,20,lime,LIME,0.9278195488721804,0.9458646616541352,0.0003275179434829023,,,-0.018045112781954753,0.0
42,456,20,shapley_mc,Monte Carlo Shapley,0.7488721804511278,0.7233082706766917,1.1345125537687295e-05,,,0.025563909774436122,8.673617379884035e-19
42,456,20,loo_oracle,LOO oracle,0.9924812030075187,1.0,1.1345125537687295e-05,,,-0.007518796992481258,8.673617379884035e-19
42,456,20,lime,LIME,0.8857142857142858,0.8857142857142858,-0.0008649552310988073,,,0.0,8.673617379884035e-19
42,457,18,shapley_mc,Monte Carlo Shapley,0.8534571723426212,0.8390092879256965,0.0014959264961930119,,,0.014447884416924683,5.204170427930421e-18
42,457,18,loo_oracle,LOO oracle,0.9876160990712075,1.0,0.0003458559937946637,,,-0.01238390092879249,5.204170427930421e-18
42,457,18,lime,LIME,0.954592363261094,0.9587203302373581,0.0003458559937946637,,,-0.0041279669762641635,5.204170427930421e-18
42,458,16,shapley_mc,Monte Carlo Shapley,0.8647058823529412,0.8647058823529412,0.0002336979955694929,,,0.0,0.0
42,458,16,loo_oracle,LOO oracle,1.0,1.0,0.0002336979955694929,,,0.0,0.0
42,458,16,lime,LIME,0.95,0.95,0.0002336979955694929,,,0.0,0.0
42,459,20,shapley_mc,Monte Carlo Shapley,0.7804511278195487,0.7413533834586465,0.0013476097433763878,,,0.03909774436090219,0.0
42,459,20,loo_oracle,LOO oracle,0.993984962406015,1.0,0.0013476097433763878,,,-0.006015037593985029,0.0
42,459,20,lime,LIME,0.9413533834586465,0.956390977443609,0.0013476097433763878,,,-0.015037593984962516,0.0
42,460,20,shapley_mc,Monte Carlo Shapley,0.724812030075188,0.6917293233082705,0.0008445646067721246,,,0.03308270676691749,8.673617379884035e-19
42,460,20,loo_oracle,LOO oracle,0.9789473684210527,1.0,0.0008205897553304475,,,-0.021052631578947323,8.673617379884035e-19
42,460,20,lime,LIME,0.9293233082706768,0.9729323308270676,0.0008205897553304475,,,-0.043609022556390875,8.673617379884035e-19
42,461,20,shapley_mc,Monte Carlo Shapley,0.7609022556390977,0.7563909774436091,-0.0002901464101645046,,,0.004511278195488688,1.3010426069826053e-18
42,461,20,loo_oracle,LOO oracle,0.9909774436090225,1.0,-0.0006649276365802148,,,-0.009022556390977488,1.3010426069826053e-18
42,461,20,lime,LIME,0.9383458646616539,0.9578947368421054,-0.0006649276365802148,,,-0.019548872180451426,1.3010426069826053e-18
42,462,20,shapley_mc,Monte Carlo Shapley,0.8842105263157894,0.8436090225563909,-0.0006911819666222119,,,0.04060150375939853,0.0
42,462,20,loo_oracle,LOO oracle,0.9894736842105262,1.0,-1.6154829500791834e-06,,,-0.010526315789473828,0.0
42,462,20,lime,LIME,0.8992481203007519,0.8842105263157894,-0.0006911819666222119,,,0.015037593984962405,0.0
42,463,20,shapley_mc,Monte Carlo Shapley,0.8285714285714285,0.8285714285714285,-0.0040484881573892295,,,0.0,3.469446951953614e-18
42,463,20,loo_oracle,LOO oracle,1.0,1.0,-0.0040484881573892295,,,0.0,3.469446951953614e-18
42,463,20,lime,LIME,0.9669172932330825,0.9669172932330825,-0.0040484881573892295,,,0.0,3.469446951953614e-18
42,464,20,shapley_mc,Monte Carlo Shapley,0.8932330827067668,0.8932330827067668,0.0034640790862652815,,,0.0,3.469446951953614e-18
42,464,20,loo_oracle,LOO oracle,1.0,1.0,0.0034640790862652815,,,0.0,3.469446951953614e-18
42,464,20,lime,LIME,0.9684210526315788,0.9684210526315788,0.0034640790862652815,,,0.0,3.469446951953614e-18
42,465,20,shapley_mc,Monte Carlo Shapley,0.7984962406015037,0.7984962406015037,0.0001335391209116299,,,0.0,4.336808689942018e-19
42,465,20,loo_oracle,LOO oracle,1.0,1.0,0.0001335391209116299,,,0.0,4.336808689942018e-19
42,465,20,lime,LIME,0.9548872180451128,0.9548872180451128,0.0001335391209116299,,,0.0,4.336808689942018e-19
42,466,20,shapley_mc,Monte Carlo Shapley,0.9142857142857143,0.9142857142857143,-0.004986202450569466,,,0.0,6.938893903907228e-18
42,466,20,loo_oracle,LOO oracle,1.0,1.0,-0.004986202450569466,,,0.0,6.938893903907228e-18
42,466,20,lime,LIME,0.9684210526315788,0.9684210526315788,-0.004986202450569466,,,0.0,6.938893903907228e-18
42,467,14,shapley_mc,Monte Carlo Shapley,0.8285714285714285,0.8285714285714285,-0.004795938809524114,,,0.0,0.0
42,467,14,loo_oracle,LOO oracle,1.0,1.0,-0.004795938809524114,,,0.0,0.0
42,467,14,lime,LIME,0.9516483516483516,0.9516483516483516,-0.004795938809524114,,,0.0,0.0
42,468,20,shapley_mc,Monte Carlo Shapley,0.706766917293233,0.706766917293233,0.0020351400610582604,,,0.0,3.469446951953614e-18
42,468,20,loo_oracle,LOO oracle,0.9954887218045112,1.0,0.00213510731065808,,,-0.004511278195488799,3.469446951953614e-18
42,468,20,lime,LIME,0.9804511278195487,0.9699248120300751,0.00213510731065808,,,0.010526315789473606,3.469446951953614e-18
42,469,20,shapley_mc,Monte Carlo Shapley,0.7308270676691728,0.7037593984962407,-0.00015348546571747335,,,0.02706766917293213,4.336808689942018e-19
42,469,20,loo_oracle,LOO oracle,0.9759398496240601,1.0,-0.00015595635777393424,,,-0.024060150375939893,4.336808689942018e-19
42,469,20,lime,LIME,0.813533834586466,0.8812030075187969,-0.0006317483100550803,,,-0.06766917293233088,4.336808689942018e-19
42,470,20,shapley_mc,Monte Carlo Shapley,0.6902255639097743,0.6902255639097743,0.0011435873647887007,,,0.0,0.0
42,470,20,loo_oracle,LOO oracle,1.0,1.0,0.0011435873647887007,,,0.0,0.0
42,470,20,lime,LIME,0.9744360902255638,0.9744360902255638,0.0011435873647887007,,,0.0,0.0
42,471,20,shapley_mc,Monte Carlo Shapley,0.825563909774436,0.825563909774436,0.0030068368103733367,,,0.0,0.0
42,471,20,loo_oracle,LOO oracle,1.0,1.0,0.0030068368103733367,,,0.0,0.0
42,471,20,lime,LIME,0.9894736842105262,0.9894736842105262,0.0030068368103733367,,,0.0,0.0
42,472,20,shapley_mc,Monte Carlo Shapley,0.669172932330827,0.6345864661654135,-0.00010328425088007576,,,0.0345864661654135,4.336808689942018e-19
42,472,20,loo_oracle,LOO oracle,0.9759398496240601,1.0,-0.0007114830525633553,,,-0.024060150375939893,4.336808689942018e-19
42,472,20,lime,LIME,0.932330827067669,0.956390977443609,-0.000687605906800004,,,-0.024060150375940004,4.336808689942018e-19
42,473,20,shapley_mc,Monte Carlo Shapley,0.8511278195488721,0.8511278195488721,-0.0010425061487063791,,,0.0,8.673617379884035e-19
42,473,20,loo_oracle,LOO oracle,0.9924812030075187,1.0,-0.0010425061487063791,,,-0.007518796992481258,8.673617379884035e-19
42,473,20,lime,LIME,0.8390977443609022,0.8466165413533834,-0.0010425061487063791,,,-0.007518796992481147,8.673617379884035e-19
42,474,20,shapley_mc,Monte Carlo Shapley,0.5067669172932331,0.5082706766917292,0.00041404862524613284,,,-0.0015037593984961184,0.0
42,474,20,loo_oracle,LOO oracle,0.9909774436090225,1.0,6.102279707781433e-05,,,-0.009022556390977488,0.0
42,474,20,lime,LIME,0.8406015037593983,0.8721804511278194,6.102279707781433e-05,,,-0.03157894736842104,0.0
42,475,20,shapley_mc,Monte Carlo Shapley,0.48872180451127817,0.4586466165413533,-0.0008353717197088772,,,0.030075187969924866,0.0
42,475,20,loo_oracle,LOO oracle,0.9654135338345864,1.0,-0.0008353717197088772,,,-0.03458646616541361,0.0
42,475,20,lime,LIME,0.8481203007518796,0.8511278195488721,-0.0008353717197088772,,,-0.003007518796992459,0.0
42,476,20,shapley_mc,Monte Carlo Shapley,0.7714285714285714,0.7233082706766917,-6.745259249352209e-05,,,0.048120300751879674,6.505213034913027e-19
42,476,20,loo_oracle,LOO oracle,0.9774436090225563,1.0,-0.00045840397400487287,,,-0.022556390977443663,6.505213034913027e-19
42,476,20,lime,LIME,0.9037593984962405,0.9353383458646616,-0.00045840397400487287,,,-0.03157894736842104,6.505213034913027e-19
42,477,20,shapley_mc,Monte Carlo Shapley,0.7203007518796991,0.7203007518796991,0.0030020178584413415,,,0.0,2.0816681711721685e-17
42,477,20,loo_oracle,LOO oracle,1.0,1.0,0.001165648558918042,,,0.0,2.0816681711721685e-17
42,477,20,lime,LIME,0.9639097744360902,0.9639097744360902,0.001165648558918042,,,0.0,2.0816681711721685e-17
42,478,20,shapley_mc,Monte Carlo Shapley,0.849624060150376,0.8406015037593983,0.0007959741885140703,,,0.009022556390977599,4.336808689942018e-19
42,478,20,loo_oracle,LOO oracle,0.9924812030075187,1.0,0.0007959741885140703,,,-0.007518796992481258,4.336808689942018e-19
42,478,20,lime,LIME,0.9383458646616539,0.9518796992481202,0.0007959741885140703,,,-0.013533834586466287,4.336808689942018e-19
42,479,20,shapley_mc,Monte Carlo Shapley,0.5112781954887218,0.47368421052631576,0.0015444538203268632,,,0.03759398496240601,5.204170427930421e-18
42,479,20,loo_oracle,LOO oracle,0.9924812030075187,1.0,0.0015444538203268632,,,-0.007518796992481258,5.204170427930421e-18
42,479,20,lime,LIME,0.9624060150375938,0.9699248120300751,0.0015444538203268632,,,-0.007518796992481258,5.204170427930421e-18
42,480,20,shapley_mc,Monte Carlo Shapley,0.6586466165413534,0.6571428571428571,3.391162078592025e-06,,,0.0015037593984962294,4.336808689942018e-19
42,480,20,loo_oracle,LOO oracle,0.9969924812030074,1.0,9.13803105271338e-05,,,-0.00300751879699257,4.336808689942018e-19
42,480,20,lime,LIME,0.8586466165413533,0.8586466165413533,-0.0005912734650940776,,,0.0,4.336808689942018e-19
42,481,20,shapley_mc,Monte Carlo Shapley,0.8481203007518796,0.8526315789473683,0.00241320248646143,,,-0.004511278195488688,0.0
42,481,20,loo_oracle,LOO oracle,0.9969924812030074,1.0,0.00241320248646143,,,-0.00300751879699257,0.0
42,481,20,lime,LIME,0.9744360902255638,0.9834586466165413,0.00241320248646143,,,-0.009022556390977488,0.0
42,482,9,shapley_mc,Monte Carlo Shapley,0.6666666666666667,0.6666666666666667,8.829446878000358e-05,,,0.0,8.673617379884035e-19
42,482,9,loo_oracle,LOO oracle,1.0,1.0,8.829446878000358e-05,,,0.0,8.673617379884035e-19
42,482,9,lime,LIME,0.8833333333333333,0.8833333333333333,8.829446878000358e-05,,,0.0,8.673617379884035e-19
42,483,20,shapley_mc,Monte Carlo Shapley,0.8646616541353382,0.8646616541353382,-0.004471730627180204,,,0.0,1.3877787807814457e-17
42,483,20,loo_oracle,LOO oracle,1.0,1.0,-0.004471730627180204,,,0.0,1.3877787807814457e-17
42,483,20,lime,LIME,0.9954887218045112,0.9954887218045112,-0.004471730627180204,,,0.0,1.3877787807814457e-17
42,484,20,shapley_mc,Monte Carlo Shapley,0.6481203007518795,0.6225563909774435,0.0006416298149700683,,,0.02556390977443601,1.734723475976807e-18
42,484,20,loo_oracle,LOO oracle,0.9969924812030074,1.0,4.9316829762724446e-05,,,-0.00300751879699257,1.734723475976807e-18
42,484,20,lime,LIME,0.9338345864661652,0.9443609022556391,4.9316829762724446e-05,,,-0.010526315789473828,1.734723475976807e-18
42,485,20,shapley_mc,Monte Carlo Shapley,0.7052631578947368,0.7052631578947368,0.0017473327170725028,,,0.0,0.0
42,485,20,loo_oracle,LOO oracle,1.0,1.0,0.0018111941332329407,,,0.0,0.0
42,485,20,lime,LIME,0.9789473684210527,0.9789473684210527,0.0018111941332329407,,,0.0,0.0
42,486,20,shapley_mc,Monte Carlo Shapley,0.5263157894736841,0.5067669172932331,0.0010930927354092512,,,0.019548872180450982,0.0
42,486,20,loo_oracle,LOO oracle,0.9954887218045112,1.0,0.0004939131580831146,,,-0.004511278195488799,0.0
42,486,20,lime,LIME,0.956390977443609,0.9654135338345864,0.0004939131580831146,,,-0.009022556390977376,0.0
42,487,11,shapley_mc,Monte Carlo Shapley,0.8545454545454546,0.8545454545454546,-0.002382803663404043,,,0.0,3.469446951953614e-18
42,487,11,loo_oracle,LOO oracle,1.0,1.0,4.9715393433680255e-05,,,0.0,3.469446951953614e-18
42,487,11,lime,LIME,0.9272727272727275,0.9272727272727275,4.9715393433680255e-05,,,0.0,3.469446951953614e-18
42,488,10,shapley_mc,Monte Carlo Shapley,0.6484848484848483,0.6969696969696969,-0.0054882462787949615,,,-0.048484848484848575,1.3877787807814457e-17
42,488,10,loo_oracle,LOO oracle,0.9878787878787878,0.9999999999999999,-0.0017267269083812709,,,-0.012121212121212088,1.3877787807814457e-17
42,488,10,lime,LIME,0.9030303030303028,0.9151515151515152,-0.0017267269083812709,,,-0.01212121212121231,1.3877787807814457e-17
42,489,20,shapley_mc,Monte Carlo Shapley,0.5789473684210527,0.5894736842105263,0.0011999870377551458,,,-0.010526315789473606,0.0
42,489,20,loo_oracle,LOO oracle,0.9834586466165413,1.0,0.0011999870377551458,,,-0.016541353383458746,0.0
42,489,20,lime,LIME,0.900751879699248,0.9022556390977443,0.0011999870377551458,,,-0.0015037593984963404,0.0
42,490,13,shapley_mc,Monte Carlo Shapley,0.9230769230769231,0.9560439560439561,-0.0051070177001870665,,,-0.03296703296703296,3.469446951953614e-18
42,490,13,loo_oracle,LOO oracle,0.9835164835164836,1.0,-0.0051070177001870665,,,-0.016483516483516425,3.469446951953614e-18
42,490,13,lime,LIME,0.9835164835164836,0.9835164835164836,-0.0051070177001870665,,,0.0,3.469446951953614e-18
42,491,20,shapley_mc,Monte Carlo Shapley,0.8556390977443609,0.8781954887218045,-0.0025199030497999875,,,-0.022556390977443663,0.0
42,491,20,loo_oracle,LOO oracle,0.993984962406015,1.0,-0.0025199030497999875,,,-0.006015037593985029,0.0
42,491,20,lime,LIME,0.9654135338345864,0.9774436090225563,-0.0025199030497999875,,,-0.012030075187969946,0.0
42,492,20,shapley_mc,Monte Carlo Shapley,0.9052631578947368,0.9052631578947368,0.00031515447172592026,,,0.0,1.734723475976807e-18
42,492,20,loo_oracle,LOO oracle,1.0,1.0,0.00028235230934520184,,,0.0,1.734723475976807e-18
42,492,20,lime,LIME,0.9578947368421054,0.9578947368421054,0.00028235230934520184,,,0.0,1.734723475976807e-18
42,493,20,shapley_mc,Monte Carlo Shapley,0.7699248120300751,0.7278195488721804,0.000663536360513528,,,0.04210526315789476,8.673617379884035e-19
42,493,20,loo_oracle,LOO oracle,0.9819548872180449,1.0,0.0006957711640588893,,,-0.018045112781955086,8.673617379884035e-19
42,493,20,lime,LIME,0.9353383458646616,0.9443609022556391,4.779511756752841e-05,,,-0.009022556390977488,8.673617379884035e-19
42,494,20,shapley_mc,Monte Carlo Shapley,0.7894736842105263,0.7894736842105263,0.0009625312911477613,,,0.0,1.734723475976807e-18
42,494,20,loo_oracle,LOO oracle,1.0,1.0,0.000180481838314428,,,0.0,1.734723475976807e-18
42,494,20,lime,LIME,0.9789473684210527,0.9789473684210527,0.00020269583779558564,,,0.0,1.734723475976807e-18
42,495,20,shapley_mc,Monte Carlo Shapley,0.7789473684210525,0.77593984962406,0.0028293542708818786,,,0.003007518796992459,1.0408340855860843e-17
42,495,20,loo_oracle,LOO oracle,0.9984962406015038,1.0,0.0028293542708818786,,,-0.0015037593984962294,1.0408340855860843e-17
42,495,20,lime,LIME,0.9413533834586465,0.9458646616541352,0.0028293542708818786,,,-0.004511278195488688,1.0408340855860843e-17
42,496,14,shapley_mc,Monte Carlo Shapley,0.6923076923076923,0.665934065934066,-0.0010551677819694572,,,0.02637362637362628,6.505213034913027e-19
42,496,14,loo_oracle,LOO oracle,0.9604395604395607,1.0,-0.0010551677819694572,,,-0.03956043956043931,6.505213034913027e-19
42,496,14,lime,LIME,0.7186813186813187,0.6,-0.0010551677819694572,,,0.1186813186813187,6.505213034913027e-19
42,497,20,shapley_mc,Monte Carlo Shapley,0.7894736842105263,0.7609022556390977,0.0003393835001858636,,,0.02857142857142858,1.734723475976807e-18
42,497,20,loo_oracle,LOO oracle,0.9954887218045112,1.0,0.0003393835001858636,,,-0.004511278195488799,1.734723475976807e-18
42,497,20,lime,LIME,0.9774436090225563,0.9834586466165413,0.0003393835001858636,,,-0.006015037593984918,1.734723475976807e-18
42,498,20,shapley_mc,Monte Carlo Shapley,0.5187969924812029,0.5172932330827067,0.0005393601423840377,,,0.0015037593984962294,0.0
42,498,20,loo_oracle,LOO oracle,0.9804511278195487,1.0,0.0005393601423840377,,,-0.019548872180451315,0.0
42,498,20,lime,LIME,0.8360902255639097,0.8721804511278194,5.8147592052304464e-05,,,-0.03609022556390973,0.0
42,499,20,shapley_mc,Monte Carlo Shapley,0.7157894736842104,0.7157894736842104,-0.000523568831453658,,,0.0,4.336808689942018e-19
42,499,20,loo_oracle,LOO oracle,1.0,1.0,0.0005735413229118747,,,0.0,4.336808689942018e-19
42,499,20,lime,LIME,0.9458646616541352,0.9458646616541352,-0.000523568831453658,,,0.0,4.336808689942018e-19
43,0,20,shapley_mc,Monte Carlo Shapley,0.6766917293233082,0.6766917293233082,0.0013032627204554448,1.2459847170187555e-05,0.00946996537666962,0.0,3.469446951953614e-18
43,0,20,loo_oracle,LOO oracle,1.0,1.0,0.00036065136033774925,0.0009550712072878831,0.7258910275328971,0.0,3.469446951953614e-18
43,0,20,lime,LIME,0.9669172932330825,0.9669172932330825,0.00036065136033774925,0.0009550712072878831,0.7258910275328971,0.0,3.469446951953614e-18
43,1,20,shapley_mc,Monte Carlo Shapley,0.8466165413533834,0.8481203007518796,0.000716820588632372,2.876833323339767e-06,0.003997281679188116,-0.0015037593984962294,8.673617379884035e-19
43,1,20,loo_oracle,LOO oracle,0.9984962406015038,1.0,0.000716820588632372,2.876833323339767e-06,0.003997281679188116,-0.0015037593984962294,8.673617379884035e-19
43,1,20,lime,LIME,0.9233082706766916,0.9293233082706768,0.00019951224767211784,0.0005201851742835939,0.7227831553811257,-0.00601503759398514,8.673617379884035e-19
43,2,20,shapley_mc,Monte Carlo Shapley,0.7112781954887217,0.7112781954887217,0.001328990401316732,0.00012932681834093573,0.08868222668495425,0.0,1.734723475976807e-18
43,2,20,loo_oracle,LOO oracle,1.0,1.0,0.0014583172196576677,0.0,0.0,0.0,1.734723475976807e-18
43,2,20,lime,LIME,0.9624060150375938,0.9624060150375938,0.0014583172196576677,0.0,0.0,0.0,1.734723475976807e-18
43,3,16,shapley_mc,Monte Carlo Shapley,0.823529411764706,0.8647058823529412,0.0007362255375118476,0.0,0.0,-0.04117647058823526,0.0
43,3,16,loo_oracle,LOO oracle,0.9735294117647059,1.0,1.897535196693223e-06,0.0007343280023151544,0.997422615628726,-0.026470588235294135,0.0
43,3,16,lime,LIME,0.8647058823529412,0.9205882352941176,-0.0006623928125625289,0.0013986183500743765,1.899714526205436,-0.05588235294117638,0.0
43,4,20,shapley_mc,Monte Carlo Shapley,0.7082706766917292,0.544360902255639,-1.856730339938606e-05,0.0005451377478214448,1.035260813744501,0.16390977443609012,8.673617379884035e-19
43,4,20,loo_oracle,LOO oracle,0.9082706766917292,1.0,-1.856730339938606e-05,0.0005451377478214448,1.035260813744501,-0.09172932330827077,8.673617379884035e-19
43,4,20,lime,LIME,0.8872180451127819,0.9338345864661652,-0.0006167672251769507,0.0011433376695990094,2.171291001116854,-0.046616541353383334,8.673617379884035e-19
43,5,20,shapley_mc,Monte Carlo Shapley,0.7533834586466165,0.7533834586466165,0.0021574113975950104,0.0,0.0,0.0,5.204170427930421e-18
43,5,20,loo_oracle,LOO oracle,1.0,1.0,0.0021574113975950104,0.0,0.0,0.0,5.204170427930421e-18
43,5,20,lime,LIME,0.9548872180451128,0.9548872180451128,0.0021574113975950104,0.0,0.0,0.0,5.204170427930421e-18
43,6,20,shapley_mc,Monte Carlo Shapley,0.8330827067669173,0.8165413533834586,0.000868941658862088,3.7062983695768104e-05,0.0409081608569055,0.016541353383458746,1.734723475976807e-18
43,6,20,loo_oracle,LOO oracle,0.9849624060150375,1.0,0.0009060046425578561,0.0,0.0,-0.015037593984962516,1.734723475976807e-18
43,6,20,lime,LIME,0.9413533834586465,0.9714285714285714,0.0009060046425578561,0.0,0.0,-0.03007518796992492,1.734723475976807e-18
43,7,20,shapley_mc,Monte Carlo Shapley,0.7924812030075187,0.7909774436090224,0.0006493271705061976,1.1817822762605346e-06,0.001816704088988979,0.0015037593984962294,0.0
43,7,20,loo_oracle,LOO oracle,0.9909774436090225,1.0,1.4397225498286037e-05,0.0006361117272841721,0.9778677504520549,-0.009022556390977488,0.0
43,7,20,lime,LIME,0.6872180451127818,0.7308270676691728,1.4397225498286037e-05,0.0006361117272841721,0.9778677504520549,-0.043609022556390986,0.0
43,8,20,shapley_mc,Monte Carlo Shapley,0.6556390977443608,0.6406015037593984,0.0011965515950614347,0.0,0.0,0.015037593984962405,0.0
43,8,20,loo_oracle,LOO oracle,0.9879699248120299,1.0,0.0006003436602609047,0.00059620793480053,0.4982718144065046,-0.012030075187970057,0.0
43,8,20,lime,LIME,0.9097744360902256,0.9067669172932331,0.0006003436602609047,0.00059620793480053,0.4982718144065046,0.003007518796992459,0.0
43,9,20,shapley_mc,Monte Carlo Shapley,0.9112781954887217,0.9142857142857143,0.0016647260163132338,0.0,0.0,-0.00300751879699257,1.734723475976807e-18
43,9,20,loo_oracle,LOO oracle,0.993984962406015,1.0,0.0016647260163132338,0.0,0.0,-0.006015037593985029,1.734723475976807e-18
43,9,20,lime,LIME,0.9578947368421054,0.9699248120300751,0.0016647260163132338,0.0,0.0,-0.012030075187969724,1.734723475976807e-18
43,10,20,shapley_mc,Monte Carlo Shapley,0.6812030075187969,0.7082706766917292,0.001098672201031825,0.0,0.0,-0.02706766917293224,0.0
43,10,20,loo_oracle,LOO oracle,0.9954887218045112,1.0,0.001098672201031825,0.0,0.0,-0.004511278195488799,0.0
43,10,20,lime,LIME,0.8406015037593983,0.8390977443609022,0.0004419826489278633,0.0006566895521039617,0.5977119935222859,0.0015037593984961184,0.0
43,11,12,shapley_mc,Monte Carlo Shapley,0.7832167832167832,0.7902097902097903,-0.0009578785103089293,0.0016602676327373,2.3637433686807556,-0.006993006993007089,0.0
43,11,12,loo_oracle,LOO oracle,0.9370629370629372,1.0,-0.0010339159034404855,0.0017363050258688562,2.4719987368168916,-0.0629370629370628,0.0
43,11,12,lime,LIME,0.7062937062937064,0.8251748251748254,-0.0009578785103089293,0.0016602676327373,2.3637433686807556,-0.11888111888111907,0.0
43,12,20,shapley_mc,Monte Carlo Shapley,0.8902255639097743,0.8977443609022555,0.0013800918240300941,0.0001296404442032162,0.0858698239715388,-0.007518796992481258,1.734723475976807e-18
43,12,20,loo_oracle,LOO oracle,0.9924812030075187,1.0,0.000516529157035317,0.0009932031111979933,0.6578670479782307,-0.007518796992481258,1.734723475976807e-18
43,12,20,lime,LIME,0.9593984962406013,0.9699248120300751,0.000516529157035317,0.0009932031111979933,0.6578670479782307,-0.010526315789473828,1.734723475976807e-18
43,13,11,shapley_mc,Monte Carlo Shapley,0.8272727272727273,0.7727272727272727,-0.0004169541838205948,0.001178116177746713,1.5477863918587609,0.054545454545454564,8.673617379884035e-19
43,13,11,loo_oracle,LOO oracle,0.9818181818181818,1.0,-0.001240047139923206,0.0020012091338493243,2.6291500983881497,-0.018181818181818188,8.673617379884035e-19
43,13,11,lime,LIME,0.9636363636363637,0.9636363636363637,-0.001240047139923206,0.0020012091338493243,2.6291500983881497,0.0,8.673617379884035e-19
43,14,20,shapley_mc,Monte Carlo Shapley,0.7127819548872181,0.7218045112781954,-0.0002705636151670854,0.0006115064846393681,1.7935746355167768,-0.009022556390977376,3.2526065174565133e-19
43,14,20,loo_oracle,LOO oracle,0.9909774436090225,1.0,-0.0004638936722364817,0.0008048365417087644,2.360619949594149,-0.009022556390977488,3.2526065174565133e-19
43,14,20,lime,LIME,0.9263157894736842,0.9248120300751879,-0.0004157456672296833,0.000756688536701966,2.2193997946159776,0.0015037593984963404,3.2526065174565133e-19
43,15,11,shapley_mc,Monte Carlo Shapley,0.4909090909090909,0.4909090909090909,-0.0003145798993773874,0.0010383104304622082,1.4346644012256744,0.0,1.734723475976807e-18
43,15,11,loo_oracle,LOO oracle,1.0,1.0,-9.143153820284633e-05,0.0008151620692876671,1.126333674136233,0.0,1.734723475976807e-18
43,15,11,lime,LIME,0.9454545454545454,0.9454545454545454,-0.0009951403577079243,0.001718870888792745,2.3750150264370697,0.0,1.734723475976807e-18
43,16,20,shapley_mc,Monte Carlo Shapley,0.7593984962406014,0.7007518796992479,-0.00012864414097552013,0.000660801332860117,1.2417408647211836,0.0586466165413535,0.0
43,16,20,loo_oracle,LOO oracle,0.9669172932330825,1.0,-0.000493383243413914,0.001025540435298511,1.927138163330076,-0.03308270676691749,0.0
43,16,20,lime,LIME,0.806015037593985,0.863157894736842,-0.000493383243413914,0.001025540435298511,1.927138163330076,-0.05714285714285705,0.0
43,17,20,shapley_mc,Monte Carlo Shapley,0.6285714285714286,0.5624060150375939,0.0006217476951950185,0.0,0.0,0.06616541353383465,8.673617379884035e-19
43,17,20,loo_oracle,LOO oracle,0.9578947368421054,1.0,2.175060993153677e-05,0.0005999970852634817,0.9650169818647556,-0.042105263157894646,8.673617379884035e-19
43,17,20,lime,LIME,0.7578947368421052,0.8571428571428572,2.175060993153677e-05,0.0005999970852634817,0.9650169818647556,-0.09924812030075203,8.673617379884035e-19
43,18,20,shapley_mc,Monte Carlo Shapley,0.819548872180451,0.8075187969924811,0.0026154640737249824,0.0,0.0,0.012030075187969946,0.0
43,18,20,loo_oracle,LOO oracle,0.993984962406015,1.0,0.0026154640737249824,0.0,0.0,-0.006015037593985029,0.0
43,18,20,lime,LIME,0.9593984962406013,0.9609022556390976,0.0026154640737249824,0.0,0.0,-0.0015037593984963404,0.0
43,19,17,shapley_mc,Monte Carlo Shapley,0.49754901960784315,0.5049019607843138,0.002268645084275156,0.00015428278140644514,0.06367617605461284,-0.007352941176470673,6.938893903907228e-18
43,19,17,loo_oracle,LOO oracle,0.9975490196078433,1.0,0.0007377757232439608,0.0016851521424376403,0.6955023984042887,-0.002450980392156743,6.938893903907228e-18
43,19,17,lime,LIME,0.9877450980392157,0.9926470588235295,0.0007377757232439608,0.0016851521424376403,0.6955023984042887,-0.004901960784313819,6.938893903907228e-18
43,20,4,shapley_mc,Monte Carlo Shapley,-0.39999999999999997,-0.7999999999999999,0.0014666466342108664,,,0.39999999999999997,1.734723475976807e-18
43,20,4,loo_oracle,LOO oracle,0.7999999999999999,1.0,-0.0021036582788534486,,,-0.20000000000000007,1.734723475976807e-18
43,20,4,lime,LIME,0.0,-0.6000000000000001,0.0014666466342108664,,,0.6000000000000001,1.734723475976807e-18
43,21,20,shapley_mc,Monte Carlo Shapley,0.9112781954887217,0.9067669172932331,-0.0006098104869674548,,,0.004511278195488577,9.75781955236954e-19
43,21,20,loo_oracle,LOO oracle,0.9894736842105262,1.0,-0.0006098104869674548,,,-0.010526315789473828,9.75781955236954e-19
43,21,20,lime,LIME,0.9127819548872179,0.9338345864661652,-0.0006098104869674548,,,-0.021052631578947323,9.75781955236954e-19
43,22,20,shapley_mc,Monte Carlo Shapley,0.831578947368421,0.8556390977443609,0.0011740271939804647,,,-0.024060150375939893,8.673617379884035e-19
43,22,20,loo_oracle,LOO oracle,0.9684210526315788,1.0,0.0011740271939804647,,,-0.03157894736842115,8.673617379884035e-19
43,22,20,lime,LIME,0.9067669172932331,0.9037593984962405,0.0011740271939804647,,,0.00300751879699257,8.673617379884035e-19
43,23,20,shapley_mc,Monte Carlo Shapley,0.9082706766917292,0.8812030075187969,7.571832556119151e-05,,,0.02706766917293235,1.734723475976807e-18
43,23,20,loo_oracle,LOO oracle,0.9924812030075187,1.0,7.571832556119151e-05,,,-0.007518796992481258,1.734723475976807e-18
43,23,20,lime,LIME,0.9609022556390976,0.9789473684210527,7.571832556119151e-05,,,-0.018045112781955086,1.734723475976807e-18
43,24,20,shapley_mc,Monte Carlo Shapley,0.5593984962406015,0.5007518796992482,0.0006192866907644978,,,0.05864661654135328,8.673617379884035e-19
43,24,20,loo_oracle,LOO oracle,0.9729323308270676,1.0,5.7498519925314184e-06,,,-0.02706766917293235,8.673617379884035e-19
43,24,20,lime,LIME,0.9218045112781955,0.9609022556390976,5.7498519925314184e-06,,,-0.039097744360902076,8.673617379884035e-19
43,25,20,shapley_mc,Monte Carlo Shapley,0.6436090225563909,0.5969924812030075,-5.627004292635407e-05,,,0.046616541353383334,0.0
43,25,20,loo_oracle,LOO oracle,0.9458646616541352,1.0,-5.627004292635407e-05,,,-0.054135338345864814,0.0
43,25,20,lime,LIME,0.8706766917293233,0.9052631578947368,-0.0006390494322906504,,,-0.0345864661654135,0.0
43,26,20,shapley_mc,Monte Carlo Shapley,0.8511278195488721,0.8436090225563909,0.000997269165052772,,,0.007518796992481147,8.673617379884035e-19
43,26,20,loo_oracle,LOO oracle,0.9969924812030074,1.0,0.0002178736147977478,,,-0.00300751879699257,8.673617379884035e-19
43,26,20,lime,LIME,0.9127819548872179,0.918796992481203,0.0002178736147977478,,,-0.006015037593985029,8.673617379884035e-19
43,27,20,shapley_mc,Monte Carlo Shapley,0.7819548872180451,0.7729323308270677,0.002394526912792072,,,0.009022556390977376,0.0
43,27,20,loo_oracle,LOO oracle,0.9984962406015038,1.0,0.0014253798461565936,,,-0.0015037593984962294,0.0
43,27,20,lime,LIME,0.918796992481203,0.9263157894736842,0.0014253798461565936,,,-0.007518796992481258,0.0
43,28,20,shapley_mc,Monte Carlo Shapley,0.5789473684210527,0.6,0.0012698482902698816,,,-0.021052631578947323,8.673617379884035e-19
43,28,20,loo_oracle,LOO oracle,0.9804511278195487,1.0,0.0004266886669578307,,,-0.019548872180451315,8.673617379884035e-19
43,28,20,lime,LIME,0.806015037593985,0.8781954887218045,0.0004266886669578307,,,-0.07218045112781957,8.673617379884035e-19
43,29,20,shapley_mc,Monte Carlo Shapley,0.7624060150375939,0.7518796992481201,0.0008286483400475886,,,0.010526315789473717,3.469446951953614e-18
43,29,20,loo_oracle,LOO oracle,0.9969924812030074,1.0,-0.00016117505122481557,,,-0.00300751879699257,3.469446951953614e-18
43,29,20,lime,LIME,0.9639097744360902,0.9669172932330825,-0.00016117505122481557,,,-0.003007518796992348,3.469446951953614e-18
43,30,20,shapley_mc,Monte Carlo Shapley,0.8045112781954886,0.6857142857142857,-0.00021408744005674274,,,0.1187969924812029,8.673617379884035e-19
43,30,20,loo_oracle,LOO oracle,0.9548872180451128,1.0,-0.0008244075205424695,,,-0.045112781954887216,8.673617379884035e-19
43,30,20,lime,LIME,0.9413533834586465,0.9473684210526315,-0.0008244075205424695,,,-0.006015037593985029,8.673617379884035e-19
43,31,20,shapley_mc,Monte Carlo Shapley,0.825563909774436,0.8285714285714285,0.00011019173976756225,,,-0.003007518796992459,0.0
43,31,20,loo_oracle,LOO oracle,0.9984962406015038,1.0,0.00011019173976756225,,,-0.0015037593984962294,0.0
43,31,20,lime,LIME,0.9639097744360902,0.9654135338345864,0.00011019173976756225,,,-0.0015037593984962294,0.0
43,32,20,shapley_mc,Monte Carlo Shapley,0.613533834586466,0.5684210526315789,0.0005266617334830359,,,0.045112781954887105,8.673617379884035e-19
43,32,20,loo_oracle,LOO oracle,0.9789473684210527,1.0,0.00010737275722622064,,,-0.021052631578947323,8.673617379884035e-19
43,32,20,lime,LIME,0.9172932330827066,0.9398496240601503,0.00010737275722622064,,,-0.022556390977443663,8.673617379884035e-19
43,33,20,shapley_mc,Monte Carlo Shapley,0.37293233082706767,0.33533834586466166,0.0005442299436715925,,,0.03759398496240601,0.0
43,33,20,loo_oracle,LOO oracle,0.9037593984962405,1.0,0.0001579528157070187,,,-0.09624060150375946,0.0
43,33,20,lime,LIME,0.675187969924812,0.7428571428571428,0.0001579528157070187,,,-0.06766917293233077,0.0
43,34,20,shapley_mc,Monte Carlo Shapley,0.7293233082706766,0.7308270676691728,0.0006854451735221478,,,-0.0015037593984962294,0.0
43,34,20,loo_oracle,LOO oracle,0.9819548872180449,1.0,0.00011407812026231756,,,-0.018045112781955086,0.0
43,34,20,lime,LIME,0.863157894736842,0.8962406015037594,0.00011407812026231756,,,-0.03308270676691738,0.0
43,35,20,shapley_mc,Monte Carlo Shapley,0.6541353383458646,0.7518796992481201,0.0006519921883013646,,,-0.09774436090225558,0.0
43,35,20,loo_oracle,LOO oracle,0.9037593984962405,1.0,0.0005091415546026878,,,-0.09624060150375946,0.0
43,35,20,lime,LIME,0.8180451127819548,0.9488721804511278,0.0005091415546026878,,,-0.13082706766917296,0.0
43,36,20,shapley_mc,Monte Carlo Shapley,0.831578947368421,0.8180451127819548,0.001239854706804322,,,0.013533834586466176,2.168404344971009e-18
43,36,20,loo_oracle,LOO oracle,0.993984962406015,1.0,0.0006737198309800241,,,-0.006015037593985029,2.168404344971009e-18
43,36,20,lime,LIME,0.9684210526315788,0.9759398496240601,0.0006737198309800241,,,-0.007518796992481258,2.168404344971009e-18
43,37,20,shapley_mc,Monte Carlo Shapley,0.7819548872180451,0.7022556390977444,-0.00013685734315899145,,,0.07969924812030071,8.673617379884035e-19
43,37,20,loo_oracle,LOO oracle,0.9804511278195487,1.0,-0.00013685734315899145,,,-0.019548872180451315,8.673617379884035e-19
43,37,20,lime,LIME,0.8150375939849623,0.8601503759398496,-0.0005359410959053235,,,-0.045112781954887216,8.673617379884035e-19
43,38,20,shapley_mc,Monte Carlo Shapley,0.5428571428571428,0.5503759398496241,0.0015364100328117969,,,-0.007518796992481258,0.0
43,38,20,loo_oracle,LOO oracle,0.9924812030075187,1.0,0.0006505531780867102,,,-0.007518796992481258,0.0
43,38,20,lime,LIME,0.9263157894736842,0.9503759398496241,0.0006921279975194428,,,-0.024060150375939893,0.0
43,39,20,shapley_mc,Monte Carlo Shapley,0.8721804511278194,0.8436090225563909,0.0003215463595610535,,,0.02857142857142847,1.734723475976807e-18
43,39,20,loo_oracle,LOO oracle,0.9894736842105262,1.0,0.00023203394506143837,,,-0.010526315789473828,1.734723475976807e-18
43,39,20,lime,LIME,0.8345864661654135,0.8511278195488721,0.00023203394506143837,,,-0.016541353383458524,1.734723475976807e-18
43,40,12,shapley_mc,Monte Carlo Shapley,0.8881118881118882,0.8881118881118882,-0.0003135199023435731,,,0.0,3.469446951953614e-18
43,40,12,loo_oracle,LOO oracle,1.0,1.0,-0.0003135199023435731,,,0.0,3.469446951953614e-18
43,40,12,lime,LIME,0.9580419580419581,0.9580419580419581,-0.0003135199023435731,,,0.0,3.469446951953614e-18
43,41,20,shapley_mc,Monte Carlo Shapley,0.6766917293233082,0.6766917293233082,0.00293475759074302,,,0.0,0.0
43,41,20,loo_oracle,LOO oracle,1.0,1.0,0.0029750436661429847,,,0.0,0.0
43,41,20,lime,LIME,0.9248120300751879,0.9248120300751879,0.00293475759074302,,,0.0,0.0
43,42,18,shapley_mc,Monte Carlo Shapley,0.7564499484004128,0.7564499484004128,-0.008147314965172403,,,0.0,2.0816681711721685e-17
43,42,18,loo_oracle,LOO oracle,1.0,1.0,-0.008147314965172403,,,0.0,2.0816681711721685e-17
43,42,18,lime,LIME,0.9834881320949431,0.9834881320949431,-0.008147314965172403,,,0.0,2.0816681711721685e-17
43,43,20,shapley_mc,Monte Carlo Shapley,0.5789473684210527,0.5849624060150376,0.00043868886496817305,,,-0.006015037593984918,4.336808689942018e-19
43,43,20,loo_oracle,LOO oracle,0.9669172932330825,1.0,6.986228180488885e-05,,,-0.03308270676691749,4.336808689942018e-19
43,43,20,lime,LIME,0.819548872180451,0.8962406015037594,-0.00032792348136923,,,-0.07669172932330837,4.336808689942018e-19
43,44,20,shapley_mc,Monte Carlo Shapley,0.42105263157894735,0.34586466165413526,0.000444979843626514,,,0.07518796992481208,0.0
43,44,20,loo_oracle,LOO oracle,0.9518796992481202,1.0,5.4650595967986604e-05,,,-0.048120300751879785,0.0
43,44,20,lime,LIME,0.7984962406015037,0.882706766917293,5.4650595967986604e-05,,,-0.08421052631578929,0.0
43,45,20,shapley_mc,Monte Carlo Shapley,0.7984962406015037,0.7383458646616541,-0.00016882989759564593,,,0.06015037593984962,8.673617379884035e-19
43,45,20,loo_oracle,LOO oracle,0.9699248120300751,1.0,-0.000610895500574693,,,-0.03007518796992492,8.673617379884035e-19
43,45,20,lime,LIME,0.8586466165413533,0.918796992481203,-0.000610895500574693,,,-0.06015037593984962,8.673617379884035e-19
43,46,15,shapley_mc,Monte Carlo Shapley,0.8035714285714284,0.8035714285714284,-0.00031873449583874613,,,0.0,4.336808689942018e-19
43,46,15,loo_oracle,LOO oracle,1.0,1.0,-0.0009204464805397938,,,0.0,4.336808689942018e-19
43,46,15,lime,LIME,0.9214285714285713,0.9214285714285713,-0.0009204464805397938,,,0.0,4.336808689942018e-19
43,47,20,shapley_mc,Monte Carlo Shapley,0.7578947368421052,0.7669172932330827,0.0009258981188907667,,,-0.009022556390977488,0.0
43,47,20,loo_oracle,LOO oracle,0.993984962406015,1.0,0.0009258981188907667,,,-0.006015037593985029,0.0
43,47,20,lime,LIME,0.9609022556390976,0.9609022556390976,0.0009258981188907667,,,0.0,0.0
43,48,20,shapley_mc,Monte Carlo Shapley,0.9548872180451128,0.9488721804511278,-0.0006652810922350705,,,0.006015037593985029,3.469446951953614e-18
43,48,20,loo_oracle,LOO oracle,0.993984962406015,1.0,-0.0006652810922350705,,,-0.006015037593985029,3.469446951953614e-18
43,48,20,lime,LIME,0.9413533834586465,0.9503759398496241,-0.0006652810922350705,,,-0.009022556390977599,3.469446951953614e-18
43,49,11,shapley_mc,Monte Carlo Shapley,0.790909090909091,0.790909090909091,0.007630207954013313,,,0.0,1.734723475976807e-17
43,49,11,loo_oracle,LOO oracle,1.0,1.0,0.004385942028502732,,,0.0,1.734723475976807e-17
43,49,11,lime,LIME,0.9545454545454546,0.9545454545454546,0.004385942028502732,,,0.0,1.734723475976807e-17
43,50,20,shapley_mc,Monte Carlo Shapley,0.8736842105263156,0.882706766917293,0.0012640069538831233,,,-0.009022556390977376,0.0
43,50,20,loo_oracle,LOO oracle,0.9969924812030074,1.0,0.0013029305921256618,,,-0.00300751879699257,0.0
43,50,20,lime,LIME,0.9744360902255638,0.9699248120300751,0.0013029305921256618,,,0.004511278195488688,0.0
43,51,20,shapley_mc,Monte Carlo Shapley,0.8451127819548873,0.8526315789473683,-0.0017237093241667667,,,-0.007518796992481036,3.469446951953614e-18
43,51,20,loo_oracle,LOO oracle,0.9924812030075187,1.0,-0.0017237093241667667,,,-0.007518796992481258,3.469446951953614e-18
43,51,20,lime,LIME,0.9428571428571428,0.9413533834586465,-0.0017237093241667667,,,0.0015037593984963404,3.469446951953614e-18
43,52,20,shapley_mc,Monte Carlo Shapley,0.8120300751879698,0.7849624060150376,-0.00011720037952728246,,,0.02706766917293213,1.3010426069826053e-18
43,52,20,loo_oracle,LOO oracle,0.9864661654135337,1.0,-0.0007871587920659784,,,-0.013533834586466287,1.3010426069826053e-18
43,52,20,lime,LIME,0.9022556390977443,0.9338345864661652,-0.0007871587920659784,,,-0.03157894736842093,1.3010426069826053e-18
43,53,20,shapley_mc,Monte Carlo Shapley,0.593984962406015,0.593984962406015,-0.0006566729087491008,,,0.0,0.0
43,53,20,loo_oracle,LOO oracle,1.0,1.0,-0.0006566729087491008,,,0.0,0.0
43,53,20,lime,LIME,0.7654135338345864,0.7654135338345864,-0.0006566729087491008,,,0.0,0.0
43,54,16,shapley_mc,Monte Carlo Shapley,0.961764705882353,0.9647058823529412,-1.7409074399843405e-05,,,-0.002941176470588225,1.734723475976807e-18
43,54,16,loo_oracle,LOO oracle,0.9970588235294118,1.0,-1.7409074399843405e-05,,,-0.002941176470588225,1.734723475976807e-18
43,54,16,lime,LIME,0.9470588235294116,0.9558823529411766,-0.001309611784886533,,,-0.008823529411765008,1.734723475976807e-18
43,55,20,shapley_mc,Monte Carlo Shapley,0.5834586466165413,0.5924812030075187,0.0011148441499489459,,,-0.009022556390977376,0.0
43,55,20,loo_oracle,LOO oracle,0.9954887218045112,1.0,0.00037819792377741246,,,-0.004511278195488799,0.0
43,55,20,lime,LIME,0.8706766917293233,0.8721804511278194,0.00037819792377741246,,,-0.0015037593984961184,0.0
43,56,20,shapley_mc,Monte Carlo Shapley,0.6781954887218045,0.6631578947368421,0.0002395778682866001,,,0.015037593984962405,0.0
43,56,20,loo_oracle,LOO oracle,0.9488721804511278,1.0,-0.0005566590284445949,,,-0.051127819548872244,0.0
43,56,20,lime,LIME,0.7428571428571428,0.863157894736842,-0.0005566590284445949,,,-0.12030075187969924,0.0
43,57,20,shapley_mc,Monte Carlo Shapley,0.8180451127819548,0.7954887218045112,2.8881268639036062e-05,,,0.022556390977443552,1.0842021724855044e-19
43,57,20,loo_oracle,LOO oracle,0.9413533834586465,1.0,-0.0005513093043517658,,,-0.0586466165413535,1.0842021724855044e-19
43,57,20,lime,LIME,0.8721804511278194,0.9654135338345864,-0.0005058657370523578,,,-0.093233082706767,1.0842021724855044e-19
43,58,20,shapley_mc,Monte Carlo Shapley,0.7684210526315788,0.7639097744360903,0.0001014347592990239,,,0.004511278195488466,4.336808689942018e-19
43,58,20,loo_oracle,LOO oracle,0.9729323308270676,1.0,0.0001014347592990239,,,-0.02706766917293235,4.336808689942018e-19
43,58,20,lime,LIME,0.7849624060150376,0.8421052631578947,0.0001014347592990239,,,-0.05714285714285705,4.336808689942018e-19
43,59,20,shapley_mc,Monte Carlo Shapley,0.6541353383458646,0.6090225563909774,0.000625860428047964,,,0.045112781954887216,0.0
43,59,20,loo_oracle,LOO oracle,0.9849624060150375,1.0,-1.6240240802878336e-05,,,-0.015037593984962516,0.0
43,59,20,lime,LIME,0.831578947368421,0.8541353383458646,-0.0006678324515109746,,,-0.022556390977443663,0.0
43,60,7,shapley_mc,Monte Carlo Shapley,0.3214285714285715,0.1785714285714286,0.002094492905358347,,,0.1428571428571429,5.204170427930421e-18
43,60,7,loo_oracle,LOO oracle,0.9642857142857145,1.0,0.0008454968591204426,,,-0.035714285714285476,5.204170427930421e-18
43,60,7,lime,LIME,0.8571428571428573,0.8928571428571429,0.0008554004456137188,,,-0.03571428571428559,5.204170427930421e-18
43,61,20,shapley_mc,Monte Carlo Shapley,0.6511278195488721,0.6120300751879698,5.0774524163077484e-05,,,0.0390977443609023,4.336808689942018e-19
43,61,20,loo_oracle,LOO oracle,0.9804511278195487,1.0,5.0774524163077484e-05,,,-0.019548872180451315,4.336808689942018e-19
43,61,20,lime,LIME,0.9548872180451128,0.9413533834586465,5.0774524163077484e-05,,,0.013533834586466287,4.336808689942018e-19
43,62,20,shapley_mc,Monte Carlo Shapley,0.9172932330827066,0.8917293233082706,3.717170294309513e-05,,,0.02556390977443601,4.336808689942018e-19
43,62,20,loo_oracle,LOO oracle,0.9789473684210527,1.0,3.717170294309513e-05,,,-0.021052631578947323,4.336808689942018e-19
43,62,20,lime,LIME,0.9609022556390976,0.9849624060150375,3.717170294309513e-05,,,-0.024060150375939893,4.336808689942018e-19
43,63,20,shapley_mc,Monte Carlo Shapley,0.9398496240601503,0.9398496240601503,-0.0068096829992095875,,,0.0,2.0816681711721685e-17
43,63,20,loo_oracle,LOO oracle,1.0,1.0,-0.0068096829992095875,,,0.0,2.0816681711721685e-17
43,63,20,lime,LIME,0.9834586466165413,0.9834586466165413,-0.0068096829992095875,,,0.0,2.0816681711721685e-17
43,64,20,shapley_mc,Monte Carlo Shapley,0.6225563909774435,0.5172932330827067,-2.6948912604018993e-05,,,0.10526315789473684,2.168404344971009e-19
43,64,20,loo_oracle,LOO oracle,0.9368421052631578,1.0,-0.0003076210891322928,,,-0.06315789473684219,2.168404344971009e-19
43,64,20,lime,LIME,0.706766917293233,0.806015037593985,-0.0003076210891322928,,,-0.09924812030075192,2.168404344971009e-19
43,65,14,shapley_mc,Monte Carlo Shapley,0.9164835164835166,0.9032967032967033,0.001656024188770422,,,0.013186813186813251,4.336808689942018e-18
43,65,14,loo_oracle,LOO oracle,0.9956043956043955,1.0,0.001656024188770422,,,-0.004395604395604491,4.336808689942018e-18
43,65,14,lime,LIME,0.9340659340659341,0.9428571428571428,0.001656024188770422,,,-0.00879120879120876,4.336808689942018e-18
43,66,20,shapley_mc,Monte Carlo Shapley,0.5233082706766917,0.5639097744360902,0.0004116755664781979,,,-0.04060150375939853,8.673617379884035e-19
43,66,20,loo_oracle,LOO oracle,0.9639097744360902,1.0,8.585161188845447e-06,,,-0.03609022556390984,8.673617379884035e-19
43,66,20,lime,LIME,0.7849624060150376,0.8466165413533834,0.00010890945701408361,,,-0.06165413533834574,8.673617379884035e-19
43,67,20,shapley_mc,Monte Carlo Shapley,0.8406015037593983,0.8285714285714285,0.0005774122580685659,,,0.012030075187969835,1.734723475976807e-18
43,67,20,loo_oracle,LOO oracle,0.9834586466165413,1.0,-3.517175342887535e-05,,,-0.016541353383458746,1.734723475976807e-18
43,67,20,lime,LIME,0.9443609022556391,0.9593984962406013,-0.000713714310241087,,,-0.015037593984962183,1.734723475976807e-18
43,68,20,shapley_mc,Monte Carlo Shapley,0.5112781954887218,0.45112781954887216,-0.00014314837595130747,,,0.06015037593984962,0.0
43,68,20,loo_oracle,LOO oracle,0.9293233082706768,1.0,-0.000559394571939098,,,-0.07067669172932323,0.0
43,68,20,lime,LIME,0.7458646616541353,0.806015037593985,-1.617431701794736e-06,,,-0.06015037593984962,0.0
43,69,20,shapley_mc,Monte Carlo Shapley,0.9233082706766916,0.9308270676691727,-0.0019748366263406814,,,-0.007518796992481036,1.734723475976807e-18
43,69,20,loo_oracle,LOO oracle,0.9984962406015038,1.0,-0.0019748366263406814,,,-0.0015037593984962294,1.734723475976807e-18
43,69,20,lime,LIME,0.9924812030075187,0.993984962406015,-0.0019748366263406814,,,-0.0015037593984962294,1.734723475976807e-18
43,70,17,shapley_mc,Monte Carlo Shapley,0.8014705882352942,0.8210784313725491,-0.001117201636549714,,,-0.019607843137254943,1.734723475976807e-18
43,70,17,loo_oracle,LOO oracle,0.9926470588235295,1.0,-0.00029781811596230057,,,-0.007352941176470451,1.734723475976807e-18
43,70,17,lime,LIME,0.9607843137254902,0.9730392156862747,-0.001117201636549714,,,-0.012254901960784492,1.734723475976807e-18
43,71,20,shapley_mc,Monte Carlo Shapley,0.8210526315789473,0.7984962406015037,0.0014148198735062234,,,0.022556390977443552,0.0
43,71,20,loo_oracle,LOO oracle,0.9909774436090225,1.0,0.0014148198735062234,,,-0.009022556390977488,0.0
43,71,20,lime,LIME,0.9759398496240601,0.9924812030075187,0.0014148198735062234,,,-0.016541353383458635,0.0
43,72,20,shapley_mc,Monte Carlo Shapley,0.6676691729323309,0.6120300751879698,0.0005400174800914703,,,0.055639097744361043,8.673617379884035e-19
43,72,20,loo_oracle,LOO oracle,0.9518796992481202,1.0,9.054610891806592e-05,,,-0.048120300751879785,8.673617379884035e-19
43,72,20,lime,LIME,0.8270676691729323,0.8992481203007519,9.525421518802313e-05,,,-0.07218045112781957,8.673617379884035e-19
43,73,20,shapley_mc,Monte Carlo Shapley,0.8451127819548873,0.8421052631578947,0.001966465216649116,,,0.00300751879699257,6.938893903907228e-18
43,73,20,loo_oracle,LOO oracle,0.9984962406015038,1.0,0.001966465216649116,,,-0.0015037593984962294,6.938893903907228e-18
43,73,20,lime,LIME,0.9669172932330825,0.9699248120300751,0.001966465216649116,,,-0.00300751879699257,6.938893903907228e-18
43,74,20,shapley_mc,Monte Carlo Shapley,0.8030075187969924,0.7984962406015037,0.0015281430370821525,,,0.004511278195488688,3.469446951953614e-18
43,74,20,loo_oracle,LOO oracle,0.9909774436090225,1.0,0.0015281430370821525,,,-0.009022556390977488,3.469446951953614e-18
43,74,20,lime,LIME,0.9548872180451128,0.9654135338345864,0.0015281430370821525,,,-0.010526315789473606,3.469446951953614e-18
43,75,20,shapley_mc,Monte Carlo Shapley,0.675187969924812,0.724812030075188,-0.0005966359668297949,,,-0.049624060150376015,2.168404344971009e-19
43,75,20,loo_oracle,LOO oracle,0.9879699248120299,1.0,-0.0005966359668297949,,,-0.012030075187970057,2.168404344971009e-19
43,75,20,lime,LIME,0.8586466165413533,0.900751879699248,-0.0005966359668297949,,,-0.042105263157894646,2.168404344971009e-19
43,76,10,shapley_mc,Monte Carlo Shapley,0.9151515151515152,0.9393939393939393,-0.007841021482421606,,,-0.024242424242424176,3.469446951953614e-17
43,76,10,loo_oracle,LOO oracle,0.9878787878787878,0.9999999999999999,-0.007841021482421606,,,-0.012121212121212088,3.469446951953614e-17
43,76,10,lime,LIME,0.9757575757575757,0.9878787878787878,-0.007841021482421606,,,-0.012121212121212088,3.469446951953614e-17
43,77,20,shapley_mc,Monte Carlo Shapley,0.6360902255639098,0.6150375939849623,-2.1142098256543562e-06,,,0.021052631578947545,0.0
43,77,20,loo_oracle,LOO oracle,0.9263157894736842,1.0,-0.0005590199460265843,,,-0.0736842105263158,0.0
43,77,20,lime,LIME,0.8345864661654135,0.8992481203007519,-0.0004849005520629057,,,-0.06466165413533831,0.0
43,78,14,shapley_mc,Monte Carlo Shapley,0.7890109890109891,0.7758241758241758,0.0014365402533324523,,,0.013186813186813251,1.734723475976807e-18
43,78,14,loo_oracle,LOO oracle,0.9824175824175824,1.0,0.00038184604490165697,,,-0.01758241758241763,1.734723475976807e-18
43,78,14,lime,LIME,0.8505494505494505,0.8857142857142857,0.00041560981881499925,,,-0.03516483516483515,1.734723475976807e-18
43,79,20,shapley_mc,Monte Carlo Shapley,0.5458646616541353,0.4766917293233082,0.0003097647783089075,,,0.06917293233082705,0.0
43,79,20,loo_oracle,LOO oracle,0.9894736842105262,1.0,1.4653456824775812e-05,,,-0.010526315789473828,0.0
43,79,20,lime,LIME,0.7157894736842104,0.7368421052631579,-0.0004329751647233482,,,-0.021052631578947434,0.0
43,80,20,shapley_mc,Monte Carlo Shapley,0.801503759398496,0.8406015037593983,-0.0029065325389566743,,,-0.0390977443609023,5.204170427930421e-18
43,80,20,loo_oracle,LOO oracle,0.9894736842105262,1.0,-0.0029065325389566743,,,-0.010526315789473828,5.204170427930421e-18
43,80,20,lime,LIME,0.9593984962406013,0.9503759398496241,-0.0029065325389566743,,,0.009022556390977154,5.204170427930421e-18
43,81,20,shapley_mc,Monte Carlo Shapley,0.8210526315789473,0.7729323308270677,-2.5847760539876585e-05,,,0.04812030075187956,4.336808689942018e-19
43,81,20,loo_oracle,LOO oracle,0.9894736842105262,1.0,-2.561047134030936e-05,,,-0.010526315789473828,4.336808689942018e-19
43,81,20,lime,LIME,0.9443609022556391,0.9443609022556391,-2.561047134030936e-05,,,0.0,4.336808689942018e-19
43,82,20,shapley_mc,Monte Carlo Shapley,0.5984962406015037,0.5503759398496241,0.0002948272403258123,,,0.048120300751879674,1.734723475976807e-18
43,82,20,loo_oracle,LOO oracle,0.9834586466165413,1.0,8.368572033662369e-05,,,-0.016541353383458746,1.734723475976807e-18
43,82,20,lime,LIME,0.9624060150375938,0.9894736842105262,8.368572033662369e-05,,,-0.02706766917293235,1.734723475976807e-18
43,83,20,shapley_mc,Monte Carlo Shapley,0.7037593984962407,0.7233082706766917,-0.004946318635983937,,,-0.019548872180450982,1.3877787807814457e-17
43,83,20,loo_oracle,LOO oracle,0.993984962406015,1.0,-0.00041257189072529954,,,-0.006015037593985029,1.3877787807814457e-17
43,83,20,lime,LIME,0.9834586466165413,0.9774436090225563,-0.00041257189072529954,,,0.006015037593984918,1.3877787807814457e-17
43,84,13,shapley_mc,Monte Carlo Shapley,0.7197802197802198,0.6593406593406593,0.001157589291264638,,,0.06043956043956045,1.734723475976807e-18
43,84,13,loo_oracle,LOO oracle,0.989010989010989,1.0,0.001157589291264638,,,-0.01098901098901095,1.734723475976807e-18
43,84,13,lime,LIME,0.9560439560439561,0.9725274725274725,0.001157589291264638,,,-0.016483516483516425,1.734723475976807e-18
43,85,20,shapley_mc,Monte Carlo Shapley,0.5097744360902255,0.5458646616541353,0.0019927257853872837,,,-0.03609022556390973,3.469446951953614e-18
43,85,20,loo_oracle,LOO oracle,0.9849624060150375,1.0,0.0019927257853872837,,,-0.015037593984962516,3.469446951953614e-18
43,85,20,lime,LIME,0.9548872180451128,0.9729323308270676,0.0019927257853872837,,,-0.018045112781954864,3.469446951953614e-18
43,86,20,shapley_mc,Monte Carlo Shapley,0.8977443609022555,0.9248120300751879,4.610534516791276e-05,,,-0.02706766917293235,8.673617379884035e-19
43,86,20,loo_oracle,LOO oracle,0.9819548872180449,1.0,4.610534516791276e-05,,,-0.018045112781955086,8.673617379884035e-19
43,86,20,lime,LIME,0.9112781954887217,0.9383458646616539,4.610534516791276e-05,,,-0.02706766917293224,8.673617379884035e-19
43,87,20,shapley_mc,Monte Carlo Shapley,0.7548872180451127,0.7142857142857143,0.0014431569339012906,,,0.040601503759398416,3.469446951953614e-18
43,87,20,loo_oracle,LOO oracle,0.9879699248120299,1.0,0.0014431569339012906,,,-0.012030075187970057,3.469446951953614e-18
43,87,20,lime,LIME,0.9609022556390976,0.9714285714285714,0.0014431569339012906,,,-0.010526315789473828,3.469446951953614e-18
43,88,11,shapley_mc,Monte Carlo Shapley,0.7454545454545456,0.7454545454545456,-0.00013319230259833947,,,0.0,0.0
43,88,11,loo_oracle,LOO oracle,1.0,1.0,-0.0014420284439633502,,,0.0,0.0
43,88,11,lime,LIME,0.9545454545454546,0.9545454545454546,-0.0014420284439633502,,,0.0,0.0
43,89,20,shapley_mc,Monte Carlo Shapley,0.6075187969924812,0.6045112781954887,0.001123095007346031,,,0.00300751879699257,0.0
43,89,20,loo_oracle,LOO oracle,0.9954887218045112,1.0,0.001123095007346031,,,-0.004511278195488799,0.0
43,89,20,lime,LIME,0.9774436090225563,0.9849624060150375,0.001123095007346031,,,-0.007518796992481147,0.0
43,90,20,shapley_mc,Monte Carlo Shapley,0.613533834586466,0.6060150375939849,0.0005413556548309328,,,0.007518796992481147,8.673617379884035e-19
43,90,20,loo_oracle,LOO oracle,0.9864661654135337,1.0,0.0005538183785592787,,,-0.013533834586466287,8.673617379884035e-19
43,90,20,lime,LIME,0.8646616541353382,0.9037593984962405,0.0005413556548309328,,,-0.0390977443609023,8.673617379884035e-19
43,91,20,shapley_mc,Monte Carlo Shapley,0.8270676691729323,0.7999999999999999,7.11325500638571e-05,,,0.02706766917293235,8.673617379884035e-19
43,91,20,loo_oracle,LOO oracle,0.9834586466165413,1.0,7.11325500638571e-05,,,-0.016541353383458746,8.673617379884035e-19
43,91,20,lime,LIME,0.9142857142857143,0.9052631578947368,9.635824206333243e-05,,,0.009022556390977488,8.673617379884035e-19
43,92,20,shapley_mc,Monte Carlo Shapley,0.5984962406015037,0.5864661654135337,-0.00012028407503322791,,,0.012030075187970057,4.336808689942018e-19
43,92,20,loo_oracle,LOO oracle,0.9654135338345864,1.0,-9.404789363393062e-05,,,-0.03458646616541361,4.336808689942018e-19
43,92,20,lime,LIME,0.8571428571428572,0.9022556390977443,-0.0006015492134850975,,,-0.045112781954887105,4.336808689942018e-19
43,93,12,shapley_mc,Monte Carlo Shapley,0.7482517482517484,0.5524475524475525,0.0009484606130213402,,,0.19580419580419595,8.673617379884035e-19
43,93,12,loo_oracle,LOO oracle,0.9300699300699302,1.0,0.00010427865058770802,,,-0.06993006993006978,8.673617379884035e-19
43,93,12,lime,LIME,0.8251748251748254,0.8671328671328673,-0.0008746476177097229,,,-0.04195804195804187,8.673617379884035e-19
43,94,20,shapley_mc,Monte Carlo Shapley,0.8812030075187969,0.9233082706766916,-9.241185501673854e-05,,,-0.04210526315789476,8.673617379884035e-19
43,94,20,loo_oracle,LOO oracle,0.9639097744360902,1.0,-0.0009858466693544177,,,-0.03609022556390984,8.673617379884035e-19
43,94,20,lime,LIME,0.9233082706766916,0.9639097744360902,-0.0009858466693544177,,,-0.04060150375939853,8.673617379884035e-19
43,95,20,shapley_mc,Monte Carlo Shapley,0.8661654135338346,0.849624060150376,-5.3177036242524345e-05,,,0.016541353383458635,4.336808689942018e-19
43,95,20,loo_oracle,LOO oracle,0.9894736842105262,1.0,-1.535987276896078e-05,,,-0.010526315789473828,4.336808689942018e-19
43,95,20,lime,LIME,0.9804511278195487,0.9924812030075187,-1.535987276896078e-05,,,-0.012030075187970057,4.336808689942018e-19
43,96,20,shapley_mc,Monte Carlo Shapley,0.6812030075187969,0.7187969924812029,-0.00016805749248033353,,,-0.03759398496240596,4.336808689942018e-19
43,96,20,loo_oracle,LOO oracle,0.9203007518796992,1.0,-0.0005980705822243304,,,-0.07969924812030083,4.336808689942018e-19
43,96,20,lime,LIME,0.8947368421052632,0.9443609022556391,-0.0005980705822243304,,,-0.049624060150375904,4.336808689942018e-19
43,97,10,shapley_mc,Monte Carlo Shapley,0.7575757575757575,0.8060606060606059,-0.0021329538717910212,,,-0.048484848484848464,0.0
43,97,10,loo_oracle,LOO oracle,0.9515151515151514,0.9999999999999999,-0.0021329538717910212,,,-0.048484848484848464,0.0
43,97,10,lime,LIME,0.8909090909090909,0.9393939393939393,-0.0021329538717910212,,,-0.048484848484848464,0.0
43,98,20,shapley_mc,Monte Carlo Shapley,0.5774436090225563,0.5578947368421052,0.0004698488569157555,,,0.019548872180451093,0.0
43,98,20,loo_oracle,LOO oracle,0.9924812030075187,1.0,-3.712584634313343e-05,,,-0.007518796992481258,0.0
43,98,20,lime,LIME,0.8616541353383457,0.875187969924812,-0.0006178752812754928,,,-0.013533834586466287,0.0
43,99,18,shapley_mc,Monte Carlo Shapley,0.9195046439628484,0.9401444788441692,0.00011482961754061272,,,-0.020639834881320818,2.168404344971009e-19
43,99,18,loo_oracle,LOO oracle,0.9834881320949431,1.0,0.00017104789863520153,,,-0.016511867905056876,2.168404344971009e-19
43,99,18,lime,LIME,0.9525283797729618,0.9690402476780186,0.00011482961754061272,,,-0.016511867905056765,2.168404344971009e-19
43,100,20,shapley_mc,Monte Carlo Shapley,0.6781954887218045,0.5639097744360902,-7.950472237888695e-05,,,0.11428571428571421,0.0
43,100,20,loo_oracle,LOO oracle,0.9488721804511278,1.0,-0.00046467309438347204,,,-0.051127819548872244,0.0
43,100,20,lime,LIME,0.8390977443609022,0.9203007518796992,-0.00046467309438347204,,,-0.08120300751879694,0.0
43,101,20,shapley_mc,Monte Carlo Shapley,0.27368421052631575,0.306766917293233,0.0005209366649553404,,,-0.03308270676691727,0.0
43,101,20,loo_oracle,LOO oracle,0.9924812030075187,1.0,0.0001372342603389587,,,-0.007518796992481258,0.0
43,101,20,lime,LIME,0.7428571428571428,0.7834586466165413,0.0001372342603389587,,,-0.04060150375939853,0.0
43,102,20,shapley_mc,Monte Carlo Shapley,0.7744360902255639,0.7398496240601502,-6.335589632516792e-05,,,0.03458646616541372,1.3010426069826053e-18
43,102,20,loo_oracle,LOO oracle,0.9759398496240601,1.0,-0.0006645685416554747,,,-0.024060150375939893,1.3010426069826053e-18
43,102,20,lime,LIME,0.9203007518796992,0.9654135338345864,-0.0006645685416554747,,,-0.045112781954887216,1.3010426069826053e-18
43,103,19,shapley_mc,Monte Carlo Shapley,0.6473684210526316,0.6491228070175438,-7.653534688367714e-05,,,-0.0017543859649121751,0.0
43,103,19,loo_oracle,LOO oracle,0.987719298245614,1.0,-7.653534688367714e-05,,,-0.012280701754386003,0.0
43,103,19,lime,LIME,0.9087719298245613,0.9368421052631579,-0.00045313493018339646,,,-0.02807017543859658,0.0
43,104,20,shapley_mc,Monte Carlo Shapley,0.7864661654135338,0.7338345864661654,0.001704280629429178,,,0.05263157894736836,1.734723475976807e-18
43,104,20,loo_oracle,LOO oracle,0.9849624060150375,1.0,0.001704280629429178,,,-0.015037593984962516,1.734723475976807e-18
43,104,20,lime,LIME,0.9248120300751879,0.9248120300751879,0.001704280629429178,,,0.0,1.734723475976807e-18
43,105,20,shapley_mc,Monte Carlo Shapley,0.8601503759398496,0.863157894736842,0.0010916460471960265,,,-0.003007518796992459,1.734723475976807e-18
43,105,20,loo_oracle,LOO oracle,0.9984962406015038,1.0,6.848760947775201e-05,,,-0.0015037593984962294,1.734723475976807e-18
43,105,20,lime,LIME,0.9578947368421054,0.9639097744360902,6.848760947775201e-05,,,-0.006015037593984807,1.734723475976807e-18
43,106,20,shapley_mc,Monte Carlo Shapley,0.6436090225563909,0.5729323308270676,0.00029408122331314734,,,0.07067669172932323,0.0
43,106,20,loo_oracle,LOO oracle,0.9774436090225563,1.0,-0.0005188810398652488,,,-0.022556390977443663,0.0
43,106,20,lime,LIME,0.8917293233082706,0.9248120300751879,-0.0005188810398652488,,,-0.03308270676691727,0.0
43,107,15,shapley_mc,Monte Carlo Shapley,0.7964285714285713,0.7642857142857141,0.0030540635969560914,,,0.03214285714285714,6.938893903907228e-18
43,107,15,loo_oracle,LOO oracle,0.982142857142857,1.0,0.0030608156134150355,,,-0.017857142857143016,6.938893903907228e-18
43,107,15,lime,LIME,0.9571428571428571,0.9428571428571427,0.0030540635969560914,,,0.014285714285714346,6.938893903907228e-18
43,108,20,shapley_mc,Monte Carlo Shapley,0.7909774436090224,0.7894736842105263,0.00163342616547002,,,0.0015037593984961184,0.0
43,108,20,loo_oracle,LOO oracle,0.9954887218045112,1.0,0.00163342616547002,,,-0.004511278195488799,0.0
43,108,20,lime,LIME,0.900751879699248,0.9022556390977443,0.0005701199440812377,,,-0.0015037593984963404,0.0
43,109,20,shapley_mc,Monte Carlo Shapley,0.7999999999999999,0.793984962406015,0.001524687765185384,,,0.006015037593984918,1.734723475976807e-18
43,109,20,loo_oracle,LOO oracle,0.9984962406015038,1.0,0.0006257038315453101,,,-0.0015037593984962294,1.734723475976807e-18
43,109,20,lime,LIME,0.9503759398496241,0.9443609022556391,0.0006257038315453101,,,0.006015037593985029,1.734723475976807e-18
43,110,20,shapley_mc,Monte Carlo Shapley,0.831578947368421,0.8285714285714285,2.861997383407644e-05,,,0.003007518796992459,2.168404344971009e-19
43,110,20,loo_oracle,LOO oracle,0.9774436090225563,1.0,2.861997383407644e-05,,,-0.022556390977443663,2.168404344971009e-19
43,110,20,lime,LIME,0.9172932330827066,0.9263157894736842,2.861997383407644e-05,,,-0.009022556390977599,2.168404344971009e-19
43,111,20,shapley_mc,Monte Carlo Shapley,0.8210526315789473,0.669172932330827,0.0006600080659617258,,,0.15187969924812028,0.0
43,111,20,loo_oracle,LOO oracle,0.9443609022556391,1.0,-0.0006625678261824031,,,-0.05563909774436093,0.0
43,111,20,lime,LIME,0.8842105263157894,0.8962406015037594,-0.0006625678261824031,,,-0.012030075187969946,0.0
43,112,20,shapley_mc,Monte Carlo Shapley,0.7924812030075187,0.7548872180451127,3.676793096679676e-05,,,0.03759398496240596,8.673617379884035e-19
43,112,20,loo_oracle,LOO oracle,0.9879699248120299,1.0,3.676793096679676e-05,,,-0.012030075187970057,8.673617379884035e-19
43,112,20,lime,LIME,0.9052631578947368,0.932330827067669,-0.0007515979808591644,,,-0.02706766917293224,8.673617379884035e-19
43,113,20,shapley_mc,Monte Carlo Shapley,0.5458646616541353,0.4842105263157894,0.0010068053596188342,,,0.06165413533834585,8.673617379884035e-19
43,113,20,loo_oracle,LOO oracle,0.9593984962406013,1.0,0.0005432259037054799,,,-0.04060150375939875,8.673617379884035e-19
43,113,20,lime,LIME,0.8300751879699247,0.918796992481203,0.0005367267939696552,,,-0.0887218045112782,8.673617379884035e-19
43,114,20,shapley_mc,Monte Carlo Shapley,0.7864661654135338,0.7624060150375939,0.0019340486554014213,,,0.024060150375939893,6.938893903907228e-18
43,114,20,loo_oracle,LOO oracle,0.9879699248120299,1.0,0.0020440218880486416,,,-0.012030075187970057,6.938893903907228e-18
43,114,20,lime,LIME,0.9669172932330825,0.9729323308270676,0.0020440218880486416,,,-0.00601503759398514,6.938893903907228e-18
43,115,20,shapley_mc,Monte Carlo Shapley,0.5894736842105263,0.5774436090225563,0.0007656228480039107,,,0.012030075187969946,0.0
43,115,20,loo_oracle,LOO oracle,0.9954887218045112,1.0,0.0007656228480039107,,,-0.004511278195488799,0.0
43,115,20,lime,LIME,0.9218045112781955,0.9383458646616539,0.00012652384440520192,,,-0.016541353383458413,0.0
43,116,20,shapley_mc,Monte Carlo Shapley,0.7473684210526315,0.7142857142857143,-2.918528219908456e-05,,,0.03308270676691716,4.336808689942018e-19
43,116,20,loo_oracle,LOO oracle,0.9398496240601503,1.0,-0.0005073311425267124,,,-0.06015037593984973,4.336808689942018e-19
43,116,20,lime,LIME,0.849624060150376,0.9353383458646616,-0.0005073311425267124,,,-0.08571428571428563,4.336808689942018e-19
43,117,20,shapley_mc,Monte Carlo Shapley,0.7744360902255639,0.7639097744360903,0.0007060794921365798,,,0.010526315789473606,0.0
43,117,20,loo_oracle,LOO oracle,0.9729323308270676,1.0,0.0008731596137576125,,,-0.02706766917293235,0.0
43,117,20,lime,LIME,0.9022556390977443,0.9533834586466164,0.0008731596137576125,,,-0.05112781954887213,0.0
43,118,20,shapley_mc,Monte Carlo Shapley,0.849624060150376,0.7533834586466165,0.0007625846478441778,,,0.09624060150375946,2.168404344971009e-19
43,118,20,loo_oracle,LOO oracle,0.932330827067669,1.0,0.000191845646072053,,,-0.06766917293233099,2.168404344971009e-19
43,118,20,lime,LIME,0.801503759398496,0.9097744360902256,0.000191845646072053,,,-0.10827067669172952,2.168404344971009e-19
43,119,20,shapley_mc,Monte Carlo Shapley,0.7338345864661654,0.7338345864661654,0.0018890148412230023,,,0.0,0.0
43,119,20,loo_oracle,LOO oracle,1.0,1.0,0.0018890148412230023,,,0.0,0.0
43,119,20,lime,LIME,0.9834586466165413,0.9834586466165413,0.0018890148412230023,,,0.0,0.0
43,120,20,shapley_mc,Monte Carlo Shapley,0.8586466165413533,0.8225563909774435,-0.00021053193034276108,,,0.03609022556390984,4.336808689942018e-19
43,120,20,loo_oracle,LOO oracle,0.9774436090225563,1.0,-0.000653166822575546,,,-0.022556390977443663,4.336808689942018e-19
43,120,20,lime,LIME,0.8736842105263156,0.900751879699248,-0.000653166822575546,,,-0.02706766917293235,4.336808689942018e-19
43,121,20,shapley_mc,Monte Carlo Shapley,0.6451127819548872,0.6451127819548872,0.0012904100456030965,,,0.0,0.0
43,121,20,loo_oracle,LOO oracle,1.0,1.0,0.0003656531855824041,,,0.0,0.0
43,121,20,lime,LIME,0.9864661654135337,0.9864661654135337,0.0003656531855824041,,,0.0,0.0
43,122,20,shapley_mc,Monte Carlo Shapley,0.5548872180451127,0.5082706766917292,-0.00012054828081931035,,,0.046616541353383445,0.0
43,122,20,loo_oracle,LOO oracle,0.9699248120300751,1.0,-0.0006012357028087334,,,-0.03007518796992492,0.0
43,122,20,lime,LIME,0.8030075187969924,0.875187969924812,-0.0006012357028087334,,,-0.07218045112781957,0.0
43,123,18,shapley_mc,Monte Carlo Shapley,0.7192982456140351,0.6160990712074303,-2.5361014894975664e-05,,,0.10319917440660475,0.0
43,123,18,loo_oracle,LOO oracle,0.9504643962848297,1.0,-0.0005895649119120328,,,-0.049535603715170295,0.0
43,123,18,lime,LIME,0.7420020639834881,0.8637770897832818,-0.0005895649119120328,,,-0.12177502579979371,0.0
43,124,20,shapley_mc,Monte Carlo Shapley,0.613533834586466,0.6075187969924812,0.0010960455282891246,,,0.006015037593984807,1.734723475976807e-18
43,124,20,loo_oracle,LOO oracle,0.9984962406015038,1.0,0.0012404734526828554,,,-0.0015037593984962294,1.734723475976807e-18
43,124,20,lime,LIME,0.9639097744360902,0.9654135338345864,0.0012404734526828554,,,-0.0015037593984962294,1.734723475976807e-18
43,125,20,shapley_mc,Monte Carlo Shapley,0.8766917293233082,0.8736842105263156,0.0020125735239213682,,,0.00300751879699257,5.204170427930421e-18
43,125,20,loo_oracle,LOO oracle,0.9984962406015038,1.0,0.0020125735239213682,,,-0.0015037593984962294,5.204170427930421e-18
43,125,20,lime,LIME,0.9308270676691727,0.9293233082706768,0.0020125735239213682,,,0.0015037593984958963,5.204170427930421e-18
43,126,20,shapley_mc,Monte Carlo Shapley,0.863157894736842,0.863157894736842,-0.0011236220347723425,,,0.0,0.0
43,126,20,loo_oracle,LOO oracle,0.9864661654135337,1.0,-2.2074853853082388e-05,,,-0.013533834586466287,0.0
43,126,20,lime,LIME,0.9353383458646616,0.9338345864661652,-0.0011236220347723425,,,0.0015037593984963404,0.0
43,127,16,shapley_mc,Monte Carlo Shapley,0.8441176470588234,0.8588235294117647,0.001239457107091002,,,-0.014705882352941235,1.734723475976807e-18
43,127,16,loo_oracle,LOO oracle,0.9941176470588234,1.0,0.0005311747813107615,,,-0.005882352941176561,1.734723475976807e-18
43,127,16,lime,LIME,0.9088235294117648,0.9176470588235294,0.0005311747813107615,,,-0.008823529411764564,1.734723475976807e-18
43,128,20,shapley_mc,Monte Carlo Shapley,0.6120300751879698,0.5969924812030075,0.0011618145188947437,,,0.015037593984962294,0.0
43,128,20,loo_oracle,LOO oracle,0.993984962406015,1.0,0.0011618145188947437,,,-0.006015037593985029,0.0
43,128,20,lime,LIME,0.9744360902255638,0.9744360902255638,0.0010944700314491351,,,0.0,0.0
43,129,20,shapley_mc,Monte Carlo Shapley,0.6962406015037594,0.6,0.00034016163292982515,,,0.09624060150375946,0.0
43,129,20,loo_oracle,LOO oracle,0.9804511278195487,1.0,2.5200993577167985e-05,,,-0.019548872180451315,0.0
43,129,20,lime,LIME,0.8406015037593983,0.8781954887218045,2.5200993577167985e-05,,,-0.03759398496240618,0.0
43,130,20,shapley_mc,Monte Carlo Shapley,0.7368421052631579,0.6872180451127818,0.001031221338089805,,,0.049624060150376015,0.0
43,130,20,loo_oracle,LOO oracle,0.9759398496240601,1.0,0.001031221338089805,,,-0.024060150375939893,0.0
43,130,20,lime,LIME,0.7187969924812029,0.7593984962406014,0.001031221338089805,,,-0.04060150375939853,0.0
43,131,20,shapley_mc,Monte Carlo Shapley,0.8766917293233082,0.8691729323308269,0.0011675794604534273,,,0.007518796992481258,0.0
43,131,20,loo_oracle,LOO oracle,0.9984962406015038,1.0,0.0011675794604534273,,,-0.0015037593984962294,0.0
43,131,20,lime,LIME,0.9037593984962405,0.9082706766917292,0.0011675794604534273,,,-0.004511278195488688,0.0
43,132,20,shapley_mc,Monte Carlo Shapley,0.5834586466165413,0.4586466165413533,-5.702176140170989e-05,,,0.12481203007518804,0.0
43,132,20,loo_oracle,LOO oracle,0.9774436090225563,1.0,-0.0005339077599801345,,,-0.022556390977443663,0.0
43,132,20,lime,LIME,0.8225563909774435,0.8676691729323308,-0.0005339077599801345,,,-0.04511278195488733,0.0
43,133,20,shapley_mc,Monte Carlo Shapley,0.6947368421052631,0.6571428571428571,-0.0001468623697960525,,,0.03759398496240596,4.336808689942018e-19
43,133,20,loo_oracle,LOO oracle,0.9729323308270676,1.0,-0.0001362346438755213,,,-0.02706766917293235,4.336808689942018e-19
43,133,20,lime,LIME,0.863157894736842,0.900751879699248,-0.0001468623697960525,,,-0.03759398496240596,4.336808689942018e-19
43,134,20,shapley_mc,Monte Carlo Shapley,0.8691729323308269,0.8736842105263156,-0.001086957281652201,,,-0.004511278195488688,0.0
43,134,20,loo_oracle,LOO oracle,0.9924812030075187,1.0,-0.001086957281652201,,,-0.007518796992481258,0.0
43,134,20,lime,LIME,0.9203007518796992,0.9172932330827066,-0.001086957281652201,,,0.00300751879699257,0.0
43,135,20,shapley_mc,Monte Carlo Shapley,0.8646616541353382,0.8285714285714285,-8.651224814471004e-05,,,0.03609022556390973,2.168404344971009e-19
43,135,20,loo_oracle,LOO oracle,0.9849624060150375,1.0,-0.0006785516273319359,,,-0.015037593984962516,2.168404344971009e-19
43,135,20,lime,LIME,0.7669172932330827,0.8120300751879698,-0.0006785516273319359,,,-0.045112781954887105,2.168404344971009e-19
43,136,20,shapley_mc,Monte Carlo Shapley,0.7909774436090224,0.7714285714285714,9.073565929546001e-05,,,0.019548872180451093,4.336808689942018e-19
43,136,20,loo_oracle,LOO oracle,0.9954887218045112,1.0,9.073565929546001e-05,,,-0.004511278195488799,4.336808689942018e-19
43,136,20,lime,LIME,0.8691729323308269,0.8992481203007519,9.073565929546001e-05,,,-0.03007518796992492,4.336808689942018e-19
43,137,20,shapley_mc,Monte Carlo Shapley,0.8706766917293233,0.8872180451127819,-5.6635940179350364e-05,,,-0.016541353383458635,4.336808689942018e-19
43,137,20,loo_oracle,LOO oracle,0.9669172932330825,1.0,1.635874358868472e-05,,,-0.03308270676691749,4.336808689942018e-19
43,137,20,lime,LIME,0.918796992481203,0.9338345864661652,1.635874358868472e-05,,,-0.015037593984962294,4.336808689942018e-19
43,138,20,shapley_mc,Monte Carlo Shapley,0.8872180451127819,0.8887218045112781,0.0008298665513611914,,,-0.0015037593984962294,8.673617379884035e-19
43,138,20,loo_oracle,LOO oracle,0.9729323308270676,1.0,0.0008298665513611914,,,-0.02706766917293235,8.673617379884035e-19
43,138,20,lime,LIME,0.9473684210526315,0.9744360902255638,0.0008298665513611914,,,-0.02706766917293224,8.673617379884035e-19
43,139,20,shapley_mc,Monte Carlo Shapley,0.8857142857142858,0.8721804511278194,0.00014380753852877293,,,0.013533834586466398,9.75781955236954e-19
43,139,20,loo_oracle,LOO oracle,0.993984962406015,1.0,5.129318795538129e-05,,,-0.006015037593985029,9.75781955236954e-19
43,139,20,lime,LIME,0.9172932330827066,0.9127819548872179,5.129318795538129e-05,,,0.004511278195488688,9.75781955236954e-19
43,140,13,shapley_mc,Monte Carlo Shapley,0.7692307692307693,0.7362637362637362,0.0031687087707120143,,,0.03296703296703307,3.469446951953614e-18
43,140,13,loo_oracle,LOO oracle,0.9945054945054945,1.0,0.0031687087707120143,,,-0.005494505494505475,3.469446951953614e-18
43,140,13,lime,LIME,0.9560439560439561,0.9725274725274725,0.0031687087707120143,,,-0.016483516483516425,3.469446951953614e-18
43,141,20,shapley_mc,Monte Carlo Shapley,0.78796992481203,0.7774436090225564,0.0010086746868413488,,,0.010526315789473606,0.0
43,141,20,loo_oracle,LOO oracle,0.9924812030075187,1.0,0.00019993474436347247,,,-0.007518796992481258,0.0
43,141,20,lime,LIME,0.9699248120300751,0.9624060150375938,0.00019993474436347247,,,0.007518796992481258,0.0
43,142,20,shapley_mc,Monte Carlo Shapley,0.8812030075187969,0.8962406015037594,0.0007107035239107828,,,-0.015037593984962516,4.336808689942018e-19
43,142,20,loo_oracle,LOO oracle,0.9924812030075187,1.0,0.0007107035239107828,,,-0.007518796992481258,4.336808689942018e-19
43,142,20,lime,LIME,0.9398496240601503,0.9654135338345864,0.0007107035239107828,,,-0.025563909774436122,4.336808689942018e-19
43,143,15,shapley_mc,Monte Carlo Shapley,0.7642857142857141,0.7785714285714285,0.0010850590220998213,,,-0.014285714285714346,1.734723475976807e-18
43,143,15,loo_oracle,LOO oracle,0.9785714285714284,1.0,0.0010850590220998213,,,-0.021428571428571574,1.734723475976807e-18
43,143,15,lime,LIME,0.9607142857142855,0.9571428571428571,0.0010850590220998213,,,0.0035714285714284477,1.734723475976807e-18
43,144,13,shapley_mc,Monte Carlo Shapley,0.9780219780219779,0.8736263736263737,-0.00017351354970596145,,,0.10439560439560414,5.421010862427522e-19
43,144,13,loo_oracle,LOO oracle,0.9395604395604396,1.0,-0.0010743418812436678,,,-0.06043956043956045,5.421010862427522e-19
43,144,13,lime,LIME,0.9780219780219779,0.9340659340659341,-0.0010743418812436678,,,0.0439560439560438,5.421010862427522e-19
43,145,20,shapley_mc,Monte Carlo Shapley,0.6872180451127818,0.6616541353383457,0.0008864348509414754,,,0.025563909774436122,0.0
43,145,20,loo_oracle,LOO oracle,0.9924812030075187,1.0,0.00021669434854704184,,,-0.007518796992481258,0.0
43,145,20,lime,LIME,0.9639097744360902,0.9729323308270676,0.00021669434854704184,,,-0.009022556390977488,0.0
43,146,20,shapley_mc,Monte Carlo Shapley,0.7548872180451127,0.7383458646616541,0.0006360573712095308,,,0.016541353383458635,8.673617379884035e-19
43,146,20,loo_oracle,LOO oracle,0.9924812030075187,1.0,0.0006967379554687625,,,-0.007518796992481258,8.673617379884035e-19
43,146,20,lime,LIME,0.8691729323308269,0.8917293233082706,0.0006967379554687625,,,-0.022556390977443663,8.673617379884035e-19
43,147,20,shapley_mc,Monte Carlo Shapley,0.7609022556390977,0.706766917293233,-8.131582508225099e-05,,,0.0541353383458647,4.336808689942018e-19
43,147,20,loo_oracle,LOO oracle,0.9804511278195487,1.0,-0.0005338391363778894,,,-0.019548872180451315,4.336808689942018e-19
43,147,20,lime,LIME,0.9142857142857143,0.9413533834586465,-0.0005338391363778894,,,-0.02706766917293224,4.336808689942018e-19
43,148,20,shapley_mc,Monte Carlo Shapley,0.7849624060150376,0.7293233082706766,0.0006642566420181351,,,0.055639097744361043,0.0
43,148,20,loo_oracle,LOO oracle,0.9774436090225563,1.0,9.261465706267291e-05,,,-0.022556390977443663,0.0
43,148,20,lime,LIME,0.956390977443609,0.9624060150375938,9.261465706267291e-05,,,-0.006015037593984807,0.0
43,149,20,shapley_mc,Monte Carlo Shapley,0.3759398496240601,0.2421052631578947,-5.783044583540509e-06,,,0.13383458646616536,0.0
43,149,20,loo_oracle,LOO oracle,0.9654135338345864,1.0,-0.0005193576709093262,,,-0.03458646616541361,0.0
43,149,20,lime,LIME,0.8616541353383457,0.8992481203007519,-0.0004931565954905404,,,-0.03759398496240618,0.0
43,150,20,shapley_mc,Monte Carlo Shapley,0.819548872180451,0.8225563909774435,0.000840160069544682,,,-0.003007518796992459,0.0
43,150,20,loo_oracle,LOO oracle,0.9984962406015038,1.0,0.0009480234173578905,,,-0.0015037593984962294,0.0
43,150,20,lime,LIME,0.849624060150376,0.8586466165413533,2.731117608351097e-05,,,-0.009022556390977376,0.0
43,151,18,shapley_mc,Monte Carlo Shapley,0.5624355005159958,0.5521155830753354,-1.2487106142045068e-05,,,0.010319917440660409,4.336808689942018e-19
43,151,18,loo_oracle,LOO oracle,0.9793601651186791,1.0,-1.2487106142045068e-05,,,-0.02063983488132093,4.336808689942018e-19
43,151,18,lime,LIME,0.9236326109391124,0.9587203302373581,-0.0004861199832788543,,,-0.03508771929824572,4.336808689942018e-19
43,152,17,shapley_mc,Monte Carlo Shapley,0.8529411764705884,0.8284313725490197,0.0018384466406207722,,,0.024509803921568762,1.734723475976807e-18
43,152,17,loo_oracle,LOO oracle,0.9901960784313727,1.0,0.0007923628034613439,,,-0.009803921568627305,1.734723475976807e-18
43,152,17,lime,LIME,0.9779411764705883,0.9877450980392157,0.0007923628034613439,,,-0.009803921568627416,1.734723475976807e-18
43,153,13,shapley_mc,Monte Carlo Shapley,0.9230769230769231,0.9230769230769231,-0.004802225731643017,,,0.0,6.938893903907228e-18
43,153,13,loo_oracle,LOO oracle,1.0,1.0,-0.004802225731643017,,,0.0,6.938893903907228e-18
43,153,13,lime,LIME,0.9725274725274725,0.9725274725274725,-0.004802225731643017,,,0.0,6.938893903907228e-18
43,154,20,shapley_mc,Monte Carlo Shapley,0.6556390977443608,0.6030075187969924,0.0014884300490734526,,,0.05263157894736836,1.734723475976807e-18
43,154,20,loo_oracle,LOO oracle,0.9924812030075187,1.0,0.0014884300490734526,,,-0.007518796992481258,1.734723475976807e-18
43,154,20,lime,LIME,0.9338345864661652,0.9443609022556391,0.0014884300490734526,,,-0.010526315789473828,1.734723475976807e-18
43,155,20,shapley_mc,Monte Carlo Shapley,0.4796992481203006,0.26315789473684204,-0.00012097441265224163,,,0.2165413533834586,4.336808689942018e-19
43,155,20,loo_oracle,LOO oracle,0.9263157894736842,1.0,-8.738539511760068e-05,,,-0.0736842105263158,4.336808689942018e-19
43,155,20,lime,LIME,0.7729323308270677,0.863157894736842,-0.00047044425018055724,,,-0.09022556390977432,4.336808689942018e-19
43,156,20,shapley_mc,Monte Carlo Shapley,0.9022556390977443,0.9022556390977443,0.0019368042443204114,,,0.0,6.938893903907228e-18
43,156,20,loo_oracle,LOO oracle,1.0,1.0,0.001991351337033598,,,0.0,6.938893903907228e-18
43,156,20,lime,LIME,0.9669172932330825,0.9669172932330825,0.0019368042443204114,,,0.0,6.938893903907228e-18
43,157,15,shapley_mc,Monte Carlo Shapley,0.7321428571428571,0.7642857142857141,-0.000264475322064861,,,-0.03214285714285703,0.0
43,157,15,loo_oracle,LOO oracle,0.9571428571428571,1.0,-0.0008000573523230248,,,-0.04285714285714293,0.0
43,157,15,lime,LIME,0.7464285714285712,0.8178571428571428,-0.0008000573523230248,,,-0.07142857142857162,0.0
43,158,20,shapley_mc,Monte Carlo Shapley,0.7007518796992479,0.6962406015037594,-0.0007424632755855809,,,0.004511278195488466,0.0
43,158,20,loo_oracle,LOO oracle,0.9714285714285714,1.0,-0.0007424632755855809,,,-0.02857142857142858,0.0
43,158,20,lime,LIME,0.8977443609022555,0.9203007518796992,-0.0007424632755855809,,,-0.022556390977443663,0.0
43,159,7,shapley_mc,Monte Carlo Shapley,0.7500000000000002,0.7500000000000002,0.0016418393722954505,,,0.0,1.3877787807814457e-17
43,159,7,loo_oracle,LOO oracle,1.0,1.0,0.0016418393722954505,,,0.0,1.3877787807814457e-17
43,159,7,lime,LIME,0.9642857142857145,0.9642857142857145,0.0016418393722954505,,,0.0,1.3877787807814457e-17
43,160,20,shapley_mc,Monte Carlo Shapley,0.7127819548872181,0.6105263157894737,-0.00048394299913856464,,,0.10225563909774438,0.0
43,160,20,loo_oracle,LOO oracle,0.9714285714285714,1.0,-0.00048394299913856464,,,-0.02857142857142858,0.0
43,160,20,lime,LIME,0.8345864661654135,0.9067669172932331,-0.00048394299913856464,,,-0.07218045112781957,0.0
43,161,20,shapley_mc,Monte Carlo Shapley,0.6526315789473683,0.7097744360902255,0.000335395608182798,,,-0.05714285714285716,0.0
43,161,20,loo_oracle,LOO oracle,0.9834586466165413,1.0,4.8504276928929e-05,,,-0.016541353383458746,0.0
43,161,20,lime,LIME,0.8390977443609022,0.8466165413533834,-0.0005872514060106804,,,-0.007518796992481147,0.0
43,162,20,shapley_mc,Monte Carlo Shapley,0.8285714285714285,0.7969924812030074,0.0005937173887063385,,,0.03157894736842115,8.673617379884035e-19
43,162,20,loo_oracle,LOO oracle,0.9789473684210527,1.0,0.0007318701241278425,,,-0.021052631578947323,8.673617379884035e-19
43,162,20,lime,LIME,0.9097744360902256,0.9473684210526315,0.0007318701241278425,,,-0.03759398496240596,8.673617379884035e-19
43,163,20,shapley_mc,Monte Carlo Shapley,0.806015037593985,0.7909774436090224,0.0001256515911867706,,,0.015037593984962516,6.505213034913027e-19
43,163,20,loo_oracle,LOO oracle,0.9864661654135337,1.0,5.441842863301849e-05,,,-0.013533834586466287,6.505213034913027e-19
43,163,20,lime,LIME,0.9248120300751879,0.9473684210526315,5.441842863301849e-05,,,-0.022556390977443663,6.505213034913027e-19
43,164,20,shapley_mc,Monte Carlo Shapley,0.8466165413533834,0.7969924812030074,0.0004445020042260217,,,0.049624060150376015,0.0
43,164,20,loo_oracle,LOO oracle,0.9488721804511278,1.0,-0.000567711351143696,,,-0.051127819548872244,0.0
43,164,20,lime,LIME,0.7849624060150376,0.9022556390977443,-0.0005245179320920723,,,-0.11729323308270667,0.0
43,165,20,shapley_mc,Monte Carlo Shapley,0.732330827067669,0.6481203007518795,0.0008218445737128155,,,0.08421052631578951,0.0
43,165,20,loo_oracle,LOO oracle,0.9684210526315788,1.0,0.0008218445737128155,,,-0.03157894736842115,0.0
43,165,20,lime,LIME,0.9097744360902256,0.9458646616541352,0.00014031962215882432,,,-0.03609022556390962,0.0
43,166,16,shapley_mc,Monte Carlo Shapley,0.7823529411764706,0.788235294117647,0.0013689965725264819,,,-0.00588235294117645,0.0
43,166,16,loo_oracle,LOO oracle,0.9794117647058824,1.0,0.0013689965725264819,,,-0.020588235294117574,0.0
43,166,16,lime,LIME,0.9088235294117648,0.9411764705882352,0.0013689965725264819,,,-0.03235294117647036,0.0
43,167,16,shapley_mc,Monte Carlo Shapley,0.6911764705882353,0.6823529411764706,-2.0012883267250814e-06,,,0.008823529411764675,8.673617379884035e-19
43,167,16,loo_oracle,LOO oracle,0.9941176470588234,1.0,-2.0012883267250814e-06,,,-0.005882352941176561,8.673617379884035e-19
43,167,16,lime,LIME,0.9852941176470588,0.9911764705882352,-2.0012883267250814e-06,,,-0.00588235294117645,8.673617379884035e-19
43,168,20,shapley_mc,Monte Carlo Shapley,0.6481203007518795,0.6075187969924812,0.0001177696796443306,,,0.040601503759398305,0.0
43,168,20,loo_oracle,LOO oracle,0.993984962406015,1.0,0.0001177696796443306,,,-0.006015037593985029,0.0
43,168,20,lime,LIME,0.7969924812030074,0.8225563909774435,0.0001177696796443306,,,-0.025563909774436122,0.0
43,169,20,shapley_mc,Monte Carlo Shapley,0.8541353383458646,0.8541353383458646,0.001997412197030257,,,0.0,5.204170427930421e-18
43,169,20,loo_oracle,LOO oracle,1.0,1.0,0.001997412197030257,,,0.0,5.204170427930421e-18
43,169,20,lime,LIME,0.9804511278195487,0.9804511278195487,0.001997412197030257,,,0.0,5.204170427930421e-18
43,170,17,shapley_mc,Monte Carlo Shapley,0.7573529411764707,0.7549019607843138,0.0016278470491680186,,,0.002450980392156854,5.204170427930421e-18
43,170,17,loo_oracle,LOO oracle,0.9926470588235295,1.0,0.0016278470491680186,,,-0.007352941176470451,5.204170427930421e-18
43,170,17,lime,LIME,0.9509803921568628,0.9583333333333335,0.0005515811456169861,,,-0.007352941176470673,5.204170427930421e-18
43,171,10,shapley_mc,Monte Carlo Shapley,0.9393939393939393,0.8666666666666665,-3.147778856549266e-05,,,0.07272727272727286,4.336808689942018e-19
43,171,10,loo_oracle,LOO oracle,0.9393939393939393,0.9999999999999999,-3.147778856549266e-05,,,-0.06060606060606055,4.336808689942018e-19
43,171,10,lime,LIME,0.7939393939393938,0.8666666666666665,-0.0009609052724393607,,,-0.07272727272727264,4.336808689942018e-19
43,172,20,shapley_mc,Monte Carlo Shapley,0.7909774436090224,0.5263157894736841,0.0006315521640781196,,,0.2646616541353384,4.336808689942018e-19
43,172,20,loo_oracle,LOO oracle,0.8917293233082706,1.0,0.00018808745526954773,,,-0.1082706766917294,4.336808689942018e-19
43,172,20,lime,LIME,0.9203007518796992,0.9458646616541352,0.0002124451941797889,,,-0.02556390977443601,4.336808689942018e-19
43,173,20,shapley_mc,Monte Carlo Shapley,0.6962406015037594,0.7112781954887217,1.9852792547903064e-05,,,-0.015037593984962294,4.336808689942018e-19
43,173,20,loo_oracle,LOO oracle,0.9879699248120299,1.0,1.5263053923408876e-05,,,-0.012030075187970057,4.336808689942018e-19
43,173,20,lime,LIME,0.8330827067669173,0.8781954887218045,-3.076708633131808e-05,,,-0.045112781954887216,4.336808689942018e-19
43,174,20,shapley_mc,Monte Carlo Shapley,0.6225563909774435,0.613533834586466,0.002034395819106638,,,0.009022556390977488,6.938893903907228e-18
43,174,20,loo_oracle,LOO oracle,0.9804511278195487,1.0,0.0021246326684605243,,,-0.019548872180451315,6.938893903907228e-18
43,174,20,lime,LIME,0.9458646616541352,0.9578947368421054,0.0021246326684605243,,,-0.012030075187970168,6.938893903907228e-18
43,175,20,shapley_mc,Monte Carlo Shapley,0.4526315789473684,0.3443609022556391,-5.898996046904692e-05,,,0.1082706766917293,0.0
43,175,20,loo_oracle,LOO oracle,0.9293233082706768,1.0,-0.00042438681227796593,,,-0.07067669172932323,0.0
43,175,20,lime,LIME,0.8676691729323308,0.9443609022556391,-0.00041703754126798387,,,-0.07669172932330826,0.0
43,176,20,shapley_mc,Monte Carlo Shapley,0.900751879699248,0.9172932330827066,-0.0015480344112543953,,,-0.016541353383458635,1.734723475976807e-18
43,176,20,loo_oracle,LOO oracle,0.9894736842105262,1.0,-0.0017176354258087168,,,-0.010526315789473828,1.734723475976807e-18
43,176,20,lime,LIME,0.9368421052631578,0.9518796992481202,-0.0017176354258087168,,,-0.015037593984962405,1.734723475976807e-18
43,177,20,shapley_mc,Monte Carlo Shapley,0.8105263157894737,0.8330827067669173,-0.00023998029243510466,,,-0.022556390977443663,8.673617379884035e-19
43,177,20,loo_oracle,LOO oracle,0.900751879699248,1.0,-0.00022806339794095853,,,-0.09924812030075203,8.673617379884035e-19
43,177,20,lime,LIME,0.8691729323308269,0.9744360902255638,-0.00023998029243510466,,,-0.10526315789473684,8.673617379884035e-19
43,178,20,shapley_mc,Monte Carlo Shapley,0.6345864661654135,0.6105263157894737,0.001267333353365041,,,0.02406015037593978,1.734723475976807e-18
43,178,20,loo_oracle,LOO oracle,0.993984962406015,1.0,0.001267333353365041,,,-0.006015037593985029,1.734723475976807e-18
43,178,20,lime,LIME,0.9624060150375938,0.9714285714285714,0.001267333353365041,,,-0.009022556390977599,1.734723475976807e-18
43,179,20,shapley_mc,Monte Carlo Shapley,0.831578947368421,0.8330827067669173,0.0012101364274438864,,,-0.0015037593984963404,1.734723475976807e-18
43,179,20,loo_oracle,LOO oracle,0.9969924812030074,1.0,0.001490822410400383,,,-0.00300751879699257,1.734723475976807e-18
43,179,20,lime,LIME,0.9834586466165413,0.9864661654135337,0.001490822410400383,,,-0.003007518796992459,1.734723475976807e-18
43,180,20,shapley_mc,Monte Carlo Shapley,0.8421052631578947,0.8451127819548873,-3.865665648189465e-05,,,-0.00300751879699257,0.0
43,180,20,loo_oracle,LOO oracle,0.9714285714285714,1.0,-3.865665648189465e-05,,,-0.02857142857142858,0.0
43,180,20,lime,LIME,0.7308270676691728,0.7218045112781954,-3.865665648189465e-05,,,0.009022556390977376,0.0
43,181,20,shapley_mc,Monte Carlo Shapley,0.8090225563909773,0.8090225563909773,-0.0036348414599101098,,,0.0,6.938893903907228e-18
43,181,20,loo_oracle,LOO oracle,1.0,1.0,-0.0036514749747801334,,,0.0,6.938893903907228e-18
43,181,20,lime,LIME,0.9609022556390976,0.9609022556390976,-0.0036348414599101098,,,0.0,6.938893903907228e-18
43,182,20,shapley_mc,Monte Carlo Shapley,0.6195488721804511,0.5398496240601504,0.0004807561088859269,,,0.07969924812030071,0.0
43,182,20,loo_oracle,LOO oracle,0.9609022556390976,1.0,0.00019366624974076485,,,-0.03909774436090241,0.0
43,182,20,lime,LIME,0.875187969924812,0.8736842105263156,0.00018852830382853902,,,0.0015037593984963404,0.0
43,183,20,shapley_mc,Monte Carlo Shapley,0.5744360902255639,0.5684210526315789,-0.00023000966610287055,,,0.006015037593984918,8.673617379884035e-19
43,183,20,loo_oracle,LOO oracle,0.9669172932330825,1.0,-0.0005964180152038812,,,-0.03308270676691749,8.673617379884035e-19
43,183,20,lime,LIME,0.6556390977443608,0.732330827067669,-0.0005964180152038812,,,-0.07669172932330826,8.673617379884035e-19
43,184,20,shapley_mc,Monte Carlo Shapley,0.7834586466165413,0.7533834586466165,0.0007206817369548868,,,0.03007518796992481,0.0
43,184,20,loo_oracle,LOO oracle,0.9924812030075187,1.0,0.0008241392417102644,,,-0.007518796992481258,0.0
43,184,20,lime,LIME,0.9488721804511278,0.9624060150375938,0.0008241392417102644,,,-0.013533834586466065,0.0
43,185,20,shapley_mc,Monte Carlo Shapley,0.8466165413533834,0.8390977443609022,0.0012516195650336126,,,0.007518796992481147,0.0
43,185,20,loo_oracle,LOO oracle,0.9954887218045112,1.0,0.0013185431178943108,,,-0.004511278195488799,0.0
43,185,20,lime,LIME,0.9624060150375938,0.9654135338345864,0.0004457072081821556,,,-0.00300751879699257,0.0
43,186,20,shapley_mc,Monte Carlo Shapley,0.6030075187969924,0.38796992481203,0.000357435430708819,,,0.21503759398496242,0.0
43,186,20,loo_oracle,LOO oracle,0.9368421052631578,1.0,-0.00044084693803392305,,,-0.06315789473684219,0.0
43,186,20,lime,LIME,0.7609022556390977,0.8270676691729323,-0.00044084693803392305,,,-0.06616541353383454,0.0
43,187,20,shapley_mc,Monte Carlo Shapley,0.4992481203007519,0.5233082706766917,0.0003479669461765589,,,-0.024060150375939837,0.0
43,187,20,loo_oracle,LOO oracle,0.9819548872180449,1.0,2.314187095092679e-05,,,-0.018045112781955086,0.0
43,187,20,lime,LIME,0.7699248120300751,0.7864661654135338,2.314187095092679e-05,,,-0.016541353383458635,0.0
43,188,20,shapley_mc,Monte Carlo Shapley,0.7864661654135338,0.7834586466165413,0.0015817426060763529,,,0.003007518796992459,8.673617379884035e-19
43,188,20,loo_oracle,LOO oracle,0.9879699248120299,1.0,0.0015817426060763529,,,-0.012030075187970057,8.673617379884035e-19
43,188,20,lime,LIME,0.9639097744360902,0.9473684210526315,0.0015817426060763529,,,0.016541353383458635,8.673617379884035e-19
43,189,20,shapley_mc,Monte Carlo Shapley,0.801503759398496,0.7984962406015037,-3.526724997815478e-05,,,0.003007518796992348,4.336808689942018e-19
43,189,20,loo_oracle,LOO oracle,0.9864661654135337,1.0,-5.624753260985438e-05,,,-0.013533834586466287,4.336808689942018e-19
43,189,20,lime,LIME,0.831578947368421,0.8556390977443609,-0.00048612378977225257,,,-0.024060150375939893,4.336808689942018e-19
43,190,12,shapley_mc,Monte Carlo Shapley,0.6503496503496504,0.6643356643356644,0.003860198036369722,,,-0.013986013986013957,1.214306433183765e-17
43,190,12,loo_oracle,LOO oracle,0.9930069930069931,1.0,0.003860198036369722,,,-0.006993006993006867,1.214306433183765e-17
43,190,12,lime,LIME,0.9720279720279721,0.9790209790209792,0.003860198036369722,,,-0.006993006993007089,1.214306433183765e-17
43,191,20,shapley_mc,Monte Carlo Shapley,0.8932330827067668,0.8736842105263156,0.001109898524557118,,,0.019548872180451204,3.903127820947816e-18
43,191,20,loo_oracle,LOO oracle,0.9879699248120299,1.0,0.0003135422193704107,,,-0.012030075187970057,3.903127820947816e-18
43,191,20,lime,LIME,0.9789473684210527,0.9819548872180449,0.0003135422193704107,,,-0.003007518796992237,3.903127820947816e-18
43,192,20,shapley_mc,Monte Carlo Shapley,0.7293233082706766,0.6857142857142857,0.0007283026535241932,,,0.043609022556390875,4.336808689942018e-19
43,192,20,loo_oracle,LOO oracle,0.9789473684210527,1.0,3.473550322513619e-05,,,-0.021052631578947323,4.336808689942018e-19
43,192,20,lime,LIME,0.8902255639097743,0.9218045112781955,3.473550322513619e-05,,,-0.03157894736842126,4.336808689942018e-19
43,193,20,shapley_mc,Monte Carlo Shapley,0.6902255639097743,0.5684210526315789,0.0005543607585009602,,,0.12180451127819536,8.673617379884035e-19
43,193,20,loo_oracle,LOO oracle,0.9654135338345864,1.0,-7.981102512155669e-06,,,-0.03458646616541361,8.673617379884035e-19
43,193,20,lime,LIME,0.9127819548872179,0.9338345864661652,-0.0004938253360234901,,,-0.021052631578947323,8.673617379884035e-19
43,194,20,shapley_mc,Monte Carlo Shapley,0.8360902255639097,0.7398496240601502,-7.752782300685102e-05,,,0.09624060150375946,0.0
43,194,20,loo_oracle,LOO oracle,0.9548872180451128,1.0,-0.00044093996685323766,,,-0.045112781954887216,0.0
43,194,20,lime,LIME,0.8586466165413533,0.8947368421052632,-0.00040787182896112606,,,-0.03609022556390984,0.0
43,195,20,shapley_mc,Monte Carlo Shapley,0.8526315789473683,0.8511278195488721,0.0026097247036042104,,,0.0015037593984962294,0.0
43,195,20,loo_oracle,LOO oracle,0.9969924812030074,1.0,0.0012209673645588448,,,-0.00300751879699257,0.0
43,195,20,lime,LIME,0.9879699248120299,0.9804511278195487,0.0012209673645588448,,,0.007518796992481258,0.0
43,196,13,shapley_mc,Monte Carlo Shapley,0.8736263736263737,0.8791208791208791,-0.008860613304027654,,,-0.005494505494505364,4.163336342344337e-17
43,196,13,loo_oracle,LOO oracle,0.9945054945054945,1.0,-0.009224512817280428,,,-0.005494505494505475,4.163336342344337e-17
43,196,13,lime,LIME,0.9615384615384615,0.967032967032967,-0.009224512817280428,,,-0.005494505494505586,4.163336342344337e-17
43,197,20,shapley_mc,Monte Carlo Shapley,0.7849624060150376,0.7563909774436091,-5.83509784479741e-06,,,0.02857142857142858,4.336808689942018e-19
43,197,20,loo_oracle,LOO oracle,0.9894736842105262,1.0,-0.0006330370867805302,,,-0.010526315789473828,4.336808689942018e-19
43,197,20,lime,LIME,0.9684210526315788,0.9624060150375938,-0.0006330370867805302,,,0.006015037593985029,4.336808689942018e-19
43,198,20,shapley_mc,Monte Carlo Shapley,0.8120300751879698,0.7714285714285714,0.003383970721989482,,,0.040601503759398416,1.734723475976807e-18
43,198,20,loo_oracle,LOO oracle,0.993984962406015,1.0,0.003383970721989482,,,-0.006015037593985029,1.734723475976807e-18
43,198,20,lime,LIME,0.900751879699248,0.9218045112781955,0.003383970721989482,,,-0.021052631578947545,1.734723475976807e-18
43,199,11,shapley_mc,Monte Carlo Shapley,0.8000000000000002,0.8272727272727273,-0.002221514308187067,,,-0.027272727272727115,2.6020852139652106e-18
43,199,11,loo_oracle,LOO oracle,0.990909090909091,1.0,-0.0005052807807067738,,,-0.009090909090909038,2.6020852139652106e-18
43,199,11,lime,LIME,0.8363636363636365,0.8636363636363636,-0.002221514308187067,,,-0.027272727272727115,2.6020852139652106e-18
43,200,20,shapley_mc,Monte Carlo Shapley,0.7774436090225564,0.7699248120300751,0.002093386876405867,,,0.007518796992481258,5.204170427930421e-18
43,200,20,loo_oracle,LOO oracle,0.9909774436090225,1.0,0.0021301012131816344,,,-0.009022556390977488,5.204170427930421e-18
43,200,20,lime,LIME,0.9278195488721804,0.9428571428571428,0.0012965261690087715,,,-0.015037593984962405,5.204170427930421e-18
43,201,20,shapley_mc,Monte Carlo Shapley,0.5774436090225563,0.5864661654135337,0.0005450685298600821,,,-0.009022556390977376,0.0
43,201,20,loo_oracle,LOO oracle,0.9503759398496241,1.0,9.040982671881803e-05,,,-0.049624060150375904,0.0
43,201,20,lime,LIME,0.9263157894736842,0.9488721804511278,9.040982671881803e-05,,,-0.022556390977443552,0.0
43,202,20,shapley_mc,Monte Carlo Shapley,0.793984962406015,0.7819548872180451,0.0009353682665283469,,,0.012030075187969946,0.0
43,202,20,loo_oracle,LOO oracle,0.9834586466165413,1.0,0.0009353682665283469,,,-0.016541353383458746,0.0
43,202,20,lime,LIME,0.9654135338345864,0.9864661654135337,0.0009353682665283469,,,-0.021052631578947323,0.0
43,203,20,shapley_mc,Monte Carlo Shapley,0.6406015037593984,0.6676691729323309,0.0007586517497892298,,,-0.027067669172932463,0.0
43,203,20,loo_oracle,LOO oracle,0.9759398496240601,1.0,8.81710529609947e-05,,,-0.024060150375939893,0.0
43,203,20,lime,LIME,0.8105263157894737,0.8526315789473683,8.81710529609947e-05,,,-0.042105263157894646,0.0
43,204,20,shapley_mc,Monte Carlo Shapley,0.8887218045112781,0.8887218045112781,-0.0016893683133397674,,,0.0,0.0
43,204,20,loo_oracle,LOO oracle,1.0,1.0,-0.0018109910201875579,,,0.0,0.0
43,204,20,lime,LIME,0.9804511278195487,0.9804511278195487,-0.0018109910201875579,,,0.0,0.0
43,205,12,shapley_mc,Monte Carlo Shapley,0.8461538461538463,0.8251748251748254,0.000184901883131805,,,0.020979020979020824,8.673617379884035e-19
43,205,12,loo_oracle,LOO oracle,0.9930069930069931,1.0,1.5414558566018144e-05,,,-0.006993006993006867,8.673617379884035e-19
43,205,12,lime,LIME,0.8951048951048951,0.9090909090909092,-0.0009746200834661045,,,-0.013986013986014068,8.673617379884035e-19
43,206,13,shapley_mc,Monte Carlo Shapley,0.39560439560439564,0.39560439560439564,0.003851055903137446,,,0.0,6.938893903907228e-18
43,206,13,loo_oracle,LOO oracle,1.0,1.0,0.0019599531786399504,,,0.0,6.938893903907228e-18
43,206,13,lime,LIME,0.989010989010989,0.989010989010989,0.0019599531786399504,,,0.0,6.938893903907228e-18
43,207,20,shapley_mc,Monte Carlo Shapley,0.831578947368421,0.8436090225563909,0.0008502479535925644,,,-0.012030075187969946,6.505213034913027e-19
43,207,20,loo_oracle,LOO oracle,0.9699248120300751,1.0,5.07707981314276e-05,,,-0.03007518796992492,6.505213034913027e-19
43,207,20,lime,LIME,0.882706766917293,0.9263157894736842,5.07707981314276e-05,,,-0.04360902255639121,6.505213034913027e-19
43,208,7,shapley_mc,Monte Carlo Shapley,0.14285714285714288,0.10714285714285716,0.0013060520122177843,,,0.03571428571428571,3.469446951953614e-18
43,208,7,loo_oracle,LOO oracle,0.9642857142857145,1.0,0.00029791862130745805,,,-0.035714285714285476,3.469446951953614e-18
43,208,7,lime,LIME,0.9285714285714288,0.9642857142857145,0.00029791862130745805,,,-0.0357142857142857,3.469446951953614e-18
43,209,20,shapley_mc,Monte Carlo Shapley,0.8887218045112781,0.849624060150376,0.00010121934475093575,,,0.03909774436090219,4.336808689942018e-19
43,209,20,loo_oracle,LOO oracle,0.9759398496240601,1.0,1.6578662330679617e-05,,,-0.024060150375939893,4.336808689942018e-19
43,209,20,lime,LIME,0.8706766917293233,0.9022556390977443,4.325715510300476e-05,,,-0.03157894736842104,4.336808689942018e-19
43,210,20,shapley_mc,Monte Carlo Shapley,0.6015037593984961,0.5849624060150376,0.0015161879381612176,,,0.016541353383458524,1.734723475976807e-18
43,210,20,loo_oracle,LOO oracle,0.9969924812030074,1.0,0.00030594406518491546,,,-0.00300751879699257,1.734723475976807e-18
43,210,20,lime,LIME,0.9669172932330825,0.9699248120300751,0.00030594406518491546,,,-0.00300751879699257,1.734723475976807e-18
43,211,20,shapley_mc,Monte Carlo Shapley,0.6451127819548872,0.6,0.0008704978552458997,,,0.045112781954887216,0.0
43,211,20,loo_oracle,LOO oracle,0.9849624060150375,1.0,0.0008704978552458997,,,-0.015037593984962516,0.0
43,211,20,lime,LIME,0.9067669172932331,0.9383458646616539,0.00026601284746002873,,,-0.03157894736842082,0.0
43,212,17,shapley_mc,Monte Carlo Shapley,0.6299019607843138,0.5980392156862745,0.001299288004400656,,,0.031862745098039325,0.0
43,212,17,loo_oracle,LOO oracle,0.9803921568627453,1.0,0.0003748608623879157,,,-0.01960784313725472,0.0
43,212,17,lime,LIME,0.8602941176470589,0.8995098039215688,0.0003748608623879157,,,-0.03921568627450989,0.0
43,213,20,shapley_mc,Monte Carlo Shapley,0.5909774436090225,0.49022556390977434,0.0011311521018285142,,,0.10075187969924815,0.0
43,213,20,loo_oracle,LOO oracle,0.956390977443609,1.0,0.0002732631845741018,,,-0.043609022556390986,0.0
43,213,20,lime,LIME,0.9142857142857143,0.8932330827067668,0.0002732631845741018,,,0.021052631578947434,0.0
43,214,20,shapley_mc,Monte Carlo Shapley,0.9368421052631578,0.9548872180451128,0.00026598365162144866,,,-0.018045112781954975,4.336808689942018e-19
43,214,20,loo_oracle,LOO oracle,0.9879699248120299,1.0,0.0009640405024449183,,,-0.012030075187970057,4.336808689942018e-19
43,214,20,lime,LIME,0.9488721804511278,0.9609022556390976,0.00026598365162144866,,,-0.012030075187969835,4.336808689942018e-19
43,215,20,shapley_mc,Monte Carlo Shapley,0.8406015037593983,0.7233082706766917,0.00047059963803686156,,,0.11729323308270667,4.336808689942018e-19
43,215,20,loo_oracle,LOO oracle,0.9413533834586465,1.0,-8.274828959087266e-05,,,-0.0586466165413535,4.336808689942018e-19
43,215,20,lime,LIME,0.8992481203007519,0.9368421052631578,-8.274828959087266e-05,,,-0.03759398496240596,4.336808689942018e-19
43,216,9,shapley_mc,Monte Carlo Shapley,0.7999999999999999,0.7666666666666667,0.003842157792378398,,,0.033333333333333215,6.938893903907228e-18
43,216,9,loo_oracle,LOO oracle,0.9833333333333333,1.0,0.0020570180987948272,,,-0.01666666666666672,6.938893903907228e-18
43,216,9,lime,LIME,0.9,0.8833333333333333,0.0020570180987948272,,,0.01666666666666672,6.938893903907228e-18
43,217,20,shapley_mc,Monte Carlo Shapley,0.43909774436090226,0.38646616541353385,0.0004994453367294649,,,0.05263157894736842,0.0
43,217,20,loo_oracle,LOO oracle,0.9894736842105262,1.0,6.69867387792511e-06,,,-0.010526315789473828,0.0
43,217,20,lime,LIME,0.9413533834586465,0.9308270676691727,6.69867387792511e-06,,,0.010526315789473828,0.0
43,218,12,shapley_mc,Monte Carlo Shapley,0.8741258741258742,0.8741258741258742,-0.006103321390572014,,,0.0,1.3877787807814457e-17
43,218,12,loo_oracle,LOO oracle,1.0,1.0,-0.006103321390572014,,,0.0,1.3877787807814457e-17
43,218,12,lime,LIME,0.965034965034965,0.965034965034965,-0.006103321390572014,,,0.0,1.3877787807814457e-17
43,219,20,shapley_mc,Monte Carlo Shapley,0.7984962406015037,0.7744360902255639,1.3968485618853776e-05,,,0.02406015037593978,8.673617379884035e-19
43,219,20,loo_oracle,LOO oracle,0.9834586466165413,1.0,1.3968485618853776e-05,,,-0.016541353383458746,8.673617379884035e-19
43,219,20,lime,LIME,0.9383458646616539,0.9654135338345864,-0.0008655606416488326,,,-0.027067669172932463,8.673617379884035e-19
43,220,10,shapley_mc,Monte Carlo Shapley,0.6969696969696969,0.6969696969696969,0.0004556371275233895,,,0.0,8.673617379884035e-19
43,220,10,loo_oracle,LOO oracle,0.9999999999999999,0.9999999999999999,0.0004556371275233895,,,0.0,8.673617379884035e-19
43,220,10,lime,LIME,0.9393939393939393,0.9393939393939393,0.0004556371275233895,,,0.0,8.673617379884035e-19
43,221,20,shapley_mc,Monte Carlo Shapley,0.78796992481203,0.77593984962406,0.001691280923712013,,,0.012030075187969946,1.734723475976807e-18
43,221,20,loo_oracle,LOO oracle,0.993984962406015,1.0,0.0007948831475483309,,,-0.006015037593985029,1.734723475976807e-18
43,221,20,lime,LIME,0.956390977443609,0.9714285714285714,0.0008228587376691299,,,-0.015037593984962405,1.734723475976807e-18
43,222,20,shapley_mc,Monte Carlo Shapley,0.6436090225563909,0.5924812030075187,9.03814272257275e-06,,,0.05112781954887213,0.0
43,222,20,loo_oracle,LOO oracle,0.9819548872180449,1.0,9.03814272257275e-06,,,-0.018045112781955086,0.0
43,222,20,lime,LIME,0.8285714285714285,0.8571428571428572,9.03814272257275e-06,,,-0.028571428571428692,0.0
43,223,20,shapley_mc,Monte Carlo Shapley,0.9533834586466164,0.9533834586466164,0.0010153310071275845,,,0.0,0.0
43,223,20,loo_oracle,LOO oracle,1.0,1.0,0.0010153310071275845,,,0.0,0.0
43,223,20,lime,LIME,0.9894736842105262,0.9894736842105262,0.0010153310071275845,,,0.0,0.0
43,224,20,shapley_mc,Monte Carlo Shapley,0.5789473684210527,0.6210526315789473,0.0008891056434658373,,,-0.042105263157894646,4.336808689942018e-19
43,224,20,loo_oracle,LOO oracle,0.9774436090225563,1.0,0.00017039185009098956,,,-0.022556390977443663,4.336808689942018e-19
43,224,20,lime,LIME,0.8781954887218045,0.932330827067669,0.00017039185009098956,,,-0.05413533834586448,4.336808689942018e-19
43,225,9,shapley_mc,Monte Carlo Shapley,0.5,0.39999999999999997,0.0004818674134397516,,,0.10000000000000003,0.0
43,225,9,loo_oracle,LOO oracle,0.9333333333333332,1.0,0.0004818674134397516,,,-0.06666666666666676,0.0
43,225,9,lime,LIME,0.8166666666666667,0.8833333333333333,0.0004818674134397516,,,-0.06666666666666665,0.0
43,226,11,shapley_mc,Monte Carlo Shapley,0.7000000000000001,0.6818181818181819,0.0016126256023460406,,,0.018181818181818188,0.0
43,226,11,loo_oracle,LOO oracle,0.9818181818181818,1.0,7.031889354774945e-05,,,-0.018181818181818188,0.0
43,226,11,lime,LIME,0.8909090909090911,0.8545454545454546,-0.0016464725504665711,,,0.03636363636363649,0.0
43,227,20,shapley_mc,Monte Carlo Shapley,0.8676691729323308,0.875187969924812,0.001292057297354987,,,-0.007518796992481147,8.673617379884035e-19
43,227,20,loo_oracle,LOO oracle,0.9954887218045112,1.0,0.0005013745655502166,,,-0.004511278195488799,8.673617379884035e-19
43,227,20,lime,LIME,0.9849624060150375,0.9879699248120299,0.0005013745655502166,,,-0.003007518796992459,8.673617379884035e-19
43,228,20,shapley_mc,Monte Carlo Shapley,0.7669172932330827,0.7609022556390977,0.0009827642188974806,,,0.006015037593984918,0.0
43,228,20,loo_oracle,LOO oracle,0.9924812030075187,1.0,0.0010866279127225709,,,-0.007518796992481258,0.0
43,228,20,lime,LIME,0.813533834586466,0.8571428571428572,0.0004844214276931713,,,-0.04360902255639121,0.0
43,229,20,shapley_mc,Monte Carlo Shapley,0.6872180451127818,0.6721804511278194,0.0004239347925749093,,,0.015037593984962405,4.336808689942018e-19
43,229,20,loo_oracle,LOO oracle,0.9879699248120299,1.0,6.061235960724831e-05,,,-0.012030075187970057,4.336808689942018e-19
43,229,20,lime,LIME,0.7819548872180451,0.8075187969924811,6.061235960724831e-05,,,-0.02556390977443601,4.336808689942018e-19
43,230,20,shapley_mc,Monte Carlo Shapley,0.956390977443609,0.9428571428571428,-0.0015752655364006385,,,0.013533834586466176,3.469446951953614e-18
43,230,20,loo_oracle,LOO oracle,0.9894736842105262,1.0,-0.0007894505361910609,,,-0.010526315789473828,3.469446951953614e-18
43,230,20,lime,LIME,0.9368421052631578,0.9518796992481202,-0.0015752655364006385,,,-0.015037593984962405,3.469446951953614e-18
43,231,20,shapley_mc,Monte Carlo Shapley,0.7624060150375939,0.7503759398496239,0.0012517989538973207,,,0.012030075187969946,2.6020852139652106e-18
43,231,20,loo_oracle,LOO oracle,0.993984962406015,1.0,0.00022399342986839654,,,-0.006015037593985029,2.6020852139652106e-18
43,231,20,lime,LIME,0.9383458646616539,0.9443609022556391,0.00022399342986839654,,,-0.00601503759398514,2.6020852139652106e-18
43,232,20,shapley_mc,Monte Carlo Shapley,0.6661654135338345,0.4451127819548871,0.0019138613378937852,,,0.2210526315789474,1.734723475976807e-18
43,232,20,loo_oracle,LOO oracle,0.9172932330827066,1.0,0.0019138613378937852,,,-0.0827067669172934,1.734723475976807e-18
43,232,20,lime,LIME,0.9639097744360902,0.9308270676691727,0.0019138613378937852,,,0.03308270676691749,1.734723475976807e-18
43,233,20,shapley_mc,Monte Carlo Shapley,0.8601503759398496,0.8601503759398496,0.0012830911906705489,,,0.0,0.0
43,233,20,loo_oracle,LOO oracle,1.0,1.0,0.0013700642683140973,,,0.0,0.0
43,233,20,lime,LIME,0.9488721804511278,0.9488721804511278,0.0013700642683140973,,,0.0,0.0
43,234,20,shapley_mc,Monte Carlo Shapley,0.6496240601503759,0.6661654135338345,0.0006391687247294664,,,-0.016541353383458635,1.3010426069826053e-18
43,234,20,loo_oracle,LOO oracle,0.9609022556390976,1.0,4.037567548709209e-05,,,-0.03909774436090241,1.3010426069826053e-18
43,234,20,lime,LIME,0.8842105263157894,0.9293233082706768,4.037567548709209e-05,,,-0.04511278195488733,1.3010426069826053e-18
43,235,20,shapley_mc,Monte Carlo Shapley,0.724812030075188,0.7278195488721804,0.0011525174284651718,,,-0.003007518796992348,0.0
43,235,20,loo_oracle,LOO oracle,0.9984962406015038,1.0,-7.327660603084762e-05,,,-0.0015037593984962294,0.0
43,235,20,lime,LIME,0.9714285714285714,0.9684210526315788,-7.327660603084762e-05,,,0.00300751879699257,0.0
43,236,20,shapley_mc,Monte Carlo Shapley,0.6090225563909774,0.5744360902255639,0.0003279925547372553,,,0.0345864661654135,0.0
43,236,20,loo_oracle,LOO oracle,0.9819548872180449,1.0,-2.0704985231656536e-05,,,-0.018045112781955086,0.0
43,236,20,lime,LIME,0.8406015037593983,0.8766917293233082,-0.00048278243501675977,,,-0.03609022556390984,0.0
43,237,20,shapley_mc,Monte Carlo Shapley,0.3789473684210526,0.21353383458646616,0.00033036543263764706,,,0.16541353383458643,4.336808689942018e-19
43,237,20,loo_oracle,LOO oracle,0.9082706766917292,1.0,-0.0003441489658113639,,,-0.09172932330827077,4.336808689942018e-19
43,237,20,lime,LIME,0.6586466165413534,0.7999999999999999,6.884241031002158e-05,,,-0.14135338345864656,4.336808689942018e-19
43,238,20,shapley_mc,Monte Carlo Shapley,0.3082706766917293,0.31127819548872177,0.0008596381086166116,,,-0.003007518796992459,8.673617379884035e-19
43,238,20,loo_oracle,LOO oracle,0.9849624060150375,1.0,0.0008596381086166116,,,-0.015037593984962516,8.673617379884035e-19
43,238,20,lime,LIME,0.9203007518796992,0.9518796992481202,0.0008596381086166116,,,-0.03157894736842104,8.673617379884035e-19
43,239,20,shapley_mc,Monte Carlo Shapley,0.7383458646616541,0.7293233082706766,5.510284306531332e-05,,,0.009022556390977488,0.0
43,239,20,loo_oracle,LOO oracle,0.9969924812030074,1.0,5.510284306531332e-05,,,-0.00300751879699257,0.0
43,239,20,lime,LIME,0.9067669172932331,0.9218045112781955,5.510284306531332e-05,,,-0.015037593984962405,0.0
43,240,20,shapley_mc,Monte Carlo Shapley,0.5969924812030075,0.5849624060150376,0.0012799158672789357,,,0.012030075187969946,3.469446951953614e-18
43,240,20,loo_oracle,LOO oracle,0.9984962406015038,1.0,0.0012799158672789357,,,-0.0015037593984962294,3.469446951953614e-18
43,240,20,lime,LIME,0.956390977443609,0.9593984962406013,0.0005568992657395966,,,-0.003007518796992237,3.469446951953614e-18
43,241,20,shapley_mc,Monte Carlo Shapley,0.7368421052631579,0.7473684210526315,0.0006901179087791531,,,-0.010526315789473606,0.0
43,241,20,loo_oracle,LOO oracle,0.9909774436090225,1.0,0.0006901179087791531,,,-0.009022556390977488,0.0
43,241,20,lime,LIME,0.8947368421052632,0.9022556390977443,0.0006901179087791531,,,-0.007518796992481147,0.0
43,242,17,shapley_mc,Monte Carlo Shapley,0.8186274509803922,0.8627450980392157,-0.0019773586664385556,,,-0.044117647058823484,1.734723475976807e-18
43,242,17,loo_oracle,LOO oracle,0.9901960784313727,1.0,-0.0019773586664385556,,,-0.009803921568627305,1.734723475976807e-18
43,242,17,lime,LIME,0.9607843137254902,0.9754901960784315,-0.0019773586664385556,,,-0.014705882352941235,1.734723475976807e-18
43,243,20,shapley_mc,Monte Carlo Shapley,0.7894736842105263,0.7729323308270677,-0.00022399418866247967,,,0.016541353383458635,0.0
43,243,20,loo_oracle,LOO oracle,0.9894736842105262,1.0,-0.00022399418866247967,,,-0.010526315789473828,0.0
43,243,20,lime,LIME,0.932330827067669,0.9578947368421054,-0.00022399418866247967,,,-0.025563909774436344,0.0
43,244,20,shapley_mc,Monte Carlo Shapley,0.9097744360902256,0.8812030075187969,-9.59957320392224e-05,,,0.028571428571428692,4.336808689942018e-19
43,244,20,loo_oracle,LOO oracle,0.9849624060150375,1.0,-0.000839142644948887,,,-0.015037593984962516,4.336808689942018e-19
43,244,20,lime,LIME,0.9112781954887217,0.9383458646616539,-0.000839142644948887,,,-0.02706766917293224,4.336808689942018e-19
43,245,17,shapley_mc,Monte Carlo Shapley,0.556372549019608,0.536764705882353,0.0003055366735704168,,,0.019607843137254943,0.0
43,245,17,loo_oracle,LOO oracle,0.9779411764705883,1.0,0.0003042493835263005,,,-0.022058823529411686,0.0
43,245,17,lime,LIME,0.8799019607843139,0.9191176470588237,0.0003042493835263005,,,-0.039215686274509776,0.0
43,246,17,shapley_mc,Monte Carlo Shapley,0.5857843137254902,0.5612745098039216,0.001666017585823465,,,0.02450980392156865,0.0
43,246,17,loo_oracle,LOO oracle,0.965686274509804,1.0,0.0007526626561767391,,,-0.034313725490195957,0.0
43,246,17,lime,LIME,0.8995098039215688,0.9240196078431374,0.0007526626561767391,,,-0.02450980392156865,0.0
43,247,20,shapley_mc,Monte Carlo Shapley,0.9233082706766916,0.9248120300751879,0.00011232777638336966,,,-0.0015037593984962294,8.673617379884035e-19
43,247,20,loo_oracle,LOO oracle,0.9954887218045112,1.0,8.524568973078406e-05,,,-0.004511278195488799,8.673617379884035e-19
43,247,20,lime,LIME,0.9909774436090225,0.9909774436090225,0.00011232777638336966,,,0.0,8.673617379884035e-19
43,248,20,shapley_mc,Monte Carlo Shapley,0.8556390977443609,0.8120300751879698,8.729801776419244e-05,,,0.0436090225563911,4.336808689942018e-19
43,248,20,loo_oracle,LOO oracle,0.9789473684210527,1.0,8.729801776419244e-05,,,-0.021052631578947323,4.336808689942018e-19
43,248,20,lime,LIME,0.8721804511278194,0.8721804511278194,8.729801776419244e-05,,,0.0,4.336808689942018e-19
43,249,10,shapley_mc,Monte Carlo Shapley,0.6121212121212121,0.5878787878787878,0.00024271304848089148,,,0.024242424242424288,8.673617379884035e-19
43,249,10,loo_oracle,LOO oracle,0.9515151515151514,0.9999999999999999,0.00024271304848089148,,,-0.048484848484848464,8.673617379884035e-19
43,249,10,lime,LIME,0.9393939393939393,0.8909090909090909,0.00024271304848089148,,,0.048484848484848464,8.673617379884035e-19
43,250,20,shapley_mc,Monte Carlo Shapley,0.837593984962406,0.8421052631578947,0.000716974445576779,,,-0.004511278195488688,1.734723475976807e-18
43,250,20,loo_oracle,LOO oracle,0.9984962406015038,1.0,0.000716974445576779,,,-0.0015037593984962294,1.734723475976807e-18
43,250,20,lime,LIME,0.9458646616541352,0.9428571428571428,8.534014796501843e-06,,,0.003007518796992348,1.734723475976807e-18
43,251,20,shapley_mc,Monte Carlo Shapley,0.6541353383458646,0.6,0.00021730538505687624,,,0.05413533834586459,1.734723475976807e-18
43,251,20,loo_oracle,LOO oracle,0.9593984962406013,1.0,0.00021730538505687624,,,-0.04060150375939875,1.734723475976807e-18
43,251,20,lime,LIME,0.9037593984962405,0.9533834586466164,0.00021730538505687624,,,-0.049624060150375904,1.734723475976807e-18
43,252,20,shapley_mc,Monte Carlo Shapley,0.882706766917293,0.8842105263157894,0.0011527490850060107,,,-0.0015037593984964515,0.0
43,252,20,loo_oracle,LOO oracle,0.9894736842105262,1.0,0.0011527490850060107,,,-0.010526315789473828,0.0
43,252,20,lime,LIME,0.9759398496240601,0.9639097744360902,0.0011527490850060107,,,0.012030075187969946,0.0
43,253,14,shapley_mc,Monte Carlo Shapley,0.8769230769230769,0.8725274725274725,9.362721949685016e-05,,,0.00439560439560438,8.673617379884035e-19
43,253,14,loo_oracle,LOO oracle,0.9956043956043955,1.0,6.93051155380986e-05,,,-0.004395604395604491,8.673617379884035e-19
43,253,14,lime,LIME,0.9340659340659341,0.9472527472527472,-0.0008068124005201072,,,-0.01318681318681314,8.673617379884035e-19
43,254,20,shapley_mc,Monte Carlo Shapley,0.593984962406015,0.5669172932330826,0.0008925910288525851,,,0.02706766917293235,0.0
43,254,20,loo_oracle,LOO oracle,0.9969924812030074,1.0,0.00010045169960326561,,,-0.00300751879699257,0.0
43,254,20,lime,LIME,0.9744360902255638,0.9729323308270676,0.00010045169960326561,,,0.0015037593984961184,0.0
43,255,20,shapley_mc,Monte Carlo Shapley,0.6210526315789473,0.5473684210526315,0.000280574351755436,,,0.0736842105263158,0.0
43,255,20,loo_oracle,LOO oracle,0.9413533834586465,1.0,-1.6299332406766176e-05,,,-0.0586466165413535,0.0
43,255,20,lime,LIME,0.7789473684210525,0.8857142857142858,-0.0004204829801220389,,,-0.10676691729323329,0.0
43,256,20,shapley_mc,Monte Carlo Shapley,0.8616541353383457,0.8616541353383457,0.0012054568275259303,,,0.0,1.734723475976807e-18
43,256,20,loo_oracle,LOO oracle,1.0,1.0,0.00022775540742570044,,,0.0,1.734723475976807e-18
43,256,20,lime,LIME,0.9834586466165413,0.9834586466165413,0.00022775540742570044,,,0.0,1.734723475976807e-18
43,257,20,shapley_mc,Monte Carlo Shapley,0.806015037593985,0.806015037593985,0.001769295553760819,,,0.0,3.469446951953614e-18
43,257,20,loo_oracle,LOO oracle,1.0,1.0,0.001769295553760819,,,0.0,3.469446951953614e-18
43,257,20,lime,LIME,0.9894736842105262,0.9894736842105262,0.001769295553760819,,,0.0,3.469446951953614e-18
43,258,20,shapley_mc,Monte Carlo Shapley,0.831578947368421,0.819548872180451,0.002074430084439638,,,0.012030075187969946,3.469446951953614e-18
43,258,20,loo_oracle,LOO oracle,0.9984962406015038,1.0,0.0009918954988623052,,,-0.0015037593984962294,3.469446951953614e-18
43,258,20,lime,LIME,0.9684210526315788,0.9699248120300751,0.001010942011737681,,,-0.0015037593984962294,3.469446951953614e-18
43,259,20,shapley_mc,Monte Carlo Shapley,0.7263157894736841,0.6947368421052631,7.787951024118556e-05,,,0.03157894736842104,0.0
43,259,20,loo_oracle,LOO oracle,0.9488721804511278,1.0,7.787951024118556e-05,,,-0.051127819548872244,0.0
43,259,20,lime,LIME,0.8932330827067668,0.9172932330827066,-0.0004895212832965457,,,-0.02406015037593978,0.0
43,260,20,shapley_mc,Monte Carlo Shapley,0.7022556390977444,0.6766917293233082,0.0005690714351707093,,,0.025563909774436122,0.0
43,260,20,loo_oracle,LOO oracle,0.9548872180451128,1.0,3.8582081252513944e-05,,,-0.045112781954887216,0.0
43,260,20,lime,LIME,0.9218045112781955,0.9368421052631578,-0.0006081302554563073,,,-0.015037593984962294,0.0
43,261,20,shapley_mc,Monte Carlo Shapley,0.4616541353383458,0.3609022556390977,-0.00010238073436996675,,,0.10075187969924809,0.0
43,261,20,loo_oracle,LOO oracle,0.9699248120300751,1.0,-0.0005031040959140309,,,-0.03007518796992492,0.0
43,261,20,lime,LIME,0.7924812030075187,0.8526315789473683,-0.00044514036271314783,,,-0.06015037593984962,0.0
43,262,20,shapley_mc,Monte Carlo Shapley,0.8857142857142858,0.9052631578947368,-0.0016758079188718966,,,-0.019548872180450982,3.469446951953614e-18
43,262,20,loo_oracle,LOO oracle,0.993984962406015,1.0,-0.0016916226883680885,,,-0.006015037593985029,3.469446951953614e-18
43,262,20,lime,LIME,0.9834586466165413,0.9834586466165413,-0.0016758079188718966,,,0.0,3.469446951953614e-18
43,263,20,shapley_mc,Monte Carlo Shapley,0.8691729323308269,0.8586466165413533,0.0007446635332293283,,,0.010526315789473606,8.673617379884035e-19
43,263,20,loo_oracle,LOO oracle,0.993984962406015,1.0,0.0007446635332293283,,,-0.006015037593985029,8.673617379884035e-19
43,263,20,lime,LIME,0.956390977443609,0.9609022556390976,0.0007446635332293283,,,-0.004511278195488577,8.673617379884035e-19
43,264,20,shapley_mc,Monte Carlo Shapley,0.793984962406015,0.793984962406015,0.0014210445822300244,,,0.0,5.204170427930421e-18
43,264,20,loo_oracle,LOO oracle,1.0,1.0,8.689729864330697e-05,,,0.0,5.204170427930421e-18
43,264,20,lime,LIME,0.9819548872180449,0.9819548872180449,8.689729864330697e-05,,,0.0,5.204170427930421e-18
43,265,20,shapley_mc,Monte Carlo Shapley,0.8736842105263156,0.8721804511278194,-0.006366039351608066,,,0.0015037593984962294,1.3877787807814457e-17
43,265,20,loo_oracle,LOO oracle,0.9984962406015038,1.0,-0.006366039351608066,,,-0.0015037593984962294,1.3877787807814457e-17
43,265,20,lime,LIME,0.9503759398496241,0.9458646616541352,-0.006366039351608066,,,0.00451127819548891,1.3877787807814457e-17
43,266,20,shapley_mc,Monte Carlo Shapley,0.6766917293233082,0.6541353383458646,0.0020481626882923876,,,0.022556390977443663,3.469446951953614e-18
43,266,20,loo_oracle,LOO oracle,0.9984962406015038,1.0,0.00138482198058959,,,-0.0015037593984962294,3.469446951953614e-18
43,266,20,lime,LIME,0.9879699248120299,0.9864661654135337,0.00138482198058959,,,0.0015037593984962294,3.469446951953614e-18
43,267,20,shapley_mc,Monte Carlo Shapley,0.5714285714285714,0.4270676691729323,0.0005779183049151593,,,0.14436090225563908,0.0
43,267,20,loo_oracle,LOO oracle,0.8947368421052632,1.0,0.0005779183049151593,,,-0.10526315789473684,0.0
43,267,20,lime,LIME,0.7533834586466165,0.8796992481203006,9.326799321485169e-05,,,-0.12631578947368416,0.0
43,268,17,shapley_mc,Monte Carlo Shapley,0.8700980392156864,0.8897058823529412,-0.0002263304934944088,,,-0.019607843137254832,1.0842021724855044e-18
43,268,17,loo_oracle,LOO oracle,0.9950980392156863,1.0,-0.0002263304934944088,,,-0.004901960784313708,1.0842021724855044e-18
43,268,17,lime,LIME,0.8725490196078433,0.8848039215686275,-0.0002263304934944088,,,-0.01225490196078427,1.0842021724855044e-18
43,269,20,shapley_mc,Monte Carlo Shapley,0.8406015037593983,0.863157894736842,-0.0007933878121263449,,,-0.022556390977443663,6.505213034913027e-19
43,269,20,loo_oracle,LOO oracle,0.9894736842105262,1.0,-0.00019329959439662314,,,-0.010526315789473828,6.505213034913027e-19
43,269,20,lime,LIME,0.8691729323308269,0.8932330827067668,-0.0007933878121263449,,,-0.024060150375939893,6.505213034913027e-19
43,270,20,shapley_mc,Monte Carlo Shapley,0.882706766917293,0.819548872180451,8.765263120213973e-06,,,0.06315789473684197,1.0842021724855044e-19
43,270,20,loo_oracle,LOO oracle,0.9639097744360902,1.0,8.765263120213973e-06,,,-0.03609022556390984,1.0842021724855044e-19
43,270,20,lime,LIME,0.9248120300751879,0.9488721804511278,8.765263120213973e-06,,,-0.024060150375939893,1.0842021724855044e-19
43,271,20,shapley_mc,Monte Carlo Shapley,0.7533834586466165,0.7473684210526315,0.0009144172825475416,,,0.006015037593985029,0.0
43,271,20,loo_oracle,LOO oracle,0.9864661654135337,1.0,0.0009144172825475416,,,-0.013533834586466287,0.0
43,271,20,lime,LIME,0.9308270676691727,0.932330827067669,0.0009144172825475416,,,-0.0015037593984963404,0.0
43,272,20,shapley_mc,Monte Carlo Shapley,0.8225563909774435,0.7729323308270677,0.0012775421135277076,,,0.04962406015037579,1.734723475976807e-18
43,272,20,loo_oracle,LOO oracle,0.9879699248120299,1.0,0.00034509885980321675,,,-0.012030075187970057,1.734723475976807e-18
43,272,20,lime,LIME,0.9488721804511278,0.9428571428571428,0.00034509885980321675,,,0.006015037593984918,1.734723475976807e-18
43,273,20,shapley_mc,Monte Carlo Shapley,0.8225563909774435,0.8270676691729323,-1.9330841803388843e-05,,,-0.004511278195488799,0.0
43,273,20,loo_oracle,LOO oracle,0.9894736842105262,1.0,-1.9330841803388843e-05,,,-0.010526315789473828,0.0
43,273,20,lime,LIME,0.8706766917293233,0.8842105263157894,-1.9330841803388843e-05,,,-0.013533834586466176,0.0
43,274,20,shapley_mc,Monte Carlo Shapley,0.8075187969924811,0.7398496240601502,-7.362876979233324e-05,,,0.06766917293233088,4.336808689942018e-19
43,274,20,loo_oracle,LOO oracle,0.9759398496240601,1.0,-7.362876979233324e-05,,,-0.024060150375939893,4.336808689942018e-19
43,274,20,lime,LIME,0.8661654135338346,0.9233082706766916,-0.0006608715955864208,,,-0.05714285714285705,4.336808689942018e-19
43,275,12,shapley_mc,Monte Carlo Shapley,0.9440559440559443,0.9440559440559443,0.00030107466761020163,,,0.0,0.0
43,275,12,loo_oracle,LOO oracle,1.0,1.0,0.0013350334492930882,,,0.0,0.0
43,275,12,lime,LIME,0.8601398601398602,0.8601398601398602,0.00030107466761020163,,,0.0,0.0
43,276,14,shapley_mc,Monte Carlo Shapley,0.8285714285714285,0.8285714285714285,-0.003431309084100831,,,0.0,6.938893903907228e-18
43,276,14,loo_oracle,LOO oracle,1.0,1.0,-0.003431309084100831,,,0.0,6.938893903907228e-18
43,276,14,lime,LIME,0.9736263736263736,0.9736263736263736,-0.003431309084100831,,,0.0,6.938893903907228e-18
43,277,20,shapley_mc,Monte Carlo Shapley,0.7563909774436091,0.7127819548872181,0.00038590148709238825,,,0.043609022556390986,0.0
43,277,20,loo_oracle,LOO oracle,0.8962406015037594,1.0,-4.071016804513272e-05,,,-0.1037593984962406,0.0
43,277,20,lime,LIME,0.7413533834586465,0.8661654135338346,-0.00039865952020862183,,,-0.12481203007518804,0.0
43,278,13,shapley_mc,Monte Carlo Shapley,0.8681318681318682,0.8791208791208791,1.60660801334922e-05,,,-0.01098901098901095,1.734723475976807e-18
43,278,13,loo_oracle,LOO oracle,0.989010989010989,1.0,6.892422039772583e-05,,,-0.01098901098901095,1.734723475976807e-18
43,278,13,lime,LIME,0.901098901098901,0.9395604395604396,6.892422039772583e-05,,,-0.03846153846153855,1.734723475976807e-18
43,279,20,shapley_mc,Monte Carlo Shapley,0.5458646616541353,0.5593984962406015,0.00017364840877115428,,,-0.013533834586466176,0.0
43,279,20,loo_oracle,LOO oracle,0.9879699248120299,1.0,0.00017364840877115428,,,-0.012030075187970057,0.0
43,279,20,lime,LIME,0.8075187969924811,0.7864661654135338,0.00017364840877115428,,,0.021052631578947323,0.0
43,280,20,shapley_mc,Monte Carlo Shapley,0.8887218045112781,0.8887218045112781,-0.0018310332392809103,,,0.0,1.3010426069826053e-18
43,280,20,loo_oracle,LOO oracle,0.9909774436090225,1.0,-0.0017876211639250572,,,-0.009022556390977488,1.3010426069826053e-18
43,280,20,lime,LIME,0.9097744360902256,0.9157894736842105,-0.0017876211639250572,,,-0.006015037593984918,1.3010426069826053e-18
43,281,13,shapley_mc,Monte Carlo Shapley,0.945054945054945,0.945054945054945,0.003977278698998388,,,0.0,0.0
43,281,13,loo_oracle,LOO oracle,1.0,1.0,0.004101010690815643,,,0.0,0.0
43,281,13,lime,LIME,0.945054945054945,0.945054945054945,0.004101010690815643,,,0.0,0.0
43,282,20,shapley_mc,Monte Carlo Shapley,0.9022556390977443,0.9248120300751879,-0.0019810675576376058,,,-0.022556390977443552,1.734723475976807e-18
43,282,20,loo_oracle,LOO oracle,0.9909774436090225,1.0,-0.0019810675576376058,,,-0.009022556390977488,1.734723475976807e-18
43,282,20,lime,LIME,0.9834586466165413,0.9789473684210527,-0.0019810675576376058,,,0.004511278195488577,1.734723475976807e-18
43,283,20,shapley_mc,Monte Carlo Shapley,0.849624060150376,0.8210526315789473,-0.00014088620933006002,,,0.028571428571428692,1.0842021724855044e-18
43,283,20,loo_oracle,LOO oracle,0.9909774436090225,1.0,-8.159169332366822e-05,,,-0.009022556390977488,1.0842021724855044e-18
43,283,20,lime,LIME,0.8390977443609022,0.8676691729323308,-8.159169332366822e-05,,,-0.02857142857142858,1.0842021724855044e-18
43,284,20,shapley_mc,Monte Carlo Shapley,0.7428571428571428,0.7819548872180451,0.0011397324647252627,,,-0.0390977443609023,1.734723475976807e-18
43,284,20,loo_oracle,LOO oracle,0.9819548872180449,1.0,0.0004806828786740325,,,-0.018045112781955086,1.734723475976807e-18
43,284,20,lime,LIME,0.9398496240601503,0.9518796992481202,0.0004806828786740325,,,-0.012030075187969946,1.734723475976807e-18
43,285,20,shapley_mc,Monte Carlo Shapley,0.7593984962406014,0.7593984962406014,0.001439680770441043,,,0.0,3.469446951953614e-18
43,285,20,loo_oracle,LOO oracle,1.0,1.0,0.001636820822613183,,,0.0,3.469446951953614e-18
43,285,20,lime,LIME,0.9699248120300751,0.9699248120300751,0.001636820822613183,,,0.0,3.469446951953614e-18
43,286,20,shapley_mc,Monte Carlo Shapley,0.8932330827067668,0.8947368421052632,5.6107775987634945e-05,,,-0.0015037593984963404,1.0842021724855044e-19
43,286,20,loo_oracle,LOO oracle,0.9969924812030074,1.0,5.6107775987634945e-05,,,-0.00300751879699257,1.0842021724855044e-19
43,286,20,lime,LIME,0.932330827067669,0.9398496240601503,5.6107775987634945e-05,,,-0.007518796992481258,1.0842021724855044e-19
43,287,20,shapley_mc,Monte Carlo Shapley,0.7368421052631579,0.7022556390977444,0.0007272781708215215,,,0.0345864661654135,0.0
43,287,20,loo_oracle,LOO oracle,0.9894736842105262,1.0,-2.159574746418702e-05,,,-0.010526315789473828,0.0
43,287,20,lime,LIME,0.9488721804511278,0.9699248120300751,-5.5322108335364995e-05,,,-0.021052631578947323,0.0
43,288,20,shapley_mc,Monte Carlo Shapley,0.7578947368421052,0.7458646616541353,0.0007712734374175634,,,0.012030075187969835,8.673617379884035e-19
43,288,20,loo_oracle,LOO oracle,0.9879699248120299,1.0,9.080432141489458e-05,,,-0.012030075187970057,8.673617379884035e-19
43,288,20,lime,LIME,0.9353383458646616,0.9639097744360902,9.080432141489458e-05,,,-0.02857142857142858,8.673617379884035e-19
43,289,11,shapley_mc,Monte Carlo Shapley,0.7727272727272727,0.7727272727272727,0.003223871581002735,,,0.0,3.469446951953614e-18
43,289,11,loo_oracle,LOO oracle,1.0,1.0,0.003223871581002735,,,0.0,3.469446951953614e-18
43,289,11,lime,LIME,0.9363636363636365,0.9363636363636365,0.0005263104102338767,,,0.0,3.469446951953614e-18
43,290,20,shapley_mc,Monte Carlo Shapley,0.849624060150376,0.8285714285714285,2.6253961788180735e-05,,,0.021052631578947434,8.673617379884035e-19
43,290,20,loo_oracle,LOO oracle,0.9684210526315788,1.0,2.6253961788180735e-05,,,-0.03157894736842115,8.673617379884035e-19
43,290,20,lime,LIME,0.8616541353383457,0.9082706766917292,-0.0007069335901866425,,,-0.046616541353383556,8.673617379884035e-19
43,291,20,shapley_mc,Monte Carlo Shapley,0.8406015037593983,0.8406015037593983,-0.003387912828642814,,,0.0,6.938893903907228e-18
43,291,20,loo_oracle,LOO oracle,1.0,1.0,-0.0043877996578644,,,0.0,6.938893903907228e-18
43,291,20,lime,LIME,0.9804511278195487,0.9804511278195487,-0.00024909335722833603,,,0.0,6.938893903907228e-18
43,292,20,shapley_mc,Monte Carlo Shapley,0.9353383458646616,0.9142857142857143,0.000807527502215799,,,0.021052631578947323,0.0
43,292,20,loo_oracle,LOO oracle,0.9849624060150375,1.0,-0.0008242325622699886,,,-0.015037593984962516,0.0
43,292,20,lime,LIME,0.9609022556390976,0.9774436090225563,-0.0008242325622699886,,,-0.016541353383458746,0.0
43,293,20,shapley_mc,Monte Carlo Shapley,0.6165413533834586,0.5639097744360902,0.0012860918448330816,,,0.05263157894736836,0.0
43,293,20,loo_oracle,LOO oracle,0.9864661654135337,1.0,0.0006300226878896975,,,-0.013533834586466287,0.0
43,293,20,lime,LIME,0.9398496240601503,0.9473684210526315,0.0006300226878896975,,,-0.007518796992481258,0.0
43,294,20,shapley_mc,Monte Carlo Shapley,0.7969924812030074,0.8225563909774435,-0.001937651836758536,,,-0.025563909774436122,3.469446951953614e-18
43,294,20,loo_oracle,LOO oracle,0.9894736842105262,1.0,-0.0008223439981999148,,,-0.010526315789473828,3.469446951953614e-18
43,294,20,lime,LIME,0.9172932330827066,0.9157894736842105,-0.0008223439981999148,,,0.0015037593984961184,3.469446951953614e-18
43,295,20,shapley_mc,Monte Carlo Shapley,0.8045112781954886,0.7233082706766917,-0.00019357512242834662,,,0.08120300751879694,0.0
43,295,20,loo_oracle,LOO oracle,0.9428571428571428,1.0,-0.00019357512242834662,,,-0.05714285714285716,0.0
43,295,20,lime,LIME,0.8691729323308269,0.9443609022556391,-0.00019357512242834662,,,-0.07518796992481214,0.0
43,296,20,shapley_mc,Monte Carlo Shapley,0.9398496240601503,0.9413533834586465,-0.002605000580247041,,,-0.0015037593984962294,3.469446951953614e-18
43,296,20,loo_oracle,LOO oracle,0.9984962406015038,1.0,-0.002605000580247041,,,-0.0015037593984962294,3.469446951953614e-18
43,296,20,lime,LIME,0.9924812030075187,0.9909774436090225,-0.002605000580247041,,,0.0015037593984962294,3.469446951953614e-18
43,297,19,shapley_mc,Monte Carlo Shapley,0.9192982456140351,0.9175438596491228,0.0007408421050648095,,,0.0017543859649122862,4.336808689942018e-19
43,297,19,loo_oracle,LOO oracle,0.9982456140350877,1.0,0.00014426122899729998,,,-0.0017543859649122862,4.336808689942018e-19
43,297,19,lime,LIME,0.9614035087719298,0.9631578947368421,0.00014426122899729998,,,-0.0017543859649122862,4.336808689942018e-19
43,298,20,shapley_mc,Monte Carlo Shapley,0.7368421052631579,0.7789473684210525,-0.0008765323545771864,,,-0.042105263157894646,8.673617379884035e-19
43,298,20,loo_oracle,LOO oracle,0.9864661654135337,1.0,-0.0008765323545771864,,,-0.013533834586466287,8.673617379884035e-19
43,298,20,lime,LIME,0.8992481203007519,0.9383458646616539,-0.0008765323545771864,,,-0.039097744360902076,8.673617379884035e-19
43,299,20,shapley_mc,Monte Carlo Shapley,0.7443609022556391,0.7112781954887217,-5.015819440418179e-05,,,0.03308270676691738,8.673617379884035e-19
43,299,20,loo_oracle,LOO oracle,0.9624060150375938,1.0,5.9194362684811264e-05,,,-0.03759398496240618,8.673617379884035e-19
43,299,20,lime,LIME,0.8616541353383457,0.9413533834586465,5.9194362684811264e-05,,,-0.07969924812030083,8.673617379884035e-19
43,300,20,shapley_mc,Monte Carlo Shapley,0.5984962406015037,0.4541353383458646,0.0003748956937544845,,,0.14436090225563913,5.149960319306146e-19
43,300,20,loo_oracle,LOO oracle,0.9503759398496241,1.0,0.0001367577777713347,,,-0.049624060150375904,5.149960319306146e-19
43,300,20,lime,LIME,0.732330827067669,0.7157894736842104,0.0001367577777713347,,,0.016541353383458635,5.149960319306146e-19
43,301,20,shapley_mc,Monte Carlo Shapley,0.6060150375939849,0.6150375939849623,0.000888703766931398,,,-0.009022556390977376,8.673617379884035e-19
43,301,20,loo_oracle,LOO oracle,0.9924812030075187,1.0,0.0009343445652726934,,,-0.007518796992481258,8.673617379884035e-19
43,301,20,lime,LIME,0.9142857142857143,0.9218045112781955,0.00015948565411139093,,,-0.007518796992481258,8.673617379884035e-19
43,302,20,shapley_mc,Monte Carlo Shapley,0.7849624060150376,0.6676691729323309,-0.00018229137036079868,,,0.11729323308270678,0.0
43,302,20,loo_oracle,LOO oracle,0.9578947368421054,1.0,1.930448623749248e-05,,,-0.042105263157894646,0.0
43,302,20,lime,LIME,0.7999999999999999,0.8451127819548873,-0.0005490001126123301,,,-0.04511278195488733,0.0
43,303,12,shapley_mc,Monte Carlo Shapley,0.6503496503496504,0.44755244755244755,0.0010762195719487,,,0.20279720279720287,8.673617379884035e-19
43,303,12,loo_oracle,LOO oracle,0.9440559440559443,1.0,0.00010701353704878347,,,-0.055944055944055715,8.673617379884035e-19
43,303,12,lime,LIME,0.8671328671328673,0.9300699300699302,0.00010701353704878347,,,-0.06293706293706292,8.673617379884035e-19
43,304,20,shapley_mc,Monte Carlo Shapley,0.5112781954887218,0.4992481203007519,-0.00015320489023662454,,,0.01203007518796989,8.673617379884035e-19
43,304,20,loo_oracle,LOO oracle,0.9714285714285714,1.0,-0.0004414819500666023,,,-0.02857142857142858,8.673617379884035e-19
43,304,20,lime,LIME,0.7112781954887217,0.7819548872180451,-0.00042532949909529494,,,-0.07067669172932334,8.673617379884035e-19
43,305,20,shapley_mc,Monte Carlo Shapley,0.7443609022556391,0.77593984962406,-0.0006051360159335939,,,-0.03157894736842093,4.336808689942018e-19
43,305,20,loo_oracle,LOO oracle,0.9879699248120299,1.0,-0.0006051360159335939,,,-0.012030075187970057,4.336808689942018e-19
43,305,20,lime,LIME,0.8270676691729323,0.8721804511278194,-0.0006051360159335939,,,-0.045112781954887105,4.336808689942018e-19
43,306,20,shapley_mc,Monte Carlo Shapley,0.8541353383458646,0.8511278195488721,-5.2388546167847494e-05,,,0.00300751879699257,4.336808689942018e-19
43,306,20,loo_oracle,LOO oracle,0.9909774436090225,1.0,-5.2388546167847494e-05,,,-0.009022556390977488,4.336808689942018e-19
43,306,20,lime,LIME,0.9278195488721804,0.918796992481203,-5.2388546167847494e-05,,,0.009022556390977488,4.336808689942018e-19
43,307,20,shapley_mc,Monte Carlo Shapley,0.6180451127819548,0.5052631578947367,0.00030771306938781606,,,0.1127819548872181,4.336808689942018e-19
43,307,20,loo_oracle,LOO oracle,0.956390977443609,1.0,-0.0003905690101896897,,,-0.043609022556390986,4.336808689942018e-19
43,307,20,lime,LIME,0.9218045112781955,0.9263157894736842,-0.0003631844193856537,,,-0.004511278195488688,4.336808689942018e-19
43,308,20,shapley_mc,Monte Carlo Shapley,0.5428571428571428,0.5052631578947367,-0.0006421670336786978,,,0.03759398496240607,4.336808689942018e-19
43,308,20,loo_oracle,LOO oracle,0.9909774436090225,1.0,-0.0006421670336786978,,,-0.009022556390977488,4.336808689942018e-19
43,308,20,lime,LIME,0.8796992481203006,0.900751879699248,-0.0006421670336786978,,,-0.021052631578947323,4.336808689942018e-19
43,309,20,shapley_mc,Monte Carlo Shapley,0.8601503759398496,0.8601503759398496,0.0014863977597271427,,,0.0,8.673617379884035e-19
43,309,20,loo_oracle,LOO oracle,1.0,1.0,0.0014863977597271427,,,0.0,8.673617379884035e-19
43,309,20,lime,LIME,0.9639097744360902,0.9639097744360902,0.0014863977597271427,,,0.0,8.673617379884035e-19
43,310,15,shapley_mc,Monte Carlo Shapley,0.8035714285714284,0.8035714285714284,-0.0035551109132397896,,,0.0,0.0
43,310,15,loo_oracle,LOO oracle,1.0,1.0,-0.0035551109132397896,,,0.0,0.0
43,310,15,lime,LIME,0.9535714285714283,0.9535714285714283,-0.0035551109132397896,,,0.0,0.0
43,311,20,shapley_mc,Monte Carlo Shapley,0.8947368421052632,0.8857142857142858,0.001321032954986645,,,0.009022556390977376,1.734723475976807e-18
43,311,20,loo_oracle,LOO oracle,0.993984962406015,1.0,0.001321032954986645,,,-0.006015037593985029,1.734723475976807e-18
43,311,20,lime,LIME,0.9593984962406013,0.9684210526315788,0.00024580177715949336,,,-0.009022556390977599,1.734723475976807e-18
43,312,18,shapley_mc,Monte Carlo Shapley,0.9422084623323013,0.9422084623323013,-0.003282700820743001,,,0.0,1.0408340855860843e-17
43,312,18,loo_oracle,LOO oracle,1.0,1.0,-0.0036014658193557203,,,0.0,1.0408340855860843e-17
43,312,18,lime,LIME,0.9876160990712075,0.9876160990712075,-0.0036014658193557203,,,0.0,1.0408340855860843e-17
43,313,20,shapley_mc,Monte Carlo Shapley,0.7157894736842104,0.6992481203007518,0.0012655606260800756,,,0.016541353383458635,1.734723475976807e-18
43,313,20,loo_oracle,LOO oracle,0.9954887218045112,1.0,0.001259995052477203,,,-0.004511278195488799,1.734723475976807e-18
43,313,20,lime,LIME,0.9428571428571428,0.9624060150375938,0.0012655606260800756,,,-0.019548872180450982,1.734723475976807e-18
43,314,13,shapley_mc,Monte Carlo Shapley,0.7857142857142857,0.7472527472527472,0.0019168054211284868,,,0.03846153846153855,0.0
43,314,13,loo_oracle,LOO oracle,0.9835164835164836,1.0,0.00037907385091751067,,,-0.016483516483516425,0.0
43,314,13,lime,LIME,0.8956043956043955,0.9120879120879121,0.00037907385091751067,,,-0.016483516483516536,0.0
43,315,20,shapley_mc,Monte Carlo Shapley,0.4977443609022556,0.4842105263157894,8.366181212804413e-05,,,0.013533834586466176,8.673617379884035e-19
43,315,20,loo_oracle,LOO oracle,0.993984962406015,1.0,8.366181212804413e-05,,,-0.006015037593985029,8.673617379884035e-19
43,315,20,lime,LIME,0.8511278195488721,0.8661654135338346,8.366181212804413e-05,,,-0.015037593984962516,8.673617379884035e-19
43,316,14,shapley_mc,Monte Carlo Shapley,0.8637362637362638,0.8901098901098902,-0.0013183460464643026,,,-0.02637362637362639,0.0
43,316,14,loo_oracle,LOO oracle,0.9956043956043955,1.0,-0.0014795079966517521,,,-0.004395604395604491,0.0
43,316,14,lime,LIME,0.9384615384615385,0.9516483516483516,-0.0014795079966517521,,,-0.01318681318681314,0.0
43,317,14,shapley_mc,Monte Carlo Shapley,0.5692307692307692,0.5340659340659341,0.002115552974525592,,,0.03516483516483515,3.469446951953614e-18
43,317,14,loo_oracle,LOO oracle,0.9912087912087912,1.0,0.002115552974525592,,,-0.00879120879120876,3.469446951953614e-18
43,317,14,lime,LIME,0.9692307692307693,0.9604395604395607,0.002115552974525592,,,0.008791208791208649,3.469446951953614e-18
43,318,20,shapley_mc,Monte Carlo Shapley,0.5864661654135337,0.6827067669172932,0.0006302706738476327,,,-0.09624060150375946,0.0
43,318,20,loo_oracle,LOO oracle,0.9578947368421054,1.0,2.6575137436313234e-05,,,-0.042105263157894646,0.0
43,318,20,lime,LIME,0.825563909774436,0.8240601503759398,2.6575137436313234e-05,,,0.0015037593984962294,0.0
43,319,16,shapley_mc,Monte Carlo Shapley,0.7647058823529411,0.7588235294117647,0.002006453323788293,,,0.00588235294117645,0.0
43,319,16,loo_oracle,LOO oracle,0.9970588235294118,1.0,0.0007697089809352575,,,-0.002941176470588225,0.0
43,319,16,lime,LIME,0.9852941176470588,0.988235294117647,0.0007697089809352575,,,-0.002941176470588225,0.0
43,320,20,shapley_mc,Monte Carlo Shapley,0.9819548872180449,0.9819548872180449,3.129492021947122e-05,,,0.0,8.673617379884035e-19
43,320,20,loo_oracle,LOO oracle,1.0,1.0,3.129492021947122e-05,,,0.0,8.673617379884035e-19
43,320,20,lime,LIME,0.9669172932330825,0.9669172932330825,-0.0011723940659295051,,,0.0,8.673617379884035e-19
43,321,20,shapley_mc,Monte Carlo Shapley,0.7654135338345864,0.7654135338345864,-0.00012231665818340787,,,0.0,0.0
43,321,20,loo_oracle,LOO oracle,0.9954887218045112,1.0,-0.00012231665818340787,,,-0.004511278195488799,0.0
43,321,20,lime,LIME,0.8661654135338346,0.8511278195488721,-0.00012231665818340787,,,0.015037593984962516,0.0
43,322,20,shapley_mc,Monte Carlo Shapley,0.6646616541353383,0.6375939849624059,-0.0002660917013646569,,,0.02706766917293235,0.0
43,322,20,loo_oracle,LOO oracle,0.9669172932330825,1.0,-0.0006808344320549664,,,-0.03308270676691749,0.0
43,322,20,lime,LIME,0.8045112781954886,0.8857142857142858,-0.0006808344320549664,,,-0.08120300751879717,0.0
43,323,20,shapley_mc,Monte Carlo Shapley,0.882706766917293,0.882706766917293,0.0006479854446153621,,,0.0,4.336808689942018e-19
43,323,20,loo_oracle,LOO oracle,1.0,1.0,2.3603928886783976e-05,,,0.0,4.336808689942018e-19
43,323,20,lime,LIME,0.9203007518796992,0.9203007518796992,2.3603928886783976e-05,,,0.0,4.336808689942018e-19
43,324,20,shapley_mc,Monte Carlo Shapley,0.8165413533834586,0.78796992481203,0.0006165636742861413,,,0.02857142857142858,8.673617379884035e-19
43,324,20,loo_oracle,LOO oracle,0.9669172932330825,1.0,-0.0006563923121389315,,,-0.03308270676691749,8.673617379884035e-19
43,324,20,lime,LIME,0.825563909774436,0.8466165413533834,-0.0006563923121389315,,,-0.021052631578947323,8.673617379884035e-19
43,325,20,shapley_mc,Monte Carlo Shapley,0.7413533834586465,0.7203007518796991,0.0011434160592935227,,,0.021052631578947434,8.673617379884035e-19
43,325,20,loo_oracle,LOO oracle,0.9984962406015038,1.0,0.0011434160592935227,,,-0.0015037593984962294,8.673617379884035e-19
43,325,20,lime,LIME,0.9458646616541352,0.9488721804511278,0.00021025980231192953,,,-0.00300751879699257,8.673617379884035e-19
43,326,20,shapley_mc,Monte Carlo Shapley,0.8571428571428572,0.7834586466165413,0.0009871577998770698,,,0.07368421052631591,1.3010426069826053e-18
43,326,20,loo_oracle,LOO oracle,0.9774436090225563,1.0,0.0009871577998770698,,,-0.022556390977443663,1.3010426069826053e-18
43,326,20,lime,LIME,0.9097744360902256,0.9353383458646616,0.0009871577998770698,,,-0.02556390977443601,1.3010426069826053e-18
43,327,15,shapley_mc,Monte Carlo Shapley,0.7107142857142856,0.6499999999999999,0.0009384840444606746,,,0.06071428571428572,3.469446951953614e-18
43,327,15,loo_oracle,LOO oracle,0.9857142857142854,1.0,-5.8415642075204666e-06,,,-0.014285714285714568,3.469446951953614e-18
43,327,15,lime,LIME,0.9285714285714284,0.9571428571428571,-0.0009344236353351909,,,-0.028571428571428692,3.469446951953614e-18
43,328,20,shapley_mc,Monte Carlo Shapley,0.6210526315789473,0.5744360902255639,0.000786966166223424,,,0.046616541353383445,0.0
43,328,20,loo_oracle,LOO oracle,0.9548872180451128,1.0,0.0003439318509577127,,,-0.045112781954887216,0.0
43,328,20,lime,LIME,0.8902255639097743,0.9443609022556391,0.00035407134754855685,,,-0.054135338345864814,0.0
43,329,20,shapley_mc,Monte Carlo Shapley,0.7533834586466165,0.7308270676691728,0.0012103534715210973,,,0.022556390977443663,1.734723475976807e-18
43,329,20,loo_oracle,LOO oracle,0.9864661654135337,1.0,0.0012103534715210973,,,-0.013533834586466287,1.734723475976807e-18
43,329,20,lime,LIME,0.9624060150375938,0.9774436090225563,0.0012103534715210973,,,-0.015037593984962516,1.734723475976807e-18
43,330,20,shapley_mc,Monte Carlo Shapley,0.5293233082706766,0.5609022556390978,0.0004015830929992581,,,-0.03157894736842115,0.0
43,330,20,loo_oracle,LOO oracle,0.9864661654135337,1.0,0.000706743607283622,,,-0.013533834586466287,0.0
43,330,20,lime,LIME,0.8676691729323308,0.8977443609022555,9.903464973143317e-05,,,-0.0300751879699247,0.0
43,331,20,shapley_mc,Monte Carlo Shapley,0.5864661654135337,0.5398496240601504,0.0017474764032003876,,,0.046616541353383334,0.0
43,331,20,loo_oracle,LOO oracle,0.9894736842105262,1.0,0.0017474764032003876,,,-0.010526315789473828,0.0
43,331,20,lime,LIME,0.9578947368421054,0.9609022556390976,0.0017474764032003876,,,-0.003007518796992237,0.0
43,332,20,shapley_mc,Monte Carlo Shapley,0.7984962406015037,0.7789473684210525,0.0009200248918853626,,,0.019548872180451204,8.673617379884035e-19
43,332,20,loo_oracle,LOO oracle,0.9909774436090225,1.0,0.0009200248918853626,,,-0.009022556390977488,8.673617379884035e-19
43,332,20,lime,LIME,0.956390977443609,0.9714285714285714,0.0009200248918853626,,,-0.015037593984962405,8.673617379884035e-19
43,333,20,shapley_mc,Monte Carlo Shapley,0.7639097744360903,0.7308270676691728,0.0009382948926996426,,,0.03308270676691749,8.673617379884035e-19
43,333,20,loo_oracle,LOO oracle,0.9879699248120299,1.0,0.00022923715055939153,,,-0.012030075187970057,8.673617379884035e-19
43,333,20,lime,LIME,0.9488721804511278,0.9578947368421054,0.00022923715055939153,,,-0.009022556390977599,8.673617379884035e-19
43,334,20,shapley_mc,Monte Carlo Shapley,0.813533834586466,0.7744360902255639,0.0009896615168345502,,,0.039097744360902076,0.0
43,334,20,loo_oracle,LOO oracle,0.9894736842105262,1.0,0.0009767367070075417,,,-0.010526315789473828,0.0
43,334,20,lime,LIME,0.9488721804511278,0.9624060150375938,0.0009896615168345502,,,-0.013533834586466065,0.0
43,335,20,shapley_mc,Monte Carlo Shapley,0.7052631578947368,0.7142857142857143,4.902414629004426e-05,,,-0.009022556390977488,0.0
43,335,20,loo_oracle,LOO oracle,0.9654135338345864,1.0,4.902414629004426e-05,,,-0.03458646616541361,0.0
43,335,20,lime,LIME,0.8330827067669173,0.8932330827067668,4.902414629004426e-05,,,-0.06015037593984951,0.0
43,336,20,shapley_mc,Monte Carlo Shapley,0.6496240601503759,0.6917293233082705,-9.595374654242095e-05,,,-0.042105263157894646,4.336808689942018e-19
43,336,20,loo_oracle,LOO oracle,0.9894736842105262,1.0,-6.993978398511791e-05,,,-0.010526315789473828,4.336808689942018e-19
43,336,20,lime,LIME,0.6721804511278194,0.7112781954887217,-0.00047464079753190003,,,-0.0390977443609023,4.336808689942018e-19
43,337,20,shapley_mc,Monte Carlo Shapley,0.7909774436090224,0.8180451127819548,0.0006747141813649993,,,-0.02706766917293235,0.0
43,337,20,loo_oracle,LOO oracle,0.9864661654135337,1.0,3.222847206180157e-05,,,-0.013533834586466287,0.0
43,337,20,lime,LIME,0.9097744360902256,0.9428571428571428,3.222847206180157e-05,,,-0.03308270676691727,0.0
43,338,20,shapley_mc,Monte Carlo Shapley,0.5473684210526315,0.49022556390977434,-0.00012351798459769858,,,0.05714285714285716,8.673617379884035e-19
43,338,20,loo_oracle,LOO oracle,0.9609022556390976,1.0,-0.0006225617998322219,,,-0.03909774436090241,8.673617379884035e-19
43,338,20,lime,LIME,0.8045112781954886,0.8781954887218045,-0.0006225617998322219,,,-0.07368421052631591,8.673617379884035e-19
43,339,20,shapley_mc,Monte Carlo Shapley,0.7774436090225564,0.7774436090225564,0.0009955955978726005,,,0.0,4.336808689942018e-19
43,339,20,loo_oracle,LOO oracle,1.0,1.0,0.0009955955978726005,,,0.0,4.336808689942018e-19
43,339,20,lime,LIME,0.956390977443609,0.956390977443609,0.00017024509662993959,,,0.0,4.336808689942018e-19
43,340,13,shapley_mc,Monte Carlo Shapley,0.8351648351648352,0.7802197802197801,0.0011310988375248243,,,0.05494505494505508,6.505213034913027e-19
43,340,13,loo_oracle,LOO oracle,0.9615384615384615,1.0,9.376450043518947e-05,,,-0.03846153846153855,6.505213034913027e-19
43,340,13,lime,LIME,0.7472527472527472,0.7857142857142857,0.00011471967005904915,,,-0.03846153846153855,6.505213034913027e-19
43,341,20,shapley_mc,Monte Carlo Shapley,0.7082706766917292,0.7082706766917292,0.0018626325899527285,,,0.0,0.0
43,341,20,loo_oracle,LOO oracle,1.0,1.0,0.001095499731383065,,,0.0,0.0
43,341,20,lime,LIME,0.9714285714285714,0.9714285714285714,0.0011228756416434837,,,0.0,0.0
43,342,20,shapley_mc,Monte Carlo Shapley,0.7669172932330827,0.7699248120300751,0.0006864951451611145,,,-0.003007518796992459,0.0
43,342,20,loo_oracle,LOO oracle,0.9984962406015038,1.0,0.00012910221121431587,,,-0.0015037593984962294,0.0
43,342,20,lime,LIME,0.8962406015037594,0.8977443609022555,0.0001590284137358844,,,-0.0015037593984961184,0.0
43,343,20,shapley_mc,Monte Carlo Shapley,0.875187969924812,0.8736842105263156,0.002903942638739665,,,0.0015037593984963404,6.938893903907228e-18
43,343,20,loo_oracle,LOO oracle,0.9984962406015038,1.0,0.002903942638739665,,,-0.0015037593984962294,6.938893903907228e-18
43,343,20,lime,LIME,0.9699248120300751,0.9714285714285714,0.002903942638739665,,,-0.0015037593984963404,6.938893903907228e-18
43,344,18,shapley_mc,Monte Carlo Shapley,0.9401444788441692,0.9277605779153767,-0.002031616357362487,,,0.01238390092879249,1.734723475976807e-18
43,344,18,loo_oracle,LOO oracle,0.9876160990712075,1.0,-0.002031616357362487,,,-0.01238390092879249,1.734723475976807e-18
43,344,18,lime,LIME,0.9669762641898865,0.977296181630547,-0.002031616357362487,,,-0.01031991744066052,1.734723475976807e-18
43,345,20,shapley_mc,Monte Carlo Shapley,0.6676691729323309,0.6165413533834586,0.00042388426448936034,,,0.051127819548872244,0.0
43,345,20,loo_oracle,LOO oracle,0.9278195488721804,1.0,-0.0004957469183559104,,,-0.07218045112781957,0.0
43,345,20,lime,LIME,0.8360902255639097,0.9037593984962405,-0.0004957469183559104,,,-0.06766917293233088,0.0
43,346,20,shapley_mc,Monte Carlo Shapley,0.7368421052631579,0.7368421052631579,0.0017098048437344526,,,0.0,1.734723475976807e-18
43,346,20,loo_oracle,LOO oracle,1.0,1.0,0.0017098048437344526,,,0.0,1.734723475976807e-18
43,346,20,lime,LIME,0.9774436090225563,0.9774436090225563,0.0017098048437344526,,,0.0,1.734723475976807e-18
43,347,20,shapley_mc,Monte Carlo Shapley,0.37293233082706767,0.3157894736842105,-0.0005172759186389264,,,0.05714285714285716,0.0
43,347,20,loo_oracle,LOO oracle,0.9744360902255638,1.0,-0.0005172759186389264,,,-0.025563909774436233,0.0
43,347,20,lime,LIME,0.6902255639097743,0.7789473684210525,-0.0005172759186389264,,,-0.0887218045112782,0.0
43,348,20,shapley_mc,Monte Carlo Shapley,0.7563909774436091,0.7533834586466165,0.0011593000521841756,,,0.00300751879699257,0.0
43,348,20,loo_oracle,LOO oracle,0.9834586466165413,1.0,0.0011593000521841756,,,-0.016541353383458746,0.0
43,348,20,lime,LIME,0.9293233082706768,0.9548872180451128,0.0003450032242717782,,,-0.02556390977443601,0.0
43,349,20,shapley_mc,Monte Carlo Shapley,0.7984962406015037,0.7984962406015037,-0.00011158980345304936,,,0.0,0.0
43,349,20,loo_oracle,LOO oracle,1.0,1.0,2.530800298605751e-05,,,0.0,0.0
43,349,20,lime,LIME,0.9293233082706768,0.9293233082706768,2.530800298605751e-05,,,0.0,0.0
43,350,20,shapley_mc,Monte Carlo Shapley,0.6661654135338345,0.7052631578947368,-0.00014780810674203115,,,-0.0390977443609023,0.0
43,350,20,loo_oracle,LOO oracle,0.9789473684210527,1.0,-0.00010106318836367034,,,-0.021052631578947323,0.0
43,350,20,lime,LIME,0.7819548872180451,0.8586466165413533,-0.0005803957840748719,,,-0.07669172932330826,0.0
43,351,20,shapley_mc,Monte Carlo Shapley,0.6165413533834586,0.5037593984962406,0.0003293939109695332,,,0.11278195488721798,0.0
43,351,20,loo_oracle,LOO oracle,0.9052631578947368,1.0,8.119319539312553e-05,,,-0.09473684210526323,0.0
43,351,20,lime,LIME,0.7684210526315788,0.8766917293233082,0.00012000731223271721,,,-0.1082706766917294,0.0
43,352,15,shapley_mc,Monte Carlo Shapley,0.8571428571428571,0.8571428571428571,-0.003702156777278476,,,0.0,6.938893903907228e-18
43,352,15,loo_oracle,LOO oracle,1.0,1.0,-0.0013391245213811853,,,0.0,6.938893903907228e-18
43,352,15,lime,LIME,0.982142857142857,0.982142857142857,-0.0013391245213811853,,,0.0,6.938893903907228e-18
43,353,20,shapley_mc,Monte Carlo Shapley,0.8451127819548873,0.8345864661654135,0.0014813859831934728,,,0.010526315789473717,3.469446951953614e-18
43,353,20,loo_oracle,LOO oracle,0.9969924812030074,1.0,0.0005983447916931284,,,-0.00300751879699257,3.469446951953614e-18
43,353,20,lime,LIME,0.9759398496240601,0.9759398496240601,0.0005983447916931284,,,0.0,3.469446951953614e-18
43,354,20,shapley_mc,Monte Carlo Shapley,0.6421052631578947,0.6090225563909774,0.0007511122656364555,,,0.03308270676691738,0.0
43,354,20,loo_oracle,LOO oracle,0.9909774436090225,1.0,0.0001608990353672013,,,-0.009022556390977488,0.0
43,354,20,lime,LIME,0.9473684210526315,0.9593984962406013,0.0001608990353672013,,,-0.012030075187969724,0.0
43,355,17,shapley_mc,Monte Carlo Shapley,0.3970588235294118,0.5049019607843138,0.0011750552930940295,,,-0.10784313725490202,8.673617379884035e-19
43,355,17,loo_oracle,LOO oracle,0.9583333333333335,1.0,0.0011750552930940295,,,-0.04166666666666652,8.673617379884035e-19
43,355,17,lime,LIME,0.9338235294117647,0.9044117647058825,0.0005503084965551297,,,0.02941176470588225,8.673617379884035e-19
43,356,20,shapley_mc,Monte Carlo Shapley,0.9067669172932331,0.8691729323308269,-0.00023841557928300228,,,0.03759398496240618,0.0
43,356,20,loo_oracle,LOO oracle,0.9819548872180449,1.0,-0.00019649619216444147,,,-0.018045112781955086,0.0
43,356,20,lime,LIME,0.9578947368421054,0.9789473684210527,-0.0009475750404854266,,,-0.021052631578947323,0.0
43,357,20,shapley_mc,Monte Carlo Shapley,0.58796992481203,0.6887218045112782,7.481319200636216e-05,,,-0.10075187969924815,4.336808689942018e-19
43,357,20,loo_oracle,LOO oracle,0.9233082706766916,1.0,7.481319200636216e-05,,,-0.07669172932330837,4.336808689942018e-19
43,357,20,lime,LIME,0.8541353383458646,0.9263157894736842,7.481319200636216e-05,,,-0.07218045112781957,4.336808689942018e-19
43,358,20,shapley_mc,Monte Carlo Shapley,0.8857142857142858,0.8766917293233082,-0.00036242553339588257,,,0.009022556390977599,8.673617379884035e-19
43,358,20,loo_oracle,LOO oracle,0.9969924812030074,1.0,-0.0002024925512850162,,,-0.00300751879699257,8.673617379884035e-19
43,358,20,lime,LIME,0.9548872180451128,0.956390977443609,-0.0002024925512850162,,,-0.0015037593984962294,8.673617379884035e-19
43,359,20,shapley_mc,Monte Carlo Shapley,0.8721804511278194,0.8676691729323308,-0.0011999515955701257,,,0.004511278195488577,8.673617379884035e-19
43,359,20,loo_oracle,LOO oracle,0.993984962406015,1.0,-0.0011999515955701257,,,-0.006015037593985029,8.673617379884035e-19
43,359,20,lime,LIME,0.8706766917293233,0.882706766917293,-0.0011999515955701257,,,-0.012030075187969724,8.673617379884035e-19
43,360,14,shapley_mc,Monte Carlo Shapley,0.832967032967033,0.832967032967033,0.001297252245606173,,,0.0,0.0
43,360,14,loo_oracle,LOO oracle,1.0,1.0,-5.1137048408034236e-05,,,0.0,0.0
43,360,14,lime,LIME,0.8857142857142857,0.8857142857142857,-5.1137048408034236e-05,,,0.0,0.0
43,361,20,shapley_mc,Monte Carlo Shapley,0.6195488721804511,0.631578947368421,0.0015541736550295226,,,-0.012030075187969946,0.0
43,361,20,loo_oracle,LOO oracle,0.9969924812030074,1.0,0.0015541736550295226,,,-0.00300751879699257,0.0
43,361,20,lime,LIME,0.9533834586466164,0.9533834586466164,0.0015541736550295226,,,0.0,0.0
43,362,20,shapley_mc,Monte Carlo Shapley,0.7624060150375939,0.7353383458646616,0.001962580084257648,,,0.02706766917293224,3.469446951953614e-18
43,362,20,loo_oracle,LOO oracle,0.993984962406015,1.0,0.0023146060480507824,,,-0.006015037593985029,3.469446951953614e-18
43,362,20,lime,LIME,0.9864661654135337,0.9744360902255638,0.0023146060480507824,,,0.012030075187969946,3.469446951953614e-18
43,363,13,shapley_mc,Monte Carlo Shapley,0.7472527472527472,0.6923076923076923,0.0007388867644139707,,,0.05494505494505486,1.3877787807814457e-17
43,363,13,loo_oracle,LOO oracle,0.9725274725274725,1.0,0.0007388867644139707,,,-0.027472527472527486,1.3877787807814457e-17
43,363,13,lime,LIME,0.8186813186813187,0.8571428571428571,0.0007388867644139707,,,-0.038461538461538436,1.3877787807814457e-17
43,364,18,shapley_mc,Monte Carlo Shapley,0.9174406604747163,0.9174406604747163,-0.0017012419187116823,,,0.0,8.673617379884035e-19
43,364,18,loo_oracle,LOO oracle,0.9917440660474718,1.0,-0.0017012419187116823,,,-0.008255933952528216,8.673617379884035e-19
43,364,18,lime,LIME,0.9195046439628484,0.9256965944272446,-0.0016783189549997024,,,-0.006191950464396245,8.673617379884035e-19
43,365,20,shapley_mc,Monte Carlo Shapley,0.6827067669172932,0.4992481203007519,0.0006434250006844833,,,0.18345864661654127,1.3010426069826053e-18
43,365,20,loo_oracle,LOO oracle,0.8842105263157894,1.0,-0.0008885420199025718,,,-0.11578947368421055,1.3010426069826053e-18
43,365,20,lime,LIME,0.6661654135338345,0.5368421052631579,8.678151052732286e-05,,,0.12932330827067662,1.3010426069826053e-18
43,366,20,shapley_mc,Monte Carlo Shapley,0.8917293233082706,0.8857142857142858,0.00010717493798539923,,,0.006015037593984807,4.336808689942018e-19
43,366,20,loo_oracle,LOO oracle,0.9804511278195487,1.0,8.21644342599015e-05,,,-0.019548872180451315,4.336808689942018e-19
43,366,20,lime,LIME,0.8812030075187969,0.9112781954887217,0.00010717493798539923,,,-0.03007518796992481,4.336808689942018e-19
43,367,20,shapley_mc,Monte Carlo Shapley,0.4796992481203006,0.393984962406015,0.00037332707489629025,,,0.08571428571428563,4.336808689942018e-19
43,367,20,loo_oracle,LOO oracle,0.9488721804511278,1.0,0.00037332707489629025,,,-0.051127819548872244,4.336808689942018e-19
43,367,20,lime,LIME,0.6646616541353383,0.7338345864661654,0.00037332707489629025,,,-0.06917293233082711,4.336808689942018e-19
43,368,20,shapley_mc,Monte Carlo Shapley,0.4857142857142857,0.4676691729323308,-7.04505527155952e-05,,,0.01804511278195492,8.673617379884035e-19
43,368,20,loo_oracle,LOO oracle,0.9759398496240601,1.0,-0.0007118776347975198,,,-0.024060150375939893,8.673617379884035e-19
43,368,20,lime,LIME,0.6872180451127818,0.7669172932330827,-0.0007118776347975198,,,-0.07969924812030083,8.673617379884035e-19
43,369,20,shapley_mc,Monte Carlo Shapley,0.9218045112781955,0.9428571428571428,7.812913816163114e-05,,,-0.021052631578947323,1.734723475976807e-18
43,369,20,loo_oracle,LOO oracle,0.9894736842105262,1.0,7.812913816163114e-05,,,-0.010526315789473828,1.734723475976807e-18
43,369,20,lime,LIME,0.9624060150375938,0.9804511278195487,7.812913816163114e-05,,,-0.018045112781954864,1.734723475976807e-18
43,370,20,shapley_mc,Monte Carlo Shapley,0.8661654135338346,0.8661654135338346,-0.00012028414436676682,,,0.0,1.734723475976807e-18
43,370,20,loo_oracle,LOO oracle,1.0,1.0,-0.0010281730507281095,,,0.0,1.734723475976807e-18
43,370,20,lime,LIME,0.9774436090225563,0.9774436090225563,-0.0010281730507281095,,,0.0,1.734723475976807e-18
43,371,20,shapley_mc,Monte Carlo Shapley,0.9127819548872179,0.8781954887218045,-0.0012103120046708105,,,0.03458646616541339,1.3010426069826053e-18
43,371,20,loo_oracle,LOO oracle,0.9684210526315788,1.0,-0.0012103120046708105,,,-0.03157894736842115,1.3010426069826053e-18
43,371,20,lime,LIME,0.9413533834586465,0.9443609022556391,-0.0012103120046708105,,,-0.00300751879699257,1.3010426069826053e-18
43,372,11,shapley_mc,Monte Carlo Shapley,0.6272727272727273,0.7454545454545456,-0.0019396334072080412,,,-0.11818181818181828,0.0
43,372,11,loo_oracle,LOO oracle,0.9727272727272729,1.0,-0.0019396334072080412,,,-0.027272727272727115,0.0
43,372,11,lime,LIME,0.9272727272727275,0.9636363636363637,-0.0019396334072080412,,,-0.036363636363636265,0.0
43,373,20,shapley_mc,Monte Carlo Shapley,0.6917293233082705,0.6812030075187969,0.0033706388850950897,,,0.010526315789473606,3.469446951953614e-18
43,373,20,loo_oracle,LOO oracle,0.9984962406015038,1.0,0.0033706388850950897,,,-0.0015037593984962294,3.469446951953614e-18
43,373,20,lime,LIME,0.8796992481203006,0.8887218045112781,0.0033706388850950897,,,-0.009022556390977488,3.469446951953614e-18
43,374,20,shapley_mc,Monte Carlo Shapley,0.6330827067669172,0.544360902255639,0.0008230951154772348,,,0.0887218045112782,8.673617379884035e-19
43,374,20,loo_oracle,LOO oracle,0.9789473684210527,1.0,0.0005363931529722143,,,-0.021052631578947323,8.673617379884035e-19
43,374,20,lime,LIME,0.8285714285714285,0.8721804511278194,0.0005363931529722143,,,-0.043609022556390875,8.673617379884035e-19
43,375,20,shapley_mc,Monte Carlo Shapley,0.8872180451127819,0.8766917293233082,-0.0009962540536583298,,,0.010526315789473717,4.336808689942018e-19
43,375,20,loo_oracle,LOO oracle,0.9774436090225563,1.0,-9.34667477073825e-05,,,-0.022556390977443663,4.336808689942018e-19
43,375,20,lime,LIME,0.8812030075187969,0.8887218045112781,-0.0009962540536583298,,,-0.007518796992481258,4.336808689942018e-19
43,376,20,shapley_mc,Monte Carlo Shapley,0.7924812030075187,0.78796992481203,0.0013623153282928957,,,0.004511278195488688,3.469446951953614e-18
43,376,20,loo_oracle,LOO oracle,0.9984962406015038,1.0,0.0013623153282928957,,,-0.0015037593984962294,3.469446951953614e-18
43,376,20,lime,LIME,0.9759398496240601,0.9804511278195487,0.0013623153282928957,,,-0.004511278195488577,3.469446951953614e-18
43,377,20,shapley_mc,Monte Carlo Shapley,0.9157894736842105,0.9022556390977443,0.00011916735337752504,,,0.013533834586466176,1.3010426069826053e-18
43,377,20,loo_oracle,LOO oracle,0.9954887218045112,1.0,9.180239598871598e-05,,,-0.004511278195488799,1.3010426069826053e-18
43,377,20,lime,LIME,0.9533834586466164,0.9609022556390976,0.00011916735337752504,,,-0.007518796992481147,1.3010426069826053e-18
43,378,20,shapley_mc,Monte Carlo Shapley,0.7849624060150376,0.7563909774436091,0.0004617918706671942,,,0.02857142857142858,0.0
43,378,20,loo_oracle,LOO oracle,0.9789473684210527,1.0,2.471145322163748e-05,,,-0.021052631578947323,0.0
43,378,20,lime,LIME,0.8857142857142858,0.9413533834586465,-0.000416702964786797,,,-0.05563909774436071,0.0
43,379,20,shapley_mc,Monte Carlo Shapley,0.9218045112781955,0.8977443609022555,-5.081002896789588e-05,,,0.024060150375940004,8.673617379884035e-19
43,379,20,loo_oracle,LOO oracle,0.9864661654135337,1.0,-5.081002896789588e-05,,,-0.013533834586466287,8.673617379884035e-19
43,379,20,lime,LIME,0.7684210526315788,0.8030075187969924,-0.0005668983771983105,,,-0.03458646616541361,8.673617379884035e-19
43,380,20,shapley_mc,Monte Carlo Shapley,0.29473684210526313,0.20751879699248119,-9.013132834617688e-05,,,0.08721804511278194,3.469446951953614e-18
43,380,20,loo_oracle,LOO oracle,0.9774436090225563,1.0,-9.013132834617688e-05,,,-0.022556390977443663,3.469446951953614e-18
43,380,20,lime,LIME,0.9157894736842105,0.9488721804511278,-9.013132834617688e-05,,,-0.03308270676691727,3.469446951953614e-18
43,381,20,shapley_mc,Monte Carlo Shapley,0.8330827067669173,0.8300751879699247,0.0013724323473822686,,,0.00300751879699257,0.0
43,381,20,loo_oracle,LOO oracle,0.9924812030075187,1.0,0.0013724323473822686,,,-0.007518796992481258,0.0
43,381,20,lime,LIME,0.9593984962406013,0.9774436090225563,0.0013724323473822686,,,-0.018045112781955086,0.0
43,382,12,shapley_mc,Monte Carlo Shapley,0.6643356643356644,0.6643356643356644,-0.0011749278876967972,,,0.0,2.8189256484623115e-18
43,382,12,loo_oracle,LOO oracle,1.0,1.0,-0.000562301750695271,,,0.0,2.8189256484623115e-18
43,382,12,lime,LIME,0.5874125874125874,0.5874125874125874,-0.0011749278876967972,,,0.0,2.8189256484623115e-18
43,383,11,shapley_mc,Monte Carlo Shapley,0.4000000000000001,0.4909090909090909,0.0005070727587449531,,,-0.09090909090909083,2.168404344971009e-19
43,383,11,loo_oracle,LOO oracle,0.9818181818181818,1.0,0.00023572482945888318,,,-0.018181818181818188,2.168404344971009e-19
43,383,11,lime,LIME,0.5181818181818182,0.6181818181818182,0.00023572482945888318,,,-0.09999999999999998,2.168404344971009e-19
43,384,20,shapley_mc,Monte Carlo Shapley,0.7804511278195487,0.7804511278195487,0.0012026126503760781,,,0.0,0.0
43,384,20,loo_oracle,LOO oracle,1.0,1.0,0.00030938733259222584,,,0.0,0.0
43,384,20,lime,LIME,0.9804511278195487,0.9804511278195487,0.0003315133995162034,,,0.0,0.0
43,385,20,shapley_mc,Monte Carlo Shapley,0.8676691729323308,0.8586466165413533,-0.0011330033515259963,,,0.009022556390977488,8.673617379884035e-19
43,385,20,loo_oracle,LOO oracle,0.9954887218045112,1.0,-0.0011330033515259963,,,-0.004511278195488799,8.673617379884035e-19
43,385,20,lime,LIME,0.9624060150375938,0.9744360902255638,-0.0011330033515259963,,,-0.012030075187969946,8.673617379884035e-19
43,386,20,shapley_mc,Monte Carlo Shapley,0.819548872180451,0.825563909774436,-0.00010801773210938892,,,-0.006015037593985029,0.0
43,386,20,loo_oracle,LOO oracle,0.9909774436090225,1.0,-2.2544788844836017e-05,,,-0.009022556390977488,0.0
43,386,20,lime,LIME,0.9157894736842105,0.932330827067669,-2.2544788844836017e-05,,,-0.016541353383458524,0.0
43,387,20,shapley_mc,Monte Carlo Shapley,0.5969924812030075,0.5864661654135337,1.3541360899427257e-05,,,0.010526315789473828,0.0
43,387,20,loo_oracle,LOO oracle,0.9789473684210527,1.0,0.0007936208017394475,,,-0.021052631578947323,0.0
43,387,20,lime,LIME,0.9458646616541352,0.9609022556390976,4.129116862078286e-05,,,-0.015037593984962405,0.0
43,388,20,shapley_mc,Monte Carlo Shapley,0.8616541353383457,0.8330827067669173,1.6529660243902455e-05,,,0.02857142857142836,2.168404344971009e-19
43,388,20,loo_oracle,LOO oracle,0.9924812030075187,1.0,0.0006139313787589806,,,-0.007518796992481258,2.168404344971009e-19
43,388,20,lime,LIME,0.9368421052631578,0.9353383458646616,7.568061962004435e-05,,,0.0015037593984962294,2.168404344971009e-19
43,389,20,shapley_mc,Monte Carlo Shapley,0.8180451127819548,0.8180451127819548,0.0016064913783281898,,,0.0,1.734723475976807e-18
43,389,20,loo_oracle,LOO oracle,1.0,1.0,0.0016064913783281898,,,0.0,1.734723475976807e-18
43,389,20,lime,LIME,0.9639097744360902,0.9639097744360902,0.0016064913783281898,,,0.0,1.734723475976807e-18
43,390,20,shapley_mc,Monte Carlo Shapley,0.7563909774436091,0.7458646616541353,-0.0002489832638823408,,,0.010526315789473717,8.673617379884035e-19
43,390,20,loo_oracle,LOO oracle,0.9383458646616539,1.0,-0.0007749481947367243,,,-0.06165413533834607,8.673617379884035e-19
43,390,20,lime,LIME,0.7609022556390977,0.8721804511278194,-0.0007749481947367243,,,-0.11127819548872164,8.673617379884035e-19
43,391,20,shapley_mc,Monte Carlo Shapley,0.8646616541353382,0.8511278195488721,0.0001620764435912858,,,0.013533834586466176,0.0
43,391,20,loo_oracle,LOO oracle,0.9864661654135337,1.0,0.0007234299990122595,,,-0.013533834586466287,0.0
43,391,20,lime,LIME,0.8616541353383457,0.8736842105263156,0.0001620764435912858,,,-0.012030075187969946,0.0
43,392,20,shapley_mc,Monte Carlo Shapley,0.7774436090225564,0.7293233082706766,3.528695645160784e-05,,,0.048120300751879785,4.336808689942018e-19
43,392,20,loo_oracle,LOO oracle,0.9624060150375938,1.0,4.980522923070385e-05,,,-0.03759398496240618,4.336808689942018e-19
43,392,20,lime,LIME,0.8842105263157894,0.8857142857142858,-0.00046602959950298173,,,-0.0015037593984963404,4.336808689942018e-19
43,393,9,shapley_mc,Monte Carlo Shapley,0.65,0.65,0.0027144287295411407,,,0.0,0.0
43,393,9,loo_oracle,LOO oracle,1.0,1.0,0.00026082734132276686,,,0.0,0.0
43,393,9,lime,LIME,0.9833333333333333,0.9833333333333333,0.00026082734132276686,,,0.0,0.0
43,394,11,shapley_mc,Monte Carlo Shapley,0.9454545454545454,0.9454545454545454,0.00204247365206639,,,0.0,1.734723475976807e-18
43,394,11,loo_oracle,LOO oracle,1.0,1.0,0.0005985252127433949,,,0.0,1.734723475976807e-18
43,394,11,lime,LIME,0.881818181818182,0.881818181818182,0.0005985252127433949,,,0.0,1.734723475976807e-18
43,395,20,shapley_mc,Monte Carlo Shapley,0.7969924812030074,0.7729323308270677,0.0005467060493766773,,,0.02406015037593967,1.3010426069826053e-18
43,395,20,loo_oracle,LOO oracle,0.9804511278195487,1.0,-0.0006370067805698265,,,-0.019548872180451315,1.3010426069826053e-18
43,395,20,lime,LIME,0.7729323308270677,0.8300751879699247,-0.0006163174508183045,,,-0.05714285714285705,1.3010426069826053e-18
43,396,20,shapley_mc,Monte Carlo Shapley,0.631578947368421,0.6045112781954887,0.0007038748885375146,,,0.02706766917293235,2.6020852139652106e-18
43,396,20,loo_oracle,LOO oracle,0.9759398496240601,1.0,0.0013255712567037392,,,-0.024060150375939893,2.6020852139652106e-18
43,396,20,lime,LIME,0.875187969924812,0.9112781954887217,0.0007296427982885212,,,-0.03609022556390973,2.6020852139652106e-18
43,397,20,shapley_mc,Monte Carlo Shapley,0.8481203007518796,0.8481203007518796,0.0016954424442909843,,,0.0,1.3877787807814457e-17
43,397,20,loo_oracle,LOO oracle,1.0,1.0,0.0008093896430371728,,,0.0,1.3877787807814457e-17
43,397,20,lime,LIME,0.9518796992481202,0.9518796992481202,0.0008093896430371728,,,0.0,1.3877787807814457e-17
43,398,20,shapley_mc,Monte Carlo Shapley,0.7969924812030074,0.7969924812030074,0.0032273907291826553,,,0.0,6.938893903907228e-18
43,398,20,loo_oracle,LOO oracle,1.0,1.0,0.0032273907291826553,,,0.0,6.938893903907228e-18
43,398,20,lime,LIME,0.9894736842105262,0.9894736842105262,0.0032273907291826553,,,0.0,6.938893903907228e-18
43,399,20,shapley_mc,Monte Carlo Shapley,0.8030075187969924,0.8030075187969924,0.0003290675575408075,,,0.0,8.673617379884035e-19
43,399,20,loo_oracle,LOO oracle,1.0,1.0,-6.50829608064285e-05,,,0.0,8.673617379884035e-19
43,399,20,lime,LIME,0.9533834586466164,0.9533834586466164,-6.50829608064285e-05,,,0.0,8.673617379884035e-19
43,400,20,shapley_mc,Monte Carlo Shapley,0.28721804511278193,0.33383458646616543,0.0006962001920123306,,,-0.0466165413533835,8.673617379884035e-19
43,400,20,loo_oracle,LOO oracle,0.9849624060150375,1.0,0.0006962001920123306,,,-0.015037593984962516,8.673617379884035e-19
43,400,20,lime,LIME,0.8736842105263156,0.9067669172932331,0.0006962001920123306,,,-0.03308270676691749,8.673617379884035e-19
43,401,20,shapley_mc,Monte Carlo Shapley,0.7157894736842104,0.706766917293233,0.0007336204931010504,,,0.009022556390977376,4.336808689942018e-19
43,401,20,loo_oracle,LOO oracle,0.9624060150375938,1.0,0.0002553411275216244,,,-0.03759398496240618,4.336808689942018e-19
43,401,20,lime,LIME,0.9097744360902256,0.9443609022556391,0.0002553411275216244,,,-0.0345864661654135,4.336808689942018e-19
43,402,20,shapley_mc,Monte Carlo Shapley,0.7954887218045112,0.7999999999999999,-5.3230434975071184e-05,,,-0.004511278195488688,0.0
43,402,20,loo_oracle,LOO oracle,0.9894736842105262,1.0,-0.0007089495480505081,,,-0.010526315789473828,0.0
43,402,20,lime,LIME,0.8646616541353382,0.8962406015037594,-0.0007089495480505081,,,-0.03157894736842115,0.0
43,403,20,shapley_mc,Monte Carlo Shapley,0.801503759398496,0.7669172932330827,0.00023774761162936864,,,0.03458646616541339,1.734723475976807e-18
43,403,20,loo_oracle,LOO oracle,0.9924812030075187,1.0,0.0001902124065252253,,,-0.007518796992481258,1.734723475976807e-18
43,403,20,lime,LIME,0.932330827067669,0.9548872180451128,0.0001902124065252253,,,-0.022556390977443774,1.734723475976807e-18
43,404,20,shapley_mc,Monte Carlo Shapley,0.6902255639097743,0.6360902255639098,-0.0001284557031795419,,,0.05413533834586448,0.0
43,404,20,loo_oracle,LOO oracle,0.9669172932330825,1.0,-0.0005370692381332365,,,-0.03308270676691749,0.0
43,404,20,lime,LIME,0.8691729323308269,0.9067669172932331,-0.0005370692381332365,,,-0.03759398496240618,0.0
43,405,20,shapley_mc,Monte Carlo Shapley,0.9338345864661652,0.9293233082706768,0.001108190149261945,,,0.004511278195488466,0.0
43,405,20,loo_oracle,LOO oracle,0.9984962406015038,1.0,0.001108190149261945,,,-0.0015037593984962294,0.0
43,405,20,lime,LIME,0.9624060150375938,0.9639097744360902,0.001108190149261945,,,-0.0015037593984963404,0.0
43,406,15,shapley_mc,Monte Carlo Shapley,0.7607142857142856,0.7607142857142856,-0.000423295997653117,,,0.0,0.0
43,406,15,loo_oracle,LOO oracle,1.0,1.0,-0.000423295997653117,,,0.0,0.0
43,406,15,lime,LIME,0.9607142857142855,0.9607142857142855,-0.0004456906101734104,,,0.0,0.0
43,407,20,shapley_mc,Monte Carlo Shapley,0.9097744360902256,0.8842105263157894,2.168411211356247e-05,,,0.025563909774436122,0.0
43,407,20,loo_oracle,LOO oracle,0.9879699248120299,1.0,-0.0006495141072476729,,,-0.012030075187970057,0.0
43,407,20,lime,LIME,0.9233082706766916,0.9548872180451128,-0.0006495141072476729,,,-0.03157894736842115,0.0
43,408,20,shapley_mc,Monte Carlo Shapley,0.7924812030075187,0.7338345864661654,-0.0002625113392142886,,,0.05864661654135328,8.673617379884035e-19
43,408,20,loo_oracle,LOO oracle,0.9639097744360902,1.0,-0.0006460047242274891,,,-0.03609022556390984,8.673617379884035e-19
43,408,20,lime,LIME,0.7578947368421052,0.8616541353383457,-0.0006460047242274891,,,-0.1037593984962405,8.673617379884035e-19
43,409,20,shapley_mc,Monte Carlo Shapley,0.801503759398496,0.7684210526315788,-0.00030463902669880527,,,0.03308270676691727,4.336808689942018e-19
43,409,20,loo_oracle,LOO oracle,0.9578947368421054,1.0,-0.0008113195982883403,,,-0.042105263157894646,4.336808689942018e-19
43,409,20,lime,LIME,0.7398496240601502,0.806015037593985,-0.0008113195982883403,,,-0.06616541353383476,4.336808689942018e-19
43,410,20,shapley_mc,Monte Carlo Shapley,0.6556390977443608,0.6556390977443608,0.001087190731676957,,,0.0,0.0
43,410,20,loo_oracle,LOO oracle,0.993984962406015,1.0,0.001087190731676957,,,-0.006015037593985029,0.0
43,410,20,lime,LIME,0.9157894736842105,0.9338345864661652,0.001087190731676957,,,-0.018045112781954753,0.0
43,411,20,shapley_mc,Monte Carlo Shapley,0.7849624060150376,0.77593984962406,0.0002625668216743593,,,0.009022556390977599,0.0
43,411,20,loo_oracle,LOO oracle,0.9924812030075187,1.0,0.0002625668216743593,,,-0.007518796992481258,0.0
43,411,20,lime,LIME,0.8120300751879698,0.825563909774436,0.0002625668216743593,,,-0.013533834586466287,0.0
43,412,20,shapley_mc,Monte Carlo Shapley,0.7473684210526315,0.7473684210526315,0.0017225132223688822,,,0.0,6.071532165918825e-18
43,412,20,loo_oracle,LOO oracle,0.9909774436090225,1.0,0.0006558314062496406,,,-0.009022556390977488,6.071532165918825e-18
43,412,20,lime,LIME,0.9624060150375938,0.9578947368421054,0.0006558314062496406,,,0.004511278195488466,6.071532165918825e-18
43,413,18,shapley_mc,Monte Carlo Shapley,0.894736842105263,0.9133126934984519,-0.0012762943135365967,,,-0.018575851393188847,3.469446951953614e-18
43,413,18,loo_oracle,LOO oracle,0.9896800825593396,1.0,0.00010469249201150443,,,-0.010319917440660409,3.469446951953614e-18
43,413,18,lime,LIME,0.9422084623323013,0.9360165118679051,0.00010469249201150443,,,0.006191950464396134,3.469446951953614e-18
43,414,20,shapley_mc,Monte Carlo Shapley,0.6812030075187969,0.6992481203007518,0.0007853888726597757,,,-0.018045112781954864,0.0
43,414,20,loo_oracle,LOO oracle,0.9849624060150375,1.0,0.00017621200034773077,,,-0.015037593984962516,0.0
43,414,20,lime,LIME,0.8857142857142858,0.9052631578947368,0.00017621200034773077,,,-0.019548872180450982,0.0
43,415,20,shapley_mc,Monte Carlo Shapley,0.9037593984962405,0.9022556390977443,-0.0016082908780220562,,,0.0015037593984962294,1.734723475976807e-18
43,415,20,loo_oracle,LOO oracle,0.993984962406015,1.0,-0.0016082908780220562,,,-0.006015037593985029,1.734723475976807e-18
43,415,20,lime,LIME,0.9729323308270676,0.9759398496240601,-0.0016082908780220562,,,-0.003007518796992459,1.734723475976807e-18
43,416,12,shapley_mc,Monte Carlo Shapley,0.6783216783216784,0.6013986013986015,0.0003283919566842708,,,0.07692307692307698,0.0
43,416,12,loo_oracle,LOO oracle,0.965034965034965,1.0,-2.805815438433612e-05,,,-0.034965034965035,0.0
43,416,12,lime,LIME,0.5804195804195805,0.6363636363636365,-0.0006507675431606241,,,-0.05594405594405594,0.0
43,417,20,shapley_mc,Monte Carlo Shapley,0.8481203007518796,0.8481203007518796,-0.002911909473709895,,,0.0,6.938893903907228e-18
43,417,20,loo_oracle,LOO oracle,1.0,1.0,-0.002911909473709895,,,0.0,6.938893903907228e-18
43,417,20,lime,LIME,0.9699248120300751,0.9699248120300751,-0.002911909473709895,,,0.0,6.938893903907228e-18
43,418,20,shapley_mc,Monte Carlo Shapley,0.9172932330827066,0.9308270676691727,-0.001454978021435016,,,-0.013533834586466065,8.673617379884035e-19
43,418,20,loo_oracle,LOO oracle,0.9954887218045112,1.0,-0.001454978021435016,,,-0.004511278195488799,8.673617379884035e-19
43,418,20,lime,LIME,0.9834586466165413,0.9744360902255638,-0.001454978021435016,,,0.009022556390977488,8.673617379884035e-19
43,419,20,shapley_mc,Monte Carlo Shapley,0.7578947368421052,0.7458646616541353,5.404594249447392e-05,,,0.012030075187969835,0.0
43,419,20,loo_oracle,LOO oracle,0.9864661654135337,1.0,-1.8052314880889764e-05,,,-0.013533834586466287,0.0
43,419,20,lime,LIME,0.9744360902255638,0.9759398496240601,-0.0008794357112966167,,,-0.0015037593984963404,0.0
43,420,15,shapley_mc,Monte Carlo Shapley,0.9249999999999998,0.9107142857142855,0.001355226711586388,,,0.014285714285714346,0.0
43,420,15,loo_oracle,LOO oracle,0.9607142857142855,1.0,0.00036374515994824774,,,-0.03928571428571448,0.0
43,420,15,lime,LIME,0.8857142857142855,0.9107142857142855,0.0003356594568762472,,,-0.025000000000000022,0.0
43,421,20,shapley_mc,Monte Carlo Shapley,0.8120300751879698,0.801503759398496,0.0006163518300261184,,,0.010526315789473717,0.0
43,421,20,loo_oracle,LOO oracle,0.9954887218045112,1.0,2.2617067319541384e-06,,,-0.004511278195488799,0.0
43,421,20,lime,LIME,0.9082706766917292,0.9097744360902256,2.2617067319541384e-06,,,-0.0015037593984963404,0.0
43,422,14,shapley_mc,Monte Carlo Shapley,0.8373626373626375,0.8417582417582418,0.0013864929843165896,,,-0.004395604395604269,1.734723475976807e-18
43,422,14,loo_oracle,LOO oracle,0.9956043956043955,1.0,0.0001493732845720408,,,-0.004395604395604491,1.734723475976807e-18
43,422,14,lime,LIME,0.9516483516483516,0.9428571428571428,0.0001493732845720408,,,0.00879120879120876,1.734723475976807e-18
43,423,20,shapley_mc,Monte Carlo Shapley,0.7112781954887217,0.6932330827067669,0.0005185604862241733,,,0.018045112781954864,8.673617379884035e-19
43,423,20,loo_oracle,LOO oracle,0.9759398496240601,1.0,-0.0005090940273542177,,,-0.024060150375939893,8.673617379884035e-19
43,423,20,lime,LIME,0.8796992481203006,0.9157894736842105,-0.0005090940273542177,,,-0.03609022556390984,8.673617379884035e-19
43,424,20,shapley_mc,Monte Carlo Shapley,0.8466165413533834,0.8090225563909773,0.0007420928869636412,,,0.03759398496240607,0.0
43,424,20,loo_oracle,LOO oracle,0.9864661654135337,1.0,6.833059740224412e-05,,,-0.013533834586466287,0.0
43,424,20,lime,LIME,0.8646616541353382,0.9022556390977443,6.833059740224412e-05,,,-0.03759398496240607,0.0
43,425,20,shapley_mc,Monte Carlo Shapley,0.5669172932330826,0.58796992481203,0.0004918572160226842,,,-0.021052631578947434,0.0
43,425,20,loo_oracle,LOO oracle,0.9759398496240601,1.0,-2.6292583685250115e-06,,,-0.024060150375939893,0.0
43,425,20,lime,LIME,0.8045112781954886,0.8616541353383457,-0.00045770831606661844,,,-0.05714285714285705,0.0
43,426,20,shapley_mc,Monte Carlo Shapley,0.7458646616541353,0.7127819548872181,0.0018611811122387634,,,0.03308270676691727,3.469446951953614e-18
43,426,20,loo_oracle,LOO oracle,0.9969924812030074,1.0,0.0018611811122387634,,,-0.00300751879699257,3.469446951953614e-18
43,426,20,lime,LIME,0.9789473684210527,0.9789473684210527,0.0018611811122387634,,,0.0,3.469446951953614e-18
43,427,20,shapley_mc,Monte Carlo Shapley,0.6812030075187969,0.6827067669172932,0.0011723589267161327,,,-0.0015037593984962294,0.0
43,427,20,loo_oracle,LOO oracle,0.9954887218045112,1.0,0.0011723589267161327,,,-0.004511278195488799,0.0
43,427,20,lime,LIME,0.9533834586466164,0.9609022556390976,0.0011723589267161327,,,-0.007518796992481147,0.0
43,428,20,shapley_mc,Monte Carlo Shapley,0.6300751879699248,0.58796992481203,0.0010899912900830255,,,0.04210526315789476,8.673617379884035e-19
43,428,20,loo_oracle,LOO oracle,0.9879699248120299,1.0,0.0010899912900830255,,,-0.012030075187970057,8.673617379884035e-19
43,428,20,lime,LIME,0.9624060150375938,0.9834586466165413,0.0010899912900830255,,,-0.021052631578947434,8.673617379884035e-19
43,429,20,shapley_mc,Monte Carlo Shapley,0.8601503759398496,0.78796992481203,-0.00011249741727292761,,,0.07218045112781957,0.0
43,429,20,loo_oracle,LOO oracle,0.9699248120300751,1.0,-0.0007854922553611754,,,-0.03007518796992492,0.0
43,429,20,lime,LIME,0.8932330827067668,0.9443609022556391,-0.0007854922553611754,,,-0.051127819548872244,0.0
43,430,20,shapley_mc,Monte Carlo Shapley,0.9353383458646616,0.9353383458646616,-2.0594179366284493e-05,,,0.0,4.336808689942018e-19
43,430,20,loo_oracle,LOO oracle,1.0,1.0,6.667728674181195e-05,,,0.0,4.336808689942018e-19
43,430,20,lime,LIME,0.9669172932330825,0.9669172932330825,6.667728674181195e-05,,,0.0,4.336808689942018e-19
43,431,20,shapley_mc,Monte Carlo Shapley,0.7954887218045112,0.7714285714285714,0.0011526873118272718,,,0.024060150375939893,0.0
43,431,20,loo_oracle,LOO oracle,0.9969924812030074,1.0,0.0011526873118272718,,,-0.00300751879699257,0.0
43,431,20,lime,LIME,0.9413533834586465,0.9548872180451128,7.615302841562643e-05,,,-0.013533834586466287,0.0
43,432,20,shapley_mc,Monte Carlo Shapley,0.5157894736842105,0.4857142857142857,0.0010951226259463542,,,0.030075187969924755,3.469446951953614e-18
43,432,20,loo_oracle,LOO oracle,0.9428571428571428,1.0,0.001353161374340217,,,-0.05714285714285716,3.469446951953614e-18
43,432,20,lime,LIME,0.7744360902255639,0.8887218045112781,0.0006537846694679161,,,-0.11428571428571421,3.469446951953614e-18
43,433,20,shapley_mc,Monte Carlo Shapley,0.8300751879699247,0.793984962406015,0.0005751481000397796,,,0.03609022556390973,0.0
43,433,20,loo_oracle,LOO oracle,0.9864661654135337,1.0,0.0005751481000397796,,,-0.013533834586466287,0.0
43,433,20,lime,LIME,0.9518796992481202,0.9669172932330825,0.0005751481000397796,,,-0.015037593984962294,0.0
43,434,20,shapley_mc,Monte Carlo Shapley,0.7563909774436091,0.6706766917293233,0.00046436023083745726,,,0.08571428571428574,4.336808689942018e-19
43,434,20,loo_oracle,LOO oracle,0.9714285714285714,1.0,0.0006764442307607421,,,-0.02857142857142858,4.336808689942018e-19
43,434,20,lime,LIME,0.882706766917293,0.900751879699248,0.0001441403011687159,,,-0.018045112781954975,4.336808689942018e-19
43,435,20,shapley_mc,Monte Carlo Shapley,0.5699248120300752,0.5338345864661653,0.0008463360787356322,,,0.03609022556390984,0.0
43,435,20,loo_oracle,LOO oracle,0.9744360902255638,1.0,0.0008463360787356322,,,-0.025563909774436233,0.0
43,435,20,lime,LIME,0.9233082706766916,0.9278195488721804,0.0008463360787356322,,,-0.004511278195488799,0.0
43,436,20,shapley_mc,Monte Carlo Shapley,0.8992481203007519,0.8992481203007519,0.0012039537483617968,,,0.0,0.0
43,436,20,loo_oracle,LOO oracle,1.0,1.0,0.0012039537483617968,,,0.0,0.0
43,436,20,lime,LIME,0.9894736842105262,0.9894736842105262,0.0012039537483617968,,,0.0,0.0
43,437,20,shapley_mc,Monte Carlo Shapley,0.5398496240601504,0.46917293233082696,0.0003244933246139836,,,0.0706766917293234,0.0
43,437,20,loo_oracle,LOO oracle,0.9443609022556391,1.0,-0.0005097279313765468,,,-0.05563909774436093,0.0
43,437,20,lime,LIME,0.7473684210526315,0.8676691729323308,-0.0005097279313765468,,,-0.12030075187969935,0.0
43,438,20,shapley_mc,Monte Carlo Shapley,0.7037593984962407,0.6992481203007518,0.0006644808754450726,,,0.00451127819548891,0.0
43,438,20,loo_oracle,LOO oracle,0.9969924812030074,1.0,-1.0546474145445295e-05,,,-0.00300751879699257,0.0
43,438,20,lime,LIME,0.9593984962406013,0.9624060150375938,-0.000717417694208855,,,-0.00300751879699257,0.0
43,439,15,shapley_mc,Monte Carlo Shapley,0.7785714285714285,0.7785714285714285,0.0009367375559483082,,,0.0,3.469446951953614e-18
43,439,15,loo_oracle,LOO oracle,1.0,1.0,0.0013515907695518803,,,0.0,3.469446951953614e-18
43,439,15,lime,LIME,0.9785714285714284,0.9785714285714284,0.0013515907695518803,,,0.0,3.469446951953614e-18
43,440,20,shapley_mc,Monte Carlo Shapley,0.9097744360902256,0.9097744360902256,-0.0018244647450961216,,,0.0,2.6020852139652106e-18
43,440,20,loo_oracle,LOO oracle,1.0,1.0,-0.0008369689354897902,,,0.0,2.6020852139652106e-18
43,440,20,lime,LIME,0.9819548872180449,0.9819548872180449,-0.0008369689354897902,,,0.0,2.6020852139652106e-18
43,441,20,shapley_mc,Monte Carlo Shapley,0.7849624060150376,0.7834586466165413,0.0007504606205333553,,,0.0015037593984963404,4.336808689942018e-19
43,441,20,loo_oracle,LOO oracle,0.9714285714285714,1.0,0.0001610205021556066,,,-0.02857142857142858,4.336808689942018e-19
43,441,20,lime,LIME,0.863157894736842,0.9037593984962405,0.00019727267264219028,,,-0.04060150375939853,4.336808689942018e-19
43,442,20,shapley_mc,Monte Carlo Shapley,0.9353383458646616,0.9383458646616539,0.00011100212373754692,,,-0.003007518796992348,8.673617379884035e-19
43,442,20,loo_oracle,LOO oracle,0.9954887218045112,1.0,0.0009881689839656982,,,-0.004511278195488799,8.673617379884035e-19
43,442,20,lime,LIME,0.9729323308270676,0.9774436090225563,0.0009881689839656982,,,-0.004511278195488688,8.673617379884035e-19
43,443,20,shapley_mc,Monte Carlo Shapley,0.7503759398496239,0.7383458646616541,0.0012951413161435,,,0.012030075187969835,0.0
43,443,20,loo_oracle,LOO oracle,0.9864661654135337,1.0,0.0012951413161435,,,-0.013533834586466287,0.0
43,443,20,lime,LIME,0.9609022556390976,0.9699248120300751,0.0012951413161435,,,-0.009022556390977488,0.0
43,444,20,shapley_mc,Monte Carlo Shapley,0.7669172932330827,0.7954887218045112,0.001061250211525533,,,-0.02857142857142858,1.3010426069826053e-18
43,444,20,loo_oracle,LOO oracle,0.9924812030075187,1.0,0.001061250211525533,,,-0.007518796992481258,1.3010426069826053e-18
43,444,20,lime,LIME,0.8661654135338346,0.8992481203007519,0.001061250211525533,,,-0.03308270676691727,1.3010426069826053e-18
43,445,20,shapley_mc,Monte Carlo Shapley,0.8571428571428572,0.849624060150376,0.0001426616765913824,,,0.007518796992481258,0.0
43,445,20,loo_oracle,LOO oracle,0.9548872180451128,1.0,5.166927657584974e-05,,,-0.045112781954887216,0.0
43,445,20,lime,LIME,0.8390977443609022,0.918796992481203,5.166927657584974e-05,,,-0.07969924812030071,0.0
43,446,20,shapley_mc,Monte Carlo Shapley,0.7533834586466165,0.7203007518796991,-3.937954257066112e-05,,,0.03308270676691738,0.0
43,446,20,loo_oracle,LOO oracle,0.9789473684210527,1.0,-0.00047819532162485245,,,-0.021052631578947323,0.0
43,446,20,lime,LIME,0.8511278195488721,0.8977443609022555,-0.00045503537579949516,,,-0.046616541353383445,0.0
43,447,10,shapley_mc,Monte Carlo Shapley,0.6121212121212121,0.35757575757575755,-0.00029360111585541304,,,0.2545454545454545,0.0
43,447,10,loo_oracle,LOO oracle,0.9151515151515152,0.9999999999999999,-0.00029360111585541304,,,-0.08484848484848473,0.0
43,447,10,lime,LIME,0.33333333333333326,0.5272727272727272,-0.0008469346606824191,,,-0.19393939393939397,0.0
43,448,20,shapley_mc,Monte Carlo Shapley,0.8045112781954886,0.806015037593985,-0.000840906652937401,,,-0.0015037593984963404,0.0
43,448,20,loo_oracle,LOO oracle,0.9864661654135337,1.0,-0.000840906652937401,,,-0.013533834586466287,0.0
43,448,20,lime,LIME,0.9142857142857143,0.9233082706766916,-0.000840906652937401,,,-0.009022556390977376,0.0
43,449,20,shapley_mc,Monte Carlo Shapley,0.8556390977443609,0.9127819548872179,-0.0009318571056402547,,,-0.05714285714285705,3.469446951953614e-18
43,449,20,loo_oracle,LOO oracle,0.9609022556390976,1.0,-0.0009318571056402547,,,-0.03909774436090241,3.469446951953614e-18
43,449,20,lime,LIME,0.9413533834586465,0.9503759398496241,-0.0009318571056402547,,,-0.009022556390977599,3.469446951953614e-18
43,450,20,shapley_mc,Monte Carlo Shapley,0.918796992481203,0.8706766917293233,-0.00020162329712136717,,,0.048120300751879674,4.336808689942018e-19
43,450,20,loo_oracle,LOO oracle,0.9729323308270676,1.0,-5.8695499834948706e-05,,,-0.02706766917293235,4.336808689942018e-19
43,450,20,lime,LIME,0.882706766917293,0.8947368421052632,-0.0006719222855988694,,,-0.012030075187970168,4.336808689942018e-19
43,451,20,shapley_mc,Monte Carlo Shapley,0.5548872180451127,0.41804511278195483,0.0005577331045171774,,,0.13684210526315782,8.673617379884035e-19
43,451,20,loo_oracle,LOO oracle,0.9609022556390976,1.0,0.0006336035694895492,,,-0.03909774436090241,8.673617379884035e-19
43,451,20,lime,LIME,0.7789473684210525,0.8706766917293233,0.0001520584207621023,,,-0.09172932330827077,8.673617379884035e-19
43,452,20,shapley_mc,Monte Carlo Shapley,0.849624060150376,0.7443609022556391,-0.0001417817546722766,,,0.10526315789473684,0.0
43,452,20,loo_oracle,LOO oracle,0.9218045112781955,1.0,-0.000805123173339306,,,-0.07819548872180448,0.0
43,452,20,lime,LIME,0.7142857142857143,0.7834586466165413,-0.000805123173339306,,,-0.069172932330827,0.0
43,453,20,shapley_mc,Monte Carlo Shapley,0.5142857142857143,0.46917293233082696,-0.00013776506215046336,,,0.04511278195488738,4.336808689942018e-19
43,453,20,loo_oracle,LOO oracle,0.9609022556390976,1.0,-0.0005859329948081915,,,-0.03909774436090241,4.336808689942018e-19
43,453,20,lime,LIME,0.7729323308270677,0.8812030075187969,-0.0005859329948081915,,,-0.10827067669172918,4.336808689942018e-19
43,454,19,shapley_mc,Monte Carlo Shapley,0.8280701754385964,0.8298245614035088,0.0002929666480421811,,,-0.0017543859649123972,0.0
43,454,19,loo_oracle,LOO oracle,0.9929824561403509,1.0,0.0002929666480421811,,,-0.007017543859649145,0.0
43,454,19,lime,LIME,0.8543859649122807,0.8771929824561402,0.0002929666480421811,,,-0.022807017543859498,0.0
43,455,20,shapley_mc,Monte Carlo Shapley,0.8872180451127819,0.9022556390977443,-0.0007897969530953342,,,-0.015037593984962405,0.0
43,455,20,loo_oracle,LOO oracle,0.9864661654135337,1.0,-0.0007897969530953342,,,-0.013533834586466287,0.0
43,455,20,lime,LIME,0.8962406015037594,0.8977443609022555,-0.0007897969530953342,,,-0.0015037593984961184,0.0
43,456,20,shapley_mc,Monte Carlo Shapley,0.78796992481203,0.7218045112781954,0.0006925634779411105,,,0.06616541353383454,0.0
43,456,20,loo_oracle,LOO oracle,0.9548872180451128,1.0,0.00011603787848246672,,,-0.045112781954887216,0.0
43,456,20,lime,LIME,0.8330827067669173,0.9308270676691727,0.00011603787848246672,,,-0.09774436090225536,0.0
43,457,18,shapley_mc,Monte Carlo Shapley,0.7089783281733747,0.7131062951496387,0.003494325411016408,,,-0.0041279669762640525,6.938893903907228e-18
43,457,18,loo_oracle,LOO oracle,0.9958720330237358,1.0,0.003494325411016408,,,-0.0041279669762641635,6.938893903907228e-18
43,457,18,lime,LIME,0.9442724458204333,0.9484004127966976,0.003494325411016408,,,-0.0041279669762642746,6.938893903907228e-18
43,458,16,shapley_mc,Monte Carlo Shapley,0.8676470588235294,0.8558823529411764,-0.0002660488525029203,,,0.01176470588235301,0.0
43,458,16,loo_oracle,LOO oracle,0.9911764705882352,1.0,-0.0002660488525029203,,,-0.008823529411764786,0.0
43,458,16,lime,LIME,0.8647058823529412,0.8911764705882352,-0.0002660488525029203,,,-0.026470588235294024,0.0
43,459,20,shapley_mc,Monte Carlo Shapley,0.8511278195488721,0.8390977443609022,0.0007981834861210957,,,0.012030075187969835,1.734723475976807e-18
43,459,20,loo_oracle,LOO oracle,0.9954887218045112,1.0,7.987147398130778e-05,,,-0.004511278195488799,1.734723475976807e-18
43,459,20,lime,LIME,0.9834586466165413,0.9774436090225563,7.987147398130778e-05,,,0.006015037593984918,1.734723475976807e-18
43,460,20,shapley_mc,Monte Carlo Shapley,0.2541353383458646,0.2270676691729323,0.00033342108592998576,,,0.027067669172932296,0.0
43,460,20,loo_oracle,LOO oracle,0.9127819548872179,1.0,-0.0002658864846596387,,,-0.08721804511278208,0.0
43,460,20,lime,LIME,0.7864661654135338,0.8962406015037594,-0.00027355872878620513,,,-0.10977443609022564,0.0
43,461,20,shapley_mc,Monte Carlo Shapley,0.9488721804511278,0.8766917293233082,-0.0008592799072146828,,,0.07218045112781957,4.336808689942018e-19
43,461,20,loo_oracle,LOO oracle,0.9503759398496241,1.0,-0.0009468393377146667,,,-0.049624060150375904,4.336808689942018e-19
43,461,20,lime,LIME,0.8977443609022555,0.9503759398496241,-0.0009468393377146667,,,-0.052631578947368585,4.336808689942018e-19
43,462,20,shapley_mc,Monte Carlo Shapley,0.7789473684210525,0.8300751879699247,-3.706231818245698e-05,,,-0.051127819548872244,2.168404344971009e-19
43,462,20,loo_oracle,LOO oracle,0.9624060150375938,1.0,-3.706231818245698e-05,,,-0.03759398496240618,2.168404344971009e-19
43,462,20,lime,LIME,0.8481203007518796,0.9293233082706768,-3.706231818245698e-05,,,-0.08120300751879717,2.168404344971009e-19
43,463,20,shapley_mc,Monte Carlo Shapley,0.875187969924812,0.8812030075187969,-0.001925404844686729,,,-0.006015037593984918,3.469446951953614e-18
43,463,20,loo_oracle,LOO oracle,0.9909774436090225,1.0,-0.0007692928308657976,,,-0.009022556390977488,3.469446951953614e-18
43,463,20,lime,LIME,0.9172932330827066,0.9233082706766916,-0.0007692928308657976,,,-0.006015037593985029,3.469446951953614e-18
43,464,20,shapley_mc,Monte Carlo Shapley,0.78796992481203,0.7894736842105263,0.002406113556422451,,,-0.0015037593984963404,0.0
43,464,20,loo_oracle,LOO oracle,0.9969924812030074,1.0,0.002406113556422451,,,-0.00300751879699257,0.0
43,464,20,lime,LIME,0.9849624060150375,0.9774436090225563,0.002406113556422451,,,0.007518796992481147,0.0
43,465,20,shapley_mc,Monte Carlo Shapley,0.6766917293233082,0.6511278195488721,0.0007434085000894708,,,0.025563909774436122,8.673617379884035e-19
43,465,20,loo_oracle,LOO oracle,0.9699248120300751,1.0,0.00016918086160949697,,,-0.03007518796992492,8.673617379884035e-19
43,465,20,lime,LIME,0.918796992481203,0.9518796992481202,0.00017889693688627473,,,-0.03308270676691727,8.673617379884035e-19
43,466,20,shapley_mc,Monte Carlo Shapley,0.8075187969924811,0.8075187969924811,-0.002931911707017676,,,0.0,0.0
43,466,20,loo_oracle,LOO oracle,1.0,1.0,-0.002931911707017676,,,0.0,0.0
43,466,20,lime,LIME,0.8932330827067668,0.8932330827067668,-0.002931911707017676,,,0.0,0.0
43,467,14,shapley_mc,Monte Carlo Shapley,0.9780219780219781,0.9824175824175824,-0.0038048266571406586,,,-0.004395604395604269,0.0
43,467,14,loo_oracle,LOO oracle,0.9956043956043955,1.0,-0.0038048266571406586,,,-0.004395604395604491,0.0
43,467,14,lime,LIME,0.9648351648351648,0.9604395604395607,-0.0038048266571406586,,,0.004395604395604158,0.0
43,468,20,shapley_mc,Monte Carlo Shapley,0.8556390977443609,0.863157894736842,0.0017749557354742596,,,-0.007518796992481147,1.734723475976807e-18
43,468,20,loo_oracle,LOO oracle,0.9969924812030074,1.0,0.0017749557354742596,,,-0.00300751879699257,1.734723475976807e-18
43,468,20,lime,LIME,0.9789473684210527,0.9789473684210527,0.0017749557354742596,,,0.0,1.734723475976807e-18
43,469,20,shapley_mc,Monte Carlo Shapley,0.7699248120300751,0.8090225563909773,-0.0008018529255328088,,,-0.03909774436090219,1.0842021724855044e-19
43,469,20,loo_oracle,LOO oracle,0.9593984962406013,1.0,-1.1647428142191885e-05,,,-0.04060150375939875,1.0842021724855044e-19
43,469,20,lime,LIME,0.8090225563909773,0.8796992481203006,-0.0008018529255328088,,,-0.07067669172932334,1.0842021724855044e-19
43,470,20,shapley_mc,Monte Carlo Shapley,0.7203007518796991,0.7263157894736841,0.001511771898078218,,,-0.006015037593985029,5.204170427930421e-18
43,470,20,loo_oracle,LOO oracle,0.9984962406015038,1.0,0.001511771898078218,,,-0.0015037593984962294,5.204170427930421e-18
43,470,20,lime,LIME,0.9924812030075187,0.993984962406015,0.001511771898078218,,,-0.0015037593984962294,5.204170427930421e-18
43,471,20,shapley_mc,Monte Carlo Shapley,0.7187969924812029,0.7037593984962407,0.001129116368978944,,,0.015037593984962183,3.469446951953614e-18
43,471,20,loo_oracle,LOO oracle,0.9954887218045112,1.0,0.0012966070783446693,,,-0.004511278195488799,3.469446951953614e-18
43,471,20,lime,LIME,0.900751879699248,0.9172932330827066,0.0012966070783446693,,,-0.016541353383458635,3.469446951953614e-18
43,472,20,shapley_mc,Monte Carlo Shapley,0.918796992481203,0.8736842105263156,-0.00010677640479916928,,,0.04511278195488733,0.0
43,472,20,loo_oracle,LOO oracle,0.9774436090225563,1.0,-0.00010677640479916928,,,-0.022556390977443663,0.0
43,472,20,lime,LIME,0.9413533834586465,0.9383458646616539,-0.00010677640479916928,,,0.00300751879699257,0.0
43,473,20,shapley_mc,Monte Carlo Shapley,0.9022556390977443,0.9112781954887217,-0.0010396204052977032,,,-0.009022556390977376,8.673617379884035e-19
43,473,20,loo_oracle,LOO oracle,0.993984962406015,1.0,-0.00015469372638998724,,,-0.006015037593985029,8.673617379884035e-19
43,473,20,lime,LIME,0.8992481203007519,0.9127819548872179,-0.0010375843112954142,,,-0.013533834586466065,8.673617379884035e-19
43,474,20,shapley_mc,Monte Carlo Shapley,0.8165413533834586,0.813533834586466,-5.105210027772644e-05,,,0.00300751879699257,8.673617379884035e-19
43,474,20,loo_oracle,LOO oracle,0.9263157894736842,1.0,-5.105210027772644e-05,,,-0.0736842105263158,8.673617379884035e-19
43,474,20,lime,LIME,0.8300751879699247,0.8165413533834586,-5.105210027772644e-05,,,0.013533834586466176,8.673617379884035e-19
43,475,20,shapley_mc,Monte Carlo Shapley,0.7819548872180451,0.5624060150375939,-0.00021697377373730564,,,0.21954887218045116,0.0
43,475,20,loo_oracle,LOO oracle,0.9067669172932331,1.0,-4.446904899474413e-05,,,-0.09323308270676689,0.0
43,475,20,lime,LIME,0.8120300751879698,0.819548872180451,-0.0006411915787926659,,,-0.007518796992481258,0.0
43,476,20,shapley_mc,Monte Carlo Shapley,0.6090225563909774,0.5293233082706766,0.0003015277296418706,,,0.07969924812030071,8.673617379884035e-19
43,476,20,loo_oracle,LOO oracle,0.9398496240601503,1.0,-0.0006112565784862634,,,-0.06015037593984973,8.673617379884035e-19
43,476,20,lime,LIME,0.8285714285714285,0.8887218045112781,-0.0006112565784862634,,,-0.06015037593984962,8.673617379884035e-19
43,477,20,shapley_mc,Monte Carlo Shapley,0.7774436090225564,0.7774436090225564,0.0021270304291058917,,,0.0,3.469446951953614e-18
43,477,20,loo_oracle,LOO oracle,1.0,1.0,0.0006058620756038691,,,0.0,3.469446951953614e-18
43,477,20,lime,LIME,0.9714285714285714,0.9714285714285714,0.0006058620756038691,,,0.0,3.469446951953614e-18
43,478,20,shapley_mc,Monte Carlo Shapley,0.9398496240601503,0.9413533834586465,-0.0008909018700869464,,,-0.0015037593984962294,3.2526065174565133e-19
43,478,20,loo_oracle,LOO oracle,0.9969924812030074,1.0,-0.0008909018700869464,,,-0.00300751879699257,3.2526065174565133e-19
43,478,20,lime,LIME,0.932330827067669,0.9383458646616539,-0.0008909018700869464,,,-0.006015037593984918,3.2526065174565133e-19
43,479,20,shapley_mc,Monte Carlo Shapley,0.6421052631578947,0.6541353383458646,0.00010918343222504623,,,-0.012030075187969835,4.336808689942018e-19
43,479,20,loo_oracle,LOO oracle,0.9428571428571428,1.0,0.00010918343222504623,,,-0.05714285714285716,4.336808689942018e-19
43,479,20,lime,LIME,0.7518796992481201,0.793984962406015,0.00010918343222504623,,,-0.04210526315789487,4.336808689942018e-19
43,480,20,shapley_mc,Monte Carlo Shapley,0.793984962406015,0.7112781954887217,-5.451618709106931e-05,,,0.08270676691729328,8.673617379884035e-19
43,480,20,loo_oracle,LOO oracle,0.9669172932330825,1.0,-5.451618709106931e-05,,,-0.03308270676691749,8.673617379884035e-19
43,480,20,lime,LIME,0.7548872180451127,0.8300751879699247,-5.451618709106931e-05,,,-0.07518796992481203,8.673617379884035e-19
43,481,20,shapley_mc,Monte Carlo Shapley,0.7503759398496239,0.7578947368421052,0.0016341280354247312,,,-0.007518796992481258,1.734723475976807e-18
43,481,20,loo_oracle,LOO oracle,0.9984962406015038,1.0,0.0016341280354247312,,,-0.0015037593984962294,1.734723475976807e-18
43,481,20,lime,LIME,0.8872180451127819,0.8812030075187969,0.0007783599148294962,,,0.006015037593985029,1.734723475976807e-18
43,482,9,shapley_mc,Monte Carlo Shapley,0.9333333333333332,0.9333333333333332,0.0003774927487986135,,,0.0,1.734723475976807e-18
43,482,9,loo_oracle,LOO oracle,1.0,1.0,0.0003774927487986135,,,0.0,1.734723475976807e-18
43,482,9,lime,LIME,0.9666666666666667,0.9666666666666667,0.0003774927487986135,,,0.0,1.734723475976807e-18
43,483,20,shapley_mc,Monte Carlo Shapley,0.7969924812030074,0.7969924812030074,-0.00257850574144991,,,0.0,6.938893903907228e-18
43,483,20,loo_oracle,LOO oracle,1.0,1.0,-0.00257850574144991,,,0.0,6.938893903907228e-18
43,483,20,lime,LIME,0.9759398496240601,0.9759398496240601,-0.00257850574144991,,,0.0,6.938893903907228e-18
43,484,20,shapley_mc,Monte Carlo Shapley,0.7052631578947368,0.7097744360902255,0.0010589274118710246,,,-0.004511278195488688,8.673617379884035e-19
43,484,20,loo_oracle,LOO oracle,0.9984962406015038,1.0,0.0010589274118710246,,,-0.0015037593984962294,8.673617379884035e-19
43,484,20,lime,LIME,0.9383458646616539,0.9398496240601503,0.000256023478477585,,,-0.0015037593984963404,8.673617379884035e-19
43,485,20,shapley_mc,Monte Carlo Shapley,0.8766917293233082,0.8766917293233082,0.00022385260173229948,,,0.0,1.734723475976807e-18
43,485,20,loo_oracle,LOO oracle,1.0,1.0,0.00022385260173229948,,,0.0,1.734723475976807e-18
43,485,20,lime,LIME,0.9413533834586465,0.9413533834586465,0.00022385260173229948,,,0.0,1.734723475976807e-18
43,486,20,shapley_mc,Monte Carlo Shapley,0.7548872180451127,0.732330827067669,0.0013647443726548802,,,0.022556390977443663,8.673617379884035e-19
43,486,20,loo_oracle,LOO oracle,0.993984962406015,1.0,0.0013647443726548802,,,-0.006015037593985029,8.673617379884035e-19
43,486,20,lime,LIME,0.8781954887218045,0.8736842105263156,0.0002400822858452667,,,0.00451127819548891,8.673617379884035e-19
43,487,11,shapley_mc,Monte Carlo Shapley,0.881818181818182,0.881818181818182,-6.31215093199744e-05,,,0.0,3.469446951953614e-18
43,487,11,loo_oracle,LOO oracle,1.0,1.0,-6.31215093199744e-05,,,0.0,3.469446951953614e-18
43,487,11,lime,LIME,0.9818181818181818,0.9818181818181818,-6.31215093199744e-05,,,0.0,3.469446951953614e-18
43,488,10,shapley_mc,Monte Carlo Shapley,0.9757575757575757,0.9757575757575757,-0.003397806171982709,,,0.0,2.0816681711721685e-17
43,488,10,loo_oracle,LOO oracle,0.9999999999999999,0.9999999999999999,-0.003397806171982709,,,0.0,2.0816681711721685e-17
43,488,10,lime,LIME,0.9999999999999999,0.9999999999999999,-0.003397806171982709,,,0.0,2.0816681711721685e-17
43,489,20,shapley_mc,Monte Carlo Shapley,0.8225563909774435,0.8240601503759398,1.892725695951114e-05,,,-0.0015037593984963404,8.673617379884035e-19
43,489,20,loo_oracle,LOO oracle,0.9879699248120299,1.0,1.892725695951114e-05,,,-0.012030075187970057,8.673617379884035e-19
43,489,20,lime,LIME,0.8947368421052632,0.9308270676691727,-0.0006110395414852254,,,-0.036090225563909506,8.673617379884035e-19
43,490,13,shapley_mc,Monte Carlo Shapley,0.8351648351648352,0.8516483516483516,-0.00018710246975073286,,,-0.016483516483516425,5.204170427930421e-18
43,490,13,loo_oracle,LOO oracle,0.9945054945054945,1.0,-0.00018710246975073286,,,-0.005494505494505475,5.204170427930421e-18
43,490,13,lime,LIME,0.9230769230769231,0.9175824175824175,-0.00018710246975073286,,,0.005494505494505586,5.204170427930421e-18
43,491,20,shapley_mc,Monte Carlo Shapley,0.77593984962406,0.78796992481203,-0.0011381005886068607,,,-0.012030075187969946,1.734723475976807e-18
43,491,20,loo_oracle,LOO oracle,0.9984962406015038,1.0,-0.00039179111792519983,,,-0.0015037593984962294,1.734723475976807e-18
43,491,20,lime,LIME,0.8977443609022555,0.9082706766917292,-0.0011381005886068607,,,-0.010526315789473717,1.734723475976807e-18
43,492,20,shapley_mc,Monte Carlo Shapley,0.8451127819548873,0.7473684210526315,-0.000600218205173586,,,0.0977443609022558,2.710505431213761e-19
43,492,20,loo_oracle,LOO oracle,0.9503759398496241,1.0,-0.000600218205173586,,,-0.049624060150375904,2.710505431213761e-19
43,492,20,lime,LIME,0.8917293233082706,0.9263157894736842,-0.000600218205173586,,,-0.03458646616541361,2.710505431213761e-19
43,493,20,shapley_mc,Monte Carlo Shapley,0.5819548872180451,0.5804511278195488,0.0008119878726310925,,,0.0015037593984963404,0.0
43,493,20,loo_oracle,LOO oracle,0.9789473684210527,1.0,3.339241303856877e-06,,,-0.021052631578947323,0.0
43,493,20,lime,LIME,0.8977443609022555,0.932330827067669,-0.0007798253195703264,,,-0.0345864661654135,0.0
43,494,20,shapley_mc,Monte Carlo Shapley,0.7774436090225564,0.7894736842105263,-0.0010477477190184992,,,-0.012030075187969946,0.0
43,494,20,loo_oracle,LOO oracle,0.9789473684210527,1.0,-0.0010477477190184992,,,-0.021052631578947323,0.0
43,494,20,lime,LIME,0.9548872180451128,0.9624060150375938,-0.0010477477190184992,,,-0.007518796992481036,0.0
43,495,20,shapley_mc,Monte Carlo Shapley,0.7383458646616541,0.6932330827067669,2.7375066284640592e-05,,,0.045112781954887216,8.673617379884035e-19
43,495,20,loo_oracle,LOO oracle,0.9849624060150375,1.0,2.7375066284640592e-05,,,-0.015037593984962516,8.673617379884035e-19
43,495,20,lime,LIME,0.9353383458646616,0.9624060150375938,2.7375066284640592e-05,,,-0.02706766917293224,8.673617379884035e-19
43,496,14,shapley_mc,Monte Carlo Shapley,0.8857142857142857,0.8813186813186813,-0.0009294850753899242,,,0.00439560439560438,8.673617379884035e-19
43,496,14,loo_oracle,LOO oracle,0.9692307692307693,1.0,3.701390480037592e-05,,,-0.03076923076923066,8.673617379884035e-19
43,496,14,lime,LIME,0.7846153846153847,0.7934065934065934,-0.0009294850753899242,,,-0.008791208791208649,8.673617379884035e-19
43,497,20,shapley_mc,Monte Carlo Shapley,0.8902255639097743,0.8962406015037594,0.0007779758375500156,,,-0.00601503759398514,2.168404344971009e-19
43,497,20,loo_oracle,LOO oracle,0.993984962406015,1.0,-0.0009415195671563792,,,-0.006015037593985029,2.168404344971009e-19
43,497,20,lime,LIME,0.9398496240601503,0.9413533834586465,-0.0009415195671563792,,,-0.0015037593984962294,2.168404344971009e-19
43,498,20,shapley_mc,Monte Carlo Shapley,0.5488721804511278,0.5052631578947367,0.0003777267020934616,,,0.0436090225563911,8.673617379884035e-19
43,498,20,loo_oracle,LOO oracle,0.9293233082706768,1.0,-4.003255076212575e-06,,,-0.07067669172932323,8.673617379884035e-19
43,498,20,lime,LIME,0.7413533834586465,0.8511278195488721,-0.0003620341442762687,,,-0.10977443609022552,8.673617379884035e-19
43,499,20,shapley_mc,Monte Carlo Shapley,0.6375939849624059,0.6375939849624059,0.0012195536947177121,,,0.0,6.938893903907228e-18
43,499,20,loo_oracle,LOO oracle,1.0,1.0,0.0012195536947177121,,,0.0,6.938893903907228e-18
43,499,20,lime,LIME,0.9714285714285714,0.9714285714285714,0.0012195536947177121,,,0.0,6.938893903907228e-18
44,0,20,shapley_mc,Monte Carlo Shapley,0.6481203007518795,0.6526315789473683,0.0016414152628008716,0.0,0.0,-0.004511278195488799,3.469446951953614e-18
44,0,20,loo_oracle,LOO oracle,0.993984962406015,1.0,0.0016414152628008716,0.0,0.0,-0.006015037593985029,3.469446951953614e-18
44,0,20,lime,LIME,0.9789473684210527,0.9819548872180449,0.0016414152628008716,0.0,0.0,-0.003007518796992237,3.469446951953614e-18
44,1,20,shapley_mc,Monte Carlo Shapley,0.7744360902255639,0.7654135338345864,0.0012054203370943095,0.0,0.0,0.009022556390977488,8.673617379884035e-19
44,1,20,loo_oracle,LOO oracle,0.9984962406015038,1.0,0.0012054203370943095,0.0,0.0,-0.0015037593984962294,8.673617379884035e-19
44,1,20,lime,LIME,0.9518796992481202,0.9548872180451128,0.0012054203370943095,0.0,0.0,-0.00300751879699257,8.673617379884035e-19
44,2,20,shapley_mc,Monte Carlo Shapley,0.7052631578947368,0.7082706766917292,0.001919862873931144,0.0,0.0,-0.003007518796992348,3.469446951953614e-18
44,2,20,loo_oracle,LOO oracle,0.9984962406015038,1.0,0.001919862873931144,0.0,0.0,-0.0015037593984962294,3.469446951953614e-18
44,2,20,lime,LIME,0.9654135338345864,0.9684210526315788,0.001919862873931144,0.0,0.0,-0.003007518796992459,3.469446951953614e-18
44,3,16,shapley_mc,Monte Carlo Shapley,0.7235294117647059,0.5970588235294118,0.00013325290518417798,0.0006938728946038752,0.8388964459127985,0.1264705882352941,0.0
44,3,16,loo_oracle,LOO oracle,0.9676470588235294,1.0,0.00013325290518417798,0.0006938728946038752,0.8388964459127985,-0.032352941176470584,0.0
44,3,16,lime,LIME,0.9470588235294116,0.9411764705882352,0.00013325290518417798,0.0006938728946038752,0.8388964459127985,0.00588235294117645,0.0
44,4,20,shapley_mc,Monte Carlo Shapley,0.831578947368421,0.7338345864661654,-0.00020917449360691176,0.0006101352748537625,1.5216831716926715,0.09774436090225558,0.0
44,4,20,loo_oracle,LOO oracle,0.8706766917293233,1.0,-0.0005831467600078133,0.000984107541254664,2.454373556785412,-0.12932330827067673,0.0
44,4,20,lime,LIME,0.6300751879699248,0.831578947368421,-0.0005831467600078133,0.000984107541254664,2.454373556785412,-0.20150375939849619,0.0
44,5,20,shapley_mc,Monte Carlo Shapley,0.8030075187969924,0.7924812030075187,0.0016066946851263642,0.0,0.0,0.010526315789473717,1.734723475976807e-18
44,5,20,loo_oracle,LOO oracle,0.9954887218045112,1.0,0.00041801744175024025,0.001188677243376124,0.7398277056868514,-0.004511278195488799,1.734723475976807e-18
44,5,20,lime,LIME,0.9639097744360902,0.9789473684210527,0.00041801744175024025,0.001188677243376124,0.7398277056868514,-0.015037593984962516,1.734723475976807e-18
44,6,20,shapley_mc,Monte Carlo Shapley,0.7383458646616541,0.7082706766917292,-0.00022887241699437455,0.0008892358086776686,1.3465855596028478,0.03007518796992492,8.673617379884035e-19
44,6,20,loo_oracle,LOO oracle,0.9894736842105262,1.0,-0.0008688926513215067,0.0015292560430048008,2.3157795540284014,-0.010526315789473828,8.673617379884035e-19
44,6,20,lime,LIME,0.9639097744360902,0.9714285714285714,-0.0008688926513215067,0.0015292560430048008,2.3157795540284014,-0.007518796992481258,8.673617379884035e-19
44,7,20,shapley_mc,Monte Carlo Shapley,0.7548872180451127,0.7082706766917292,8.2452435163749e-05,0.0005562798219763132,0.8709123656853593,0.046616541353383556,8.673617379884035e-19
44,7,20,loo_oracle,LOO oracle,0.9804511278195487,1.0,8.2452435163749e-05,0.0005562798219763132,0.8709123656853593,-0.019548872180451315,8.673617379884035e-19
44,7,20,lime,LIME,0.8887218045112781,0.9278195488721804,8.2452435163749e-05,0.0005562798219763132,0.8709123656853593,-0.0390977443609023,8.673617379884035e-19
44,8,20,shapley_mc,Monte Carlo Shapley,0.8676691729323308,0.8676691729323308,0.0019302128662300744,0.0,0.0,0.0,3.469446951953614e-18
44,8,20,loo_oracle,LOO oracle,1.0,1.0,0.0007108138928252905,0.0012193989734047839,0.6317432621587824,0.0,3.469446951953614e-18
44,8,20,lime,LIME,0.9759398496240601,0.9759398496240601,0.0007108138928252905,0.0012193989734047839,0.6317432621587824,0.0,3.469446951953614e-18
44,9,20,shapley_mc,Monte Carlo Shapley,0.9022556390977443,0.9037593984962405,0.0016221123767691248,2.403038928439072e-05,0.01459799828140271,-0.0015037593984962294,0.0
44,9,20,loo_oracle,LOO oracle,0.9984962406015038,1.0,0.0016461427660535155,0.0,0.0,-0.0015037593984962294,0.0
44,9,20,lime,LIME,0.9879699248120299,0.9834586466165413,0.0005376287569022198,0.0011085140091512957,0.6734008928857739,0.004511278195488688,0.0
44,10,20,shapley_mc,Monte Carlo Shapley,0.7864661654135338,0.7624060150375939,0.0015080064940105053,0.0,0.0,0.024060150375939893,1.734723475976807e-18
44,10,20,loo_oracle,LOO oracle,0.9774436090225563,1.0,0.0015080064940105053,0.0,0.0,-0.022556390977443663,1.734723475976807e-18
44,10,20,lime,LIME,0.9172932330827066,0.932330827067669,0.0006673296804677875,0.0008406768135427178,0.5574755919979385,-0.015037593984962405,1.734723475976807e-18
44,11,12,shapley_mc,Monte Carlo Shapley,0.5594405594405596,0.5594405594405596,0.0003223242547059635,0.001049805920562752,0.7650920726906015,0.0,1.734723475976807e-18
44,11,12,loo_oracle,LOO oracle,1.0,1.0,0.0003223242547059635,0.001049805920562752,0.7650920726906015,0.0,1.734723475976807e-18
44,11,12,lime,LIME,0.9440559440559443,0.9440559440559443,0.0003223242547059635,0.001049805920562752,0.7650920726906015,0.0,1.734723475976807e-18
44,12,20,shapley_mc,Monte Carlo Shapley,0.8556390977443609,0.8511278195488721,0.0015267025859058703,0.0003719770569028391,0.19591354345415604,0.004511278195488799,0.0
44,12,20,loo_oracle,LOO oracle,0.9984962406015038,1.0,0.0018986796428087094,0.0,0.0,-0.0015037593984962294,0.0
44,12,20,lime,LIME,0.9804511278195487,0.9789473684210527,0.0018986796428087094,0.0,0.0,0.0015037593984960074,0.0
44,13,11,shapley_mc,Monte Carlo Shapley,0.19090909090909092,0.10909090909090911,0.000834835893662067,7.808145368826125e-05,0.08552959786486368,0.0818181818181818,0.0
44,13,11,loo_oracle,LOO oracle,0.9636363636363637,1.0,0.0009129173473503283,0.0,0.0,-0.036363636363636265,0.0
44,13,11,lime,LIME,0.9454545454545454,0.9,0.00014974747527957133,0.0007631698720707569,0.8359681995854609,0.045454545454545414,0.0
44,14,20,shapley_mc,Monte Carlo Shapley,0.7864661654135338,0.7864661654135338,-0.0002650863619820809,0.0007064528491709798,1.6006037342568418,0.0,0.0
44,14,20,loo_oracle,LOO oracle,1.0,1.0,-0.0007170420763469298,0.0011584085635358288,2.6245956467815144,0.0,0.0
44,14,20,lime,LIME,0.9112781954887217,0.9112781954887217,-0.0007170420763469298,0.0011584085635358288,2.6245956467815144,0.0,0.0
44,15,11,shapley_mc,Monte Carlo Shapley,0.4000000000000001,0.38181818181818183,0.00080383114354321,4.418386424615006e-05,0.052102691329989154,0.018181818181818243,8.673617379884035e-19
44,15,11,loo_oracle,LOO oracle,0.9818181818181818,1.0,9.15502617880315e-05,0.0007564647460013285,0.8920416952068689,-0.018181818181818188,8.673617379884035e-19
44,15,11,lime,LIME,0.7272727272727273,0.7454545454545456,-0.0010523831599375533,0.0019003981677269133,2.2409959116642906,-0.0181818181818183,8.673617379884035e-19
44,16,20,shapley_mc,Monte Carlo Shapley,0.6932330827067669,0.7187969924812029,6.7186943015218326e-06,0.00048795212918045783,0.9864178460321413,-0.02556390977443601,0.0
44,16,20,loo_oracle,LOO oracle,0.9398496240601503,1.0,-0.000539841313280276,0.0010345121367622556,2.0913142347653086,-0.06015037593984973,0.0
44,16,20,lime,LIME,0.7578947368421052,0.8902255639097743,-0.000539841313280276,0.0010345121367622556,2.0913142347653086,-0.13233082706766908,0.0
44,17,20,shapley_mc,Monte Carlo Shapley,0.6195488721804511,0.5203007518796992,-0.0001677267001056748,0.000768624332099177,1.2791269093041817,0.09924812030075192,8.673617379884035e-19
44,17,20,loo_oracle,LOO oracle,0.9578947368421054,1.0,5.354364702170322e-07,0.0006003621955232852,0.9991089372951103,-0.042105263157894646,8.673617379884035e-19
44,17,20,lime,LIME,0.819548872180451,0.9203007518796992,5.354364702170322e-07,0.0006003621955232852,0.9991089372951103,-0.10075187969924815,8.673617379884035e-19
44,18,20,shapley_mc,Monte Carlo Shapley,0.8436090225563909,0.8451127819548873,0.0004433115766912521,0.0008219051401079924,0.649616092283098,-0.0015037593984963404,5.204170427930421e-18
44,18,20,loo_oracle,LOO oracle,0.9924812030075187,1.0,0.0004433115766912521,0.0008219051401079924,0.649616092283098,-0.007518796992481258,5.204170427930421e-18
44,18,20,lime,LIME,0.9699248120300751,0.9699248120300751,0.0004433115766912521,0.0008219051401079924,0.649616092283098,0.0,5.204170427930421e-18
44,19,17,shapley_mc,Monte Carlo Shapley,0.6642156862745099,0.6642156862745099,0.0032044762331056575,0.00017133964106130772,0.05075503149378175,0.0,6.938893903907228e-18
44,19,17,loo_oracle,LOO oracle,1.0,1.0,0.0013181994830172017,0.0020576163911497636,0.6095167708303982,0.0,6.938893903907228e-18
44,19,17,lime,LIME,0.9730392156862747,0.9730392156862747,0.0013181994830172017,0.0020576163911497636,0.6095167708303982,0.0,6.938893903907228e-18
44,20,4,shapley_mc,Monte Carlo Shapley,0.19999999999999998,0.19999999999999998,0.0065047995564541106,,,0.0,1.3877787807814457e-17
44,20,4,loo_oracle,LOO oracle,1.0,1.0,0.003834209166603375,,,0.0,1.3877787807814457e-17
44,20,4,lime,LIME,1.0,1.0,0.003834209166603375,,,0.0,1.3877787807814457e-17
44,21,20,shapley_mc,Monte Carlo Shapley,0.7969924812030074,0.7864661654135338,-5.698928075376086e-05,,,0.010526315789473606,1.734723475976807e-18
44,21,20,loo_oracle,LOO oracle,0.9729323308270676,1.0,1.592015399587421e-05,,,-0.02706766917293235,1.734723475976807e-18
44,21,20,lime,LIME,0.8796992481203006,0.8571428571428572,-0.0008138380559023495,,,0.02255639097744344,1.734723475976807e-18
44,22,20,shapley_mc,Monte Carlo Shapley,0.7413533834586465,0.7127819548872181,0.0018782589608329903,,,0.02857142857142847,1.734723475976807e-18
44,22,20,loo_oracle,LOO oracle,0.9954887218045112,1.0,0.0008521261480266551,,,-0.004511278195488799,1.734723475976807e-18
44,22,20,lime,LIME,0.9609022556390976,0.9684210526315788,0.0008521261480266551,,,-0.007518796992481258,1.734723475976807e-18
44,23,20,shapley_mc,Monte Carlo Shapley,0.9067669172932331,0.9022556390977443,0.0011808791514844597,,,0.004511278195488799,3.469446951953614e-18
44,23,20,loo_oracle,LOO oracle,0.9924812030075187,1.0,0.0003528398812280842,,,-0.007518796992481258,3.469446951953614e-18
44,23,20,lime,LIME,0.9879699248120299,0.9819548872180449,0.0003528398812280842,,,0.006015037593985029,3.469446951953614e-18
44,24,20,shapley_mc,Monte Carlo Shapley,0.8541353383458646,0.801503759398496,0.0017348871388789266,,,0.052631578947368585,0.0
44,24,20,loo_oracle,LOO oracle,0.9879699248120299,1.0,0.0017348871388789266,,,-0.012030075187970057,0.0
44,24,20,lime,LIME,0.9849624060150375,0.9879699248120299,0.00021433822911759437,,,-0.003007518796992459,0.0
44,25,20,shapley_mc,Monte Carlo Shapley,0.5172932330827067,0.4977443609022556,-1.1655401634946827e-06,,,0.019548872180451093,2.168404344971009e-19
44,25,20,loo_oracle,LOO oracle,0.9413533834586465,1.0,4.094209576122054e-05,,,-0.0586466165413535,2.168404344971009e-19
44,25,20,lime,LIME,0.7203007518796991,0.8240601503759398,-0.0004346423320534809,,,-0.10375939849624072,2.168404344971009e-19
44,26,20,shapley_mc,Monte Carlo Shapley,0.7563909774436091,0.7398496240601502,-0.0001369529825748783,,,0.016541353383458857,1.734723475976807e-18
44,26,20,loo_oracle,LOO oracle,0.9879699248120299,1.0,-0.00013197029036149388,,,-0.012030075187970057,1.734723475976807e-18
44,26,20,lime,LIME,0.9293233082706768,0.9248120300751879,-0.00013197029036149388,,,0.00451127819548891,1.734723475976807e-18
44,27,20,shapley_mc,Monte Carlo Shapley,0.8030075187969924,0.7804511278195487,0.004266593414669284,,,0.022556390977443663,1.0408340855860843e-17
44,27,20,loo_oracle,LOO oracle,0.9954887218045112,1.0,0.004266593414669284,,,-0.004511278195488799,1.0408340855860843e-17
44,27,20,lime,LIME,0.8887218045112781,0.8842105263157894,0.002834579029617923,,,0.004511278195488688,1.0408340855860843e-17
44,28,20,shapley_mc,Monte Carlo Shapley,0.7819548872180451,0.7684210526315788,0.00157880561942908,,,0.013533834586466287,3.469446951953614e-18
44,28,20,loo_oracle,LOO oracle,0.9714285714285714,1.0,0.00157880561942908,,,-0.02857142857142858,3.469446951953614e-18
44,28,20,lime,LIME,0.8796992481203006,0.9278195488721804,0.00157880561942908,,,-0.048120300751879785,3.469446951953614e-18
44,29,20,shapley_mc,Monte Carlo Shapley,0.5353383458646617,0.5203007518796992,0.0015346488943010494,,,0.015037593984962516,6.938893903907228e-18
44,29,20,loo_oracle,LOO oracle,0.9984962406015038,1.0,0.0003172509127327694,,,-0.0015037593984962294,6.938893903907228e-18
44,29,20,lime,LIME,0.9819548872180449,0.9834586466165413,0.0003172509127327694,,,-0.0015037593984963404,6.938893903907228e-18
44,30,20,shapley_mc,Monte Carlo Shapley,0.7684210526315788,0.6240601503759398,5.901774105016022e-05,,,0.14436090225563902,4.336808689942018e-19
44,30,20,loo_oracle,LOO oracle,0.8887218045112781,1.0,5.901774105016022e-05,,,-0.11127819548872186,4.336808689942018e-19
44,30,20,lime,LIME,0.724812030075188,0.8661654135338346,5.901774105016022e-05,,,-0.14135338345864656,4.336808689942018e-19
44,31,20,shapley_mc,Monte Carlo Shapley,0.8736842105263156,0.8736842105263156,0.0011957741810553757,,,0.0,1.734723475976807e-18
44,31,20,loo_oracle,LOO oracle,1.0,1.0,0.0011957741810553757,,,0.0,1.734723475976807e-18
44,31,20,lime,LIME,0.9533834586466164,0.9533834586466164,0.0011957741810553757,,,0.0,1.734723475976807e-18
44,32,20,shapley_mc,Monte Carlo Shapley,0.631578947368421,0.6556390977443608,0.0001208354040654891,,,-0.02406015037593978,9.75781955236954e-19
44,32,20,loo_oracle,LOO oracle,0.9624060150375938,1.0,-0.0001542748935163818,,,-0.03759398496240618,9.75781955236954e-19
44,32,20,lime,LIME,0.78796992481203,0.8601503759398496,-0.000623654767121895,,,-0.07218045112781957,9.75781955236954e-19
44,33,20,shapley_mc,Monte Carlo Shapley,0.3278195488721804,0.2706766917293233,0.000543363622622306,,,0.057142857142857106,0.0
44,33,20,loo_oracle,LOO oracle,0.9548872180451128,1.0,0.00010155105879999793,,,-0.045112781954887216,0.0
44,33,20,lime,LIME,0.9308270676691727,0.9488721804511278,0.00012527577359888742,,,-0.018045112781955086,0.0
44,34,20,shapley_mc,Monte Carlo Shapley,0.8225563909774435,0.793984962406015,0.0022387161052114246,,,0.02857142857142847,1.734723475976807e-18
44,34,20,loo_oracle,LOO oracle,0.9894736842105262,1.0,0.0022387161052114246,,,-0.010526315789473828,1.734723475976807e-18
44,34,20,lime,LIME,0.9864661654135337,0.9819548872180449,0.0022387161052114246,,,0.004511278195488799,1.734723475976807e-18
44,35,20,shapley_mc,Monte Carlo Shapley,0.7203007518796991,0.6375939849624059,-0.00015240114361791957,,,0.08270676691729317,4.336808689942018e-19
44,35,20,loo_oracle,LOO oracle,0.9684210526315788,1.0,-0.0007770031578993031,,,-0.03157894736842115,4.336808689942018e-19
44,35,20,lime,LIME,0.8962406015037594,0.9157894736842105,-0.0007770031578993031,,,-0.019548872180451093,4.336808689942018e-19
44,36,20,shapley_mc,Monte Carlo Shapley,0.8421052631578947,0.8030075187969924,0.0010260110401024702,,,0.0390977443609023,8.673617379884035e-19
44,36,20,loo_oracle,LOO oracle,0.9819548872180449,1.0,-9.639463508792634e-06,,,-0.018045112781955086,8.673617379884035e-19
44,36,20,lime,LIME,0.9142857142857143,0.9548872180451128,-9.414461863932466e-05,,,-0.04060150375939853,8.673617379884035e-19
44,37,20,shapley_mc,Monte Carlo Shapley,0.7729323308270677,0.7593984962406014,0.0010843152583828175,,,0.013533834586466287,8.673617379884035e-19
44,37,20,loo_oracle,LOO oracle,0.9969924812030074,1.0,0.00012189369627879643,,,-0.00300751879699257,8.673617379884035e-19
44,37,20,lime,LIME,0.9157894736842105,0.9127819548872179,0.00012189369627879643,,,0.00300751879699257,8.673617379884035e-19
44,38,20,shapley_mc,Monte Carlo Shapley,0.7127819548872181,0.6706766917293233,0.0014090941538750235,,,0.04210526315789476,3.469446951953614e-18
44,38,20,loo_oracle,LOO oracle,0.9894736842105262,1.0,0.00025737720528673513,,,-0.010526315789473828,3.469446951953614e-18
44,38,20,lime,LIME,0.9744360902255638,0.9819548872180449,0.00025737720528673513,,,-0.007518796992481147,3.469446951953614e-18
44,39,20,shapley_mc,Monte Carlo Shapley,0.4977443609022556,0.4781954887218045,0.0013291073765894779,,,0.019548872180451093,1.734723475976807e-18
44,39,20,loo_oracle,LOO oracle,0.9984962406015038,1.0,0.0014352885263411164,,,-0.0015037593984962294,1.734723475976807e-18
44,39,20,lime,LIME,0.9894736842105262,0.9864661654135337,0.0014352885263411164,,,0.003007518796992459,1.734723475976807e-18
44,40,12,shapley_mc,Monte Carlo Shapley,0.5104895104895105,0.4825174825174825,0.002377867211218576,,,0.027972027972028024,1.734723475976807e-18
44,40,12,loo_oracle,LOO oracle,0.9930069930069931,1.0,-5.584877928821452e-05,,,-0.006993006993006867,1.734723475976807e-18
44,40,12,lime,LIME,0.8671328671328673,0.8811188811188813,-5.584877928821452e-05,,,-0.013986013986013957,1.734723475976807e-18
44,41,20,shapley_mc,Monte Carlo Shapley,0.8721804511278194,0.8721804511278194,0.002757194583957512,,,0.0,8.673617379884035e-18
44,41,20,loo_oracle,LOO oracle,1.0,1.0,0.0027926575123242148,,,0.0,8.673617379884035e-18
44,41,20,lime,LIME,0.9639097744360902,0.9639097744360902,0.002757194583957512,,,0.0,8.673617379884035e-18
44,42,18,shapley_mc,Monte Carlo Shapley,0.6986584107327141,0.6986584107327141,-0.006175223183108924,,,0.0,0.0
44,42,18,loo_oracle,LOO oracle,1.0,1.0,-0.0018752231828932375,,,0.0,0.0
44,42,18,lime,LIME,0.9793601651186791,0.9793601651186791,-0.0018752231828932375,,,0.0,0.0
44,43,20,shapley_mc,Monte Carlo Shapley,0.6977443609022556,0.6045112781954887,4.0294161545939566e-05,,,0.09323308270676689,0.0
44,43,20,loo_oracle,LOO oracle,0.9593984962406013,1.0,4.0294161545939566e-05,,,-0.04060150375939875,0.0
44,43,20,lime,LIME,0.9097744360902256,0.9218045112781955,4.0294161545939566e-05,,,-0.012030075187969946,0.0
44,44,20,shapley_mc,Monte Carlo Shapley,0.7518796992481201,0.7233082706766917,0.0010029756207564078,,,0.02857142857142847,8.673617379884035e-19
44,44,20,loo_oracle,LOO oracle,0.9879699248120299,1.0,0.0010029756207564078,,,-0.012030075187970057,8.673617379884035e-19
44,44,20,lime,LIME,0.9037593984962405,0.9263157894736842,0.0010029756207564078,,,-0.022556390977443663,8.673617379884035e-19
44,45,20,shapley_mc,Monte Carlo Shapley,0.7533834586466165,0.6812030075187969,0.00045374964005090446,,,0.07218045112781957,4.336808689942018e-19
44,45,20,loo_oracle,LOO oracle,0.9097744360902256,1.0,-0.0004667658796754792,,,-0.09022556390977443,4.336808689942018e-19
44,45,20,lime,LIME,0.732330827067669,0.793984962406015,-0.0004586287710037773,,,-0.06165413533834596,4.336808689942018e-19
44,46,15,shapley_mc,Monte Carlo Shapley,0.7964285714285713,0.7428571428571428,-0.00028983603118865053,,,0.05357142857142849,8.673617379884035e-19
44,46,15,loo_oracle,LOO oracle,0.9571428571428571,1.0,-0.0001780153628408443,,,-0.04285714285714293,8.673617379884035e-19
44,46,15,lime,LIME,0.932142857142857,0.95,-0.0001780153628408443,,,-0.017857142857142905,8.673617379884035e-19
44,47,20,shapley_mc,Monte Carlo Shapley,0.4812030075187969,0.49022556390977434,0.0009208608944863417,,,-0.009022556390977432,0.0
44,47,20,loo_oracle,LOO oracle,0.9894736842105262,1.0,0.00039475894407670076,,,-0.010526315789473828,0.0
44,47,20,lime,LIME,0.9488721804511278,0.9654135338345864,0.00039475894407670076,,,-0.016541353383458635,0.0
44,48,20,shapley_mc,Monte Carlo Shapley,0.9052631578947368,0.9112781954887217,-0.004280706921346744,,,-0.006015037593984918,2.0816681711721685e-17
44,48,20,loo_oracle,LOO oracle,0.9984962406015038,1.0,-0.004280706921346744,,,-0.0015037593984962294,2.0816681711721685e-17
44,48,20,lime,LIME,0.9578947368421054,0.9548872180451128,-0.004280706921346744,,,0.00300751879699257,2.0816681711721685e-17
44,49,11,shapley_mc,Monte Carlo Shapley,0.7454545454545456,0.7454545454545456,0.006159604946109787,,,0.0,1.734723475976807e-17
44,49,11,loo_oracle,LOO oracle,1.0,1.0,0.0038459465839558726,,,0.0,1.734723475976807e-17
44,49,11,lime,LIME,0.8545454545454546,0.8545454545454546,0.0038459465839558726,,,0.0,1.734723475976807e-17
44,50,20,shapley_mc,Monte Carlo Shapley,0.8270676691729323,0.8045112781954886,0.001534683638613532,,,0.022556390977443663,3.469446951953614e-18
44,50,20,loo_oracle,LOO oracle,0.9969924812030074,1.0,0.001556831947235826,,,-0.00300751879699257,3.469446951953614e-18
44,50,20,lime,LIME,0.9684210526315788,0.9789473684210527,0.001556831947235826,,,-0.010526315789473828,3.469446951953614e-18
44,51,20,shapley_mc,Monte Carlo Shapley,0.9263157894736842,0.9278195488721804,-0.0017401991014744933,,,-0.0015037593984962294,1.734723475976807e-18
44,51,20,loo_oracle,LOO oracle,0.9924812030075187,1.0,-0.0017401991014744933,,,-0.007518796992481258,1.734723475976807e-18
44,51,20,lime,LIME,0.932330827067669,0.9338345864661652,-0.0017401991014744933,,,-0.0015037593984962294,1.734723475976807e-18
44,52,20,shapley_mc,Monte Carlo Shapley,0.6195488721804511,0.6781954887218045,-0.0001769283446242942,,,-0.05864661654135339,0.0
44,52,20,loo_oracle,LOO oracle,0.9624060150375938,1.0,-0.0006779846251937505,,,-0.03759398496240618,0.0
44,52,20,lime,LIME,0.7293233082706766,0.8300751879699247,-0.0006779846251937505,,,-0.10075187969924815,0.0
44,53,20,shapley_mc,Monte Carlo Shapley,0.7999999999999999,0.7744360902255639,0.0009494138326255896,,,0.02556390977443601,1.734723475976807e-18
44,53,20,loo_oracle,LOO oracle,0.993984962406015,1.0,0.00020172377097260608,,,-0.006015037593985029,1.734723475976807e-18
44,53,20,lime,LIME,0.9654135338345864,0.9729323308270676,0.00020172377097260608,,,-0.007518796992481258,1.734723475976807e-18
44,54,16,shapley_mc,Monte Carlo Shapley,0.7441176470588236,0.7441176470588236,-0.0019015136926769927,,,0.0,0.0
44,54,16,loo_oracle,LOO oracle,1.0,1.0,-0.0019015136926769927,,,0.0,0.0
44,54,16,lime,LIME,0.9941176470588234,0.9941176470588234,-0.0019015136926769927,,,0.0,0.0
44,55,20,shapley_mc,Monte Carlo Shapley,0.7999999999999999,0.7864661654135338,0.0009096228740280154,,,0.013533834586466176,0.0
44,55,20,loo_oracle,LOO oracle,0.9909774436090225,1.0,0.0009741557691060332,,,-0.009022556390977488,0.0
44,55,20,lime,LIME,0.9609022556390976,0.9774436090225563,0.0009741557691060332,,,-0.016541353383458746,0.0
44,56,20,shapley_mc,Monte Carlo Shapley,0.806015037593985,0.7924812030075187,0.001116692170118172,,,0.013533834586466287,0.0
44,56,20,loo_oracle,LOO oracle,0.9894736842105262,1.0,0.001116692170118172,,,-0.010526315789473828,0.0
44,56,20,lime,LIME,0.9428571428571428,0.9684210526315788,0.001116692170118172,,,-0.02556390977443601,0.0
44,57,20,shapley_mc,Monte Carlo Shapley,0.6390977443609022,0.6195488721804511,0.00015108791664958376,,,0.019548872180451093,0.0
44,57,20,loo_oracle,LOO oracle,0.9744360902255638,1.0,0.00015108791664958376,,,-0.025563909774436233,0.0
44,57,20,lime,LIME,0.863157894736842,0.9037593984962405,0.00015108791664958376,,,-0.04060150375939853,0.0
44,58,20,shapley_mc,Monte Carlo Shapley,0.6872180451127818,0.6796992481203006,0.0015827238343004701,,,0.007518796992481258,1.734723475976807e-18
44,58,20,loo_oracle,LOO oracle,0.9984962406015038,1.0,0.0015827238343004701,,,-0.0015037593984962294,1.734723475976807e-18
44,58,20,lime,LIME,0.9699248120300751,0.9684210526315788,0.0015827238343004701,,,0.0015037593984962294,1.734723475976807e-18
44,59,20,shapley_mc,Monte Carlo Shapley,0.6977443609022556,0.6977443609022556,0.0008594976733554693,,,0.0,0.0
44,59,20,loo_oracle,LOO oracle,1.0,1.0,0.0010341446698194923,,,0.0,0.0
44,59,20,lime,LIME,0.9924812030075187,0.9924812030075187,0.0001444003131873539,,,0.0,0.0
44,60,7,shapley_mc,Monte Carlo Shapley,0.28571428571428575,0.28571428571428575,0.005197842323295843,,,0.0,6.938893903907228e-18
44,60,7,loo_oracle,LOO oracle,1.0,1.0,0.0029674555457022134,,,0.0,6.938893903907228e-18
44,60,7,lime,LIME,0.9642857142857145,0.9642857142857145,0.0029674555457022134,,,0.0,6.938893903907228e-18
44,61,20,shapley_mc,Monte Carlo Shapley,0.7669172932330827,0.7699248120300751,0.0013249541480086502,,,-0.003007518796992459,0.0
44,61,20,loo_oracle,LOO oracle,0.9984962406015038,1.0,0.0013249541480086502,,,-0.0015037593984962294,0.0
44,61,20,lime,LIME,0.8962406015037594,0.8947368421052632,0.0013249541480086502,,,0.0015037593984962294,0.0
44,62,20,shapley_mc,Monte Carlo Shapley,0.8962406015037594,0.9022556390977443,7.540579085696386e-06,,,-0.006015037593984918,4.336808689942018e-19
44,62,20,loo_oracle,LOO oracle,0.9789473684210527,1.0,7.540579085696386e-06,,,-0.021052631578947323,4.336808689942018e-19
44,62,20,lime,LIME,0.9368421052631578,0.9533834586466164,2.5801276521963956e-06,,,-0.016541353383458635,4.336808689942018e-19
44,63,20,shapley_mc,Monte Carlo Shapley,0.8676691729323308,0.8812030075187969,-0.0074945763364796525,,,-0.013533834586466065,1.3877787807814457e-17
44,63,20,loo_oracle,LOO oracle,0.9984962406015038,1.0,-0.007546700210935953,,,-0.0015037593984962294,1.3877787807814457e-17
44,63,20,lime,LIME,0.9684210526315788,0.9729323308270676,-0.007546700210935953,,,-0.004511278195488799,1.3877787807814457e-17
44,64,20,shapley_mc,Monte Carlo Shapley,0.7518796992481201,0.7308270676691728,0.002021361854165904,,,0.021052631578947323,1.734723475976807e-18
44,64,20,loo_oracle,LOO oracle,0.9969924812030074,1.0,0.002021361854165904,,,-0.00300751879699257,1.734723475976807e-18
44,64,20,lime,LIME,0.9759398496240601,0.9729323308270676,0.002021361854165904,,,0.003007518796992459,1.734723475976807e-18
44,65,14,shapley_mc,Monte Carlo Shapley,0.9076923076923077,0.9076923076923077,3.625178481397873e-05,,,0.0,0.0
44,65,14,loo_oracle,LOO oracle,1.0,1.0,3.625178481397873e-05,,,0.0,0.0
44,65,14,lime,LIME,0.9868131868131869,0.9868131868131869,3.625178481397873e-05,,,0.0,0.0
44,66,20,shapley_mc,Monte Carlo Shapley,0.8616541353383457,0.8406015037593983,0.0007896575458626875,,,0.021052631578947323,8.673617379884035e-19
44,66,20,loo_oracle,LOO oracle,0.9909774436090225,1.0,5.789851205290075e-05,,,-0.009022556390977488,8.673617379884035e-19
44,66,20,lime,LIME,0.8225563909774435,0.8421052631578947,-0.0007915678737662191,,,-0.019548872180451204,8.673617379884035e-19
44,67,20,shapley_mc,Monte Carlo Shapley,0.8360902255639097,0.8406015037593983,0.0016179085995554066,,,-0.004511278195488688,3.469446951953614e-18
44,67,20,loo_oracle,LOO oracle,0.9969924812030074,1.0,0.0016179085995554066,,,-0.00300751879699257,3.469446951953614e-18
44,67,20,lime,LIME,0.9518796992481202,0.9548872180451128,0.0016179085995554066,,,-0.00300751879699257,3.469446951953614e-18
44,68,20,shapley_mc,Monte Carlo Shapley,0.6616541353383457,0.6150375939849623,0.0004764811320712714,,,0.046616541353383445,8.673617379884035e-19
44,68,20,loo_oracle,LOO oracle,0.9729323308270676,1.0,7.691749961924454e-05,,,-0.02706766917293235,8.673617379884035e-19
44,68,20,lime,LIME,0.9443609022556391,0.9654135338345864,7.691749961924454e-05,,,-0.021052631578947323,8.673617379884035e-19
44,69,20,shapley_mc,Monte Carlo Shapley,0.8902255639097743,0.8917293233082706,-0.0010546784628931993,,,-0.0015037593984963404,8.673617379884035e-19
44,69,20,loo_oracle,LOO oracle,0.9969924812030074,1.0,-0.00028589791027100464,,,-0.00300751879699257,8.673617379884035e-19
44,69,20,lime,LIME,0.9819548872180449,0.9834586466165413,-0.00028589791027100464,,,-0.0015037593984963404,8.673617379884035e-19
44,70,17,shapley_mc,Monte Carlo Shapley,0.9509803921568628,0.9607843137254902,0.00022800305193182435,,,-0.009803921568627416,0.0
44,70,17,loo_oracle,LOO oracle,0.9779411764705883,1.0,0.00017772701344132003,,,-0.022058823529411686,0.0
44,70,17,lime,LIME,0.9779411764705883,0.982843137254902,0.00022800305193182435,,,-0.004901960784313708,0.0
44,71,20,shapley_mc,Monte Carlo Shapley,0.7097744360902255,0.6781954887218045,0.000924561843340943,,,0.03157894736842104,0.0
44,71,20,loo_oracle,LOO oracle,0.9954887218045112,1.0,0.0003083992509179678,,,-0.004511278195488799,0.0
44,71,20,lime,LIME,0.9368421052631578,0.9503759398496241,0.0003322086403279023,,,-0.013533834586466287,0.0
44,72,20,shapley_mc,Monte Carlo Shapley,0.5759398496240601,0.3954887218045112,0.0004057880296510219,,,0.18045112781954886,0.0
44,72,20,loo_oracle,LOO oracle,0.9458646616541352,1.0,-0.0006001191503096082,,,-0.054135338345864814,0.0
44,72,20,lime,LIME,0.8706766917293233,0.9383458646616539,-0.0006001191503096082,,,-0.06766917293233066,0.0
44,73,20,shapley_mc,Monte Carlo Shapley,0.6706766917293233,0.6436090225563909,0.0010679438177493283,,,0.027067669172932463,0.0
44,73,20,loo_oracle,LOO oracle,0.993984962406015,1.0,0.0010679438177493283,,,-0.006015037593985029,0.0
44,73,20,lime,LIME,0.9353383458646616,0.9308270676691727,0.00025946309824098623,,,0.00451127819548891,0.0
44,74,20,shapley_mc,Monte Carlo Shapley,0.8541353383458646,0.8421052631578947,0.0016929518072328342,,,0.012030075187969946,1.734723475976807e-18
44,74,20,loo_oracle,LOO oracle,0.9954887218045112,1.0,0.0016929518072328342,,,-0.004511278195488799,1.734723475976807e-18
44,74,20,lime,LIME,0.9714285714285714,0.9804511278195487,0.0016929518072328342,,,-0.009022556390977265,1.734723475976807e-18
44,75,20,shapley_mc,Monte Carlo Shapley,0.8285714285714285,0.825563909774436,-0.0001029758364838873,,,0.003007518796992459,0.0
44,75,20,loo_oracle,LOO oracle,0.993984962406015,1.0,-0.0006147622516367579,,,-0.006015037593985029,0.0
44,75,20,lime,LIME,0.9578947368421054,0.9699248120300751,-0.0006147622516367579,,,-0.012030075187969724,0.0
44,76,10,shapley_mc,Monte Carlo Shapley,0.9757575757575757,0.9757575757575757,-0.007594060706246908,,,0.0,0.0
44,76,10,loo_oracle,LOO oracle,0.9999999999999999,0.9999999999999999,-0.007594060706246908,,,0.0,0.0
44,76,10,lime,LIME,0.9636363636363635,0.9636363636363635,-0.007594060706246908,,,0.0,0.0
44,77,20,shapley_mc,Monte Carlo Shapley,0.669172932330827,0.6466165413533834,-1.0569647758362777e-05,,,0.022556390977443552,0.0
44,77,20,loo_oracle,LOO oracle,0.9578947368421054,1.0,1.389347530106333e-05,,,-0.042105263157894646,0.0
44,77,20,lime,LIME,0.8285714285714285,0.8466165413533834,-0.0004877667506062444,,,-0.018045112781954864,0.0
44,78,14,shapley_mc,Monte Carlo Shapley,0.5516483516483517,0.5472527472527472,0.0016127666147618402,,,0.004395604395604491,0.0
44,78,14,loo_oracle,LOO oracle,0.9956043956043955,1.0,0.0016127666147618402,,,-0.004395604395604491,0.0
44,78,14,lime,LIME,0.8593406593406594,0.8681318681318682,0.0016127666147618402,,,-0.00879120879120876,0.0
44,79,20,shapley_mc,Monte Carlo Shapley,0.8045112781954886,0.7789473684210525,0.0007590524415167499,,,0.025563909774436122,0.0
44,79,20,loo_oracle,LOO oracle,0.993984962406015,1.0,5.4053037727042064e-05,,,-0.006015037593985029,0.0
44,79,20,lime,LIME,0.9248120300751879,0.9473684210526315,-1.2926383510802886e-06,,,-0.022556390977443663,0.0
44,80,20,shapley_mc,Monte Carlo Shapley,0.9233082706766916,0.9233082706766916,-0.004990401264128641,,,0.0,6.938893903907228e-18
44,80,20,loo_oracle,LOO oracle,1.0,1.0,-0.004990401264128641,,,0.0,6.938893903907228e-18
44,80,20,lime,LIME,0.9909774436090225,0.9909774436090225,-0.004990401264128641,,,0.0,6.938893903907228e-18
44,81,20,shapley_mc,Monte Carlo Shapley,0.8466165413533834,0.8466165413533834,0.0017469459054120229,,,0.0,0.0
44,81,20,loo_oracle,LOO oracle,1.0,1.0,0.0017469459054120229,,,0.0,0.0
44,81,20,lime,LIME,0.9834586466165413,0.9834586466165413,0.0017469459054120229,,,0.0,0.0
44,82,20,shapley_mc,Monte Carlo Shapley,0.8105263157894737,0.806015037593985,0.00157455386411115,,,0.004511278195488688,0.0
44,82,20,loo_oracle,LOO oracle,0.9984962406015038,1.0,0.00157455386411115,,,-0.0015037593984962294,0.0
44,82,20,lime,LIME,0.9413533834586465,0.9443609022556391,0.00157455386411115,,,-0.00300751879699257,0.0
44,83,20,shapley_mc,Monte Carlo Shapley,0.4827067669172932,0.4827067669172932,-0.0040832257108769365,,,0.0,1.3877787807814457e-17
44,83,20,loo_oracle,LOO oracle,1.0,1.0,0.006298985869358842,,,0.0,1.3877787807814457e-17
44,83,20,lime,LIME,0.9879699248120299,0.9879699248120299,0.006298985869358842,,,0.0,1.3877787807814457e-17
44,84,13,shapley_mc,Monte Carlo Shapley,0.32417582417582413,0.24725274725274726,0.00031006127772054137,,,0.07692307692307687,1.734723475976807e-18
44,84,13,loo_oracle,LOO oracle,0.9395604395604396,1.0,0.00031006127772054137,,,-0.06043956043956045,1.734723475976807e-18
44,84,13,lime,LIME,0.7582417582417583,0.901098901098901,0.00031006127772054137,,,-0.14285714285714268,1.734723475976807e-18
44,85,20,shapley_mc,Monte Carlo Shapley,0.9338345864661652,0.9127819548872179,0.003593782121552924,,,0.021052631578947323,3.469446951953614e-18
44,85,20,loo_oracle,LOO oracle,0.9969924812030074,1.0,0.003593782121552924,,,-0.00300751879699257,3.469446951953614e-18
44,85,20,lime,LIME,0.9684210526315788,0.9729323308270676,0.003593782121552924,,,-0.004511278195488799,3.469446951953614e-18
44,86,20,shapley_mc,Monte Carlo Shapley,0.9578947368421054,0.9578947368421054,0.000797911411292207,,,0.0,1.3010426069826053e-18
44,86,20,loo_oracle,LOO oracle,1.0,1.0,7.084730687495489e-05,,,0.0,1.3010426069826053e-18
44,86,20,lime,LIME,0.9864661654135337,0.9864661654135337,7.084730687495489e-05,,,0.0,1.3010426069826053e-18
44,87,20,shapley_mc,Monte Carlo Shapley,0.6511278195488721,0.6511278195488721,0.0021319472873782552,,,0.0,5.204170427930421e-18
44,87,20,loo_oracle,LOO oracle,1.0,1.0,0.0021319472873782552,,,0.0,5.204170427930421e-18
44,87,20,lime,LIME,0.9609022556390976,0.9609022556390976,0.0021319472873782552,,,0.0,5.204170427930421e-18
44,88,11,shapley_mc,Monte Carlo Shapley,0.22727272727272727,0.22727272727272727,0.0022267880670925333,,,0.0,0.0
44,88,11,loo_oracle,LOO oracle,1.0,1.0,0.0010167713953920243,,,0.0,0.0
44,88,11,lime,LIME,0.9545454545454546,0.9545454545454546,0.0010167713953920243,,,0.0,0.0
44,89,20,shapley_mc,Monte Carlo Shapley,0.8781954887218045,0.8646616541353382,0.002394950738879298,,,0.013533834586466287,5.204170427930421e-18
44,89,20,loo_oracle,LOO oracle,0.9984962406015038,1.0,0.002394950738879298,,,-0.0015037593984962294,5.204170427930421e-18
44,89,20,lime,LIME,0.9443609022556391,0.9503759398496241,0.002394950738879298,,,-0.006015037593985029,5.204170427930421e-18
44,90,20,shapley_mc,Monte Carlo Shapley,0.8240601503759398,0.8451127819548873,4.4206098394616866e-05,,,-0.021052631578947434,1.734723475976807e-18
44,90,20,loo_oracle,LOO oracle,0.9894736842105262,1.0,4.4206098394616866e-05,,,-0.010526315789473828,1.734723475976807e-18
44,90,20,lime,LIME,0.9639097744360902,0.9699248120300751,4.4206098394616866e-05,,,-0.006015037593984918,1.734723475976807e-18
44,91,20,shapley_mc,Monte Carlo Shapley,0.7172932330827068,0.6962406015037594,0.00012349088502738859,,,0.021052631578947323,8.673617379884035e-19
44,91,20,loo_oracle,LOO oracle,0.9684210526315788,1.0,6.568250464239478e-05,,,-0.03157894736842115,8.673617379884035e-19
44,91,20,lime,LIME,0.7699248120300751,0.8481203007518796,6.568250464239478e-05,,,-0.07819548872180448,8.673617379884035e-19
44,92,20,shapley_mc,Monte Carlo Shapley,0.6646616541353383,0.5909774436090225,0.0005488056864707547,,,0.0736842105263158,0.0
44,92,20,loo_oracle,LOO oracle,0.9729323308270676,1.0,-1.2789569232507514e-05,,,-0.02706766917293235,0.0
44,92,20,lime,LIME,0.7609022556390977,0.7849624060150376,-1.2789569232507514e-05,,,-0.024060150375939893,0.0
44,93,12,shapley_mc,Monte Carlo Shapley,0.7902097902097903,0.7902097902097903,0.002770794142655575,,,0.0,1.734723475976807e-18
44,93,12,loo_oracle,LOO oracle,1.0,1.0,0.002770794142655575,,,0.0,1.734723475976807e-18
44,93,12,lime,LIME,0.9790209790209792,0.9790209790209792,0.002770794142655575,,,0.0,1.734723475976807e-18
44,94,20,shapley_mc,Monte Carlo Shapley,0.8406015037593983,0.8406015037593983,-0.0009006457147654467,,,0.0,1.3010426069826053e-18
44,94,20,loo_oracle,LOO oracle,0.9924812030075187,1.0,-0.0009179681182659438,,,-0.007518796992481258,1.3010426069826053e-18
44,94,20,lime,LIME,0.7308270676691728,0.77593984962406,-0.0009179681182659438,,,-0.045112781954887216,1.3010426069826053e-18
44,95,20,shapley_mc,Monte Carlo Shapley,0.8045112781954886,0.8045112781954886,0.0007895726936053005,,,0.0,0.0
44,95,20,loo_oracle,LOO oracle,1.0,1.0,7.346661185236858e-06,,,0.0,0.0
44,95,20,lime,LIME,0.9789473684210527,0.9789473684210527,7.346661185236858e-06,,,0.0,0.0
44,96,20,shapley_mc,Monte Carlo Shapley,0.7563909774436091,0.7203007518796991,0.0007057647681597556,,,0.03609022556390995,8.673617379884035e-19
44,96,20,loo_oracle,LOO oracle,0.9909774436090225,1.0,0.0007308276962229021,,,-0.009022556390977488,8.673617379884035e-19
44,96,20,lime,LIME,0.918796992481203,0.9263157894736842,7.969136900448648e-05,,,-0.007518796992481258,8.673617379884035e-19
44,97,10,shapley_mc,Monte Carlo Shapley,0.7939393939393938,0.8787878787878788,-0.0025120248821995927,,,-0.08484848484848495,1.734723475976807e-18
44,97,10,loo_oracle,LOO oracle,0.9636363636363635,0.9999999999999999,-0.0025120248821995927,,,-0.036363636363636376,1.734723475976807e-18
44,97,10,lime,LIME,0.9151515151515152,0.9636363636363635,-0.0025120248821995927,,,-0.04848484848484835,1.734723475976807e-18
44,98,20,shapley_mc,Monte Carlo Shapley,0.4917293233082706,0.5007518796992482,0.0005374262017709408,,,-0.009022556390977543,0.0
44,98,20,loo_oracle,LOO oracle,0.9924812030075187,1.0,-3.7340374365757434e-05,,,-0.007518796992481258,0.0
44,98,20,lime,LIME,0.9398496240601503,0.9473684210526315,-3.7340374365757434e-05,,,-0.007518796992481258,0.0
44,99,18,shapley_mc,Monte Carlo Shapley,0.8864809081527348,0.8988648090815273,-9.549212552167896e-05,,,-0.01238390092879249,0.0
44,99,18,loo_oracle,LOO oracle,0.9958720330237358,1.0,-9.549212552167896e-05,,,-0.0041279669762641635,0.0
44,99,18,lime,LIME,0.9422084623323013,0.9566563467492261,-9.549212552167896e-05,,,-0.014447884416924794,0.0
44,100,20,shapley_mc,Monte Carlo Shapley,0.6240601503759398,0.6120300751879698,-0.0002821110257394399,,,0.012030075187969946,8.673617379884035e-19
44,100,20,loo_oracle,LOO oracle,0.9593984962406013,1.0,-0.0007123024773627584,,,-0.04060150375939875,8.673617379884035e-19
44,100,20,lime,LIME,0.8180451127819548,0.900751879699248,-0.0007123024773627584,,,-0.08270676691729317,8.673617379884035e-19
44,101,20,shapley_mc,Monte Carlo Shapley,0.6451127819548872,0.6466165413533834,0.00014857670541440493,,,-0.0015037593984962294,0.0
44,101,20,loo_oracle,LOO oracle,0.9894736842105262,1.0,-0.00042049656442133543,,,-0.010526315789473828,0.0
44,101,20,lime,LIME,0.7909774436090224,0.8406015037593983,-0.00034844451576532265,,,-0.049624060150375904,0.0
44,102,20,shapley_mc,Monte Carlo Shapley,0.4541353383458646,0.42556390977443603,7.491361419037501e-05,,,0.02857142857142858,0.0
44,102,20,loo_oracle,LOO oracle,0.932330827067669,1.0,-0.0004624770077101825,,,-0.06766917293233099,0.0
44,102,20,lime,LIME,0.8526315789473683,0.9443609022556391,-0.0004127416090087821,,,-0.09172932330827077,0.0
44,103,19,shapley_mc,Monte Carlo Shapley,0.5263157894736842,0.5263157894736842,0.0018393051327001975,,,0.0,0.0
44,103,19,loo_oracle,LOO oracle,1.0,1.0,0.0018393051327001975,,,0.0,0.0
44,103,19,lime,LIME,0.9280701754385964,0.9280701754385964,0.0018393051327001975,,,0.0,0.0
44,104,20,shapley_mc,Monte Carlo Shapley,0.8360902255639097,0.8390977443609022,0.0009569000530854077,,,-0.00300751879699257,4.336808689942018e-19
44,104,20,loo_oracle,LOO oracle,0.9819548872180449,1.0,0.0009569000530854077,,,-0.018045112781955086,4.336808689942018e-19
44,104,20,lime,LIME,0.9293233082706768,0.9609022556390976,0.0009569000530854077,,,-0.03157894736842082,4.336808689942018e-19
44,105,20,shapley_mc,Monte Carlo Shapley,0.7127819548872181,0.6977443609022556,0.0014274833177116975,,,0.015037593984962516,1.734723475976807e-18
44,105,20,loo_oracle,LOO oracle,0.9924812030075187,1.0,0.0014274833177116975,,,-0.007518796992481258,1.734723475976807e-18
44,105,20,lime,LIME,0.9218045112781955,0.9263157894736842,0.0014274833177116975,,,-0.004511278195488688,1.734723475976807e-18
44,106,20,shapley_mc,Monte Carlo Shapley,0.7563909774436091,0.6842105263157895,0.0005628493384753908,,,0.07218045112781957,8.673617379884035e-19
44,106,20,loo_oracle,LOO oracle,0.9729323308270676,1.0,8.888455056699218e-06,,,-0.02706766917293235,8.673617379884035e-19
44,106,20,lime,LIME,0.825563909774436,0.9127819548872179,-0.0005613849371212121,,,-0.08721804511278186,8.673617379884035e-19
44,107,15,shapley_mc,Monte Carlo Shapley,0.8321428571428571,0.8428571428571429,0.005790646708411729,,,-0.010714285714285787,1.3877787807814457e-17
44,107,15,loo_oracle,LOO oracle,0.9964285714285712,1.0,0.005790646708411729,,,-0.003571428571428781,1.3877787807814457e-17
44,107,15,lime,LIME,0.9857142857142854,0.982142857142857,0.005790646708411729,,,0.0035714285714284477,1.3877787807814457e-17
44,108,20,shapley_mc,Monte Carlo Shapley,0.8090225563909773,0.8045112781954886,0.0015044181135899226,,,0.004511278195488688,3.469446951953614e-18
44,108,20,loo_oracle,LOO oracle,0.9984962406015038,1.0,0.0015044181135899226,,,-0.0015037593984962294,3.469446951953614e-18
44,108,20,lime,LIME,0.9864661654135337,0.9909774436090225,0.0015044181135899226,,,-0.004511278195488799,3.469446951953614e-18
44,109,20,shapley_mc,Monte Carlo Shapley,0.8962406015037594,0.8857142857142858,0.0015135911889175846,,,0.010526315789473606,1.734723475976807e-18
44,109,20,loo_oracle,LOO oracle,0.993984962406015,1.0,0.0015135911889175846,,,-0.006015037593985029,1.734723475976807e-18
44,109,20,lime,LIME,0.932330827067669,0.9503759398496241,0.0015135911889175846,,,-0.018045112781955086,1.734723475976807e-18
44,110,20,shapley_mc,Monte Carlo Shapley,0.7699248120300751,0.7578947368421052,-0.00011091393308032549,,,0.012030075187969946,0.0
44,110,20,loo_oracle,LOO oracle,0.9624060150375938,1.0,-0.00011091393308032549,,,-0.03759398496240618,0.0
44,110,20,lime,LIME,0.7263157894736841,0.7714285714285714,-0.0009711854618547067,,,-0.045112781954887216,0.0
44,111,20,shapley_mc,Monte Carlo Shapley,0.8225563909774435,0.813533834586466,0.001486294306023983,,,0.009022556390977488,8.673617379884035e-19
44,111,20,loo_oracle,LOO oracle,0.9879699248120299,1.0,0.001486294306023983,,,-0.012030075187970057,8.673617379884035e-19
44,111,20,lime,LIME,0.9699248120300751,0.9774436090225563,0.0004925455467777451,,,-0.007518796992481258,8.673617379884035e-19
44,112,20,shapley_mc,Monte Carlo Shapley,0.8180451127819548,0.8240601503759398,0.0026530533579013915,,,-0.006015037593985029,3.469446951953614e-18
44,112,20,loo_oracle,LOO oracle,0.9969924812030074,1.0,0.0015996140846833429,,,-0.00300751879699257,3.469446951953614e-18
44,112,20,lime,LIME,0.9849624060150375,0.9849624060150375,0.00271523771522425,,,0.0,3.469446951953614e-18
44,113,20,shapley_mc,Monte Carlo Shapley,0.26766917293233083,0.24661654135338343,0.0005123412100838665,,,0.021052631578947406,0.0
44,113,20,loo_oracle,LOO oracle,0.9909774436090225,1.0,0.00026480837009440483,,,-0.009022556390977488,0.0
44,113,20,lime,LIME,0.7609022556390977,0.7984962406015037,0.00026480837009440483,,,-0.03759398496240596,0.0
44,114,20,shapley_mc,Monte Carlo Shapley,0.932330827067669,0.9278195488721804,0.0028305079465055227,,,0.004511278195488577,0.0
44,114,20,loo_oracle,LOO oracle,0.9969924812030074,1.0,0.0028305079465055227,,,-0.00300751879699257,0.0
44,114,20,lime,LIME,0.9834586466165413,0.9804511278195487,0.0028305079465055227,,,0.00300751879699257,0.0
44,115,20,shapley_mc,Monte Carlo Shapley,0.7819548872180451,0.7699248120300751,0.0011308131370469932,,,0.012030075187969946,0.0
44,115,20,loo_oracle,LOO oracle,0.9969924812030074,1.0,4.3930997630947655e-05,,,-0.00300751879699257,0.0
44,115,20,lime,LIME,0.9849624060150375,0.9834586466165413,4.3930997630947655e-05,,,0.0015037593984962294,0.0
44,116,20,shapley_mc,Monte Carlo Shapley,0.6736842105263157,0.6285714285714286,1.0609434998809508e-05,,,0.045112781954887105,8.673617379884035e-19
44,116,20,loo_oracle,LOO oracle,0.9488721804511278,1.0,1.0609434998809508e-05,,,-0.051127819548872244,8.673617379884035e-19
44,116,20,lime,LIME,0.7353383458646616,0.8511278195488721,1.0609434998809508e-05,,,-0.11578947368421044,8.673617379884035e-19
44,117,20,shapley_mc,Monte Carlo Shapley,0.8225563909774435,0.7894736842105263,0.0022817821872784805,,,0.03308270676691716,0.0
44,117,20,loo_oracle,LOO oracle,0.9894736842105262,1.0,0.0022817821872784805,,,-0.010526315789473828,0.0
44,117,20,lime,LIME,0.9744360902255638,0.9774436090225563,0.0022817821872784805,,,-0.00300751879699257,0.0
44,118,20,shapley_mc,Monte Carlo Shapley,0.6992481203007518,0.6812030075187969,0.00015443906440609778,,,0.018045112781954864,0.0
44,118,20,loo_oracle,LOO oracle,0.993984962406015,1.0,0.00015443906440609778,,,-0.006015037593985029,0.0
44,118,20,lime,LIME,0.8345864661654135,0.8571428571428572,0.00015443906440609778,,,-0.022556390977443663,0.0
44,119,20,shapley_mc,Monte Carlo Shapley,0.9548872180451128,0.9533834586466164,0.00011641887344704394,,,0.0015037593984963404,5.421010862427522e-19
44,119,20,loo_oracle,LOO oracle,0.9984962406015038,1.0,0.00011641887344704394,,,-0.0015037593984962294,5.421010862427522e-19
44,119,20,lime,LIME,0.9624060150375938,0.9684210526315788,0.00011641887344704394,,,-0.006015037593985029,5.421010862427522e-19
44,120,20,shapley_mc,Monte Carlo Shapley,0.7368421052631579,0.7624060150375939,-5.119209525011881e-05,,,-0.02556390977443601,4.336808689942018e-19
44,120,20,loo_oracle,LOO oracle,0.9969924812030074,1.0,-4.214325563256516e-05,,,-0.00300751879699257,4.336808689942018e-19
44,120,20,lime,LIME,0.8571428571428572,0.863157894736842,-5.119209525011881e-05,,,-0.006015037593984807,4.336808689942018e-19
44,121,20,shapley_mc,Monte Carlo Shapley,0.6947368421052631,0.6872180451127818,0.0023310126194867054,,,0.007518796992481258,6.938893903907228e-18
44,121,20,loo_oracle,LOO oracle,0.9954887218045112,1.0,0.0023310126194867054,,,-0.004511278195488799,6.938893903907228e-18
44,121,20,lime,LIME,0.9804511278195487,0.9849624060150375,0.0023310126194867054,,,-0.004511278195488799,6.938893903907228e-18
44,122,20,shapley_mc,Monte Carlo Shapley,0.8406015037593983,0.78796992481203,-0.00017127197601757294,,,0.05263157894736836,0.0
44,122,20,loo_oracle,LOO oracle,0.9819548872180449,1.0,-0.0009713526431343045,,,-0.018045112781955086,0.0
44,122,20,lime,LIME,0.8781954887218045,0.9248120300751879,-0.0009713526431343045,,,-0.046616541353383334,0.0
44,123,18,shapley_mc,Monte Carlo Shapley,0.6842105263157895,0.6470588235294118,0.0009453844482142371,,,0.037151702786377694,1.734723475976807e-18
44,123,18,loo_oracle,LOO oracle,0.9896800825593396,1.0,0.00014709301811866027,,,-0.010319917440660409,1.734723475976807e-18
44,123,18,lime,LIME,0.9256965944272446,0.9298245614035088,0.00014709301811866027,,,-0.0041279669762641635,1.734723475976807e-18
44,124,20,shapley_mc,Monte Carlo Shapley,0.6571428571428571,0.6511278195488721,0.00177457627624944,,,0.006015037593985029,0.0
44,124,20,loo_oracle,LOO oracle,0.9984962406015038,1.0,0.0010178330847218642,,,-0.0015037593984962294,0.0
44,124,20,lime,LIME,0.9654135338345864,0.9684210526315788,0.0010473353007361963,,,-0.003007518796992459,0.0
44,125,20,shapley_mc,Monte Carlo Shapley,0.5203007518796992,0.49624060150375937,0.0006730645245157652,,,0.02406015037593978,8.673617379884035e-19
44,125,20,loo_oracle,LOO oracle,0.9834586466165413,1.0,3.46240375372342e-05,,,-0.016541353383458746,8.673617379884035e-19
44,125,20,lime,LIME,0.932330827067669,0.9684210526315788,3.46240375372342e-05,,,-0.03609022556390984,8.673617379884035e-19
44,126,20,shapley_mc,Monte Carlo Shapley,0.9052631578947368,0.9248120300751879,-0.0013220049183344518,,,-0.019548872180451093,8.673617379884035e-19
44,126,20,loo_oracle,LOO oracle,0.9924812030075187,1.0,-0.0013220049183344518,,,-0.007518796992481258,8.673617379884035e-19
44,126,20,lime,LIME,0.9789473684210527,0.9834586466165413,-0.0013220049183344518,,,-0.004511278195488577,8.673617379884035e-19
44,127,16,shapley_mc,Monte Carlo Shapley,0.8705882352941177,0.8705882352941177,0.004429267626944011,,,0.0,0.0
44,127,16,loo_oracle,LOO oracle,1.0,1.0,0.004429267626944011,,,0.0,0.0
44,127,16,lime,LIME,0.9823529411764707,0.9823529411764707,0.004429267626944011,,,0.0,0.0
44,128,20,shapley_mc,Monte Carlo Shapley,0.7293233082706766,0.7263157894736841,0.0008191632882282862,,,0.003007518796992459,0.0
44,128,20,loo_oracle,LOO oracle,0.9849624060150375,1.0,0.00011920464018089216,,,-0.015037593984962516,0.0
44,128,20,lime,LIME,0.9037593984962405,0.8977443609022555,0.00013611227994941855,,,0.006015037593985029,0.0
44,129,20,shapley_mc,Monte Carlo Shapley,0.801503759398496,0.8150375939849623,-9.08138586442897e-05,,,-0.013533834586466287,0.0
44,129,20,loo_oracle,LOO oracle,0.9864661654135337,1.0,-0.0006347826412425595,,,-0.013533834586466287,0.0
44,129,20,lime,LIME,0.8511278195488721,0.8661654135338346,-0.0006347826412425595,,,-0.015037593984962516,0.0
44,130,20,shapley_mc,Monte Carlo Shapley,0.8586466165413533,0.8586466165413533,0.0020685558312140695,,,0.0,1.734723475976807e-18
44,130,20,loo_oracle,LOO oracle,1.0,1.0,0.0020685558312140695,,,0.0,1.734723475976807e-18
44,130,20,lime,LIME,0.9639097744360902,0.9639097744360902,0.0020685558312140695,,,0.0,1.734723475976807e-18
44,131,20,shapley_mc,Monte Carlo Shapley,0.7037593984962407,0.6556390977443608,9.553253217442492e-05,,,0.048120300751879896,8.673617379884035e-19
44,131,20,loo_oracle,LOO oracle,0.9849624060150375,1.0,9.553253217442492e-05,,,-0.015037593984962516,8.673617379884035e-19
44,131,20,lime,LIME,0.8917293233082706,0.8857142857142858,9.553253217442492e-05,,,0.006015037593984807,8.673617379884035e-19
44,132,20,shapley_mc,Monte Carlo Shapley,0.7233082706766917,0.7368421052631579,0.0009256687604808356,,,-0.013533834586466176,0.0
44,132,20,loo_oracle,LOO oracle,0.9819548872180449,1.0,0.00010618179386640003,,,-0.018045112781955086,0.0
44,132,20,lime,LIME,0.8842105263157894,0.8781954887218045,0.00010618179386640003,,,0.006015037593984918,0.0
44,133,20,shapley_mc,Monte Carlo Shapley,0.6330827067669172,0.6225563909774435,0.0013310418612687558,,,0.010526315789473717,0.0
44,133,20,loo_oracle,LOO oracle,0.9909774436090225,1.0,0.0007655639310490403,,,-0.009022556390977488,0.0
44,133,20,lime,LIME,0.9157894736842105,0.9263157894736842,0.0007655639310490403,,,-0.010526315789473717,0.0
44,134,20,shapley_mc,Monte Carlo Shapley,0.9443609022556391,0.9338345864661652,-0.0009637001736675921,,,0.010526315789473828,4.336808689942018e-19
44,134,20,loo_oracle,LOO oracle,0.9924812030075187,1.0,-0.0009637001736675921,,,-0.007518796992481258,4.336808689942018e-19
44,134,20,lime,LIME,0.9699248120300751,0.9654135338345864,-0.0009637001736675921,,,0.004511278195488688,4.336808689942018e-19
44,135,20,shapley_mc,Monte Carlo Shapley,0.4481203007518797,0.38646616541353385,0.0004937408885702377,,,0.06165413533834585,0.0
44,135,20,loo_oracle,LOO oracle,0.9834586466165413,1.0,-9.009142385441038e-06,,,-0.016541353383458746,0.0
44,135,20,lime,LIME,0.806015037593985,0.8390977443609022,-0.0004659387540376647,,,-0.03308270676691727,0.0
44,136,20,shapley_mc,Monte Carlo Shapley,0.882706766917293,0.8586466165413533,-0.00022128693890582918,,,0.02406015037593967,0.0
44,136,20,loo_oracle,LOO oracle,0.9879699248120299,1.0,-0.001379188914980345,,,-0.012030075187970057,0.0
44,136,20,lime,LIME,0.9353383458646616,0.9609022556390976,-0.001379188914980345,,,-0.02556390977443601,0.0
44,137,20,shapley_mc,Monte Carlo Shapley,0.8796992481203006,0.875187969924812,0.0007654806099086642,,,0.004511278195488688,0.0
44,137,20,loo_oracle,LOO oracle,0.9984962406015038,1.0,-2.02007376570168e-05,,,-0.0015037593984962294,0.0
44,137,20,lime,LIME,0.9789473684210527,0.9849624060150375,-3.0631375234513314e-05,,,-0.006015037593984807,0.0
44,138,20,shapley_mc,Monte Carlo Shapley,0.625563909774436,0.6390977443609022,0.0011888374807736968,,,-0.013533834586466176,1.734723475976807e-18
44,138,20,loo_oracle,LOO oracle,0.9924812030075187,1.0,0.0011888374807736968,,,-0.007518796992481258,1.734723475976807e-18
44,138,20,lime,LIME,0.9383458646616539,0.9458646616541352,0.0011888374807736968,,,-0.007518796992481258,1.734723475976807e-18
44,139,20,shapley_mc,Monte Carlo Shapley,0.7864661654135338,0.7789473684210525,0.0005519326624014997,,,0.007518796992481258,8.673617379884035e-19
44,139,20,loo_oracle,LOO oracle,0.9909774436090225,1.0,0.0005645763048046093,,,-0.009022556390977488,8.673617379884035e-19
44,139,20,lime,LIME,0.9233082706766916,0.9368421052631578,7.628595566600005e-05,,,-0.013533834586466176,8.673617379884035e-19
44,140,13,shapley_mc,Monte Carlo Shapley,0.9230769230769231,0.9285714285714285,0.0027704382579815112,,,-0.005494505494505364,1.734723475976807e-18
44,140,13,loo_oracle,LOO oracle,0.989010989010989,1.0,0.0027704382579815112,,,-0.01098901098901095,1.734723475976807e-18
44,140,13,lime,LIME,0.9395604395604396,0.9615384615384615,0.000899630206682045,,,-0.0219780219780219,1.734723475976807e-18
44,141,20,shapley_mc,Monte Carlo Shapley,0.9353383458646616,0.9368421052631578,1.2340431492230408e-05,,,-0.0015037593984962294,1.734723475976807e-18
44,141,20,loo_oracle,LOO oracle,0.993984962406015,1.0,1.2340431492230408e-05,,,-0.006015037593985029,1.734723475976807e-18
44,141,20,lime,LIME,0.9864661654135337,0.9789473684210527,1.2340431492230408e-05,,,0.007518796992481036,1.734723475976807e-18
44,142,20,shapley_mc,Monte Carlo Shapley,0.7894736842105263,0.7894736842105263,0.0008715829573925915,,,0.0,1.734723475976807e-18
44,142,20,loo_oracle,LOO oracle,1.0,1.0,-2.5331314037035924e-05,,,0.0,1.734723475976807e-18
44,142,20,lime,LIME,0.9609022556390976,0.9609022556390976,-0.0008879675948847421,,,0.0,1.734723475976807e-18
44,143,15,shapley_mc,Monte Carlo Shapley,0.38928571428571423,0.4107142857142856,-5.9803429866778224e-05,,,-0.021428571428571352,0.0
44,143,15,loo_oracle,LOO oracle,0.9892857142857142,1.0,-0.0009333398529462467,,,-0.010714285714285787,0.0
44,143,15,lime,LIME,0.9535714285714283,0.9749999999999999,-0.000893542815727566,,,-0.021428571428571574,0.0
44,144,13,shapley_mc,Monte Carlo Shapley,0.8021978021978022,0.7967032967032966,-0.001555733920868052,,,0.005494505494505586,0.0
44,144,13,loo_oracle,LOO oracle,0.9945054945054945,1.0,-0.00034677312932329674,,,-0.005494505494505475,0.0
44,144,13,lime,LIME,0.9505494505494506,0.9395604395604396,-0.00034576026963795137,,,0.010989010989011061,0.0
44,145,20,shapley_mc,Monte Carlo Shapley,0.6330827067669172,0.6616541353383457,0.000729851006115112,,,-0.02857142857142847,0.0
44,145,20,loo_oracle,LOO oracle,0.9954887218045112,1.0,9.736549559002938e-05,,,-0.004511278195488799,0.0
44,145,20,lime,LIME,0.8947368421052632,0.9157894736842105,9.736549559002938e-05,,,-0.021052631578947323,0.0
44,146,20,shapley_mc,Monte Carlo Shapley,0.8661654135338346,0.849624060150376,0.0008967035644301125,,,0.016541353383458635,0.0
44,146,20,loo_oracle,LOO oracle,0.993984962406015,1.0,0.0008967035644301125,,,-0.006015037593985029,0.0
44,146,20,lime,LIME,0.918796992481203,0.9263157894736842,0.0008967035644301125,,,-0.007518796992481258,0.0
44,147,20,shapley_mc,Monte Carlo Shapley,0.625563909774436,0.34586466165413526,0.00011718565546342541,,,0.2796992481203007,4.336808689942018e-19
44,147,20,loo_oracle,LOO oracle,0.8330827067669173,1.0,0.00011718565546342541,,,-0.1669172932330827,4.336808689942018e-19
44,147,20,lime,LIME,0.793984962406015,0.9278195488721804,0.00011718565546342541,,,-0.13383458646616542,4.336808689942018e-19
44,148,20,shapley_mc,Monte Carlo Shapley,0.6676691729323309,0.6045112781954887,0.0003064803540768768,,,0.06315789473684219,0.0
44,148,20,loo_oracle,LOO oracle,0.9488721804511278,1.0,-0.0004711648723462747,,,-0.051127819548872244,0.0
44,148,20,lime,LIME,0.8150375939849623,0.9037593984962405,-0.0004711648723462747,,,-0.0887218045112782,0.0
44,149,20,shapley_mc,Monte Carlo Shapley,0.6,0.5593984962406015,0.00012348648598037304,,,0.04060150375939853,4.336808689942018e-19
44,149,20,loo_oracle,LOO oracle,0.9804511278195487,1.0,0.00012348648598037304,,,-0.019548872180451315,4.336808689942018e-19
44,149,20,lime,LIME,0.7834586466165413,0.7909774436090224,0.00012348648598037304,,,-0.007518796992481147,4.336808689942018e-19
44,150,20,shapley_mc,Monte Carlo Shapley,0.8646616541353382,0.8736842105263156,0.0007368362196838452,,,-0.009022556390977376,8.673617379884035e-19
44,150,20,loo_oracle,LOO oracle,0.9684210526315788,1.0,7.409847410760895e-05,,,-0.03157894736842115,8.673617379884035e-19
44,150,20,lime,LIME,0.8451127819548873,0.9218045112781955,7.409847410760895e-05,,,-0.07669172932330826,8.673617379884035e-19
44,151,18,shapley_mc,Monte Carlo Shapley,0.7936016511867906,0.7874097007223942,0.001320857009972698,,,0.006191950464396356,1.734723475976807e-18
44,151,18,loo_oracle,LOO oracle,0.9979360165118679,1.0,2.546333552111424e-05,,,-0.0020639834881320818,1.734723475976807e-18
44,151,18,lime,LIME,0.9731682146542827,0.9711042311661506,2.546333552111424e-05,,,0.0020639834881320818,1.734723475976807e-18
44,152,17,shapley_mc,Monte Carlo Shapley,0.8161764705882354,0.8161764705882354,0.0024092223510168154,,,0.0,0.0
44,152,17,loo_oracle,LOO oracle,1.0,1.0,0.0024092223510168154,,,0.0,0.0
44,152,17,lime,LIME,0.9681372549019608,0.9681372549019608,0.0024092223510168154,,,0.0,0.0
44,153,13,shapley_mc,Monte Carlo Shapley,0.8296703296703297,0.8351648351648352,-0.00090924114155988,,,-0.005494505494505475,1.3010426069826053e-18
44,153,13,loo_oracle,LOO oracle,0.9945054945054945,1.0,-0.001787466774679225,,,-0.005494505494505475,1.3010426069826053e-18
44,153,13,lime,LIME,0.8956043956043955,0.8846153846153846,-0.001787466774679225,,,0.01098901098901095,1.3010426069826053e-18
44,154,20,shapley_mc,Monte Carlo Shapley,0.8165413533834586,0.8045112781954886,0.0019267041400138352,,,0.012030075187969946,0.0
44,154,20,loo_oracle,LOO oracle,0.9984962406015038,1.0,0.0019267041400138352,,,-0.0015037593984962294,0.0
44,154,20,lime,LIME,0.9819548872180449,0.9834586466165413,0.0019267041400138352,,,-0.0015037593984963404,0.0
44,155,20,shapley_mc,Monte Carlo Shapley,0.6360902255639098,0.625563909774436,0.0005015402229952559,,,0.010526315789473828,0.0
44,155,20,loo_oracle,LOO oracle,0.9744360902255638,1.0,-0.0006567520330569843,,,-0.025563909774436233,0.0
44,155,20,lime,LIME,0.8526315789473683,0.9203007518796992,-0.0006437274124123649,,,-0.06766917293233088,0.0
44,156,20,shapley_mc,Monte Carlo Shapley,0.8180451127819548,0.8180451127819548,0.0012547512661904014,,,0.0,0.0
44,156,20,loo_oracle,LOO oracle,1.0,1.0,0.0012547512661904014,,,0.0,0.0
44,156,20,lime,LIME,0.9879699248120299,0.9879699248120299,0.0012547512661904014,,,0.0,0.0
44,157,15,shapley_mc,Monte Carlo Shapley,0.6392857142857141,0.6392857142857141,5.953578763318035e-07,,,0.0,8.673617379884035e-19
44,157,15,loo_oracle,LOO oracle,1.0,1.0,5.953578763318035e-07,,,0.0,8.673617379884035e-19
44,157,15,lime,LIME,0.8749999999999999,0.8749999999999999,-2.255281309632151e-05,,,0.0,8.673617379884035e-19
44,158,20,shapley_mc,Monte Carlo Shapley,0.8977443609022555,0.8962406015037594,-0.0011317152265000185,,,0.0015037593984961184,0.0
44,158,20,loo_oracle,LOO oracle,0.9984962406015038,1.0,-2.1818550077767895e-05,,,-0.0015037593984962294,0.0
44,158,20,lime,LIME,0.9894736842105262,0.9849624060150375,-2.1818550077767895e-05,,,0.004511278195488688,0.0
44,159,7,shapley_mc,Monte Carlo Shapley,0.6071428571428572,0.6071428571428572,0.006489269202377301,,,0.0,3.469446951953614e-17
44,159,7,loo_oracle,LOO oracle,1.0,1.0,0.0011050743081071346,,,0.0,3.469446951953614e-17
44,159,7,lime,LIME,1.0,1.0,0.0011050743081071346,,,0.0,3.469446951953614e-17
44,160,20,shapley_mc,Monte Carlo Shapley,0.6345864661654135,0.6375939849624059,0.0008859735758851017,,,-0.003007518796992459,1.734723475976807e-18
44,160,20,loo_oracle,LOO oracle,0.9864661654135337,1.0,-0.00011085759620926838,,,-0.013533834586466287,1.734723475976807e-18
44,160,20,lime,LIME,0.9383458646616539,0.9443609022556391,-0.00011085759620926838,,,-0.00601503759398514,1.734723475976807e-18
44,161,20,shapley_mc,Monte Carlo Shapley,0.813533834586466,0.813533834586466,0.0014786053106243258,,,0.0,0.0
44,161,20,loo_oracle,LOO oracle,1.0,1.0,0.0014786053106243258,,,0.0,0.0
44,161,20,lime,LIME,0.9849624060150375,0.9849624060150375,0.0014786053106243258,,,0.0,0.0
44,162,20,shapley_mc,Monte Carlo Shapley,0.6932330827067669,0.6466165413533834,0.0007316493146013459,,,0.046616541353383445,1.734723475976807e-18
44,162,20,loo_oracle,LOO oracle,0.9774436090225563,1.0,0.00011009483757845606,,,-0.022556390977443663,1.734723475976807e-18
44,162,20,lime,LIME,0.8225563909774435,0.8812030075187969,0.00011009483757845606,,,-0.05864661654135339,1.734723475976807e-18
44,163,20,shapley_mc,Monte Carlo Shapley,0.9263157894736842,0.8947368421052632,0.0002203148119547249,,,0.03157894736842104,8.673617379884035e-19
44,163,20,loo_oracle,LOO oracle,0.9879699248120299,1.0,0.0002203148119547249,,,-0.012030075187970057,8.673617379884035e-19
44,163,20,lime,LIME,0.9233082706766916,0.9248120300751879,0.0002203148119547249,,,-0.0015037593984962294,8.673617379884035e-19
44,164,20,shapley_mc,Monte Carlo Shapley,0.8120300751879698,0.7894736842105263,-0.00012012579664771872,,,0.02255639097744344,0.0
44,164,20,loo_oracle,LOO oracle,0.9819548872180449,1.0,-0.0007099376669188473,,,-0.018045112781955086,0.0
44,164,20,lime,LIME,0.8766917293233082,0.9218045112781955,-0.0007099376669188473,,,-0.04511278195488733,0.0
44,165,20,shapley_mc,Monte Carlo Shapley,0.7187969924812029,0.7187969924812029,0.0014049129012185246,,,0.0,0.0
44,165,20,loo_oracle,LOO oracle,1.0,1.0,0.0014049129012185246,,,0.0,0.0
44,165,20,lime,LIME,0.9308270676691727,0.9308270676691727,0.0004120213238489323,,,0.0,0.0
44,166,16,shapley_mc,Monte Carlo Shapley,0.9088235294117648,0.8852941176470588,0.0024803410147432037,,,0.02352941176470602,3.469446951953614e-18
44,166,16,loo_oracle,LOO oracle,0.9941176470588234,1.0,0.0024803410147432037,,,-0.005882352941176561,3.469446951953614e-18
44,166,16,lime,LIME,0.9647058823529412,0.9647058823529412,0.0024803410147432037,,,0.0,3.469446951953614e-18
44,167,16,shapley_mc,Monte Carlo Shapley,0.8588235294117647,0.8588235294117647,0.0012075073309387174,,,0.0,8.673617379884035e-19
44,167,16,loo_oracle,LOO oracle,1.0,1.0,7.287417772344762e-05,,,0.0,8.673617379884035e-19
44,167,16,lime,LIME,0.9941176470588234,0.9941176470588234,7.287417772344762e-05,,,0.0,8.673617379884035e-19
44,168,20,shapley_mc,Monte Carlo Shapley,0.6,0.5639097744360902,0.0002872784167819442,,,0.03609022556390973,4.336808689942018e-19
44,168,20,loo_oracle,LOO oracle,0.9759398496240601,1.0,0.0001663457257151113,,,-0.024060150375939893,4.336808689942018e-19
44,168,20,lime,LIME,0.7428571428571428,0.7609022556390977,0.0001663457257151113,,,-0.018045112781954975,4.336808689942018e-19
44,169,20,shapley_mc,Monte Carlo Shapley,0.801503759398496,0.801503759398496,0.0008040133144013306,,,0.0,0.0
44,169,20,loo_oracle,LOO oracle,1.0,1.0,-1.8111455032054913e-05,,,0.0,0.0
44,169,20,lime,LIME,0.9639097744360902,0.9639097744360902,-1.8111455032054913e-05,,,0.0,0.0
44,170,17,shapley_mc,Monte Carlo Shapley,0.8848039215686275,0.8848039215686275,0.0026625242897870827,,,0.0,6.938893903907228e-18
44,170,17,loo_oracle,LOO oracle,1.0,1.0,0.0026625242897870827,,,0.0,6.938893903907228e-18
44,170,17,lime,LIME,0.9460784313725492,0.9460784313725492,0.0026625242897870827,,,0.0,6.938893903907228e-18
44,171,10,shapley_mc,Monte Carlo Shapley,0.7696969696969697,0.7818181818181817,-0.0012285407027836648,,,-0.012121212121212088,1.0842021724855044e-19
44,171,10,loo_oracle,LOO oracle,0.9515151515151514,0.9999999999999999,-0.0012285407027836648,,,-0.048484848484848464,1.0842021724855044e-19
44,171,10,lime,LIME,0.6606060606060605,0.8303030303030302,-0.0012285407027836648,,,-0.16969696969696968,1.0842021724855044e-19
44,172,20,shapley_mc,Monte Carlo Shapley,0.7744360902255639,0.7503759398496239,0.0017589535723779859,,,0.024060150375940004,0.0
44,172,20,loo_oracle,LOO oracle,0.993984962406015,1.0,0.0017589535723779859,,,-0.006015037593985029,0.0
44,172,20,lime,LIME,0.882706766917293,0.8766917293233082,0.0008779505187390679,,,0.006015037593984807,0.0
44,173,20,shapley_mc,Monte Carlo Shapley,0.8556390977443609,0.8481203007518796,1.4995716894783406e-05,,,0.007518796992481258,0.0
44,173,20,loo_oracle,LOO oracle,0.9954887218045112,1.0,1.4995716894783406e-05,,,-0.004511278195488799,0.0
44,173,20,lime,LIME,0.9473684210526315,0.9428571428571428,1.4995716894783406e-05,,,0.004511278195488688,0.0
44,174,20,shapley_mc,Monte Carlo Shapley,0.593984962406015,0.5849624060150376,0.000556360766870323,,,0.009022556390977376,4.336808689942018e-19
44,174,20,loo_oracle,LOO oracle,0.9864661654135337,1.0,0.0013415867797613168,,,-0.013533834586466287,4.336808689942018e-19
44,174,20,lime,LIME,0.837593984962406,0.882706766917293,0.0013415867797613168,,,-0.045112781954886993,4.336808689942018e-19
44,175,20,shapley_mc,Monte Carlo Shapley,0.5353383458646617,0.5007518796992482,-5.7168501287618856e-05,,,0.0345864661654135,4.336808689942018e-19
44,175,20,loo_oracle,LOO oracle,0.9172932330827066,1.0,-0.0005604278869970059,,,-0.0827067669172934,4.336808689942018e-19
44,175,20,lime,LIME,0.7398496240601502,0.825563909774436,-0.00035376524018621014,,,-0.08571428571428585,4.336808689942018e-19
44,176,20,shapley_mc,Monte Carlo Shapley,0.9308270676691727,0.9413533834586465,-0.001995916404704423,,,-0.010526315789473828,0.0
44,176,20,loo_oracle,LOO oracle,0.9954887218045112,1.0,-0.0012374047353570505,,,-0.004511278195488799,0.0
44,176,20,lime,LIME,0.9774436090225563,0.9804511278195487,-0.0020183605968627782,,,-0.003007518796992348,0.0
44,177,20,shapley_mc,Monte Carlo Shapley,0.6857142857142857,0.5759398496240601,-0.00017762894208517288,,,0.10977443609022564,8.673617379884035e-19
44,177,20,loo_oracle,LOO oracle,0.9744360902255638,1.0,-0.0006359206800934936,,,-0.025563909774436233,8.673617379884035e-19
44,177,20,lime,LIME,0.8796992481203006,0.9097744360902256,-0.0005913486288019465,,,-0.03007518796992492,8.673617379884035e-19
44,178,20,shapley_mc,Monte Carlo Shapley,0.7744360902255639,0.7819548872180451,-0.0002678220635656814,,,-0.007518796992481147,0.0
44,178,20,loo_oracle,LOO oracle,0.9969924812030074,1.0,-0.0008000530697900299,,,-0.00300751879699257,0.0
44,178,20,lime,LIME,0.882706766917293,0.8992481203007519,-0.0008000530697900299,,,-0.016541353383458857,0.0
44,179,20,shapley_mc,Monte Carlo Shapley,0.6571428571428571,0.6375939849624059,0.0002975754684952925,,,0.019548872180451204,0.0
44,179,20,loo_oracle,LOO oracle,0.9984962406015038,1.0,0.0002975754684952925,,,-0.0015037593984962294,0.0
44,179,20,lime,LIME,0.8857142857142858,0.8917293233082706,0.0002975754684952925,,,-0.006015037593984807,0.0
44,180,20,shapley_mc,Monte Carlo Shapley,0.819548872180451,0.8045112781954886,0.0008103835055363606,,,0.015037593984962405,0.0
44,180,20,loo_oracle,LOO oracle,0.993984962406015,1.0,0.0008135268833601716,,,-0.006015037593985029,0.0
44,180,20,lime,LIME,0.9699248120300751,0.9759398496240601,0.0008260698268745537,,,-0.006015037593985029,0.0
44,181,20,shapley_mc,Monte Carlo Shapley,0.6616541353383457,0.6616541353383457,-0.003692399997280882,,,0.0,1.3877787807814457e-17
44,181,20,loo_oracle,LOO oracle,1.0,1.0,-0.003692399997280882,,,0.0,1.3877787807814457e-17
44,181,20,lime,LIME,0.9639097744360902,0.9639097744360902,-0.003692399997280882,,,0.0,1.3877787807814457e-17
44,182,20,shapley_mc,Monte Carlo Shapley,0.5729323308270676,0.5338345864661653,0.0012013907377400601,,,0.0390977443609023,0.0
44,182,20,loo_oracle,LOO oracle,0.9909774436090225,1.0,0.0012013907377400601,,,-0.009022556390977488,0.0
44,182,20,lime,LIME,0.9488721804511278,0.9533834586466164,0.0012013907377400601,,,-0.004511278195488688,0.0
44,183,20,shapley_mc,Monte Carlo Shapley,0.4872180451127819,0.5278195488721804,5.883994011085525e-05,,,-0.04060150375939853,8.673617379884035e-19
44,183,20,loo_oracle,LOO oracle,0.9729323308270676,1.0,5.883994011085525e-05,,,-0.02706766917293235,8.673617379884035e-19
44,183,20,lime,LIME,0.9308270676691727,0.9398496240601503,5.883994011085525e-05,,,-0.009022556390977599,8.673617379884035e-19
44,184,20,shapley_mc,Monte Carlo Shapley,0.6947368421052631,0.675187969924812,0.0013883711821647826,,,0.019548872180451093,0.0
44,184,20,loo_oracle,LOO oracle,0.9954887218045112,1.0,0.0013883711821647826,,,-0.004511278195488799,0.0
44,184,20,lime,LIME,0.9804511278195487,0.9879699248120299,0.0013883711821647826,,,-0.007518796992481258,0.0
44,185,20,shapley_mc,Monte Carlo Shapley,0.7894736842105263,0.7894736842105263,0.001003548729277659,,,0.0,0.0
44,185,20,loo_oracle,LOO oracle,1.0,1.0,0.001003548729277659,,,0.0,0.0
44,185,20,lime,LIME,0.9639097744360902,0.9639097744360902,0.00010297466336867123,,,0.0,0.0
44,186,20,shapley_mc,Monte Carlo Shapley,0.7729323308270677,0.6842105263157895,3.600499423905834e-05,,,0.0887218045112782,2.168404344971009e-18
44,186,20,loo_oracle,LOO oracle,0.9593984962406013,1.0,3.600499423905834e-05,,,-0.04060150375939875,2.168404344971009e-18
44,186,20,lime,LIME,0.8691729323308269,0.9157894736842105,3.600499423905834e-05,,,-0.046616541353383556,2.168404344971009e-18
44,187,20,shapley_mc,Monte Carlo Shapley,0.819548872180451,0.8511278195488721,4.439037420655989e-05,,,-0.03157894736842104,5.421010862427522e-19
44,187,20,loo_oracle,LOO oracle,0.9849624060150375,1.0,4.439037420655989e-05,,,-0.015037593984962516,5.421010862427522e-19
44,187,20,lime,LIME,0.932330827067669,0.9533834586466164,4.439037420655989e-05,,,-0.021052631578947434,5.421010862427522e-19
44,188,20,shapley_mc,Monte Carlo Shapley,0.8766917293233082,0.8766917293233082,0.0026996088809120855,,,0.0,3.469446951953614e-18
44,188,20,loo_oracle,LOO oracle,1.0,1.0,0.00274791382464612,,,0.0,3.469446951953614e-18
44,188,20,lime,LIME,0.9849624060150375,0.9849624060150375,0.00274791382464612,,,0.0,3.469446951953614e-18
44,189,20,shapley_mc,Monte Carlo Shapley,0.7007518796992479,0.6917293233082705,0.0006926394975140804,,,0.009022556390977376,8.673617379884035e-19
44,189,20,loo_oracle,LOO oracle,0.9864661654135337,1.0,0.00026696430030348495,,,-0.013533834586466287,8.673617379884035e-19
44,189,20,lime,LIME,0.8736842105263156,0.9082706766917292,0.00026696430030348495,,,-0.03458646616541361,8.673617379884035e-19
44,190,12,shapley_mc,Monte Carlo Shapley,0.8321678321678322,0.8321678321678322,0.005237088866014206,,,0.0,3.469446951953614e-18
44,190,12,loo_oracle,LOO oracle,1.0,1.0,0.005237088866014206,,,0.0,3.469446951953614e-18
44,190,12,lime,LIME,0.965034965034965,0.965034965034965,0.005237088866014206,,,0.0,3.469446951953614e-18
44,191,20,shapley_mc,Monte Carlo Shapley,0.7293233082706766,0.6887218045112782,0.0014781016332645613,,,0.040601503759398416,3.469446951953614e-18
44,191,20,loo_oracle,LOO oracle,0.9864661654135337,1.0,0.0014781016332645613,,,-0.013533834586466287,3.469446951953614e-18
44,191,20,lime,LIME,0.9578947368421054,0.9834586466165413,0.0014781016332645613,,,-0.0255639097744359,3.469446951953614e-18
44,192,20,shapley_mc,Monte Carlo Shapley,0.732330827067669,0.7187969924812029,0.0015945767266238864,,,0.013533834586466176,0.0
44,192,20,loo_oracle,LOO oracle,0.9954887218045112,1.0,0.0015945767266238864,,,-0.004511278195488799,0.0
44,192,20,lime,LIME,0.9473684210526315,0.9473684210526315,0.0015945767266238864,,,0.0,0.0
44,193,20,shapley_mc,Monte Carlo Shapley,0.6812030075187969,0.5097744360902255,-0.0008924248597121931,,,0.17142857142857137,0.0
44,193,20,loo_oracle,LOO oracle,0.882706766917293,1.0,-0.0008924248597121931,,,-0.117293233082707,0.0
44,193,20,lime,LIME,0.7007518796992479,0.837593984962406,-0.0008924248597121931,,,-0.1368421052631581,0.0
44,194,20,shapley_mc,Monte Carlo Shapley,0.7518796992481201,0.7082706766917292,-7.308493647162351e-05,,,0.043609022556390986,4.336808689942018e-19
44,194,20,loo_oracle,LOO oracle,0.882706766917293,1.0,-7.308493647162351e-05,,,-0.117293233082707,4.336808689942018e-19
44,194,20,lime,LIME,0.732330827067669,0.9112781954887217,-7.308493647162351e-05,,,-0.17894736842105263,4.336808689942018e-19
44,195,20,shapley_mc,Monte Carlo Shapley,0.6812030075187969,0.6812030075187969,0.002922798946660199,,,0.0,3.469446951953614e-18
44,195,20,loo_oracle,LOO oracle,1.0,1.0,0.0029743334219080597,,,0.0,3.469446951953614e-18
44,195,20,lime,LIME,0.9819548872180449,0.9819548872180449,0.0029743334219080597,,,0.0,3.469446951953614e-18
44,196,13,shapley_mc,Monte Carlo Shapley,0.6153846153846153,0.6153846153846153,-0.00905752981962027,,,0.0,0.0
44,196,13,loo_oracle,LOO oracle,1.0,1.0,-0.0019967832872720415,,,0.0,0.0
44,196,13,lime,LIME,0.9835164835164836,0.9835164835164836,-0.0019967832872720415,,,0.0,0.0
44,197,20,shapley_mc,Monte Carlo Shapley,0.8466165413533834,0.8466165413533834,0.0013631255566532996,,,0.0,0.0
44,197,20,loo_oracle,LOO oracle,1.0,1.0,0.00019920528961059336,,,0.0,0.0
44,197,20,lime,LIME,0.9744360902255638,0.9744360902255638,0.00019920528961059336,,,0.0,0.0
44,198,20,shapley_mc,Monte Carlo Shapley,0.7984962406015037,0.7999999999999999,0.0039738755206046306,,,-0.0015037593984962294,3.469446951953614e-18
44,198,20,loo_oracle,LOO oracle,0.9984962406015038,1.0,0.0039738755206046306,,,-0.0015037593984962294,3.469446951953614e-18
44,198,20,lime,LIME,0.9624060150375938,0.9609022556390976,0.0039738755206046306,,,0.0015037593984962294,3.469446951953614e-18
44,199,11,shapley_mc,Monte Carlo Shapley,0.5363636363636364,0.5363636363636364,-0.00033434803571541494,,,0.0,1.3010426069826053e-18
44,199,11,loo_oracle,LOO oracle,1.0,1.0,-0.00033434803571541494,,,0.0,1.3010426069826053e-18
44,199,11,lime,LIME,0.8090909090909091,0.8090909090909091,-0.00033434803571541494,,,0.0,1.3010426069826053e-18
44,200,20,shapley_mc,Monte Carlo Shapley,0.5819548872180451,0.5714285714285714,0.0024268762619844564,,,0.010526315789473717,6.938893903907228e-18
44,200,20,loo_oracle,LOO oracle,0.9969924812030074,1.0,0.0024268762619844564,,,-0.00300751879699257,6.938893903907228e-18
44,200,20,lime,LIME,0.8601503759398496,0.875187969924812,0.0024268762619844564,,,-0.015037593984962405,6.938893903907228e-18
44,201,20,shapley_mc,Monte Carlo Shapley,0.8090225563909773,0.8150375939849623,0.0008835089396686535,,,-0.006015037593985029,0.0
44,201,20,loo_oracle,LOO oracle,0.9924812030075187,1.0,0.0011423956475595243,,,-0.007518796992481258,0.0
44,201,20,lime,LIME,0.9804511278195487,0.9834586466165413,0.0011423956475595243,,,-0.00300751879699257,0.0
44,202,20,shapley_mc,Monte Carlo Shapley,0.7413533834586465,0.7533834586466165,0.0017581450033283819,,,-0.012030075187969946,1.734723475976807e-18
44,202,20,loo_oracle,LOO oracle,0.993984962406015,1.0,0.0008221193398968984,,,-0.006015037593985029,1.734723475976807e-18
44,202,20,lime,LIME,0.9669172932330825,0.9669172932330825,0.0008221193398968984,,,0.0,1.734723475976807e-18
44,203,20,shapley_mc,Monte Carlo Shapley,0.6210526315789473,0.6285714285714286,0.0002523128878852421,,,-0.007518796992481258,4.336808689942018e-19
44,203,20,loo_oracle,LOO oracle,0.9984962406015038,1.0,0.0002523128878852421,,,-0.0015037593984962294,4.336808689942018e-19
44,203,20,lime,LIME,0.9398496240601503,0.9428571428571428,0.0002523128878852421,,,-0.00300751879699257,4.336808689942018e-19
44,204,20,shapley_mc,Monte Carlo Shapley,0.900751879699248,0.900751879699248,-0.0025754303031101378,,,0.0,6.938893903907228e-18
44,204,20,loo_oracle,LOO oracle,1.0,1.0,-0.0025754303031101378,,,0.0,6.938893903907228e-18
44,204,20,lime,LIME,0.9578947368421054,0.9578947368421054,-0.0025754303031101378,,,0.0,6.938893903907228e-18
44,205,12,shapley_mc,Monte Carlo Shapley,0.8741258741258742,0.8951048951048951,-0.00303547603896992,,,-0.020979020979020935,0.0
44,205,12,loo_oracle,LOO oracle,0.9930069930069931,1.0,-0.00303547603896992,,,-0.006993006993006867,0.0
44,205,12,lime,LIME,0.965034965034965,0.9790209790209792,-0.00303547603896992,,,-0.013986013986014179,0.0
44,206,13,shapley_mc,Monte Carlo Shapley,0.5659340659340659,0.5659340659340659,0.0025291973071926432,,,0.0,6.938893903907228e-18
44,206,13,loo_oracle,LOO oracle,1.0,1.0,0.0012781999436596303,,,0.0,6.938893903907228e-18
44,206,13,lime,LIME,0.9780219780219779,0.9780219780219779,0.0012781999436596303,,,0.0,6.938893903907228e-18
44,207,20,shapley_mc,Monte Carlo Shapley,0.8842105263157894,0.875187969924812,-0.0009337048897785083,,,0.009022556390977488,8.673617379884035e-19
44,207,20,loo_oracle,LOO oracle,0.9984962406015038,1.0,-0.0009337048897785083,,,-0.0015037593984962294,8.673617379884035e-19
44,207,20,lime,LIME,0.9518796992481202,0.956390977443609,-0.0009337048897785083,,,-0.004511278195488799,8.673617379884035e-19
44,208,7,shapley_mc,Monte Carlo Shapley,0.7500000000000002,0.7500000000000002,0.0031562465723924404,,,0.0,0.0
44,208,7,loo_oracle,LOO oracle,1.0,1.0,0.0005502752150313706,,,0.0,0.0
44,208,7,lime,LIME,0.9642857142857145,0.9642857142857145,0.0005502752150313706,,,0.0,0.0
44,209,20,shapley_mc,Monte Carlo Shapley,0.7593984962406014,0.6676691729323309,0.00011116516017245504,,,0.09172932330827055,0.0
44,209,20,loo_oracle,LOO oracle,0.932330827067669,1.0,0.00011116516017245504,,,-0.06766917293233099,0.0
44,209,20,lime,LIME,0.8571428571428572,0.9097744360902256,0.00011116516017245504,,,-0.05263157894736836,0.0
44,210,20,shapley_mc,Monte Carlo Shapley,0.78796992481203,0.7669172932330827,0.00152539234989163,,,0.021052631578947323,1.734723475976807e-18
44,210,20,loo_oracle,LOO oracle,0.9969924812030074,1.0,0.00152539234989163,,,-0.00300751879699257,1.734723475976807e-18
44,210,20,lime,LIME,0.9849624060150375,0.9909774436090225,0.0004148207869225651,,,-0.006015037593985029,1.734723475976807e-18
44,211,20,shapley_mc,Monte Carlo Shapley,0.9037593984962405,0.8721804511278194,0.0011263423487911095,,,0.03157894736842115,0.0
44,211,20,loo_oracle,LOO oracle,0.9909774436090225,1.0,9.65657626533778e-05,,,-0.009022556390977488,0.0
44,211,20,lime,LIME,0.9834586466165413,0.9789473684210527,0.0011263423487911095,,,0.004511278195488577,0.0
44,212,17,shapley_mc,Monte Carlo Shapley,0.7156862745098039,0.7156862745098039,0.0008782753382158281,,,0.0,0.0
44,212,17,loo_oracle,LOO oracle,1.0,1.0,3.3133398484597176e-05,,,0.0,0.0
44,212,17,lime,LIME,0.982843137254902,0.982843137254902,3.3133398484597176e-05,,,0.0,0.0
44,213,20,shapley_mc,Monte Carlo Shapley,0.9022556390977443,0.9157894736842105,0.0012723697547779023,,,-0.013533834586466176,1.734723475976807e-18
44,213,20,loo_oracle,LOO oracle,0.9969924812030074,1.0,0.0012723697547779023,,,-0.00300751879699257,1.734723475976807e-18
44,213,20,lime,LIME,0.9368421052631578,0.9473684210526315,0.0012723697547779023,,,-0.010526315789473717,1.734723475976807e-18
44,214,20,shapley_mc,Monte Carlo Shapley,0.7533834586466165,0.7533834586466165,-0.0023653105192401602,,,0.0,6.938893903907228e-18
44,214,20,loo_oracle,LOO oracle,1.0,1.0,-0.0023653105192401602,,,0.0,6.938893903907228e-18
44,214,20,lime,LIME,0.9067669172932331,0.9067669172932331,-0.0023653105192401602,,,0.0,6.938893903907228e-18
44,215,20,shapley_mc,Monte Carlo Shapley,0.7789473684210525,0.7368421052631579,0.0006800642035639792,,,0.042105263157894646,0.0
44,215,20,loo_oracle,LOO oracle,0.9518796992481202,1.0,0.0006800642035639792,,,-0.048120300751879785,0.0
44,215,20,lime,LIME,0.8556390977443609,0.9338345864661652,9.76045968756889e-05,,,-0.07819548872180437,0.0
44,216,9,shapley_mc,Monte Carlo Shapley,0.7333333333333334,0.7333333333333334,0.0018973504924466589,,,0.0,1.3877787807814457e-17
44,216,9,loo_oracle,LOO oracle,1.0,1.0,0.0018973504924466589,,,0.0,1.3877787807814457e-17
44,216,9,lime,LIME,1.0,1.0,0.0018973504924466589,,,0.0,1.3877787807814457e-17
44,217,20,shapley_mc,Monte Carlo Shapley,0.837593984962406,0.8300751879699247,0.0009123641027525831,,,0.007518796992481258,8.673617379884035e-19
44,217,20,loo_oracle,LOO oracle,0.9969924812030074,1.0,0.0009653356339403008,,,-0.00300751879699257,8.673617379884035e-19
44,217,20,lime,LIME,0.9609022556390976,0.9714285714285714,0.00017185527804969292,,,-0.010526315789473828,8.673617379884035e-19
44,218,12,shapley_mc,Monte Carlo Shapley,0.8391608391608393,0.8391608391608393,-0.008433608478927157,,,0.0,6.938893903907228e-18
44,218,12,loo_oracle,LOO oracle,1.0,1.0,-0.008433608478927157,,,0.0,6.938893903907228e-18
44,218,12,lime,LIME,0.9930069930069931,0.9930069930069931,-0.008433608478927157,,,0.0,6.938893903907228e-18
44,219,20,shapley_mc,Monte Carlo Shapley,0.8646616541353382,0.8706766917293233,0.00139748603920814,,,-0.006015037593985029,8.673617379884035e-19
44,219,20,loo_oracle,LOO oracle,0.9984962406015038,1.0,0.00139748603920814,,,-0.0015037593984962294,8.673617379884035e-19
44,219,20,lime,LIME,0.9639097744360902,0.9654135338345864,0.00139748603920814,,,-0.0015037593984962294,8.673617379884035e-19
44,220,10,shapley_mc,Monte Carlo Shapley,0.6,0.5636363636363636,0.0009180713248543304,,,0.036363636363636376,0.0
44,220,10,loo_oracle,LOO oracle,0.9757575757575757,0.9999999999999999,-4.2222734702834774e-05,,,-0.024242424242424176,0.0
44,220,10,lime,LIME,0.8060606060606059,0.8666666666666665,-0.0010954043188732832,,,-0.06060606060606055,0.0
44,221,20,shapley_mc,Monte Carlo Shapley,0.7233082706766917,0.6992481203007518,0.0006251490758645284,,,0.024060150375939893,8.673617379884035e-19
44,221,20,loo_oracle,LOO oracle,0.9969924812030074,1.0,0.0006251490758645284,,,-0.00300751879699257,8.673617379884035e-19
44,221,20,lime,LIME,0.956390977443609,0.9533834586466164,0.0006251490758645284,,,0.00300751879699257,8.673617379884035e-19
44,222,20,shapley_mc,Monte Carlo Shapley,0.7413533834586465,0.7157894736842104,0.0011945426379897373,,,0.025563909774436122,1.734723475976807e-18
44,222,20,loo_oracle,LOO oracle,0.9924812030075187,1.0,0.00042366827524015216,,,-0.007518796992481258,1.734723475976807e-18
44,222,20,lime,LIME,0.8571428571428572,0.863157894736842,0.00043968941058919464,,,-0.006015037593984807,1.734723475976807e-18
44,223,20,shapley_mc,Monte Carlo Shapley,0.8481203007518796,0.8556390977443609,0.0013682229346138608,,,-0.007518796992481258,3.469446951953614e-18
44,223,20,loo_oracle,LOO oracle,0.9984962406015038,1.0,0.0013682229346138608,,,-0.0015037593984962294,3.469446951953614e-18
44,223,20,lime,LIME,0.9684210526315788,0.9729323308270676,0.0013682229346138608,,,-0.004511278195488799,3.469446951953614e-18
44,224,20,shapley_mc,Monte Carlo Shapley,0.7203007518796991,0.7413533834586465,0.0015275034363327333,,,-0.021052631578947434,0.0
44,224,20,loo_oracle,LOO oracle,0.9909774436090225,1.0,0.0015275034363327333,,,-0.009022556390977488,0.0
44,224,20,lime,LIME,0.8887218045112781,0.9203007518796992,0.0015275034363327333,,,-0.03157894736842104,0.0
44,225,9,shapley_mc,Monte Carlo Shapley,0.41666666666666663,0.41666666666666663,0.0019294598705545396,,,0.0,3.469446951953614e-18
44,225,9,loo_oracle,LOO oracle,1.0,1.0,0.0019294598705545396,,,0.0,3.469446951953614e-18
44,225,9,lime,LIME,0.9,0.9,0.0019294598705545396,,,0.0,3.469446951953614e-18
44,226,11,shapley_mc,Monte Carlo Shapley,0.7545454545454545,0.690909090909091,0.0031208457129979217,,,0.06363636363636349,0.0
44,226,11,loo_oracle,LOO oracle,0.9636363636363637,1.0,0.0031208457129979217,,,-0.036363636363636265,0.0
44,226,11,lime,LIME,0.9636363636363637,1.0,0.0031208457129979217,,,-0.036363636363636265,0.0
44,227,20,shapley_mc,Monte Carlo Shapley,0.8030075187969924,0.8030075187969924,0.0030148320835875486,,,0.0,2.0816681711721685e-17
44,227,20,loo_oracle,LOO oracle,1.0,1.0,0.0030844800010417783,,,0.0,2.0816681711721685e-17
44,227,20,lime,LIME,0.9909774436090225,0.9909774436090225,0.0030844800010417783,,,0.0,2.0816681711721685e-17
44,228,20,shapley_mc,Monte Carlo Shapley,0.8300751879699247,0.8300751879699247,0.0014808964310127348,,,0.0,1.734723475976807e-18
44,228,20,loo_oracle,LOO oracle,1.0,1.0,0.001774902471451012,,,0.0,1.734723475976807e-18
44,228,20,lime,LIME,0.9639097744360902,0.9639097744360902,0.001774902471451012,,,0.0,1.734723475976807e-18
44,229,20,shapley_mc,Monte Carlo Shapley,0.7473684210526315,0.7052631578947368,0.0007438543636291706,,,0.042105263157894646,0.0
44,229,20,loo_oracle,LOO oracle,0.9909774436090225,1.0,8.765607156069333e-06,,,-0.009022556390977488,0.0
44,229,20,lime,LIME,0.9789473684210527,0.9894736842105262,1.5108362430238387e-05,,,-0.010526315789473495,0.0
44,230,20,shapley_mc,Monte Carlo Shapley,0.8812030075187969,0.9157894736842105,-0.0012236731635607567,,,-0.03458646616541361,0.0
44,230,20,loo_oracle,LOO oracle,0.9894736842105262,1.0,-0.00019037746365802022,,,-0.010526315789473828,0.0
44,230,20,lime,LIME,0.9443609022556391,0.9609022556390976,-0.0012236731635607567,,,-0.016541353383458524,0.0
44,231,20,shapley_mc,Monte Carlo Shapley,0.813533834586466,0.801503759398496,0.001371365465078933,,,0.012030075187969946,0.0
44,231,20,loo_oracle,LOO oracle,0.9909774436090225,1.0,0.001371365465078933,,,-0.009022556390977488,0.0
44,231,20,lime,LIME,0.9864661654135337,0.9849624060150375,0.001371365465078933,,,0.0015037593984962294,0.0
44,232,20,shapley_mc,Monte Carlo Shapley,0.8451127819548873,0.8451127819548873,0.002818223118043417,,,0.0,5.204170427930421e-18
44,232,20,loo_oracle,LOO oracle,1.0,1.0,0.002818223118043417,,,0.0,5.204170427930421e-18
44,232,20,lime,LIME,0.9368421052631578,0.9368421052631578,0.002818223118043417,,,0.0,5.204170427930421e-18
44,233,20,shapley_mc,Monte Carlo Shapley,0.8526315789473683,0.8526315789473683,0.001671476846933917,,,0.0,3.469446951953614e-18
44,233,20,loo_oracle,LOO oracle,1.0,1.0,0.0018348310621033592,,,0.0,3.469446951953614e-18
44,233,20,lime,LIME,0.9894736842105262,0.9894736842105262,0.0018348310621033592,,,0.0,3.469446951953614e-18
44,234,20,shapley_mc,Monte Carlo Shapley,0.813533834586466,0.7774436090225564,0.0014714509306795187,,,0.03609022556390962,0.0
44,234,20,loo_oracle,LOO oracle,0.9849624060150375,1.0,0.0014714509306795187,,,-0.015037593984962516,0.0
44,234,20,lime,LIME,0.9488721804511278,0.9609022556390976,0.0004903964234925784,,,-0.012030075187969835,0.0
44,235,20,shapley_mc,Monte Carlo Shapley,0.8466165413533834,0.8526315789473683,0.0014574947066174349,,,-0.006015037593984918,0.0
44,235,20,loo_oracle,LOO oracle,0.9984962406015038,1.0,4.3878882464376545e-05,,,-0.0015037593984962294,0.0
44,235,20,lime,LIME,0.9624060150375938,0.9684210526315788,4.3878882464376545e-05,,,-0.006015037593985029,0.0
44,236,20,shapley_mc,Monte Carlo Shapley,0.793984962406015,0.7804511278195487,0.0008117974792467564,,,0.013533834586466287,8.673617379884035e-19
44,236,20,loo_oracle,LOO oracle,0.9984962406015038,1.0,1.1591245064723754e-05,,,-0.0015037593984962294,8.673617379884035e-19
44,236,20,lime,LIME,0.9112781954887217,0.9172932330827066,-0.0007911225169111025,,,-0.006015037593984918,8.673617379884035e-19
44,237,20,shapley_mc,Monte Carlo Shapley,0.7353383458646616,0.7293233082706766,5.5200213353090444e-05,,,0.006015037593985029,8.673617379884035e-19
44,237,20,loo_oracle,LOO oracle,0.9684210526315788,1.0,-0.0006357943426510415,,,-0.03157894736842115,8.673617379884035e-19
44,237,20,lime,LIME,0.8766917293233082,0.8511278195488721,-0.0006127632348476575,,,0.025563909774436122,8.673617379884035e-19
44,238,20,shapley_mc,Monte Carlo Shapley,0.806015037593985,0.806015037593985,0.0018802432139790604,,,0.0,0.0
44,238,20,loo_oracle,LOO oracle,1.0,1.0,0.0018802432139790604,,,0.0,0.0
44,238,20,lime,LIME,0.9759398496240601,0.9759398496240601,0.0018802432139790604,,,0.0,0.0
44,239,20,shapley_mc,Monte Carlo Shapley,0.7022556390977444,0.6962406015037594,0.002026100345422055,,,0.006015037593984918,3.469446951953614e-18
44,239,20,loo_oracle,LOO oracle,0.9969924812030074,1.0,0.002026100345422055,,,-0.00300751879699257,3.469446951953614e-18
44,239,20,lime,LIME,0.9789473684210527,0.9744360902255638,0.002026100345422055,,,0.00451127819548891,3.469446951953614e-18
44,240,20,shapley_mc,Monte Carlo Shapley,0.6571428571428571,0.6526315789473683,0.001883090942882082,,,0.004511278195488799,0.0
44,240,20,loo_oracle,LOO oracle,0.9969924812030074,1.0,0.001883090942882082,,,-0.00300751879699257,0.0
44,240,20,lime,LIME,0.9684210526315788,0.9744360902255638,0.0009184660091454133,,,-0.006015037593984918,0.0
44,241,20,shapley_mc,Monte Carlo Shapley,0.7804511278195487,0.7729323308270677,0.0019755339432117047,,,0.007518796992481036,3.469446951953614e-18
44,241,20,loo_oracle,LOO oracle,0.9954887218045112,1.0,0.0019755339432117047,,,-0.004511278195488799,3.469446951953614e-18
44,241,20,lime,LIME,0.9684210526315788,0.9699248120300751,0.0019755339432117047,,,-0.0015037593984962294,3.469446951953614e-18
44,242,17,shapley_mc,Monte Carlo Shapley,0.9191176470588237,0.9338235294117647,0.0001438092625948295,,,-0.014705882352941013,0.0
44,242,17,loo_oracle,LOO oracle,0.9950980392156863,1.0,0.00013091380018859233,,,-0.004901960784313708,0.0
44,242,17,lime,LIME,0.9705882352941178,0.9705882352941178,0.00013091380018859233,,,0.0,0.0
44,243,20,shapley_mc,Monte Carlo Shapley,0.882706766917293,0.9022556390977443,-0.00080978130471554,,,-0.019548872180451315,8.673617379884035e-19
44,243,20,loo_oracle,LOO oracle,0.9909774436090225,1.0,-0.0008403863573070991,,,-0.009022556390977488,8.673617379884035e-19
44,243,20,lime,LIME,0.9654135338345864,0.9774436090225563,-0.00080978130471554,,,-0.012030075187969946,8.673617379884035e-19
44,244,20,shapley_mc,Monte Carlo Shapley,0.8105263157894737,0.8030075187969924,-0.0006235644180396793,,,0.007518796992481258,3.2526065174565133e-19
44,244,20,loo_oracle,LOO oracle,0.9909774436090225,1.0,-0.0006965741330881015,,,-0.009022556390977488,3.2526065174565133e-19
44,244,20,lime,LIME,0.9022556390977443,0.9172932330827066,-0.0006235644180396793,,,-0.015037593984962294,3.2526065174565133e-19
44,245,17,shapley_mc,Monte Carlo Shapley,0.5343137254901961,0.5171568627450981,9.923413246692991e-05,,,0.017156862745097978,3.2526065174565133e-19
44,245,17,loo_oracle,LOO oracle,0.9926470588235295,1.0,0.0007636370750321309,,,-0.007352941176470451,3.2526065174565133e-19
44,245,17,lime,LIME,0.9191176470588237,0.9068627450980394,9.923413246692991e-05,,,0.01225490196078427,3.2526065174565133e-19
44,246,17,shapley_mc,Monte Carlo Shapley,0.6715686274509804,0.6715686274509804,0.002520446818210731,,,0.0,3.469446951953614e-18
44,246,17,loo_oracle,LOO oracle,1.0,1.0,0.002520446818210731,,,0.0,3.469446951953614e-18
44,246,17,lime,LIME,0.9926470588235295,0.9926470588235295,0.002520446818210731,,,0.0,3.469446951953614e-18
44,247,20,shapley_mc,Monte Carlo Shapley,0.8360902255639097,0.8330827067669173,0.0008092847034674167,,,0.003007518796992348,1.734723475976807e-18
44,247,20,loo_oracle,LOO oracle,0.9984962406015038,1.0,-0.00010598486310969824,,,-0.0015037593984962294,1.734723475976807e-18
44,247,20,lime,LIME,0.993984962406015,0.9909774436090225,-0.00010598486310969824,,,0.003007518796992459,1.734723475976807e-18
44,248,20,shapley_mc,Monte Carlo Shapley,0.6736842105263157,0.6481203007518795,0.00014792350166542567,,,0.025563909774436122,0.0
44,248,20,loo_oracle,LOO oracle,0.9849624060150375,1.0,0.00013460342507848333,,,-0.015037593984962516,0.0
44,248,20,lime,LIME,0.8706766917293233,0.9052631578947368,0.00014792350166542567,,,-0.0345864661654135,0.0
44,249,10,shapley_mc,Monte Carlo Shapley,0.8666666666666665,0.7212121212121211,0.0022718489498490535,,,0.1454545454545454,3.469446951953614e-18
44,249,10,loo_oracle,LOO oracle,0.9636363636363635,0.9999999999999999,0.0022718489498490535,,,-0.036363636363636376,3.469446951953614e-18
44,249,10,lime,LIME,0.9515151515151514,0.9878787878787878,0.0022718489498490535,,,-0.036363636363636376,3.469446951953614e-18
44,250,20,shapley_mc,Monte Carlo Shapley,0.8240601503759398,0.8240601503759398,-2.6298491794807255e-06,,,0.0,0.0
44,250,20,loo_oracle,LOO oracle,1.0,1.0,-2.6298491794807255e-06,,,0.0,0.0
44,250,20,lime,LIME,0.9834586466165413,0.9834586466165413,-2.6298491794807255e-06,,,0.0,0.0
44,251,20,shapley_mc,Monte Carlo Shapley,0.882706766917293,0.882706766917293,0.000694831408261043,,,0.0,8.673617379884035e-19
44,251,20,loo_oracle,LOO oracle,0.9924812030075187,1.0,-3.748658650321035e-05,,,-0.007518796992481258,8.673617379884035e-19
44,251,20,lime,LIME,0.8706766917293233,0.8917293233082706,-3.748658650321035e-05,,,-0.021052631578947323,8.673617379884035e-19
44,252,20,shapley_mc,Monte Carlo Shapley,0.7654135338345864,0.7548872180451127,0.0012031100057670607,,,0.010526315789473717,8.673617379884035e-19
44,252,20,loo_oracle,LOO oracle,0.9969924812030074,1.0,0.0012378493153538117,,,-0.00300751879699257,8.673617379884035e-19
44,252,20,lime,LIME,0.9654135338345864,0.9624060150375938,0.0012378493153538117,,,0.00300751879699257,8.673617379884035e-19
44,253,14,shapley_mc,Monte Carlo Shapley,0.6263736263736264,0.6307692307692307,0.001162254466118784,,,-0.00439560439560438,0.0
44,253,14,loo_oracle,LOO oracle,0.9956043956043955,1.0,0.001162254466118784,,,-0.004395604395604491,0.0
44,253,14,lime,LIME,0.956043956043956,0.9648351648351648,0.00014916112259150127,,,-0.008791208791208871,0.0
44,254,20,shapley_mc,Monte Carlo Shapley,0.819548872180451,0.8150375939849623,0.001643363544441001,,,0.004511278195488688,3.469446951953614e-18
44,254,20,loo_oracle,LOO oracle,0.9984962406015038,1.0,0.00010233622583644131,,,-0.0015037593984962294,3.469446951953614e-18
44,254,20,lime,LIME,0.9744360902255638,0.9789473684210527,0.00010233622583644131,,,-0.00451127819548891,3.469446951953614e-18
44,255,20,shapley_mc,Monte Carlo Shapley,0.7203007518796991,0.7308270676691728,0.00032906013424260916,,,-0.010526315789473717,0.0
44,255,20,loo_oracle,LOO oracle,0.9804511278195487,1.0,0.00032906013424260916,,,-0.019548872180451315,0.0
44,255,20,lime,LIME,0.9759398496240601,0.9849624060150375,0.00032906013424260916,,,-0.009022556390977376,0.0
44,256,20,shapley_mc,Monte Carlo Shapley,0.8180451127819548,0.8180451127819548,0.002052684893144363,,,0.0,1.734723475976807e-18
44,256,20,loo_oracle,LOO oracle,1.0,1.0,0.002052684893144363,,,0.0,1.734723475976807e-18
44,256,20,lime,LIME,0.9774436090225563,0.9774436090225563,0.002052684893144363,,,0.0,1.734723475976807e-18
44,257,20,shapley_mc,Monte Carlo Shapley,0.8030075187969924,0.8030075187969924,0.001379421903998812,,,0.0,3.469446951953614e-18
44,257,20,loo_oracle,LOO oracle,1.0,1.0,3.783772409032826e-05,,,0.0,3.469446951953614e-18
44,257,20,lime,LIME,0.9789473684210527,0.9789473684210527,-0.0013353920670743369,,,0.0,3.469446951953614e-18
44,258,20,shapley_mc,Monte Carlo Shapley,0.837593984962406,0.837593984962406,0.0031685718400888963,,,0.0,3.469446951953614e-18
44,258,20,loo_oracle,LOO oracle,1.0,1.0,0.0031685718400888963,,,0.0,3.469446951953614e-18
44,258,20,lime,LIME,0.9759398496240601,0.9759398496240601,0.0031685718400888963,,,0.0,3.469446951953614e-18
44,259,20,shapley_mc,Monte Carlo Shapley,0.7233082706766917,0.669172932330827,-5.677300242912242e-05,,,0.0541353383458647,0.0
44,259,20,loo_oracle,LOO oracle,0.9548872180451128,1.0,-5.677300242912242e-05,,,-0.045112781954887216,0.0
44,259,20,lime,LIME,0.7909774436090224,0.8691729323308269,-5.677300242912242e-05,,,-0.07819548872180448,0.0
44,260,20,shapley_mc,Monte Carlo Shapley,0.7533834586466165,0.6796992481203006,2.391894306885689e-05,,,0.07368421052631591,0.0
44,260,20,loo_oracle,LOO oracle,0.9473684210526315,1.0,2.391894306885689e-05,,,-0.052631578947368474,0.0
44,260,20,lime,LIME,0.6917293233082705,0.8240601503759398,2.391894306885689e-05,,,-0.1323308270676693,0.0
44,261,20,shapley_mc,Monte Carlo Shapley,0.863157894736842,0.8616541353383457,0.0007311451339591657,,,0.0015037593984963404,0.0
44,261,20,loo_oracle,LOO oracle,0.9924812030075187,1.0,0.0007311451339591657,,,-0.007518796992481258,0.0
44,261,20,lime,LIME,0.8481203007518796,0.8706766917293233,4.8723287700891404e-05,,,-0.022556390977443663,0.0
44,262,20,shapley_mc,Monte Carlo Shapley,0.7142857142857143,0.7142857142857143,-0.002573437335113171,,,0.0,0.0
44,262,20,loo_oracle,LOO oracle,1.0,1.0,-0.0002493519832430513,,,0.0,0.0
44,262,20,lime,LIME,0.9624060150375938,0.9624060150375938,-0.0002493519832430513,,,0.0,0.0
44,263,20,shapley_mc,Monte Carlo Shapley,0.9097744360902256,0.8992481203007519,0.0009321687745208473,,,0.010526315789473717,8.673617379884035e-19
44,263,20,loo_oracle,LOO oracle,0.993984962406015,1.0,-1.278812711180688e-05,,,-0.006015037593985029,8.673617379884035e-19
44,263,20,lime,LIME,0.9458646616541352,0.9639097744360902,-1.278812711180688e-05,,,-0.018045112781954975,8.673617379884035e-19
44,264,20,shapley_mc,Monte Carlo Shapley,0.8481203007518796,0.8481203007518796,0.0016334439576213833,,,0.0,3.469446951953614e-18
44,264,20,loo_oracle,LOO oracle,1.0,1.0,0.00019363960206886244,,,0.0,3.469446951953614e-18
44,264,20,lime,LIME,0.9819548872180449,0.9819548872180449,0.00019363960206886244,,,0.0,3.469446951953614e-18
44,265,20,shapley_mc,Monte Carlo Shapley,0.801503759398496,0.801503759398496,-0.005669924494925316,,,0.0,1.3877787807814457e-17
44,265,20,loo_oracle,LOO oracle,1.0,1.0,-0.005669924494925316,,,0.0,1.3877787807814457e-17
44,265,20,lime,LIME,0.9759398496240601,0.9759398496240601,-0.005669924494925316,,,0.0,1.3877787807814457e-17
44,266,20,shapley_mc,Monte Carlo Shapley,0.6842105263157895,0.6736842105263157,0.00186716255041669,,,0.010526315789473828,1.734723475976807e-18
44,266,20,loo_oracle,LOO oracle,0.9954887218045112,1.0,0.0010840024932745052,,,-0.004511278195488799,1.734723475976807e-18
44,266,20,lime,LIME,0.9368421052631578,0.9533834586466164,0.0010840024932745052,,,-0.016541353383458635,1.734723475976807e-18
44,267,20,shapley_mc,Monte Carlo Shapley,0.5157894736842105,0.4015037593984962,-0.000205367135149348,,,0.11428571428571427,0.0
44,267,20,loo_oracle,LOO oracle,0.956390977443609,1.0,-1.3655960875658124e-05,,,-0.043609022556390986,0.0
44,267,20,lime,LIME,0.8556390977443609,0.8857142857142858,-1.3655960875658124e-05,,,-0.03007518796992492,0.0
44,268,17,shapley_mc,Monte Carlo Shapley,0.7377450980392158,0.7426470588235294,0.001018326113243928,,,-0.004901960784313597,0.0
44,268,17,loo_oracle,LOO oracle,0.9975490196078433,1.0,8.366318474833934e-05,,,-0.002450980392156743,0.0
44,268,17,lime,LIME,0.5661764705882354,0.573529411764706,7.505863829926351e-05,,,-0.007352941176470562,0.0
44,269,20,shapley_mc,Monte Carlo Shapley,0.8511278195488721,0.8511278195488721,1.583626536222349e-05,,,0.0,8.673617379884035e-19
44,269,20,loo_oracle,LOO oracle,1.0,1.0,0.000822430933884899,,,0.0,8.673617379884035e-19
44,269,20,lime,LIME,0.9233082706766916,0.9233082706766916,-0.0007351378234565775,,,0.0,8.673617379884035e-19
44,270,20,shapley_mc,Monte Carlo Shapley,0.8330827067669173,0.8225563909774435,0.0006922258748283117,,,0.010526315789473828,8.673617379884035e-19
44,270,20,loo_oracle,LOO oracle,0.9954887218045112,1.0,2.600540231739723e-05,,,-0.004511278195488799,8.673617379884035e-19
44,270,20,lime,LIME,0.9172932330827066,0.9157894736842105,2.600540231739723e-05,,,0.0015037593984961184,8.673617379884035e-19
44,271,20,shapley_mc,Monte Carlo Shapley,0.6406015037593984,0.6406015037593984,0.0013703385499906906,,,0.0,3.469446951953614e-18
44,271,20,loo_oracle,LOO oracle,1.0,1.0,0.0013945057973833719,,,0.0,3.469446951953614e-18
44,271,20,lime,LIME,0.9864661654135337,0.9864661654135337,0.0013945057973833719,,,0.0,3.469446951953614e-18
44,272,20,shapley_mc,Monte Carlo Shapley,0.6015037593984961,0.6015037593984961,0.0010044041005582427,,,0.0,0.0
44,272,20,loo_oracle,LOO oracle,0.9864661654135337,1.0,0.0010044041005582427,,,-0.013533834586466287,0.0
44,272,20,lime,LIME,0.9022556390977443,0.8992481203007519,0.0010044041005582427,,,0.003007518796992459,0.0
44,273,20,shapley_mc,Monte Carlo Shapley,0.6466165413533834,0.6466165413533834,0.0013234478762050306,,,0.0,1.734723475976807e-18
44,273,20,loo_oracle,LOO oracle,1.0,1.0,0.0013234478762050306,,,0.0,1.734723475976807e-18
44,273,20,lime,LIME,0.9759398496240601,0.9759398496240601,0.0013234478762050306,,,0.0,1.734723475976807e-18
44,274,20,shapley_mc,Monte Carlo Shapley,0.7894736842105263,0.7894736842105263,0.001345099504817815,,,0.0,1.734723475976807e-18
44,274,20,loo_oracle,LOO oracle,1.0,1.0,0.001345099504817815,,,0.0,1.734723475976807e-18
44,274,20,lime,LIME,0.9654135338345864,0.9654135338345864,0.001345099504817815,,,0.0,1.734723475976807e-18
44,275,12,shapley_mc,Monte Carlo Shapley,0.7202797202797203,0.7202797202797203,0.0027081872850108213,,,0.0,3.469446951953614e-18
44,275,12,loo_oracle,LOO oracle,1.0,1.0,0.0027081872850108213,,,0.0,3.469446951953614e-18
44,275,12,lime,LIME,0.9510489510489512,0.9510489510489512,0.0027081872850108213,,,0.0,3.469446951953614e-18
44,276,14,shapley_mc,Monte Carlo Shapley,0.6527472527472528,0.6527472527472528,-0.0022672130130344526,,,0.0,6.938893903907228e-18
44,276,14,loo_oracle,LOO oracle,1.0,1.0,-0.00019951258401229577,,,0.0,6.938893903907228e-18
44,276,14,lime,LIME,0.9868131868131869,0.9868131868131869,-0.00019951258401229577,,,0.0,6.938893903907228e-18
44,277,20,shapley_mc,Monte Carlo Shapley,0.7293233082706766,0.6796992481203006,-0.0002881489639927626,,,0.049624060150376015,2.168404344971009e-19
44,277,20,loo_oracle,LOO oracle,0.956390977443609,1.0,-0.0006364464288977079,,,-0.043609022556390986,2.168404344971009e-19
44,277,20,lime,LIME,0.8586466165413533,0.9218045112781955,-0.0006167780350235241,,,-0.06315789473684219,2.168404344971009e-19
44,278,13,shapley_mc,Monte Carlo Shapley,0.7912087912087913,0.7912087912087913,0.0022956237893204112,,,0.0,1.734723475976807e-18
44,278,13,loo_oracle,LOO oracle,1.0,1.0,0.00047913562717116776,,,0.0,1.734723475976807e-18
44,278,13,lime,LIME,0.9835164835164836,0.9835164835164836,0.00047913562717116776,,,0.0,1.734723475976807e-18
44,279,20,shapley_mc,Monte Carlo Shapley,0.8556390977443609,0.8691729323308269,-0.0007504908369682095,,,-0.013533834586466065,8.673617379884035e-19
44,279,20,loo_oracle,LOO oracle,0.9909774436090225,1.0,-0.0007504908369682095,,,-0.009022556390977488,8.673617379884035e-19
44,279,20,lime,LIME,0.9142857142857143,0.9293233082706768,-0.0007504908369682095,,,-0.015037593984962516,8.673617379884035e-19
44,280,20,shapley_mc,Monte Carlo Shapley,0.8932330827067668,0.8706766917293233,-0.0010920239239281537,,,0.022556390977443552,3.469446951953614e-18
44,280,20,loo_oracle,LOO oracle,0.9954887218045112,1.0,-0.0010920239239281537,,,-0.004511278195488799,3.469446951953614e-18
44,280,20,lime,LIME,0.8887218045112781,0.9127819548872179,-0.0010920239239281537,,,-0.02406015037593978,3.469446951953614e-18
44,281,13,shapley_mc,Monte Carlo Shapley,0.8736263736263737,0.8626373626373626,0.005096378461099504,,,0.010989010989011172,6.938893903907228e-18
44,281,13,loo_oracle,LOO oracle,0.9945054945054945,1.0,0.005096378461099504,,,-0.005494505494505475,6.938893903907228e-18
44,281,13,lime,LIME,0.9505494505494506,0.9615384615384615,0.005096378461099504,,,-0.010989010989010839,6.938893903907228e-18
44,282,20,shapley_mc,Monte Carlo Shapley,0.9218045112781955,0.9218045112781955,-0.004207737542020085,,,0.0,0.0
44,282,20,loo_oracle,LOO oracle,1.0,1.0,-0.004207737542020085,,,0.0,0.0
44,282,20,lime,LIME,0.9864661654135337,0.9864661654135337,-0.004207737542020085,,,0.0,0.0
44,283,20,shapley_mc,Monte Carlo Shapley,0.9157894736842105,0.9278195488721804,-0.0013065354933066153,,,-0.012030075187969946,0.0
44,283,20,loo_oracle,LOO oracle,0.9894736842105262,1.0,-0.0013065354933066153,,,-0.010526315789473828,0.0
44,283,20,lime,LIME,0.8947368421052632,0.9338345864661652,-0.0013065354933066153,,,-0.039097744360902076,0.0
44,284,20,shapley_mc,Monte Carlo Shapley,0.7669172932330827,0.7729323308270677,0.0001333092453830731,,,-0.006015037593985029,2.168404344971009e-19
44,284,20,loo_oracle,LOO oracle,0.9864661654135337,1.0,0.0001333092453830731,,,-0.013533834586466287,2.168404344971009e-19
44,284,20,lime,LIME,0.9082706766917292,0.918796992481203,0.00013750911366477991,,,-0.010526315789473717,2.168404344971009e-19
44,285,20,shapley_mc,Monte Carlo Shapley,0.8526315789473683,0.8421052631578947,0.0014137935450218575,,,0.010526315789473606,3.469446951953614e-18
44,285,20,loo_oracle,LOO oracle,0.9984962406015038,1.0,0.0014137935450218575,,,-0.0015037593984962294,3.469446951953614e-18
44,285,20,lime,LIME,0.9714285714285714,0.9699248120300751,0.0014137935450218575,,,0.0015037593984963404,3.469446951953614e-18
44,286,20,shapley_mc,Monte Carlo Shapley,0.9593984962406013,0.9488721804511278,-0.0010541700022124179,,,0.010526315789473495,0.0
44,286,20,loo_oracle,LOO oracle,0.993984962406015,1.0,-0.0010541700022124179,,,-0.006015037593985029,0.0
44,286,20,lime,LIME,0.9398496240601503,0.9488721804511278,-0.0010541700022124179,,,-0.009022556390977488,0.0
44,287,20,shapley_mc,Monte Carlo Shapley,0.7503759398496239,0.7488721804511278,0.001771247319482805,,,0.0015037593984961184,0.0
44,287,20,loo_oracle,LOO oracle,0.9984962406015038,1.0,0.001771247319482805,,,-0.0015037593984962294,0.0
44,287,20,lime,LIME,0.9518796992481202,0.9503759398496241,0.001771247319482805,,,0.0015037593984961184,0.0
44,288,20,shapley_mc,Monte Carlo Shapley,0.7398496240601502,0.7398496240601502,0.001739028930090314,,,0.0,5.204170427930421e-18
44,288,20,loo_oracle,LOO oracle,1.0,1.0,0.001739028930090314,,,0.0,5.204170427930421e-18
44,288,20,lime,LIME,0.9669172932330825,0.9669172932330825,0.001739028930090314,,,0.0,5.204170427930421e-18
44,289,11,shapley_mc,Monte Carlo Shapley,0.3727272727272728,0.3727272727272728,0.002367871148220013,,,0.0,6.938893903907228e-18
44,289,11,loo_oracle,LOO oracle,1.0,1.0,-0.000416034065316373,,,0.0,6.938893903907228e-18
44,289,11,lime,LIME,0.9818181818181818,0.9818181818181818,-0.0028738030834913886,,,0.0,6.938893903907228e-18
44,290,20,shapley_mc,Monte Carlo Shapley,0.3654135338345864,0.34736842105263155,0.0006376548729928877,,,0.018045112781954864,8.673617379884035e-19
44,290,20,loo_oracle,LOO oracle,0.9488721804511278,1.0,-4.368378292485264e-06,,,-0.051127819548872244,8.673617379884035e-19
44,290,20,lime,LIME,0.8330827067669173,0.9353383458646616,-2.6933715772392564e-05,,,-0.10225563909774427,8.673617379884035e-19
44,291,20,shapley_mc,Monte Carlo Shapley,0.8706766917293233,0.8766917293233082,-0.005959619415239148,,,-0.006015037593984918,1.3877787807814457e-17
44,291,20,loo_oracle,LOO oracle,0.9984962406015038,1.0,-0.0005877158328337906,,,-0.0015037593984962294,1.3877787807814457e-17
44,291,20,lime,LIME,0.9699248120300751,0.9669172932330825,-0.0005877158328337906,,,0.00300751879699257,1.3877787807814457e-17
44,292,20,shapley_mc,Monte Carlo Shapley,0.7157894736842104,0.7624060150375939,-0.00019727013503512136,,,-0.046616541353383445,0.0
44,292,20,loo_oracle,LOO oracle,0.9774436090225563,1.0,-0.00013525242425149742,,,-0.022556390977443663,0.0
44,292,20,lime,LIME,0.8421052631578947,0.9037593984962405,-0.00013525242425149742,,,-0.06165413533834585,0.0
44,293,20,shapley_mc,Monte Carlo Shapley,0.806015037593985,0.8045112781954886,0.000860563096880318,,,0.0015037593984963404,0.0
44,293,20,loo_oracle,LOO oracle,0.9984962406015038,1.0,0.000860563096880318,,,-0.0015037593984962294,0.0
44,293,20,lime,LIME,0.8586466165413533,0.8601503759398496,0.000860563096880318,,,-0.0015037593984962294,0.0
44,294,20,shapley_mc,Monte Carlo Shapley,0.8706766917293233,0.8646616541353382,-0.0023484515994546262,,,0.006015037593985029,0.0
44,294,20,loo_oracle,LOO oracle,0.993984962406015,1.0,-0.0023484515994546262,,,-0.006015037593985029,0.0
44,294,20,lime,LIME,0.9578947368421054,0.9533834586466164,-0.0023484515994546262,,,0.00451127819548891,0.0
44,295,20,shapley_mc,Monte Carlo Shapley,0.7624060150375939,0.7639097744360903,0.00110387753067831,,,-0.0015037593984964515,8.673617379884035e-19
44,295,20,loo_oracle,LOO oracle,0.993984962406015,1.0,0.0002724513126547423,,,-0.006015037593985029,8.673617379884035e-19
44,295,20,lime,LIME,0.9293233082706768,0.9398496240601503,0.00110387753067831,,,-0.010526315789473495,8.673617379884035e-19
44,296,20,shapley_mc,Monte Carlo Shapley,0.875187969924812,0.875187969924812,-0.003133960808584968,,,0.0,3.469446951953614e-18
44,296,20,loo_oracle,LOO oracle,1.0,1.0,-0.003133960808584968,,,0.0,3.469446951953614e-18
44,296,20,lime,LIME,0.9578947368421054,0.9578947368421054,-0.003133960808584968,,,0.0,3.469446951953614e-18
44,297,19,shapley_mc,Monte Carlo Shapley,0.6385964912280702,0.6263157894736843,0.0026886366662424166,,,0.012280701754385892,3.469446951953614e-18
44,297,19,loo_oracle,LOO oracle,0.9947368421052631,1.0,0.0018861109549999089,,,-0.0052631578947368585,3.469446951953614e-18
44,297,19,lime,LIME,0.9210526315789472,0.9403508771929823,0.0018861109549999089,,,-0.019298245614035037,3.469446951953614e-18
44,298,20,shapley_mc,Monte Carlo Shapley,0.9593984962406013,0.9533834586466164,-0.001117506721426853,,,0.006015037593984807,0.0
44,298,20,loo_oracle,LOO oracle,0.993984962406015,1.0,-0.001148294379770154,,,-0.006015037593985029,0.0
44,298,20,lime,LIME,0.9729323308270676,0.956390977443609,-0.001148294379770154,,,0.016541353383458635,0.0
44,299,20,shapley_mc,Monte Carlo Shapley,0.8075187969924811,0.7714285714285714,0.0010089616003683965,,,0.03609022556390973,8.673617379884035e-19
44,299,20,loo_oracle,LOO oracle,0.9864661654135337,1.0,0.0010089616003683965,,,-0.013533834586466287,8.673617379884035e-19
44,299,20,lime,LIME,0.9263157894736842,0.9308270676691727,0.0010089616003683965,,,-0.004511278195488466,8.673617379884035e-19
44,300,20,shapley_mc,Monte Carlo Shapley,0.6917293233082705,0.6601503759398496,0.0007472198853052947,,,0.03157894736842093,0.0
44,300,20,loo_oracle,LOO oracle,0.9834586466165413,1.0,0.00017021430052638342,,,-0.016541353383458746,0.0
44,300,20,lime,LIME,0.8932330827067668,0.900751879699248,0.00017021430052638342,,,-0.007518796992481147,0.0
44,301,20,shapley_mc,Monte Carlo Shapley,0.7142857142857143,0.7142857142857143,0.0009474071685313112,,,0.0,1.734723475976807e-18
44,301,20,loo_oracle,LOO oracle,1.0,1.0,0.0010655876311168044,,,0.0,1.734723475976807e-18
44,301,20,lime,LIME,0.956390977443609,0.956390977443609,0.0010655876311168044,,,0.0,1.734723475976807e-18
44,302,20,shapley_mc,Monte Carlo Shapley,0.6451127819548872,0.6451127819548872,0.0012255038631551751,,,0.0,0.0
44,302,20,loo_oracle,LOO oracle,1.0,1.0,0.0012255038631551751,,,0.0,0.0
44,302,20,lime,LIME,0.8721804511278194,0.8721804511278194,0.0012255038631551751,,,0.0,0.0
44,303,12,shapley_mc,Monte Carlo Shapley,0.8041958041958043,0.7622377622377624,0.0017335487534890226,,,0.04195804195804187,1.734723475976807e-18
44,303,12,loo_oracle,LOO oracle,0.9930069930069931,1.0,0.0006418528624871911,,,-0.006993006993006867,1.734723475976807e-18
44,303,12,lime,LIME,0.7272727272727274,0.7552447552447553,0.0006418528624871911,,,-0.027972027972027913,1.734723475976807e-18
44,304,20,shapley_mc,Monte Carlo Shapley,0.41654135338345866,0.4466165413533834,-0.0001831850491295639,,,-0.030075187969924755,4.336808689942018e-19
44,304,20,loo_oracle,LOO oracle,0.9699248120300751,1.0,-4.558950428257269e-05,,,-0.03007518796992492,4.336808689942018e-19
44,304,20,lime,LIME,0.6812030075187969,0.7789473684210525,-0.0005246935030017164,,,-0.09774436090225558,4.336808689942018e-19
44,305,20,shapley_mc,Monte Carlo Shapley,0.8285714285714285,0.8270676691729323,-8.48786920553124e-05,,,0.0015037593984962294,2.168404344971009e-19
44,305,20,loo_oracle,LOO oracle,0.9954887218045112,1.0,-0.0006945890219040018,,,-0.004511278195488799,2.168404344971009e-19
44,305,20,lime,LIME,0.956390977443609,0.9624060150375938,-0.0006945890219040018,,,-0.006015037593984807,2.168404344971009e-19
44,306,20,shapley_mc,Monte Carlo Shapley,0.875187969924812,0.8902255639097743,-0.0019525493846944686,,,-0.015037593984962294,5.204170427930421e-18
44,306,20,loo_oracle,LOO oracle,0.993984962406015,1.0,-0.0019525493846944686,,,-0.006015037593985029,5.204170427930421e-18
44,306,20,lime,LIME,0.9338345864661652,0.9488721804511278,-0.0019525493846944686,,,-0.015037593984962516,5.204170427930421e-18
44,307,20,shapley_mc,Monte Carlo Shapley,0.7187969924812029,0.6,0.0005324708615264684,,,0.1187969924812029,4.336808689942018e-19
44,307,20,loo_oracle,LOO oracle,0.9669172932330825,1.0,5.318306393592431e-05,,,-0.03308270676691749,4.336808689942018e-19
44,307,20,lime,LIME,0.8812030075187969,0.918796992481203,5.318306393592431e-05,,,-0.03759398496240607,4.336808689942018e-19
44,308,20,shapley_mc,Monte Carlo Shapley,0.9157894736842105,0.9157894736842105,0.0009844892026283913,,,0.0,0.0
44,308,20,loo_oracle,LOO oracle,1.0,1.0,0.0009844892026283913,,,0.0,0.0
44,308,20,lime,LIME,0.9864661654135337,0.9864661654135337,0.0009844892026283913,,,0.0,0.0
44,309,20,shapley_mc,Monte Carlo Shapley,0.8962406015037594,0.8917293233082706,0.0022361860776736187,,,0.004511278195488799,5.204170427930421e-18
44,309,20,loo_oracle,LOO oracle,0.9984962406015038,1.0,0.0022361860776736187,,,-0.0015037593984962294,5.204170427930421e-18
44,309,20,lime,LIME,0.9759398496240601,0.9789473684210527,0.0022361860776736187,,,-0.00300751879699257,5.204170427930421e-18
44,310,15,shapley_mc,Monte Carlo Shapley,0.8107142857142855,0.8107142857142855,-0.004840335122546557,,,0.0,6.938893903907228e-18
44,310,15,loo_oracle,LOO oracle,1.0,1.0,-0.004840335122546557,,,0.0,6.938893903907228e-18
44,310,15,lime,LIME,0.9749999999999999,0.9749999999999999,-0.004840335122546557,,,0.0,6.938893903907228e-18
44,311,20,shapley_mc,Monte Carlo Shapley,0.8676691729323308,0.8481203007518796,0.0017466728939269371,,,0.019548872180451204,1.734723475976807e-18
44,311,20,loo_oracle,LOO oracle,0.9969924812030074,1.0,0.0017466728939269371,,,-0.00300751879699257,1.734723475976807e-18
44,311,20,lime,LIME,0.9654135338345864,0.9714285714285714,0.0017466728939269371,,,-0.006015037593985029,1.734723475976807e-18
44,312,18,shapley_mc,Monte Carlo Shapley,0.8286893704850361,0.8286893704850361,-0.0044329443134751845,,,0.0,6.938893903907228e-18
44,312,18,loo_oracle,LOO oracle,1.0,1.0,-0.002437894019161835,,,0.0,6.938893903907228e-18
44,312,18,lime,LIME,0.9690402476780186,0.9690402476780186,-0.002437894019161835,,,0.0,6.938893903907228e-18
44,313,20,shapley_mc,Monte Carlo Shapley,0.8120300751879698,0.8120300751879698,0.0014959768916683602,,,0.0,1.734723475976807e-18
44,313,20,loo_oracle,LOO oracle,1.0,1.0,0.0006793073890807855,,,0.0,1.734723475976807e-18
44,313,20,lime,LIME,0.9864661654135337,0.9864661654135337,0.0006793073890807855,,,0.0,1.734723475976807e-18
44,314,13,shapley_mc,Monte Carlo Shapley,0.7637362637362637,0.7692307692307693,0.001646381374842243,,,-0.005494505494505586,0.0
44,314,13,loo_oracle,LOO oracle,0.9945054945054945,1.0,-0.002173472357755113,,,-0.005494505494505475,0.0
44,314,13,lime,LIME,0.945054945054945,0.9395604395604396,-0.002173472357755113,,,0.005494505494505475,0.0
44,315,20,shapley_mc,Monte Carlo Shapley,0.5864661654135337,0.5368421052631579,1.429427962662544e-07,,,0.04962406015037579,8.673617379884035e-19
44,315,20,loo_oracle,LOO oracle,0.9759398496240601,1.0,1.429427962662544e-07,,,-0.024060150375939893,8.673617379884035e-19
44,315,20,lime,LIME,0.8406015037593983,0.8962406015037594,1.429427962662544e-07,,,-0.055639097744361043,8.673617379884035e-19
44,316,14,shapley_mc,Monte Carlo Shapley,0.9076923076923077,0.8373626373626375,-7.193961612378397e-05,,,0.07032967032967019,1.734723475976807e-18
44,316,14,loo_oracle,LOO oracle,0.9648351648351648,1.0,-7.193961612378397e-05,,,-0.03516483516483515,1.734723475976807e-18
44,316,14,lime,LIME,0.9164835164835166,0.9252747252747253,-7.193961612378397e-05,,,-0.00879120879120876,1.734723475976807e-18
44,317,14,shapley_mc,Monte Carlo Shapley,0.5868131868131868,0.5208791208791209,-2.2794312980189968e-05,,,0.06593406593406592,0.0
44,317,14,loo_oracle,LOO oracle,0.9780219780219781,1.0,-2.2794312980189968e-05,,,-0.0219780219780219,0.0
44,317,14,lime,LIME,0.6923076923076923,0.7406593406593407,-2.2794312980189968e-05,,,-0.0483516483516484,0.0
44,318,20,shapley_mc,Monte Carlo Shapley,0.8511278195488721,0.8526315789473683,0.0009289598929628773,,,-0.0015037593984962294,0.0
44,318,20,loo_oracle,LOO oracle,0.993984962406015,1.0,0.00012827530720083136,,,-0.006015037593985029,0.0
44,318,20,lime,LIME,0.918796992481203,0.9428571428571428,0.00012827530720083136,,,-0.024060150375939893,0.0
44,319,16,shapley_mc,Monte Carlo Shapley,0.6764705882352942,0.6764705882352942,0.0029765287057865186,,,0.0,0.0
44,319,16,loo_oracle,LOO oracle,1.0,1.0,0.0029765287057865186,,,0.0,0.0
44,319,16,lime,LIME,0.9852941176470588,0.9852941176470588,0.0029765287057865186,,,0.0,0.0
44,320,20,shapley_mc,Monte Carlo Shapley,0.882706766917293,0.8781954887218045,-4.8343759822710997e-05,,,0.004511278195488466,1.6263032587282567e-19
44,320,20,loo_oracle,LOO oracle,0.9909774436090225,1.0,3.0128417513486383e-05,,,-0.009022556390977488,1.6263032587282567e-19
44,320,20,lime,LIME,0.9533834586466164,0.9624060150375938,3.0128417513486383e-05,,,-0.009022556390977376,1.6263032587282567e-19
44,321,20,shapley_mc,Monte Carlo Shapley,0.8902255639097743,0.8932330827067668,-3.077232062986823e-05,,,-0.00300751879699257,3.469446951953614e-18
44,321,20,loo_oracle,LOO oracle,0.9984962406015038,1.0,-3.077232062986823e-05,,,-0.0015037593984962294,3.469446951953614e-18
44,321,20,lime,LIME,0.9699248120300751,0.9759398496240601,-3.077232062986823e-05,,,-0.006015037593985029,3.469446951953614e-18
44,322,20,shapley_mc,Monte Carlo Shapley,0.8887218045112781,0.8616541353383457,0.0009234369156277955,,,0.027067669172932463,0.0
44,322,20,loo_oracle,LOO oracle,0.9909774436090225,1.0,0.0010080679974985851,,,-0.009022556390977488,0.0
44,322,20,lime,LIME,0.9443609022556391,0.9578947368421054,0.0010080679974985851,,,-0.013533834586466287,0.0
44,323,20,shapley_mc,Monte Carlo Shapley,0.706766917293233,0.706766917293233,0.0004687574154995655,,,0.0,8.673617379884035e-19
44,323,20,loo_oracle,LOO oracle,0.9864661654135337,1.0,6.940784452141857e-05,,,-0.013533834586466287,8.673617379884035e-19
44,323,20,lime,LIME,0.8736842105263156,0.900751879699248,6.940784452141857e-05,,,-0.02706766917293235,8.673617379884035e-19
44,324,20,shapley_mc,Monte Carlo Shapley,0.7142857142857143,0.6466165413533834,-7.769166444093756e-05,,,0.06766917293233088,4.336808689942018e-19
44,324,20,loo_oracle,LOO oracle,0.9518796992481202,1.0,-0.000516901147951554,,,-0.048120300751879785,4.336808689942018e-19
44,324,20,lime,LIME,0.8345864661654135,0.9022556390977443,-0.000516901147951554,,,-0.06766917293233077,4.336808689942018e-19
44,325,20,shapley_mc,Monte Carlo Shapley,0.6796992481203006,0.6150375939849623,0.0008004475120401144,,,0.06466165413533831,0.0
44,325,20,loo_oracle,LOO oracle,0.9729323308270676,1.0,0.0002543608518391638,,,-0.02706766917293235,0.0
44,325,20,lime,LIME,0.9593984962406013,0.9759398496240601,0.0002543608518391638,,,-0.016541353383458857,0.0
44,326,20,shapley_mc,Monte Carlo Shapley,0.625563909774436,0.6631578947368421,0.000838374312453205,,,-0.03759398496240607,0.0
44,326,20,loo_oracle,LOO oracle,0.9639097744360902,1.0,0.000838374312453205,,,-0.03609022556390984,0.0
44,326,20,lime,LIME,0.7969924812030074,0.825563909774436,0.000838374312453205,,,-0.028571428571428692,0.0
44,327,15,shapley_mc,Monte Carlo Shapley,0.8357142857142855,0.8499999999999999,0.001316015681672278,,,-0.014285714285714346,0.0
44,327,15,loo_oracle,LOO oracle,0.9964285714285712,1.0,0.001316015681672278,,,-0.003571428571428781,0.0
44,327,15,lime,LIME,0.95,0.9464285714285712,0.00021102586875482165,,,0.003571428571428781,0.0
44,328,20,shapley_mc,Monte Carlo Shapley,0.6330827067669172,0.6827067669172932,0.0004910639010437534,,,-0.049624060150375904,0.0
44,328,20,loo_oracle,LOO oracle,0.9609022556390976,1.0,2.415442236775034e-05,,,-0.03909774436090241,0.0
44,328,20,lime,LIME,0.875187969924812,0.9233082706766916,2.415442236775034e-05,,,-0.048120300751879674,0.0
44,329,20,shapley_mc,Monte Carlo Shapley,0.6947368421052631,0.6947368421052631,0.0008528858772431369,,,0.0,0.0
44,329,20,loo_oracle,LOO oracle,1.0,1.0,-0.00013343371979768204,,,0.0,0.0
44,329,20,lime,LIME,0.9338345864661652,0.9338345864661652,-0.0009368696438730173,,,0.0,0.0
44,330,20,shapley_mc,Monte Carlo Shapley,0.5924812030075187,0.593984962406015,0.0009738453290135674,,,-0.0015037593984962294,1.734723475976807e-18
44,330,20,loo_oracle,LOO oracle,0.9954887218045112,1.0,6.852334310797348e-05,,,-0.004511278195488799,1.734723475976807e-18
44,330,20,lime,LIME,0.9578947368421054,0.9669172932330825,6.852334310797348e-05,,,-0.009022556390977154,1.734723475976807e-18
44,331,20,shapley_mc,Monte Carlo Shapley,0.8330827067669173,0.8360902255639097,0.0027351879693189862,,,-0.003007518796992348,6.938893903907228e-18
44,331,20,loo_oracle,LOO oracle,0.9984962406015038,1.0,0.0027351879693189862,,,-0.0015037593984962294,6.938893903907228e-18
44,331,20,lime,LIME,0.9443609022556391,0.9488721804511278,0.0027351879693189862,,,-0.004511278195488688,6.938893903907228e-18
44,332,20,shapley_mc,Monte Carlo Shapley,0.7909774436090224,0.7563909774436091,-8.759540480235417e-05,,,0.03458646616541339,0.0
44,332,20,loo_oracle,LOO oracle,0.9894736842105262,1.0,-8.759540480235417e-05,,,-0.010526315789473828,0.0
44,332,20,lime,LIME,0.918796992481203,0.9368421052631578,-8.759540480235417e-05,,,-0.018045112781954864,0.0
44,333,20,shapley_mc,Monte Carlo Shapley,0.6511278195488721,0.6406015037593984,0.0007153837871248236,,,0.010526315789473717,4.336808689942018e-19
44,333,20,loo_oracle,LOO oracle,0.9729323308270676,1.0,-0.0006463535965214873,,,-0.02706766917293235,4.336808689942018e-19
44,333,20,lime,LIME,0.8481203007518796,0.9037593984962405,-0.0006463535965214873,,,-0.05563909774436093,4.336808689942018e-19
44,334,20,shapley_mc,Monte Carlo Shapley,0.7684210526315788,0.7443609022556391,0.00021077816764047963,,,0.02406015037593967,0.0
44,334,20,loo_oracle,LOO oracle,0.9909774436090225,1.0,0.0001884214283421337,,,-0.009022556390977488,0.0
44,334,20,lime,LIME,0.9744360902255638,0.9759398496240601,0.0001884214283421337,,,-0.0015037593984963404,0.0
44,335,20,shapley_mc,Monte Carlo Shapley,0.6796992481203006,0.6541353383458646,0.0006217588852361344,,,0.02556390977443601,8.673617379884035e-19
44,335,20,loo_oracle,LOO oracle,0.9924812030075187,1.0,1.6006061773821134e-05,,,-0.007518796992481258,8.673617379884035e-19
44,335,20,lime,LIME,0.7127819548872181,0.7398496240601502,-0.0005482635624102783,,,-0.02706766917293213,8.673617379884035e-19
44,336,20,shapley_mc,Monte Carlo Shapley,0.58796992481203,0.5578947368421052,-5.435108931151067e-05,,,0.03007518796992481,4.336808689942018e-19
44,336,20,loo_oracle,LOO oracle,0.9864661654135337,1.0,-5.435108931151067e-05,,,-0.013533834586466287,4.336808689942018e-19
44,336,20,lime,LIME,0.8345864661654135,0.8556390977443609,-5.435108931151067e-05,,,-0.021052631578947323,4.336808689942018e-19
44,337,20,shapley_mc,Monte Carlo Shapley,0.813533834586466,0.813533834586466,0.0018875636705075194,,,0.0,0.0
44,337,20,loo_oracle,LOO oracle,1.0,1.0,0.0018875636705075194,,,0.0,0.0
44,337,20,lime,LIME,0.9353383458646616,0.9353383458646616,0.0018875636705075194,,,0.0,0.0
44,338,20,shapley_mc,Monte Carlo Shapley,0.46917293233082696,0.43458646616541347,-9.385641358994334e-05,,,0.0345864661654135,0.0
44,338,20,loo_oracle,LOO oracle,0.9849624060150375,1.0,-7.928958835790034e-05,,,-0.015037593984962516,0.0
44,338,20,lime,LIME,0.8481203007518796,0.8661654135338346,-0.00042147290510741175,,,-0.018045112781954975,0.0
44,339,20,shapley_mc,Monte Carlo Shapley,0.7473684210526315,0.7203007518796991,0.0008317306429769245,,,0.02706766917293235,8.673617379884035e-19
44,339,20,loo_oracle,LOO oracle,0.9804511278195487,1.0,0.0008317306429769245,,,-0.019548872180451315,8.673617379884035e-19
44,339,20,lime,LIME,0.9233082706766916,0.956390977443609,0.00020717020080701642,,,-0.03308270676691738,8.673617379884035e-19
44,340,13,shapley_mc,Monte Carlo Shapley,0.8076923076923077,0.8076923076923077,0.001997768512067233,,,0.0,5.204170427930421e-18
44,340,13,loo_oracle,LOO oracle,1.0,1.0,0.0012325383695030445,,,0.0,5.204170427930421e-18
44,340,13,lime,LIME,0.9285714285714285,0.9285714285714285,0.0012325383695030445,,,0.0,5.204170427930421e-18
44,341,20,shapley_mc,Monte Carlo Shapley,0.7082706766917292,0.7172932330827068,0.0026325233852923513,,,-0.009022556390977599,8.673617379884035e-18
44,341,20,loo_oracle,LOO oracle,0.9969924812030074,1.0,0.0016691855477349304,,,-0.00300751879699257,8.673617379884035e-18
44,341,20,lime,LIME,0.9398496240601503,0.9353383458646616,0.0016958415549165884,,,0.004511278195488688,8.673617379884035e-18
44,342,20,shapley_mc,Monte Carlo Shapley,0.7654135338345864,0.6661654135338345,0.0009200432200148212,,,0.09924812030075192,1.734723475976807e-18
44,342,20,loo_oracle,LOO oracle,0.9669172932330825,1.0,0.00015112085700980105,,,-0.03308270676691749,1.734723475976807e-18
44,342,20,lime,LIME,0.9383458646616539,0.9699248120300751,0.00015112085700980105,,,-0.03157894736842115,1.734723475976807e-18
44,343,20,shapley_mc,Monte Carlo Shapley,0.6451127819548872,0.6300751879699248,0.0025330343281770307,,,0.015037593984962405,3.469446951953614e-18
44,343,20,loo_oracle,LOO oracle,0.9984962406015038,1.0,0.0026685621945095606,,,-0.0015037593984962294,3.469446951953614e-18
44,343,20,lime,LIME,0.9789473684210527,0.9744360902255638,0.002562351255445239,,,0.00451127819548891,3.469446951953614e-18
44,344,18,shapley_mc,Monte Carlo Shapley,0.7048503611971104,0.7048503611971104,-0.0022424686321512732,,,0.0,1.734723475976807e-18
44,344,18,loo_oracle,LOO oracle,1.0,1.0,-0.0022424686321512732,,,0.0,1.734723475976807e-18
44,344,18,lime,LIME,0.9029927760577915,0.9029927760577915,-0.0022424686321512732,,,0.0,1.734723475976807e-18
44,345,20,shapley_mc,Monte Carlo Shapley,0.7022556390977444,0.7398496240601502,-4.083342206218088e-05,,,-0.037593984962405846,0.0
44,345,20,loo_oracle,LOO oracle,0.9744360902255638,1.0,-0.0007019162867724638,,,-0.025563909774436233,0.0
44,345,20,lime,LIME,0.8676691729323308,0.900751879699248,-0.0007019162867724638,,,-0.03308270676691716,0.0
44,346,20,shapley_mc,Monte Carlo Shapley,0.8330827067669173,0.837593984962406,0.002603937997069705,,,-0.004511278195488688,1.214306433183765e-17
44,346,20,loo_oracle,LOO oracle,0.9984962406015038,1.0,0.002603937997069705,,,-0.0015037593984962294,1.214306433183765e-17
44,346,20,lime,LIME,0.9714285714285714,0.9759398496240601,0.002603937997069705,,,-0.004511278195488688,1.214306433183765e-17
44,347,20,shapley_mc,Monte Carlo Shapley,0.7894736842105263,0.7894736842105263,-0.00017361243542352023,,,0.0,0.0
44,347,20,loo_oracle,LOO oracle,1.0,1.0,-0.00017361243542352023,,,0.0,0.0
44,347,20,lime,LIME,0.9533834586466164,0.9533834586466164,-0.0006089563114896057,,,0.0,0.0
44,348,20,shapley_mc,Monte Carlo Shapley,0.813533834586466,0.8150375939849623,0.0019817393047238396,,,-0.0015037593984963404,8.673617379884035e-18
44,348,20,loo_oracle,LOO oracle,0.9909774436090225,1.0,0.0009999280335224459,,,-0.009022556390977488,8.673617379884035e-18
44,348,20,lime,LIME,0.9849624060150375,0.9714285714285714,0.0009999280335224459,,,0.013533834586466065,8.673617379884035e-18
44,349,20,shapley_mc,Monte Carlo Shapley,0.7308270676691728,0.7308270676691728,0.0012367332829810174,,,0.0,0.0
44,349,20,loo_oracle,LOO oracle,1.0,1.0,0.0012367332829810174,,,0.0,0.0
44,349,20,lime,LIME,0.9699248120300751,0.9699248120300751,0.0012367332829810174,,,0.0,0.0
44,350,20,shapley_mc,Monte Carlo Shapley,0.8481203007518796,0.8616541353383457,0.0007866119794068815,,,-0.013533834586466065,4.336808689942018e-19
44,350,20,loo_oracle,LOO oracle,0.993984962406015,1.0,0.0008948477742048433,,,-0.006015037593985029,4.336808689942018e-19
44,350,20,lime,LIME,0.9082706766917292,0.9353383458646616,3.719574440219642e-05,,,-0.02706766917293235,4.336808689942018e-19
44,351,20,shapley_mc,Monte Carlo Shapley,0.5834586466165413,0.6030075187969924,0.00028194235075668095,,,-0.019548872180451093,8.673617379884035e-19
44,351,20,loo_oracle,LOO oracle,0.9699248120300751,1.0,1.9991147913234197e-05,,,-0.03007518796992492,8.673617379884035e-19
44,351,20,lime,LIME,0.8676691729323308,0.8706766917293233,-0.00042150892276920926,,,-0.003007518796992459,8.673617379884035e-19
44,352,15,shapley_mc,Monte Carlo Shapley,0.782142857142857,0.7857142857142856,-0.0035613780792620453,,,-0.0035714285714285587,6.938893903907228e-18
44,352,15,loo_oracle,LOO oracle,0.9964285714285712,1.0,-7.271261421770703e-05,,,-0.003571428571428781,6.938893903907228e-18
44,352,15,lime,LIME,0.9535714285714283,0.9571428571428571,-7.271261421770703e-05,,,-0.003571428571428781,6.938893903907228e-18
44,353,20,shapley_mc,Monte Carlo Shapley,0.8406015037593983,0.8240601503759398,0.001515738374740394,,,0.016541353383458524,3.469446951953614e-18
44,353,20,loo_oracle,LOO oracle,0.9984962406015038,1.0,0.001515738374740394,,,-0.0015037593984962294,3.469446951953614e-18
44,353,20,lime,LIME,0.9819548872180449,0.9879699248120299,0.001515738374740394,,,-0.006015037593985029,3.469446951953614e-18
44,354,20,shapley_mc,Monte Carlo Shapley,0.7563909774436091,0.7218045112781954,-8.016598328275393e-06,,,0.03458646616541361,8.673617379884035e-19
44,354,20,loo_oracle,LOO oracle,0.9834586466165413,1.0,-8.016598328275393e-06,,,-0.016541353383458746,8.673617379884035e-19
44,354,20,lime,LIME,0.8887218045112781,0.8947368421052632,-0.0007154243469251753,,,-0.006015037593985029,8.673617379884035e-19
44,355,17,shapley_mc,Monte Carlo Shapley,0.42401960784313725,0.4460784313725491,0.0010793121118835014,,,-0.022058823529411853,8.673617379884035e-19
44,355,17,loo_oracle,LOO oracle,0.9877450980392157,1.0,0.0010793121118835014,,,-0.01225490196078427,8.673617379884035e-19
44,355,17,lime,LIME,0.732843137254902,0.7892156862745099,0.0010793121118835014,,,-0.056372549019607865,8.673617379884035e-19
44,356,20,shapley_mc,Monte Carlo Shapley,0.7338345864661654,0.7233082706766917,0.001112207079151939,,,0.010526315789473717,1.734723475976807e-18
44,356,20,loo_oracle,LOO oracle,0.9984962406015038,1.0,0.001112207079151939,,,-0.0015037593984962294,1.734723475976807e-18
44,356,20,lime,LIME,0.9398496240601503,0.9518796992481202,0.00023127763652730504,,,-0.012030075187969946,1.734723475976807e-18
44,357,20,shapley_mc,Monte Carlo Shapley,0.8225563909774435,0.8240601503759398,0.0014526942782872032,,,-0.0015037593984963404,1.734723475976807e-18
44,357,20,loo_oracle,LOO oracle,0.9924812030075187,1.0,0.0014526942782872032,,,-0.007518796992481258,1.734723475976807e-18
44,357,20,lime,LIME,0.9669172932330825,0.9774436090225563,0.0014526942782872032,,,-0.010526315789473828,1.734723475976807e-18
44,358,20,shapley_mc,Monte Carlo Shapley,0.9052631578947368,0.9097744360902256,-0.00011367866629458101,,,-0.004511278195488799,4.336808689942018e-19
44,358,20,loo_oracle,LOO oracle,0.9984962406015038,1.0,-0.00011367866629458101,,,-0.0015037593984962294,4.336808689942018e-19
44,358,20,lime,LIME,0.9609022556390976,0.9624060150375938,-0.0011394830585353954,,,-0.0015037593984962294,4.336808689942018e-19
44,359,20,shapley_mc,Monte Carlo Shapley,0.932330827067669,0.932330827067669,-0.001744981230100473,,,0.0,1.734723475976807e-18
44,359,20,loo_oracle,LOO oracle,0.9819548872180449,1.0,-0.001744981230100473,,,-0.018045112781955086,1.734723475976807e-18
44,359,20,lime,LIME,0.9503759398496241,0.9503759398496241,-0.001744981230100473,,,0.0,1.734723475976807e-18
44,360,14,shapley_mc,Monte Carlo Shapley,0.5868131868131868,0.5780219780219781,0.001115302059712997,,,0.00879120879120876,0.0
44,360,14,loo_oracle,LOO oracle,0.9824175824175824,1.0,0.001115302059712997,,,-0.01758241758241763,0.0
44,360,14,lime,LIME,0.8901098901098902,0.9252747252747253,0.001115302059712997,,,-0.03516483516483515,0.0
44,361,20,shapley_mc,Monte Carlo Shapley,0.8300751879699247,0.8300751879699247,0.0035318036522626883,,,0.0,6.938893903907228e-18
44,361,20,loo_oracle,LOO oracle,1.0,1.0,0.0020904117438440006,,,0.0,6.938893903907228e-18
44,361,20,lime,LIME,0.9639097744360902,0.9639097744360902,0.0020904117438440006,,,0.0,6.938893903907228e-18
44,362,20,shapley_mc,Monte Carlo Shapley,0.6330827067669172,0.5969924812030075,0.0004998399305851664,,,0.03609022556390973,0.0
44,362,20,loo_oracle,LOO oracle,0.9879699248120299,1.0,-0.0006730593684279307,,,-0.012030075187970057,0.0
44,362,20,lime,LIME,0.9714285714285714,0.9849624060150375,-0.0006730593684279307,,,-0.013533834586466065,0.0
44,363,13,shapley_mc,Monte Carlo Shapley,0.2582417582417582,0.11538461538461539,0.0031857158034818145,,,0.14285714285714282,1.0408340855860843e-17
44,363,13,loo_oracle,LOO oracle,0.9615384615384615,1.0,0.0018958488033867238,,,-0.03846153846153855,1.0408340855860843e-17
44,363,13,lime,LIME,0.8736263736263737,0.9175824175824175,0.0018981764400680667,,,-0.0439560439560438,1.0408340855860843e-17
44,364,18,shapley_mc,Monte Carlo Shapley,0.8823529411764706,0.8782249742002064,-0.0020910605823259987,,,0.0041279669762641635,8.673617379884035e-19
44,364,18,loo_oracle,LOO oracle,0.9958720330237358,1.0,-0.0020910605823259987,,,-0.0041279669762641635,8.673617379884035e-19
44,364,18,lime,LIME,0.9442724458204333,0.954592363261094,-0.0020910605823259987,,,-0.010319917440660631,8.673617379884035e-19
44,365,20,shapley_mc,Monte Carlo Shapley,0.6060150375939849,0.5278195488721804,0.0005651301554346899,,,0.07819548872180448,0.0
44,365,20,loo_oracle,LOO oracle,0.9127819548872179,1.0,0.00012555297823557687,,,-0.08721804511278208,0.0
44,365,20,lime,LIME,0.8285714285714285,0.8706766917293233,0.00012555297823557687,,,-0.04210526315789476,0.0
44,366,20,shapley_mc,Monte Carlo Shapley,0.7593984962406014,0.7593984962406014,-2.1660838627923784e-05,,,0.0,0.0
44,366,20,loo_oracle,LOO oracle,1.0,1.0,-2.1660838627923784e-05,,,0.0,0.0
44,366,20,lime,LIME,0.8947368421052632,0.8947368421052632,-2.1660838627923784e-05,,,0.0,0.0
44,367,20,shapley_mc,Monte Carlo Shapley,0.7293233082706766,0.7353383458646616,0.0006982432376014258,,,-0.006015037593985029,8.673617379884035e-19
44,367,20,loo_oracle,LOO oracle,0.9849624060150375,1.0,0.00022708933596021774,,,-0.015037593984962516,8.673617379884035e-19
44,367,20,lime,LIME,0.9142857142857143,0.9248120300751879,0.00022708933596021774,,,-0.010526315789473606,8.673617379884035e-19
44,368,20,shapley_mc,Monte Carlo Shapley,0.5669172932330826,0.5669172932330826,0.0013735083858966712,,,0.0,0.0
44,368,20,loo_oracle,LOO oracle,1.0,1.0,0.0013735083858966712,,,0.0,0.0
44,368,20,lime,LIME,0.9699248120300751,0.9699248120300751,0.0013735083858966712,,,0.0,0.0
44,369,20,shapley_mc,Monte Carlo Shapley,0.8706766917293233,0.8706766917293233,0.0007146666896028497,,,0.0,1.734723475976807e-18
44,369,20,loo_oracle,LOO oracle,1.0,1.0,-5.417780462330102e-05,,,0.0,1.734723475976807e-18
44,369,20,lime,LIME,0.9864661654135337,0.9864661654135337,-5.417780462330102e-05,,,0.0,1.734723475976807e-18
44,370,20,shapley_mc,Monte Carlo Shapley,0.801503759398496,0.7639097744360903,-0.0008689525992004454,,,0.037593984962405735,0.0
44,370,20,loo_oracle,LOO oracle,0.9924812030075187,1.0,-0.0008688006107974156,,,-0.007518796992481258,0.0
44,370,20,lime,LIME,0.9774436090225563,0.9714285714285714,-0.0008689525992004454,,,0.006015037593984918,0.0
44,371,20,shapley_mc,Monte Carlo Shapley,0.5052631578947367,0.5609022556390978,0.0006410453255532023,,,-0.055639097744361043,0.0
44,371,20,loo_oracle,LOO oracle,0.9263157894736842,1.0,-8.223492478071082e-05,,,-0.0736842105263158,0.0
44,371,20,lime,LIME,0.8210526315789473,0.9203007518796992,-0.00011512213269443405,,,-0.09924812030075192,0.0
44,372,11,shapley_mc,Monte Carlo Shapley,0.6636363636363638,0.6636363636363638,-0.002326267135982718,,,0.0,5.204170427930421e-18
44,372,11,loo_oracle,LOO oracle,1.0,1.0,-1.1168164269492742e-05,,,0.0,5.204170427930421e-18
44,372,11,lime,LIME,0.9090909090909091,0.9090909090909091,0.00011348397433186275,,,0.0,5.204170427930421e-18
44,373,20,shapley_mc,Monte Carlo Shapley,0.6962406015037594,0.6962406015037594,0.002923464277315657,,,0.0,3.469446951953614e-18
44,373,20,loo_oracle,LOO oracle,1.0,1.0,0.002923464277315657,,,0.0,3.469446951953614e-18
44,373,20,lime,LIME,0.9864661654135337,0.9864661654135337,0.0014501374706488712,,,0.0,3.469446951953614e-18
44,374,20,shapley_mc,Monte Carlo Shapley,0.7443609022556391,0.7413533834586465,0.0007405994173864117,,,0.00300751879699257,2.168404344971009e-19
44,374,20,loo_oracle,LOO oracle,0.9879699248120299,1.0,-1.8070482581955538e-05,,,-0.012030075187970057,2.168404344971009e-19
44,374,20,lime,LIME,0.8345864661654135,0.8736842105263156,-1.8070482581955538e-05,,,-0.039097744360902076,2.168404344971009e-19
44,375,20,shapley_mc,Monte Carlo Shapley,0.9518796992481202,0.9503759398496241,-0.001986859960008691,,,0.0015037593984961184,0.0
44,375,20,loo_oracle,LOO oracle,0.9969924812030074,1.0,-0.002055502481089544,,,-0.00300751879699257,0.0
44,375,20,lime,LIME,0.9774436090225563,0.9759398496240601,-0.0006719079819664797,,,0.0015037593984962294,0.0
44,376,20,shapley_mc,Monte Carlo Shapley,0.7278195488721804,0.7293233082706766,0.0013573556797127906,,,-0.0015037593984962294,3.469446951953614e-18
44,376,20,loo_oracle,LOO oracle,0.9984962406015038,1.0,0.001653129783594498,,,-0.0015037593984962294,3.469446951953614e-18
44,376,20,lime,LIME,0.9924812030075187,0.9894736842105262,0.0016518671129973628,,,0.00300751879699257,3.469446951953614e-18
44,377,20,shapley_mc,Monte Carlo Shapley,0.825563909774436,0.8511278195488721,6.6679850242779e-05,,,-0.02556390977443601,1.6263032587282567e-18
44,377,20,loo_oracle,LOO oracle,0.9894736842105262,1.0,6.6679850242779e-05,,,-0.010526315789473828,1.6263032587282567e-18
44,377,20,lime,LIME,0.9518796992481202,0.9503759398496241,6.6679850242779e-05,,,0.0015037593984961184,1.6263032587282567e-18
44,378,20,shapley_mc,Monte Carlo Shapley,0.7729323308270677,0.7563909774436091,0.0008169420003220629,,,0.016541353383458635,4.336808689942018e-19
44,378,20,loo_oracle,LOO oracle,0.9849624060150375,1.0,0.000311503587495765,,,-0.015037593984962516,4.336808689942018e-19
44,378,20,lime,LIME,0.8661654135338346,0.875187969924812,0.000311503587495765,,,-0.009022556390977376,4.336808689942018e-19
44,379,20,shapley_mc,Monte Carlo Shapley,0.7593984962406014,0.7398496240601502,0.000859256072440695,,,0.019548872180451204,4.336808689942018e-19
44,379,20,loo_oracle,LOO oracle,0.9879699248120299,1.0,0.00017451451548500252,,,-0.012030075187970057,4.336808689942018e-19
44,379,20,lime,LIME,0.9172932330827066,0.9338345864661652,0.00017451451548500252,,,-0.016541353383458635,4.336808689942018e-19
44,380,20,shapley_mc,Monte Carlo Shapley,0.8075187969924811,0.8075187969924811,0.0026252382190943835,,,0.0,6.938893903907228e-18
44,380,20,loo_oracle,LOO oracle,1.0,1.0,0.0026252382190943835,,,0.0,6.938893903907228e-18
44,380,20,lime,LIME,0.9849624060150375,0.9849624060150375,0.0026252382190943835,,,0.0,6.938893903907228e-18
44,381,20,shapley_mc,Monte Carlo Shapley,0.7218045112781954,0.7037593984962407,0.000899846873616883,,,0.018045112781954753,1.734723475976807e-18
44,381,20,loo_oracle,LOO oracle,0.9774436090225563,1.0,9.665351324739113e-06,,,-0.022556390977443663,1.734723475976807e-18
44,381,20,lime,LIME,0.8917293233082706,0.9278195488721804,9.665351324739113e-06,,,-0.03609022556390984,1.734723475976807e-18
44,382,12,shapley_mc,Monte Carlo Shapley,0.5734265734265735,0.6293706293706295,-0.00473997978539864,,,-0.05594405594405594,6.938893903907228e-18
44,382,12,loo_oracle,LOO oracle,0.9860139860139862,1.0,-0.0018017774805482167,,,-0.013986013986013845,6.938893903907228e-18
44,382,12,lime,LIME,0.8951048951048951,0.9160839160839163,-0.00473997978539864,,,-0.020979020979021157,6.938893903907228e-18
44,383,11,shapley_mc,Monte Carlo Shapley,0.9363636363636365,0.9363636363636365,-0.001488799390075679,,,0.0,3.2526065174565133e-19
44,383,11,loo_oracle,LOO oracle,0.9818181818181818,1.0,-0.001488799390075679,,,-0.018181818181818188,3.2526065174565133e-19
44,383,11,lime,LIME,0.8000000000000002,0.8000000000000002,-0.001488799390075679,,,0.0,3.2526065174565133e-19
44,384,20,shapley_mc,Monte Carlo Shapley,0.8857142857142858,0.8857142857142858,-3.0419486434341003e-05,,,0.0,2.168404344971009e-19
44,384,20,loo_oracle,LOO oracle,1.0,1.0,-3.0419486434341003e-05,,,0.0,2.168404344971009e-19
44,384,20,lime,LIME,0.9127819548872179,0.9127819548872179,-3.0419486434341003e-05,,,0.0,2.168404344971009e-19
44,385,20,shapley_mc,Monte Carlo Shapley,0.9112781954887217,0.9203007518796992,-0.0025114567128073917,,,-0.009022556390977488,0.0
44,385,20,loo_oracle,LOO oracle,0.9984962406015038,1.0,-0.0025114567128073917,,,-0.0015037593984962294,0.0
44,385,20,lime,LIME,0.9819548872180449,0.9879699248120299,-0.0025114567128073917,,,-0.006015037593985029,0.0
44,386,20,shapley_mc,Monte Carlo Shapley,0.819548872180451,0.8150375939849623,0.0001211894313545292,,,0.004511278195488688,1.734723475976807e-18
44,386,20,loo_oracle,LOO oracle,0.993984962406015,1.0,8.068338626154858e-05,,,-0.006015037593985029,1.734723475976807e-18
44,386,20,lime,LIME,0.9834586466165413,0.9759398496240601,0.0007072673550798658,,,0.007518796992481147,1.734723475976807e-18
44,387,20,shapley_mc,Monte Carlo Shapley,0.831578947368421,0.8676691729323308,0.0012534092447805123,,,-0.03609022556390984,0.0
44,387,20,loo_oracle,LOO oracle,0.9894736842105262,1.0,0.00032345746679735,,,-0.010526315789473828,0.0
44,387,20,lime,LIME,0.9383458646616539,0.9593984962406013,0.00032345746679735,,,-0.021052631578947323,0.0
44,388,20,shapley_mc,Monte Carlo Shapley,0.8676691729323308,0.8646616541353382,-0.0001184679108932607,,,0.00300751879699257,0.0
44,388,20,loo_oracle,LOO oracle,0.9759398496240601,1.0,5.211122134918256e-07,,,-0.024060150375939893,0.0
44,388,20,lime,LIME,0.819548872180451,0.7999999999999999,-0.0006438508082968752,,,0.019548872180451093,0.0
44,389,20,shapley_mc,Monte Carlo Shapley,0.6541353383458646,0.613533834586466,0.0009610206222354645,,,0.04060150375939853,1.734723475976807e-18
44,389,20,loo_oracle,LOO oracle,0.993984962406015,1.0,-1.6090037567251247e-05,,,-0.006015037593985029,1.734723475976807e-18
44,389,20,lime,LIME,0.9669172932330825,0.9774436090225563,-1.6090037567251247e-05,,,-0.010526315789473828,1.734723475976807e-18
44,390,20,shapley_mc,Monte Carlo Shapley,0.7488721804511278,0.7428571428571428,-0.0008520613200455607,,,0.006015037593985029,0.0
44,390,20,loo_oracle,LOO oracle,0.9909774436090225,1.0,-0.0008520613200455607,,,-0.009022556390977488,0.0
44,390,20,lime,LIME,0.8090225563909773,0.8330827067669173,-0.0008520613200455607,,,-0.024060150375940004,0.0
44,391,20,shapley_mc,Monte Carlo Shapley,0.7954887218045112,0.7804511278195487,0.0016797543934805592,,,0.015037593984962516,3.469446951953614e-18
44,391,20,loo_oracle,LOO oracle,0.9969924812030074,1.0,0.0016797543934805592,,,-0.00300751879699257,3.469446951953614e-18
44,391,20,lime,LIME,0.9759398496240601,0.9834586466165413,0.0016797543934805592,,,-0.007518796992481147,3.469446951953614e-18
44,392,20,shapley_mc,Monte Carlo Shapley,0.41804511278195483,0.393984962406015,0.000671149811022842,,,0.024060150375939837,0.0
44,392,20,loo_oracle,LOO oracle,0.9894736842105262,1.0,9.162025435865973e-05,,,-0.010526315789473828,0.0
44,392,20,lime,LIME,0.9127819548872179,0.9458646616541352,9.162025435865973e-05,,,-0.03308270676691727,0.0
44,393,9,shapley_mc,Monte Carlo Shapley,0.5333333333333333,0.5333333333333333,0.0037289513350694525,,,0.0,6.938893903907228e-18
44,393,9,loo_oracle,LOO oracle,1.0,1.0,0.0008928708571070421,,,0.0,6.938893903907228e-18
44,393,9,lime,LIME,0.9166666666666666,0.9166666666666666,0.0008928708571070421,,,0.0,6.938893903907228e-18
44,394,11,shapley_mc,Monte Carlo Shapley,0.3454545454545455,0.3181818181818182,0.003235773112936602,,,0.027272727272727337,1.0408340855860843e-17
44,394,11,loo_oracle,LOO oracle,0.9818181818181818,1.0,0.0019510301012110043,,,-0.018181818181818188,1.0408340855860843e-17
44,394,11,lime,LIME,0.9454545454545454,0.9363636363636365,0.0020057532678542933,,,0.009090909090908927,1.0408340855860843e-17
44,395,20,shapley_mc,Monte Carlo Shapley,0.6090225563909774,0.5924812030075187,-0.0002867137375288098,,,0.016541353383458635,8.673617379884035e-19
44,395,20,loo_oracle,LOO oracle,0.9969924812030074,1.0,-0.00012204899706635963,,,-0.00300751879699257,8.673617379884035e-19
44,395,20,lime,LIME,0.882706766917293,0.882706766917293,-0.00012204899706635963,,,0.0,8.673617379884035e-19
44,396,20,shapley_mc,Monte Carlo Shapley,0.793984962406015,0.793984962406015,0.0008186457532867175,,,0.0,0.0
44,396,20,loo_oracle,LOO oracle,1.0,1.0,-0.0013547451410378941,,,0.0,0.0
44,396,20,lime,LIME,0.9894736842105262,0.9894736842105262,-0.0013547451410378941,,,0.0,0.0
44,397,20,shapley_mc,Monte Carlo Shapley,0.7548872180451127,0.7548872180451127,0.0015179149693387295,,,0.0,3.469446951953614e-18
44,397,20,loo_oracle,LOO oracle,1.0,1.0,0.0015179149693387295,,,0.0,3.469446951953614e-18
44,397,20,lime,LIME,0.993984962406015,0.993984962406015,0.00014966716772873978,,,0.0,3.469446951953614e-18
44,398,20,shapley_mc,Monte Carlo Shapley,0.7263157894736841,0.7263157894736841,0.002474976015236552,,,0.0,0.0
44,398,20,loo_oracle,LOO oracle,1.0,1.0,0.002474976015236552,,,0.0,0.0
44,398,20,lime,LIME,0.9624060150375938,0.9624060150375938,0.002474976015236552,,,0.0,0.0
44,399,20,shapley_mc,Monte Carlo Shapley,0.8075187969924811,0.8075187969924811,-0.0007300560468047612,,,0.0,0.0
44,399,20,loo_oracle,LOO oracle,1.0,1.0,-0.0001585953880123281,,,0.0,0.0
44,399,20,lime,LIME,0.956390977443609,0.956390977443609,-0.0007679644501036309,,,0.0,0.0
44,400,20,shapley_mc,Monte Carlo Shapley,0.7699248120300751,0.7954887218045112,0.0010849438134429845,,,-0.025563909774436122,1.734723475976807e-18
44,400,20,loo_oracle,LOO oracle,0.9954887218045112,1.0,0.001087550867004905,,,-0.004511278195488799,1.734723475976807e-18
44,400,20,lime,LIME,0.9759398496240601,0.9864661654135337,0.001087550867004905,,,-0.010526315789473606,1.734723475976807e-18
44,401,20,shapley_mc,Monte Carlo Shapley,0.7684210526315788,0.7353383458646616,-0.0001282842101095194,,,0.03308270676691716,8.673617379884035e-19
44,401,20,loo_oracle,LOO oracle,0.9789473684210527,1.0,-0.0006638954626799198,,,-0.021052631578947323,8.673617379884035e-19
44,401,20,lime,LIME,0.813533834586466,0.849624060150376,-0.0006638954626799198,,,-0.03609022556390995,8.673617379884035e-19
44,402,20,shapley_mc,Monte Carlo Shapley,0.5774436090225563,0.5609022556390978,-8.398770833967228e-05,,,0.016541353383458524,0.0
44,402,20,loo_oracle,LOO oracle,0.9909774436090225,1.0,-8.398770833967228e-05,,,-0.009022556390977488,0.0
44,402,20,lime,LIME,0.8766917293233082,0.9142857142857143,-8.398770833967228e-05,,,-0.03759398496240607,0.0
44,403,20,shapley_mc,Monte Carlo Shapley,0.7187969924812029,0.7187969924812029,0.001802041448619729,,,0.0,0.0
44,403,20,loo_oracle,LOO oracle,1.0,1.0,0.001802041448619729,,,0.0,0.0
44,403,20,lime,LIME,0.9789473684210527,0.9789473684210527,0.001802041448619729,,,0.0,0.0
44,404,20,shapley_mc,Monte Carlo Shapley,0.7157894736842104,0.7052631578947368,0.0003171739511310667,,,0.010526315789473606,1.734723475976807e-18
44,404,20,loo_oracle,LOO oracle,0.9924812030075187,1.0,0.0003171739511310667,,,-0.007518796992481258,1.734723475976807e-18
44,404,20,lime,LIME,0.9203007518796992,0.932330827067669,0.0003171739511310667,,,-0.012030075187969835,1.734723475976807e-18
44,405,20,shapley_mc,Monte Carlo Shapley,0.819548872180451,0.8030075187969924,-0.00016592159819761587,,,0.016541353383458635,1.734723475976807e-18
44,405,20,loo_oracle,LOO oracle,0.993984962406015,1.0,-0.0011969915169042777,,,-0.006015037593985029,1.734723475976807e-18
44,405,20,lime,LIME,0.9624060150375938,0.9624060150375938,-0.00016592159819761587,,,0.0,1.734723475976807e-18
44,406,15,shapley_mc,Monte Carlo Shapley,0.9357142857142854,0.9214285714285713,1.7377168696763867e-06,,,0.014285714285714124,1.3010426069826053e-18
44,406,15,loo_oracle,LOO oracle,0.9928571428571428,1.0,-0.0014555399411489978,,,-0.0071428571428572285,1.3010426069826053e-18
44,406,15,lime,LIME,0.9857142857142854,0.9964285714285712,-0.0014555399411489978,,,-0.010714285714285787,1.3010426069826053e-18
44,407,20,shapley_mc,Monte Carlo Shapley,0.7639097744360903,0.7714285714285714,0.0013933705238650673,,,-0.007518796992481036,1.734723475976807e-18
44,407,20,loo_oracle,LOO oracle,0.9894736842105262,1.0,0.0013933705238650673,,,-0.010526315789473828,1.734723475976807e-18
44,407,20,lime,LIME,0.9624060150375938,0.9804511278195487,0.0013933705238650673,,,-0.018045112781954864,1.734723475976807e-18
44,408,20,shapley_mc,Monte Carlo Shapley,0.7699248120300751,0.7473684210526315,0.0005670236177314214,,,0.022556390977443663,8.673617379884035e-19
44,408,20,loo_oracle,LOO oracle,0.956390977443609,1.0,4.8755965483870956e-05,,,-0.043609022556390986,8.673617379884035e-19
44,408,20,lime,LIME,0.8285714285714285,0.875187969924812,4.8755965483870956e-05,,,-0.046616541353383445,8.673617379884035e-19
44,409,20,shapley_mc,Monte Carlo Shapley,0.8812030075187969,0.8721804511278194,0.00048725742774941017,,,0.009022556390977488,4.336808689942018e-19
44,409,20,loo_oracle,LOO oracle,0.9804511278195487,1.0,0.00048725742774941017,,,-0.019548872180451315,4.336808689942018e-19
44,409,20,lime,LIME,0.6947368421052631,0.7142857142857143,-0.0003733086017406184,,,-0.019548872180451204,4.336808689942018e-19
44,410,20,shapley_mc,Monte Carlo Shapley,0.7789473684210525,0.7909774436090224,0.0017756172998967257,,,-0.012030075187969946,5.204170427930421e-18
44,410,20,loo_oracle,LOO oracle,0.993984962406015,1.0,0.0017756172998967257,,,-0.006015037593985029,5.204170427930421e-18
44,410,20,lime,LIME,0.9503759398496241,0.9473684210526315,0.0017756172998967257,,,0.00300751879699257,5.204170427930421e-18
44,411,20,shapley_mc,Monte Carlo Shapley,0.5684210526315789,0.4631578947368421,-0.0003714531045162506,,,0.10526315789473684,0.0
44,411,20,loo_oracle,LOO oracle,0.9263157894736842,1.0,-0.0003714531045162506,,,-0.0736842105263158,0.0
44,411,20,lime,LIME,0.6631578947368421,0.7729323308270677,-0.0003714531045162506,,,-0.10977443609022564,0.0
44,412,20,shapley_mc,Monte Carlo Shapley,0.8421052631578947,0.8421052631578947,0.0018535839517256902,,,0.0,0.0
44,412,20,loo_oracle,LOO oracle,1.0,1.0,0.0018535839517256902,,,0.0,0.0
44,412,20,lime,LIME,0.9593984962406013,0.9593984962406013,0.0018535839517256902,,,0.0,0.0
44,413,18,shapley_mc,Monte Carlo Shapley,0.8679050567595459,0.8679050567595459,-0.0020706572728340644,,,0.0,3.469446951953614e-18
44,413,18,loo_oracle,LOO oracle,1.0,1.0,-0.0020706572728340644,,,0.0,3.469446951953614e-18
44,413,18,lime,LIME,0.9793601651186791,0.9793601651186791,-0.0020706572728340644,,,0.0,3.469446951953614e-18
44,414,20,shapley_mc,Monte Carlo Shapley,0.7308270676691728,0.6511278195488721,0.00011268046284684807,,,0.07969924812030071,0.0
44,414,20,loo_oracle,LOO oracle,0.9654135338345864,1.0,0.00011268046284684807,,,-0.03458646616541361,0.0
44,414,20,lime,LIME,0.8616541353383457,0.9398496240601503,0.00011268046284684807,,,-0.0781954887218046,0.0
44,415,20,shapley_mc,Monte Carlo Shapley,0.8045112781954886,0.8045112781954886,-0.002080643503726054,,,0.0,3.469446951953614e-18
44,415,20,loo_oracle,LOO oracle,1.0,1.0,-0.002284518143140457,,,0.0,3.469446951953614e-18
44,415,20,lime,LIME,0.9849624060150375,0.9849624060150375,-0.002284518143140457,,,0.0,3.469446951953614e-18
44,416,12,shapley_mc,Monte Carlo Shapley,0.6433566433566434,0.6713286713286714,0.001525249244482274,,,-0.027972027972027913,3.469446951953614e-18
44,416,12,loo_oracle,LOO oracle,0.9720279720279721,1.0,-5.842389447130447e-05,,,-0.027972027972027913,3.469446951953614e-18
44,416,12,lime,LIME,0.8601398601398602,0.8321678321678322,-5.842389447130447e-05,,,0.027972027972028024,3.469446951953614e-18
44,417,20,shapley_mc,Monte Carlo Shapley,0.9413533834586465,0.9413533834586465,-0.0037903500931836254,,,0.0,6.938893903907228e-18
44,417,20,loo_oracle,LOO oracle,1.0,1.0,-0.0037903500931836254,,,0.0,6.938893903907228e-18
44,417,20,lime,LIME,0.9834586466165413,0.9834586466165413,-0.0037903500931836254,,,0.0,6.938893903907228e-18
44,418,20,shapley_mc,Monte Carlo Shapley,0.8556390977443609,0.8526315789473683,-0.0015835392403077408,,,0.00300751879699257,0.0
44,418,20,loo_oracle,LOO oracle,0.9984962406015038,1.0,-0.0015835392403077408,,,-0.0015037593984962294,0.0
44,418,20,lime,LIME,0.9834586466165413,0.9819548872180449,-0.0015835392403077408,,,0.0015037593984963404,0.0
44,419,20,shapley_mc,Monte Carlo Shapley,0.6676691729323309,0.6481203007518795,0.000426623784600344,,,0.019548872180451315,4.336808689942018e-19
44,419,20,loo_oracle,LOO oracle,0.9894736842105262,1.0,-2.9937681126079863e-05,,,-0.010526315789473828,4.336808689942018e-19
44,419,20,lime,LIME,0.9308270676691727,0.9488721804511278,-6.748613357526745e-05,,,-0.018045112781955086,4.336808689942018e-19
44,420,15,shapley_mc,Monte Carlo Shapley,0.6321428571428571,0.575,8.606798108751201e-05,,,0.05714285714285716,8.673617379884035e-19
44,420,15,loo_oracle,LOO oracle,0.95,1.0,8.606798108751201e-05,,,-0.050000000000000044,8.673617379884035e-19
44,420,15,lime,LIME,0.807142857142857,0.8678571428571429,8.606798108751201e-05,,,-0.06071428571428583,8.673617379884035e-19
44,421,20,shapley_mc,Monte Carlo Shapley,0.9112781954887217,0.8977443609022555,0.001591416012516278,,,0.013533834586466176,0.0
44,421,20,loo_oracle,LOO oracle,0.9969924812030074,1.0,0.001591416012516278,,,-0.00300751879699257,0.0
44,421,20,lime,LIME,0.993984962406015,0.993984962406015,0.001591416012516278,,,0.0,0.0
44,422,14,shapley_mc,Monte Carlo Shapley,0.7846153846153847,0.6967032967032967,0.002108822968024837,,,0.08791208791208804,3.469446951953614e-18
44,422,14,loo_oracle,LOO oracle,0.9648351648351648,1.0,-0.00010396711079657672,,,-0.03516483516483515,3.469446951953614e-18
44,422,14,lime,LIME,0.9604395604395607,0.9956043956043955,-0.00010396711079657672,,,-0.03516483516483482,3.469446951953614e-18
44,423,20,shapley_mc,Monte Carlo Shapley,0.7187969924812029,0.6270676691729322,0.00042644501633803955,,,0.09172932330827066,8.673617379884035e-19
44,423,20,loo_oracle,LOO oracle,0.9428571428571428,1.0,5.528215109174006e-05,,,-0.05714285714285716,8.673617379884035e-19
44,423,20,lime,LIME,0.8360902255639097,0.9203007518796992,-0.0005361876444097691,,,-0.08421052631578951,8.673617379884035e-19
44,424,20,shapley_mc,Monte Carlo Shapley,0.813533834586466,0.7203007518796991,-0.00016518025581613305,,,0.09323308270676689,4.336808689942018e-19
44,424,20,loo_oracle,LOO oracle,0.9383458646616539,1.0,-0.000653615732585433,,,-0.06165413533834607,4.336808689942018e-19
44,424,20,lime,LIME,0.6796992481203006,0.7609022556390977,-0.000653615732585433,,,-0.08120300751879717,4.336808689942018e-19
44,425,20,shapley_mc,Monte Carlo Shapley,0.8075187969924811,0.7969924812030074,0.00019389913800083036,,,0.010526315789473717,1.0842021724855044e-19
44,425,20,loo_oracle,LOO oracle,0.9819548872180449,1.0,0.00019389913800083036,,,-0.018045112781955086,1.0842021724855044e-19
44,425,20,lime,LIME,0.8180451127819548,0.831578947368421,0.00019389913800083036,,,-0.013533834586466176,1.0842021724855044e-19
44,426,20,shapley_mc,Monte Carlo Shapley,0.7218045112781954,0.7218045112781954,0.0027621981991819977,,,0.0,3.469446951953614e-18
44,426,20,loo_oracle,LOO oracle,1.0,1.0,0.0027621981991819977,,,0.0,3.469446951953614e-18
44,426,20,lime,LIME,0.9669172932330825,0.9669172932330825,0.0027621981991819977,,,0.0,3.469446951953614e-18
44,427,20,shapley_mc,Monte Carlo Shapley,0.8691729323308269,0.8601503759398496,0.0011057698186515141,,,0.009022556390977376,1.734723475976807e-18
44,427,20,loo_oracle,LOO oracle,0.9984962406015038,1.0,0.0011057698186515141,,,-0.0015037593984962294,1.734723475976807e-18
44,427,20,lime,LIME,0.9819548872180449,0.9849624060150375,0.0011057698186515141,,,-0.00300751879699257,1.734723475976807e-18
44,428,20,shapley_mc,Monte Carlo Shapley,0.7263157894736841,0.7263157894736841,0.002683053210712383,,,0.0,1.734723475976807e-18
44,428,20,loo_oracle,LOO oracle,1.0,1.0,0.002683053210712383,,,0.0,1.734723475976807e-18
44,428,20,lime,LIME,0.9624060150375938,0.9624060150375938,0.002683053210712383,,,0.0,1.734723475976807e-18
44,429,20,shapley_mc,Monte Carlo Shapley,0.6496240601503759,0.5488721804511278,0.0005868570443469667,,,0.10075187969924804,8.673617379884035e-19
44,429,20,loo_oracle,LOO oracle,0.9413533834586465,1.0,-2.068612431277428e-05,,,-0.0586466165413535,8.673617379884035e-19
44,429,20,lime,LIME,0.7097744360902255,0.78796992481203,-0.0005316690564100557,,,-0.07819548872180448,8.673617379884035e-19
44,430,20,shapley_mc,Monte Carlo Shapley,0.7473684210526315,0.7593984962406014,-0.0011868640050315404,,,-0.012030075187969946,3.469446951953614e-18
44,430,20,loo_oracle,LOO oracle,0.9954887218045112,1.0,-0.000224676422220349,,,-0.004511278195488799,3.469446951953614e-18
44,430,20,lime,LIME,0.9548872180451128,0.9684210526315788,-0.000224676422220349,,,-0.013533834586466065,3.469446951953614e-18
44,431,20,shapley_mc,Monte Carlo Shapley,0.7669172932330827,0.7669172932330827,0.002637734423394489,,,0.0,0.0
44,431,20,loo_oracle,LOO oracle,1.0,1.0,0.002637734423394489,,,0.0,0.0
44,431,20,lime,LIME,0.993984962406015,0.993984962406015,0.002637734423394489,,,0.0,0.0
44,432,20,shapley_mc,Monte Carlo Shapley,0.7744360902255639,0.7744360902255639,0.004454537866761199,,,0.0,3.469446951953614e-18
44,432,20,loo_oracle,LOO oracle,1.0,1.0,0.004454537866761199,,,0.0,3.469446951953614e-18
44,432,20,lime,LIME,0.9849624060150375,0.9849624060150375,0.004454537866761199,,,0.0,3.469446951953614e-18
44,433,20,shapley_mc,Monte Carlo Shapley,0.8030075187969924,0.801503759398496,0.0015166019183063262,,,0.0015037593984963404,1.734723475976807e-18
44,433,20,loo_oracle,LOO oracle,0.993984962406015,1.0,0.0015166019183063262,,,-0.006015037593985029,1.734723475976807e-18
44,433,20,lime,LIME,0.9744360902255638,0.9849624060150375,0.0005450840648161814,,,-0.010526315789473717,1.734723475976807e-18
44,434,20,shapley_mc,Monte Carlo Shapley,0.7669172932330827,0.7097744360902255,0.0013846088360304765,,,0.05714285714285716,4.336808689942018e-18
44,434,20,loo_oracle,LOO oracle,0.9804511278195487,1.0,0.0014327716737552176,,,-0.019548872180451315,4.336808689942018e-18
44,434,20,lime,LIME,0.8872180451127819,0.9263157894736842,0.0008306183603937201,,,-0.0390977443609023,4.336808689942018e-18
44,435,20,shapley_mc,Monte Carlo Shapley,0.7308270676691728,0.7413533834586465,0.0011596920060445437,,,-0.010526315789473717,1.734723475976807e-18
44,435,20,loo_oracle,LOO oracle,0.9909774436090225,1.0,0.0002821400907018212,,,-0.009022556390977488,1.734723475976807e-18
44,435,20,lime,LIME,0.9593984962406013,0.9714285714285714,0.0002821400907018212,,,-0.012030075187970168,1.734723475976807e-18
44,436,20,shapley_mc,Monte Carlo Shapley,0.7172932330827068,0.7172932330827068,0.0015006943121481653,,,0.0,3.469446951953614e-18
44,436,20,loo_oracle,LOO oracle,1.0,1.0,0.0015006943121481653,,,0.0,3.469446951953614e-18
44,436,20,lime,LIME,0.9744360902255638,0.9744360902255638,0.0015006943121481653,,,0.0,3.469446951953614e-18
44,437,20,shapley_mc,Monte Carlo Shapley,0.7729323308270677,0.7924812030075187,0.0010326022283648761,,,-0.019548872180450982,0.0
44,437,20,loo_oracle,LOO oracle,0.9864661654135337,1.0,0.0010326022283648761,,,-0.013533834586466287,0.0
44,437,20,lime,LIME,0.9729323308270676,0.9654135338345864,0.0010326022283648761,,,0.007518796992481258,0.0
44,438,20,shapley_mc,Monte Carlo Shapley,0.8075187969924811,0.8120300751879698,-0.00018895866091511726,,,-0.004511278195488688,4.336808689942018e-19
44,438,20,loo_oracle,LOO oracle,0.9984962406015038,1.0,-3.182893554559696e-05,,,-0.0015037593984962294,4.336808689942018e-19
44,438,20,lime,LIME,0.9609022556390976,0.9654135338345864,-3.182893554559696e-05,,,-0.004511278195488799,4.336808689942018e-19
44,439,15,shapley_mc,Monte Carlo Shapley,0.8857142857142855,0.8857142857142855,0.002185781298231826,,,0.0,6.938893903907228e-18
44,439,15,loo_oracle,LOO oracle,1.0,1.0,0.0022788728520356516,,,0.0,6.938893903907228e-18
44,439,15,lime,LIME,0.9928571428571428,0.9928571428571428,0.0022788728520356516,,,0.0,6.938893903907228e-18
44,440,20,shapley_mc,Monte Carlo Shapley,0.8150375939849623,0.8150375939849623,-0.002347771904238294,,,0.0,0.0
44,440,20,loo_oracle,LOO oracle,1.0,1.0,-0.002347771904238294,,,0.0,0.0
44,440,20,lime,LIME,0.9849624060150375,0.9849624060150375,-0.002347771904238294,,,0.0,0.0
44,441,20,shapley_mc,Monte Carlo Shapley,0.5729323308270676,0.6165413533834586,0.0008013788156174262,,,-0.043609022556390986,0.0
44,441,20,loo_oracle,LOO oracle,0.9819548872180449,1.0,0.0008013788156174262,,,-0.018045112781955086,0.0
44,441,20,lime,LIME,0.9353383458646616,0.9428571428571428,0.0002298473082915642,,,-0.007518796992481258,0.0
44,442,20,shapley_mc,Monte Carlo Shapley,0.863157894736842,0.8436090225563909,-0.0007781233845841617,,,0.019548872180451093,6.505213034913027e-19
44,442,20,loo_oracle,LOO oracle,0.9924812030075187,1.0,-0.0007781233845841617,,,-0.007518796992481258,6.505213034913027e-19
44,442,20,lime,LIME,0.932330827067669,0.9172932330827066,-0.0007781233845841617,,,0.015037593984962405,6.505213034913027e-19
44,443,20,shapley_mc,Monte Carlo Shapley,0.6661654135338345,0.6541353383458646,0.000222263984189619,,,0.012030075187969946,4.336808689942018e-19
44,443,20,loo_oracle,LOO oracle,0.9969924812030074,1.0,0.0007608229146419676,,,-0.00300751879699257,4.336808689942018e-19
44,443,20,lime,LIME,0.825563909774436,0.8360902255639097,9.52062227138617e-05,,,-0.010526315789473606,4.336808689942018e-19
44,444,20,shapley_mc,Monte Carlo Shapley,0.7729323308270677,0.7849624060150376,0.0012823822275674912,,,-0.012030075187969946,0.0
44,444,20,loo_oracle,LOO oracle,0.9969924812030074,1.0,0.0012823822275674912,,,-0.00300751879699257,0.0
44,444,20,lime,LIME,0.9909774436090225,0.9909774436090225,0.00023752674560739706,,,0.0,0.0
44,445,20,shapley_mc,Monte Carlo Shapley,0.7172932330827068,0.7172932330827068,0.001688049063811703,,,0.0,3.469446951953614e-18
44,445,20,loo_oracle,LOO oracle,1.0,1.0,0.001688049063811703,,,0.0,3.469446951953614e-18
44,445,20,lime,LIME,0.956390977443609,0.956390977443609,0.001688049063811703,,,0.0,3.469446951953614e-18
44,446,20,shapley_mc,Monte Carlo Shapley,0.8977443609022555,0.8947368421052632,0.00016702553738878745,,,0.003007518796992348,1.6263032587282567e-19
44,446,20,loo_oracle,LOO oracle,0.993984962406015,1.0,5.148056715770233e-05,,,-0.006015037593985029,1.6263032587282567e-19
44,446,20,lime,LIME,0.9383458646616539,0.9548872180451128,5.148056715770233e-05,,,-0.016541353383458857,1.6263032587282567e-19
44,447,10,shapley_mc,Monte Carlo Shapley,0.8424242424242423,0.8424242424242423,0.0030988193299116285,,,0.0,1.0408340855860843e-17
44,447,10,loo_oracle,LOO oracle,0.9999999999999999,0.9999999999999999,0.0015174576556978847,,,0.0,1.0408340855860843e-17
44,447,10,lime,LIME,0.9757575757575757,0.9757575757575757,0.0015174576556978847,,,0.0,1.0408340855860843e-17
44,448,20,shapley_mc,Monte Carlo Shapley,0.78796992481203,0.7849624060150376,0.00036518237756411054,,,0.003007518796992348,0.0
44,448,20,loo_oracle,LOO oracle,0.993984962406015,1.0,0.00036518237756411054,,,-0.006015037593985029,0.0
44,448,20,lime,LIME,0.9293233082706768,0.9473684210526315,0.00036518237756411054,,,-0.018045112781954753,0.0
44,449,20,shapley_mc,Monte Carlo Shapley,0.918796992481203,0.9157894736842105,-0.0007716310954012373,,,0.003007518796992459,0.0
44,449,20,loo_oracle,LOO oracle,0.9954887218045112,1.0,-0.0008411138942922003,,,-0.004511278195488799,0.0
44,449,20,lime,LIME,0.9699248120300751,0.9744360902255638,-0.0008411138942922003,,,-0.004511278195488688,0.0
44,450,20,shapley_mc,Monte Carlo Shapley,0.724812030075188,0.732330827067669,-0.0002890993559182542,,,-0.007518796992481036,1.734723475976807e-18
44,450,20,loo_oracle,LOO oracle,0.9759398496240601,1.0,-0.0002890993559182542,,,-0.024060150375939893,1.734723475976807e-18
44,450,20,lime,LIME,0.8887218045112781,0.9308270676691727,-0.0002890993559182542,,,-0.042105263157894535,1.734723475976807e-18
44,451,20,shapley_mc,Monte Carlo Shapley,0.7112781954887217,0.6616541353383457,0.0008708504014563467,,,0.049624060150376015,0.0
44,451,20,loo_oracle,LOO oracle,0.9473684210526315,1.0,0.0008708504014563467,,,-0.052631578947368474,0.0
44,451,20,lime,LIME,0.77593984962406,0.8812030075187969,0.0008708504014563467,,,-0.10526315789473684,0.0
44,452,20,shapley_mc,Monte Carlo Shapley,0.831578947368421,0.7864661654135338,0.00010211310934971074,,,0.045112781954887216,0.0
44,452,20,loo_oracle,LOO oracle,0.9729323308270676,1.0,6.199726571620712e-05,,,-0.02706766917293235,0.0
44,452,20,lime,LIME,0.8240601503759398,0.8902255639097743,6.199726571620712e-05,,,-0.06616541353383443,0.0
44,453,20,shapley_mc,Monte Carlo Shapley,0.6631578947368421,0.6285714285714286,9.411220808441811e-06,,,0.0345864661654135,4.336808689942018e-19
44,453,20,loo_oracle,LOO oracle,0.9624060150375938,1.0,9.411220808441811e-06,,,-0.03759398496240618,4.336808689942018e-19
44,453,20,lime,LIME,0.7624060150375939,0.8556390977443609,9.411220808441811e-06,,,-0.093233082706767,4.336808689942018e-19
44,454,19,shapley_mc,Monte Carlo Shapley,0.8473684210526315,0.8315789473684211,0.0016041655820359657,,,0.015789473684210464,1.734723475976807e-18
44,454,19,loo_oracle,LOO oracle,0.9964912280701754,1.0,0.0016041655820359657,,,-0.0035087719298245723,1.734723475976807e-18
44,454,19,lime,LIME,0.980701754385965,0.987719298245614,0.0016041655820359657,,,-0.007017543859649034,1.734723475976807e-18
44,455,20,shapley_mc,Monte Carlo Shapley,0.7203007518796991,0.7037593984962407,0.0014154648618248666,,,0.016541353383458413,0.0
44,455,20,loo_oracle,LOO oracle,0.9924812030075187,1.0,0.0014791176029425035,,,-0.007518796992481258,0.0
44,455,20,lime,LIME,0.9248120300751879,0.9203007518796992,0.0014791176029425035,,,0.004511278195488688,0.0
44,456,20,shapley_mc,Monte Carlo Shapley,0.8105263157894737,0.8150375939849623,0.00011540485245647991,,,-0.004511278195488688,8.673617379884035e-19
44,456,20,loo_oracle,LOO oracle,0.9789473684210527,1.0,0.00011540485245647991,,,-0.021052631578947323,8.673617379884035e-19
44,456,20,lime,LIME,0.819548872180451,0.8421052631578947,0.00011540485245647991,,,-0.022556390977443663,8.673617379884035e-19
44,457,18,shapley_mc,Monte Carlo Shapley,0.6470588235294118,0.6264189886480908,0.0028056264737551517,,,0.02063983488132104,1.734723475976807e-18
44,457,18,loo_oracle,LOO oracle,0.9938080495356036,1.0,0.0028056264737551517,,,-0.006191950464396356,1.734723475976807e-18
44,457,18,lime,LIME,0.977296181630547,0.9834881320949431,0.0016686144256883306,,,-0.006191950464396134,1.734723475976807e-18
44,458,16,shapley_mc,Monte Carlo Shapley,0.8088235294117646,0.7970588235294117,-0.00021219481276057994,,,0.0117647058823529,4.336808689942018e-19
44,458,16,loo_oracle,LOO oracle,0.9794117647058824,1.0,-0.0008055700829791013,,,-0.020588235294117574,4.336808689942018e-19
44,458,16,lime,LIME,0.8970588235294116,0.8794117647058824,-0.0008055700829791013,,,0.017647058823529127,4.336808689942018e-19
44,459,20,shapley_mc,Monte Carlo Shapley,0.4676691729323308,0.47218045112781953,0.0005166902855599509,,,-0.004511278195488744,8.673617379884035e-19
44,459,20,loo_oracle,LOO oracle,0.9804511278195487,1.0,4.9742226809035284e-05,,,-0.019548872180451315,8.673617379884035e-19
44,459,20,lime,LIME,0.9052631578947368,0.9278195488721804,4.9742226809035284e-05,,,-0.022556390977443663,8.673617379884035e-19
44,460,20,shapley_mc,Monte Carlo Shapley,0.831578947368421,0.7924812030075187,0.00018700617012218368,,,0.0390977443609023,8.673617379884035e-19
44,460,20,loo_oracle,LOO oracle,0.9924812030075187,1.0,0.00018700617012218368,,,-0.007518796992481258,8.673617379884035e-19
44,460,20,lime,LIME,0.9383458646616539,0.9398496240601503,0.00018700617012218368,,,-0.0015037593984963404,8.673617379884035e-19
44,461,20,shapley_mc,Monte Carlo Shapley,0.8736842105263156,0.8676691729323308,1.4205117652155153e-06,,,0.006015037593984807,4.336808689942018e-19
44,461,20,loo_oracle,LOO oracle,0.9924812030075187,1.0,1.4205117652155153e-06,,,-0.007518796992481258,4.336808689942018e-19
44,461,20,lime,LIME,0.9218045112781955,0.9383458646616539,1.4205117652155153e-06,,,-0.016541353383458413,4.336808689942018e-19
44,462,20,shapley_mc,Monte Carlo Shapley,0.7097744360902255,0.7022556390977444,-0.00013528860354911076,,,0.007518796992481147,8.673617379884035e-19
44,462,20,loo_oracle,LOO oracle,0.9984962406015038,1.0,-0.000735657781654353,,,-0.0015037593984962294,8.673617379884035e-19
44,462,20,lime,LIME,0.9804511278195487,0.9819548872180449,-0.000735657781654353,,,-0.0015037593984962294,8.673617379884035e-19
44,463,20,shapley_mc,Monte Carlo Shapley,0.9112781954887217,0.9157894736842105,-0.0013490115522326596,,,-0.004511278195488799,3.469446951953614e-18
44,463,20,loo_oracle,LOO oracle,0.9984962406015038,1.0,-0.002565929178811599,,,-0.0015037593984962294,3.469446951953614e-18
44,463,20,lime,LIME,0.9759398496240601,0.9789473684210527,-0.002552158813483474,,,-0.00300751879699257,3.469446951953614e-18
44,464,20,shapley_mc,Monte Carlo Shapley,0.8406015037593983,0.8406015037593983,0.001709632801273453,,,0.0,5.204170427930421e-18
44,464,20,loo_oracle,LOO oracle,1.0,1.0,0.001709632801273453,,,0.0,5.204170427930421e-18
44,464,20,lime,LIME,0.9744360902255638,0.9744360902255638,0.001709632801273453,,,0.0,5.204170427930421e-18
44,465,20,shapley_mc,Monte Carlo Shapley,0.8165413533834586,0.7894736842105263,0.0008045165142076538,,,0.02706766917293224,0.0
44,465,20,loo_oracle,LOO oracle,0.9879699248120299,1.0,3.0321029082569506e-05,,,-0.012030075187970057,0.0
44,465,20,lime,LIME,0.9308270676691727,0.9398496240601503,-1.233667228206503e-06,,,-0.009022556390977599,0.0
44,466,20,shapley_mc,Monte Carlo Shapley,0.9037593984962405,0.9037593984962405,-0.0030031437296555996,,,0.0,0.0
44,466,20,loo_oracle,LOO oracle,1.0,1.0,-0.0030031437296555996,,,0.0,0.0
44,466,20,lime,LIME,0.9127819548872179,0.9127819548872179,-0.0030031437296555996,,,0.0,0.0
44,467,14,shapley_mc,Monte Carlo Shapley,0.9340659340659341,0.9516483516483516,-0.002889586262901922,,,-0.01758241758241752,5.204170427930421e-18
44,467,14,loo_oracle,LOO oracle,0.9956043956043955,1.0,-0.003039682952731493,,,-0.004395604395604491,5.204170427930421e-18
44,467,14,lime,LIME,0.9648351648351648,0.9736263736263736,-0.003039682952731493,,,-0.00879120879120876,5.204170427930421e-18
44,468,20,shapley_mc,Monte Carlo Shapley,0.7954887218045112,0.7954887218045112,0.0019402848934622074,,,0.0,1.734723475976807e-18
44,468,20,loo_oracle,LOO oracle,1.0,1.0,0.0019402848934622074,,,0.0,1.734723475976807e-18
44,468,20,lime,LIME,0.9864661654135337,0.9864661654135337,0.0019402848934622074,,,0.0,1.734723475976807e-18
44,469,20,shapley_mc,Monte Carlo Shapley,0.8706766917293233,0.837593984962406,0.0005055467332915065,,,0.03308270676691727,4.336808689942018e-19
44,469,20,loo_oracle,LOO oracle,0.9774436090225563,1.0,7.328901340353244e-05,,,-0.022556390977443663,4.336808689942018e-19
44,469,20,lime,LIME,0.9052631578947368,0.932330827067669,-0.0005165172981507204,,,-0.02706766917293224,4.336808689942018e-19
44,470,20,shapley_mc,Monte Carlo Shapley,0.8210526315789473,0.8210526315789473,0.001884785055694671,,,0.0,0.0
44,470,20,loo_oracle,LOO oracle,1.0,1.0,0.001884785055694671,,,0.0,0.0
44,470,20,lime,LIME,0.9609022556390976,0.9609022556390976,0.001884785055694671,,,0.0,0.0
44,471,20,shapley_mc,Monte Carlo Shapley,0.8857142857142858,0.8857142857142858,0.0010427752955179947,,,0.0,1.734723475976807e-18
44,471,20,loo_oracle,LOO oracle,1.0,1.0,0.0010427752955179947,,,0.0,1.734723475976807e-18
44,471,20,lime,LIME,0.9203007518796992,0.9203007518796992,0.0010427752955179947,,,0.0,1.734723475976807e-18
44,472,20,shapley_mc,Monte Carlo Shapley,0.5353383458646617,0.6706766917293233,0.0003003853440514681,,,-0.13533834586466165,4.336808689942018e-19
44,472,20,loo_oracle,LOO oracle,0.9578947368421054,1.0,8.568049961188429e-05,,,-0.042105263157894646,4.336808689942018e-19
44,472,20,lime,LIME,0.7533834586466165,0.8030075187969924,8.568049961188429e-05,,,-0.049624060150375904,4.336808689942018e-19
44,473,20,shapley_mc,Monte Carlo Shapley,0.825563909774436,0.8466165413533834,-0.00010401056675479747,,,-0.021052631578947323,4.336808689942018e-19
44,473,20,loo_oracle,LOO oracle,0.9909774436090225,1.0,-0.0007973826304828457,,,-0.009022556390977488,4.336808689942018e-19
44,473,20,lime,LIME,0.9518796992481202,0.9759398496240601,-0.0007973826304828457,,,-0.024060150375939893,4.336808689942018e-19
44,474,20,shapley_mc,Monte Carlo Shapley,0.825563909774436,0.8090225563909773,0.0014721144819074272,,,0.016541353383458746,3.469446951953614e-18
44,474,20,loo_oracle,LOO oracle,0.9984962406015038,1.0,0.0014721144819074272,,,-0.0015037593984962294,3.469446951953614e-18
44,474,20,lime,LIME,0.9533834586466164,0.9548872180451128,0.0014721144819074272,,,-0.0015037593984963404,3.469446951953614e-18
44,475,20,shapley_mc,Monte Carlo Shapley,0.8225563909774435,0.6390977443609022,0.0004911132451397848,,,0.18345864661654132,0.0
44,475,20,loo_oracle,LOO oracle,0.9218045112781955,1.0,1.3992303963483721e-05,,,-0.07819548872180448,0.0
44,475,20,lime,LIME,0.875187969924812,0.8857142857142858,-0.0005057871638724509,,,-0.010526315789473828,0.0
44,476,20,shapley_mc,Monte Carlo Shapley,0.7804511278195487,0.6586466165413534,0.000283103615116187,,,0.12180451127819536,4.336808689942018e-19
44,476,20,loo_oracle,LOO oracle,0.918796992481203,1.0,-0.00039644662965543365,,,-0.08120300751879705,4.336808689942018e-19
44,476,20,lime,LIME,0.801503759398496,0.8857142857142858,-0.00039644662965543365,,,-0.08421052631578974,4.336808689942018e-19
44,477,20,shapley_mc,Monte Carlo Shapley,0.5819548872180451,0.5819548872180451,0.002718390978507512,,,0.0,6.938893903907228e-18
44,477,20,loo_oracle,LOO oracle,1.0,1.0,0.0012288934919680305,,,0.0,6.938893903907228e-18
44,477,20,lime,LIME,0.9804511278195487,0.9804511278195487,0.0012288934919680305,,,0.0,6.938893903907228e-18
44,478,20,shapley_mc,Monte Carlo Shapley,0.7263157894736841,0.7157894736842104,0.0004038871357510132,,,0.010526315789473717,1.734723475976807e-18
44,478,20,loo_oracle,LOO oracle,0.9984962406015038,1.0,0.0004038871357510132,,,-0.0015037593984962294,1.734723475976807e-18
44,478,20,lime,LIME,0.9533834586466164,0.956390977443609,0.0004038871357510132,,,-0.00300751879699257,1.734723475976807e-18
44,479,20,shapley_mc,Monte Carlo Shapley,0.837593984962406,0.837593984962406,0.0033971457065245514,,,0.0,1.0408340855860843e-17
44,479,20,loo_oracle,LOO oracle,1.0,1.0,0.0033971457065245514,,,0.0,1.0408340855860843e-17
44,479,20,lime,LIME,0.9533834586466164,0.9533834586466164,0.0033971457065245514,,,0.0,1.0408340855860843e-17
44,480,20,shapley_mc,Monte Carlo Shapley,0.6360902255639098,0.58796992481203,0.0004062202885336541,,,0.048120300751879785,0.0
44,480,20,loo_oracle,LOO oracle,0.9804511278195487,1.0,-0.000670745457559907,,,-0.019548872180451315,0.0
44,480,20,lime,LIME,0.9203007518796992,0.9443609022556391,-0.000670745457559907,,,-0.024060150375939893,0.0
44,481,20,shapley_mc,Monte Carlo Shapley,0.7789473684210525,0.77593984962406,0.0010400512088170055,,,0.003007518796992459,0.0
44,481,20,loo_oracle,LOO oracle,0.9834586466165413,1.0,0.0010400512088170055,,,-0.016541353383458746,0.0
44,481,20,lime,LIME,0.8796992481203006,0.9338345864661652,0.0010400512088170055,,,-0.05413533834586459,0.0
44,482,9,shapley_mc,Monte Carlo Shapley,0.6,0.6,-9.368678776100481e-05,,,0.0,0.0
44,482,9,loo_oracle,LOO oracle,1.0,1.0,0.0001262018344039273,,,0.0,0.0
44,482,9,lime,LIME,0.8666666666666667,0.8666666666666667,-0.0010541810301444299,,,0.0,0.0
44,483,20,shapley_mc,Monte Carlo Shapley,0.875187969924812,0.875187969924812,-0.004424335228191079,,,0.0,6.938893903907228e-18
44,483,20,loo_oracle,LOO oracle,1.0,1.0,-0.004424335228191079,,,0.0,6.938893903907228e-18
44,483,20,lime,LIME,0.9654135338345864,0.9654135338345864,-0.004424335228191079,,,0.0,6.938893903907228e-18
44,484,20,shapley_mc,Monte Carlo Shapley,0.7924812030075187,0.7924812030075187,0.0010397533874301756,,,0.0,1.734723475976807e-18
44,484,20,loo_oracle,LOO oracle,1.0,1.0,0.0001536493957470242,,,0.0,1.734723475976807e-18
44,484,20,lime,LIME,0.932330827067669,0.932330827067669,0.0001536493957470242,,,0.0,1.734723475976807e-18
44,485,20,shapley_mc,Monte Carlo Shapley,0.8270676691729323,0.8270676691729323,0.0018426430569263852,,,0.0,3.469446951953614e-18
44,485,20,loo_oracle,LOO oracle,1.0,1.0,0.0018931310687812508,,,0.0,3.469446951953614e-18
44,485,20,lime,LIME,0.9654135338345864,0.9654135338345864,0.0018931310687812508,,,0.0,3.469446951953614e-18
44,486,20,shapley_mc,Monte Carlo Shapley,0.7233082706766917,0.6872180451127818,0.0006631046621070613,,,0.03609022556390984,0.0
44,486,20,loo_oracle,LOO oracle,0.9834586466165413,1.0,-2.8166761621428726e-06,,,-0.016541353383458746,0.0
44,486,20,lime,LIME,0.9428571428571428,0.9593984962406013,-2.8166761621428726e-06,,,-0.016541353383458413,0.0
44,487,11,shapley_mc,Monte Carlo Shapley,0.7818181818181819,0.8181818181818182,-0.0028285249068118468,,,-0.036363636363636376,1.734723475976807e-18
44,487,11,loo_oracle,LOO oracle,0.9727272727272729,1.0,-0.003115052203742308,,,-0.027272727272727115,1.734723475976807e-18
44,487,11,lime,LIME,0.9636363636363637,0.990909090909091,-0.003115052203742308,,,-0.027272727272727226,1.734723475976807e-18
44,488,10,shapley_mc,Monte Carlo Shapley,0.5636363636363636,0.6363636363636362,-0.0021836487725431786,,,-0.07272727272727264,3.469446951953614e-18
44,488,10,loo_oracle,LOO oracle,0.9878787878787878,0.9999999999999999,0.00044033614075233984,,,-0.012121212121212088,3.469446951953614e-18
44,488,10,lime,LIME,0.9757575757575757,0.9878787878787878,0.00044033614075233984,,,-0.012121212121212088,3.469446951953614e-18
44,489,20,shapley_mc,Monte Carlo Shapley,0.7864661654135338,0.7864661654135338,-8.408587465302819e-05,,,0.0,0.0
44,489,20,loo_oracle,LOO oracle,0.9954887218045112,1.0,-0.0007348734452330974,,,-0.004511278195488799,0.0
44,489,20,lime,LIME,0.9578947368421054,0.9639097744360902,-0.0007348734452330974,,,-0.006015037593984807,0.0
44,490,13,shapley_mc,Monte Carlo Shapley,0.7362637362637362,0.7362637362637362,-0.005485010919891731,,,0.0,1.734723475976807e-17
44,490,13,loo_oracle,LOO oracle,1.0,1.0,-0.005485010919891731,,,0.0,1.734723475976807e-17
44,490,13,lime,LIME,0.9615384615384615,0.9615384615384615,-0.005485010919891731,,,0.0,1.734723475976807e-17
44,491,20,shapley_mc,Monte Carlo Shapley,0.9203007518796992,0.9203007518796992,-0.0006894223457225568,,,0.0,8.673617379884035e-19
44,491,20,loo_oracle,LOO oracle,1.0,1.0,-0.0007433605626177009,,,0.0,8.673617379884035e-19
44,491,20,lime,LIME,0.9849624060150375,0.9849624060150375,-0.0007433605626177009,,,0.0,8.673617379884035e-19
44,492,20,shapley_mc,Monte Carlo Shapley,0.8812030075187969,0.8872180451127819,0.0016152349890714013,,,-0.006015037593985029,8.673617379884035e-19
44,492,20,loo_oracle,LOO oracle,0.9954887218045112,1.0,0.0006910317240041985,,,-0.004511278195488799,8.673617379884035e-19
44,492,20,lime,LIME,0.900751879699248,0.9157894736842105,0.0006910317240041985,,,-0.015037593984962516,8.673617379884035e-19
44,493,20,shapley_mc,Monte Carlo Shapley,0.8300751879699247,0.8090225563909773,0.0014453753216920884,,,0.021052631578947434,0.0
44,493,20,loo_oracle,LOO oracle,0.9894736842105262,1.0,0.0014438987650035595,,,-0.010526315789473828,0.0
44,493,20,lime,LIME,0.9353383458646616,0.9518796992481202,0.0002802272054753807,,,-0.016541353383458635,0.0
44,494,20,shapley_mc,Monte Carlo Shapley,0.7037593984962407,0.7037593984962407,-0.00010086637873896187,,,0.0,0.0
44,494,20,loo_oracle,LOO oracle,0.9954887218045112,1.0,-0.0006390409138596898,,,-0.004511278195488799,0.0
44,494,20,lime,LIME,0.8406015037593983,0.8466165413533834,-0.0006390409138596898,,,-0.006015037593985029,0.0
44,495,20,shapley_mc,Monte Carlo Shapley,0.8796992481203006,0.875187969924812,0.0020258035544507003,,,0.004511278195488688,5.204170427930421e-18
44,495,20,loo_oracle,LOO oracle,0.9984962406015038,1.0,0.0006971541863993735,,,-0.0015037593984962294,5.204170427930421e-18
44,495,20,lime,LIME,0.9804511278195487,0.9774436090225563,0.0020258035544507003,,,0.003007518796992348,5.204170427930421e-18
44,496,14,shapley_mc,Monte Carlo Shapley,0.6747252747252748,0.5824175824175825,-0.0003947770675454265,,,0.09230769230769231,4.336808689942018e-19
44,496,14,loo_oracle,LOO oracle,0.9472527472527472,1.0,-0.0003719183532200354,,,-0.05274725274725278,4.336808689942018e-19
44,496,14,lime,LIME,0.8549450549450549,0.7846153846153847,-0.0003947770675454265,,,0.07032967032967019,4.336808689942018e-19
44,497,20,shapley_mc,Monte Carlo Shapley,0.5639097744360902,0.5714285714285714,0.0010980890944604083,,,-0.007518796992481147,0.0
44,497,20,loo_oracle,LOO oracle,0.9969924812030074,1.0,0.0010980890944604083,,,-0.00300751879699257,0.0
44,497,20,lime,LIME,0.9624060150375938,0.9669172932330825,0.0010980890944604083,,,-0.004511278195488688,0.0
44,498,20,shapley_mc,Monte Carlo Shapley,0.5849624060150376,0.6285714285714286,0.00047958845695211805,,,-0.043609022556390986,4.336808689942018e-19
44,498,20,loo_oracle,LOO oracle,0.9052631578947368,1.0,5.356556456709294e-05,,,-0.09473684210526323,4.336808689942018e-19
44,498,20,lime,LIME,0.8180451127819548,0.8571428571428572,5.356556456709294e-05,,,-0.03909774436090241,4.336808689942018e-19
44,499,20,shapley_mc,Monte Carlo Shapley,0.806015037593985,0.806015037593985,0.0018345378592296568,,,0.0,1.734723475976807e-18
44,499,20,loo_oracle,LOO oracle,1.0,1.0,0.0018345378592296568,,,0.0,1.734723475976807e-18
44,499,20,lime,LIME,0.9744360902255638,0.9744360902255638,0.0017851113396457063,,,0.0,1.734723475976807e-18
45,0,20,shapley_mc,Monte Carlo Shapley,0.793984962406015,0.7654135338345864,0.002945668244765498,0.0,0.0,0.02857142857142858,0.0
45,0,20,loo_oracle,LOO oracle,0.9969924812030074,1.0,0.002945668244765498,0.0,0.0,-0.00300751879699257,0.0
45,0,20,lime,LIME,0.9774436090225563,0.9774436090225563,0.002945668244765498,0.0,0.0,0.0,0.0
45,1,20,shapley_mc,Monte Carlo Shapley,0.8270676691729323,0.8270676691729323,0.00255695167449016,0.0,0.0,0.0,3.469446951953614e-18
45,1,20,loo_oracle,LOO oracle,1.0,1.0,0.00255695167449016,0.0,0.0,0.0,3.469446951953614e-18
45,1,20,lime,LIME,0.9894736842105262,0.9894736842105262,0.00255695167449016,0.0,0.0,0.0,3.469446951953614e-18
45,2,20,shapley_mc,Monte Carlo Shapley,0.7172932330827068,0.7218045112781954,0.001590273061733316,0.00019177394000291503,0.10761441180196546,-0.004511278195488688,0.0
45,2,20,loo_oracle,LOO oracle,0.9984962406015038,1.0,0.001782047001736231,0.0,0.0,-0.0015037593984962294,0.0
45,2,20,lime,LIME,0.9759398496240601,0.9789473684210527,0.001782047001736231,0.0,0.0,-0.00300751879699257,0.0
45,3,16,shapley_mc,Monte Carlo Shapley,0.7764705882352941,0.7735294117647058,0.002167358440831324,0.000125193704446247,0.054608879736726894,0.002941176470588336,0.0
45,3,16,loo_oracle,LOO oracle,0.9911764705882352,1.0,0.002292552145277571,0.0,0.0,-0.008823529411764786,0.0
45,3,16,lime,LIME,0.9794117647058824,0.9941176470588234,0.002292552145277571,0.0,0.0,-0.014705882352941013,0.0
45,4,20,shapley_mc,Monte Carlo Shapley,0.7834586466165413,0.7368421052631579,0.0007040639273963034,0.0009316142561848206,0.5695584039493655,0.046616541353383445,0.0
45,4,20,loo_oracle,LOO oracle,0.9909774436090225,1.0,0.0007040639273963034,0.0009316142561848206,0.5695584039493655,-0.009022556390977488,0.0
45,4,20,lime,LIME,0.8466165413533834,0.8887218045112781,0.0007040639273963034,0.0009316142561848206,0.5695584039493655,-0.04210526315789476,0.0
45,5,20,shapley_mc,Monte Carlo Shapley,0.8661654135338346,0.8766917293233082,0.0007243216057580826,0.0,0.0,-0.010526315789473606,4.336808689942018e-19
45,5,20,loo_oracle,LOO oracle,0.9969924812030074,1.0,0.0007243216057580826,0.0,0.0,-0.00300751879699257,4.336808689942018e-19
45,5,20,lime,LIME,0.9398496240601503,0.9473684210526315,0.0001346406245206211,0.0005896809812374615,0.8141148569027985,-0.007518796992481258,4.336808689942018e-19
45,6,20,shapley_mc,Monte Carlo Shapley,0.8075187969924811,0.7969924812030074,0.0008579995740840007,5.5849971103250073e-05,0.06111506137554751,0.010526315789473717,1.734723475976807e-18
45,6,20,loo_oracle,LOO oracle,0.9984962406015038,1.0,0.0009138495451872508,0.0,0.0,-0.0015037593984962294,1.734723475976807e-18
45,6,20,lime,LIME,0.9639097744360902,0.9669172932330825,8.315175553785803e-05,0.0008306977896493928,0.9090093583951729,-0.003007518796992348,1.734723475976807e-18
45,7,20,shapley_mc,Monte Carlo Shapley,0.6375939849624059,0.6526315789473683,0.00018226709419605358,0.00035379098062238157,0.6599862898851502,-0.015037593984962405,0.0
45,7,20,loo_oracle,LOO oracle,0.9954887218045112,1.0,9.402669817332177e-05,0.0004420313766451134,0.8245960588696196,-0.004511278195488799,0.0
45,7,20,lime,LIME,0.793984962406015,0.7999999999999999,9.402669817332177e-05,0.0004420313766451134,0.8245960588696196,-0.006015037593984918,0.0
45,8,20,shapley_mc,Monte Carlo Shapley,0.7503759398496239,0.7413533834586465,0.0018960729864017645,0.0,0.0,0.009022556390977376,3.469446951953614e-18
45,8,20,loo_oracle,LOO oracle,0.9969924812030074,1.0,0.0018960729864017645,0.0,0.0,-0.00300751879699257,3.469446951953614e-18
45,8,20,lime,LIME,0.9548872180451128,0.9503759398496241,0.0018960729864017645,0.0,0.0,0.004511278195488688,3.469446951953614e-18
45,9,20,shapley_mc,Monte Carlo Shapley,0.8571428571428572,0.8270676691729323,0.0020747908146621086,0.0,0.0,0.03007518796992492,1.734723475976807e-18
45,9,20,loo_oracle,LOO oracle,0.9849624060150375,1.0,0.0020747908146621086,0.0,0.0,-0.015037593984962516,1.734723475976807e-18
45,9,20,lime,LIME,0.9789473684210527,0.9909774436090225,0.0020747908146621086,0.0,0.0,-0.012030075187969835,1.734723475976807e-18
45,10,20,shapley_mc,Monte Carlo Shapley,0.6766917293233082,0.6375939849624059,0.002367998186388387,0.0,0.0,0.0390977443609023,3.469446951953614e-18
45,10,20,loo_oracle,LOO oracle,0.9954887218045112,1.0,0.002367998186388387,0.0,0.0,-0.004511278195488799,3.469446951953614e-18
45,10,20,lime,LIME,0.9218045112781955,0.9413533834586465,0.002367998186388387,0.0,0.0,-0.019548872180450982,3.469446951953614e-18
45,11,12,shapley_mc,Monte Carlo Shapley,0.39860139860139865,0.39860139860139865,0.0009014506572243564,5.856474393345357e-05,0.061003962854990254,0.0,1.734723475976807e-18
45,11,12,loo_oracle,LOO oracle,1.0,1.0,-0.0016874024635107898,0.0026474178646685997,2.7576826983380105,0.0,1.734723475976807e-18
45,11,12,lime,LIME,0.965034965034965,0.965034965034965,-0.0016874024635107898,0.0026474178646685997,2.7576826983380105,0.0,1.734723475976807e-18
45,12,20,shapley_mc,Monte Carlo Shapley,0.863157894736842,0.8616541353383457,0.0030097402549540964,6.423224433416141e-05,0.02089551690138351,0.0015037593984963404,0.0
45,12,20,loo_oracle,LOO oracle,0.9984962406015038,1.0,0.0030739724992882578,0.0,0.0,-0.0015037593984962294,0.0
45,12,20,lime,LIME,0.9729323308270676,0.9744360902255638,0.0030739724992882578,0.0,0.0,-0.0015037593984961184,0.0
45,13,11,shapley_mc,Monte Carlo Shapley,0.7000000000000001,0.6636363636363638,0.00025518434447990845,0.0015898815984063397,0.8616936449748698,0.036363636363636265,3.469446951953614e-18
45,13,11,loo_oracle,LOO oracle,0.990909090909091,1.0,0.00025518434447990845,0.0015898815984063397,0.8616936449748698,-0.009090909090909038,3.469446951953614e-18
45,13,11,lime,LIME,0.9454545454545454,0.9636363636363637,0.00025518434447990845,0.0015898815984063397,0.8616936449748698,-0.0181818181818183,3.469446951953614e-18
45,14,20,shapley_mc,Monte Carlo Shapley,0.7503759398496239,0.732330827067669,-0.000822924212297349,0.0013481408736860656,2.566828073493786,0.018045112781954864,4.336808689942018e-19
45,14,20,loo_oracle,LOO oracle,0.9954887218045112,1.0,-0.000822924212297349,0.0013481408736860656,2.566828073493786,-0.004511278195488799,4.336808689942018e-19
45,14,20,lime,LIME,0.9458646616541352,0.9548872180451128,-0.000822924212297349,0.0013481408736860656,2.566828073493786,-0.009022556390977599,4.336808689942018e-19
45,15,11,shapley_mc,Monte Carlo Shapley,0.881818181818182,0.881818181818182,0.0027203467286900374,0.0,0.0,0.0,0.0
45,15,11,loo_oracle,LOO oracle,1.0,1.0,0.0027203467286900374,0.0,0.0,0.0,0.0
45,15,11,lime,LIME,0.9636363636363637,0.9636363636363637,0.0027203467286900374,0.0,0.0,0.0,0.0
45,16,20,shapley_mc,Monte Carlo Shapley,0.5789473684210527,0.5233082706766917,0.001043034231372586,0.0,0.0,0.05563909774436093,0.0
45,16,20,loo_oracle,LOO oracle,0.9879699248120299,1.0,0.00039745975348415286,0.0006455744778884331,0.6189389167217909,-0.012030075187970057,0.0
45,16,20,lime,LIME,0.8902255639097743,0.9263157894736842,0.00039745975348415286,0.0006455744778884331,0.6189389167217909,-0.03609022556390995,0.0
45,17,20,shapley_mc,Monte Carlo Shapley,0.7548872180451127,0.7578947368421052,0.0008145592493284393,0.0,0.0,-0.003007518796992459,8.673617379884035e-19
45,17,20,loo_oracle,LOO oracle,0.9834586466165413,1.0,0.0008145592493284393,0.0,0.0,-0.016541353383458746,8.673617379884035e-19
45,17,20,lime,LIME,0.9172932330827066,0.9533834586466164,0.00019178912333100984,0.0006227701259974294,0.7645485896161902,-0.03609022556390984,8.673617379884035e-19
45,18,20,shapley_mc,Monte Carlo Shapley,0.7909774436090224,0.8045112781954886,-0.0004900284467583838,0.0009945257526728923,1.9713202410442665,-0.013533834586466176,0.0
45,18,20,loo_oracle,LOO oracle,0.9984962406015038,1.0,7.800342260610993e-05,0.00042649388330839866,0.8453838652119341,-0.0015037593984962294,0.0
45,18,20,lime,LIME,0.9353383458646616,0.9383458646616539,8.138172124150245e-05,0.00042311558467300614,0.838687499167774,-0.003007518796992348,0.0
45,19,17,shapley_mc,Monte Carlo Shapley,0.6200980392156864,0.5955882352941178,0.0040706884367674445,0.0,0.0,0.02450980392156865,6.938893903907228e-18
45,19,17,loo_oracle,LOO oracle,0.9975490196078433,1.0,0.0020075659155847636,0.002063122521182681,0.5068239814281128,-0.002450980392156743,6.938893903907228e-18
45,19,17,lime,LIME,0.9803921568627453,0.9779411764705883,0.0020075659155847636,0.002063122521182681,0.5068239814281128,0.002450980392156965,6.938893903907228e-18
45,20,4,shapley_mc,Monte Carlo Shapley,1.0,1.0,0.0026734588913059354,,,0.0,6.938893903907228e-18
45,20,4,loo_oracle,LOO oracle,1.0,1.0,0.0026734588913059354,,,0.0,6.938893903907228e-18
45,20,4,lime,LIME,1.0,1.0,0.0026734588913059354,,,0.0,6.938893903907228e-18
45,21,20,shapley_mc,Monte Carlo Shapley,0.6917293233082705,0.6992481203007518,0.0019913217001905625,,,-0.007518796992481258,0.0
45,21,20,loo_oracle,LOO oracle,0.9984962406015038,1.0,0.0019913217001905625,,,-0.0015037593984962294,0.0
45,21,20,lime,LIME,0.9428571428571428,0.9458646616541352,0.0019913217001905625,,,-0.003007518796992348,0.0
45,22,20,shapley_mc,Monte Carlo Shapley,0.7473684210526315,0.7473684210526315,0.0026247111960391867,,,0.0,1.734723475976807e-18
45,22,20,loo_oracle,LOO oracle,1.0,1.0,0.0016467459628288217,,,0.0,1.734723475976807e-18
45,22,20,lime,LIME,0.9684210526315788,0.9684210526315788,0.0016467459628288217,,,0.0,1.734723475976807e-18
45,23,20,shapley_mc,Monte Carlo Shapley,0.8646616541353382,0.8646616541353382,0.002178179463764751,,,0.0,3.469446951953614e-18
45,23,20,loo_oracle,LOO oracle,1.0,1.0,0.002178179463764751,,,0.0,3.469446951953614e-18
45,23,20,lime,LIME,0.9864661654135337,0.9864661654135337,0.002178179463764751,,,0.0,3.469446951953614e-18
45,24,20,shapley_mc,Monte Carlo Shapley,0.8721804511278194,0.8586466165413533,0.0017065779213453203,,,0.013533834586466065,1.734723475976807e-18
45,24,20,loo_oracle,LOO oracle,0.9984962406015038,1.0,0.0017065779213453203,,,-0.0015037593984962294,1.734723475976807e-18
45,24,20,lime,LIME,0.9879699248120299,0.9849624060150375,0.0017065779213453203,,,0.003007518796992459,1.734723475976807e-18
45,25,20,shapley_mc,Monte Carlo Shapley,0.5187969924812029,0.4541353383458646,0.00015639336693368255,,,0.06466165413533831,8.673617379884035e-19
45,25,20,loo_oracle,LOO oracle,0.9759398496240601,1.0,0.00015639336693368255,,,-0.024060150375939893,8.673617379884035e-19
45,25,20,lime,LIME,0.849624060150376,0.9142857142857143,0.00015639336693368255,,,-0.06466165413533831,8.673617379884035e-19
45,26,20,shapley_mc,Monte Carlo Shapley,0.7984962406015037,0.7894736842105263,0.0025515946516783683,,,0.009022556390977376,0.0
45,26,20,loo_oracle,LOO oracle,0.9954887218045112,1.0,0.0025515946516783683,,,-0.004511278195488799,0.0
45,26,20,lime,LIME,0.9714285714285714,0.9789473684210527,0.0025515946516783683,,,-0.007518796992481258,0.0
45,27,20,shapley_mc,Monte Carlo Shapley,0.7729323308270677,0.7729323308270677,0.002139947911379003,,,0.0,0.0
45,27,20,loo_oracle,LOO oracle,1.0,1.0,0.002139947911379003,,,0.0,0.0
45,27,20,lime,LIME,0.9654135338345864,0.9654135338345864,0.002139947911379003,,,0.0,0.0
45,28,20,shapley_mc,Monte Carlo Shapley,0.7969924812030074,0.793984962406015,0.002331668098111861,,,0.003007518796992348,5.204170427930421e-18
45,28,20,loo_oracle,LOO oracle,0.9879699248120299,1.0,0.002331668098111861,,,-0.012030075187970057,5.204170427930421e-18
45,28,20,lime,LIME,0.9473684210526315,0.9443609022556391,0.002331668098111861,,,0.003007518796992459,5.204170427930421e-18
45,29,20,shapley_mc,Monte Carlo Shapley,0.7037593984962407,0.7037593984962407,0.0048097473314127615,,,0.0,1.3877787807814457e-17
45,29,20,loo_oracle,LOO oracle,1.0,1.0,0.0048097473314127615,,,0.0,1.3877787807814457e-17
45,29,20,lime,LIME,0.9924812030075187,0.9924812030075187,0.0048097473314127615,,,0.0,1.3877787807814457e-17
45,30,20,shapley_mc,Monte Carlo Shapley,0.46917293233082696,0.49624060150375937,0.00014009930041131158,,,-0.027067669172932407,8.673617379884035e-19
45,30,20,loo_oracle,LOO oracle,0.993984962406015,1.0,0.00014009930041131158,,,-0.006015037593985029,8.673617379884035e-19
45,30,20,lime,LIME,0.7999999999999999,0.8210526315789473,0.00014009930041131158,,,-0.021052631578947323,8.673617379884035e-19
45,31,20,shapley_mc,Monte Carlo Shapley,0.6962406015037594,0.6706766917293233,-1.8640844325901185e-05,,,0.025563909774436122,0.0
45,31,20,loo_oracle,LOO oracle,0.993984962406015,1.0,0.00011222665571997137,,,-0.006015037593985029,0.0
45,31,20,lime,LIME,0.9729323308270676,0.9729323308270676,0.00011222665571997137,,,0.0,0.0
45,32,20,shapley_mc,Monte Carlo Shapley,0.7518796992481201,0.7533834586466165,0.00020156229423773375,,,-0.0015037593984963404,8.673617379884035e-19
45,32,20,loo_oracle,LOO oracle,0.9984962406015038,1.0,0.0001981871766850718,,,-0.0015037593984962294,8.673617379884035e-19
45,32,20,lime,LIME,0.8616541353383457,0.863157894736842,0.00020156229423773375,,,-0.0015037593984963404,8.673617379884035e-19
45,33,20,shapley_mc,Monte Carlo Shapley,0.8150375939849623,0.8120300751879698,0.0007378392753993324,,,0.00300751879699257,0.0
45,33,20,loo_oracle,LOO oracle,0.9849624060150375,1.0,-1.1347270829742406e-05,,,-0.015037593984962516,0.0
45,33,20,lime,LIME,0.8857142857142858,0.9127819548872179,-1.1347270829742406e-05,,,-0.02706766917293213,0.0
45,34,20,shapley_mc,Monte Carlo Shapley,0.9233082706766916,0.9233082706766916,0.0029233052813859017,,,0.0,1.734723475976807e-18
45,34,20,loo_oracle,LOO oracle,1.0,1.0,0.0029233052813859017,,,0.0,1.734723475976807e-18
45,34,20,lime,LIME,0.9834586466165413,0.9834586466165413,0.0029233052813859017,,,0.0,1.734723475976807e-18
45,35,20,shapley_mc,Monte Carlo Shapley,0.7639097744360903,0.7684210526315788,0.0013889418987722557,,,-0.004511278195488466,1.734723475976807e-18
45,35,20,loo_oracle,LOO oracle,0.9984962406015038,1.0,0.000540458062982585,,,-0.0015037593984962294,1.734723475976807e-18
45,35,20,lime,LIME,0.9669172932330825,0.9699248120300751,0.000540458062982585,,,-0.00300751879699257,1.734723475976807e-18
45,36,20,shapley_mc,Monte Carlo Shapley,0.7639097744360903,0.7533834586466165,0.001071764881979742,,,0.010526315789473828,0.0
45,36,20,loo_oracle,LOO oracle,0.9954887218045112,1.0,0.0005404999301275026,,,-0.004511278195488799,0.0
45,36,20,lime,LIME,0.9398496240601503,0.9548872180451128,0.0005675112857862485,,,-0.015037593984962516,0.0
45,37,20,shapley_mc,Monte Carlo Shapley,0.7413533834586465,0.7413533834586465,0.0010469448187003794,,,0.0,0.0
45,37,20,loo_oracle,LOO oracle,1.0,1.0,0.0010469448187003794,,,0.0,0.0
45,37,20,lime,LIME,0.9639097744360902,0.9639097744360902,0.0010469448187003794,,,0.0,0.0
45,38,20,shapley_mc,Monte Carlo Shapley,0.7443609022556391,0.7443609022556391,0.0006419640049355468,,,0.0,1.734723475976807e-18
45,38,20,loo_oracle,LOO oracle,1.0,1.0,6.008751152980496e-05,,,0.0,1.734723475976807e-18
45,38,20,lime,LIME,0.9849624060150375,0.9849624060150375,6.008751152980496e-05,,,0.0,1.734723475976807e-18
45,39,20,shapley_mc,Monte Carlo Shapley,0.7218045112781954,0.7187969924812029,0.0016980475640967496,,,0.00300751879699257,1.734723475976807e-18
45,39,20,loo_oracle,LOO oracle,0.9984962406015038,1.0,0.0016980475640967496,,,-0.0015037593984962294,1.734723475976807e-18
45,39,20,lime,LIME,0.9849624060150375,0.9864661654135337,0.0016980475640967496,,,-0.0015037593984962294,1.734723475976807e-18
45,40,12,shapley_mc,Monte Carlo Shapley,0.9510489510489512,0.9370629370629372,0.0025059063850009777,,,0.013986013986013957,0.0
45,40,12,loo_oracle,LOO oracle,0.9930069930069931,1.0,0.0025059063850009777,,,-0.006993006993006867,0.0
45,40,12,lime,LIME,0.9720279720279721,0.9790209790209792,0.0025059063850009777,,,-0.006993006993007089,0.0
45,41,20,shapley_mc,Monte Carlo Shapley,0.8857142857142858,0.8857142857142858,0.0031470449331704176,,,0.0,3.469446951953614e-18
45,41,20,loo_oracle,LOO oracle,1.0,1.0,0.0031470449331704176,,,0.0,3.469446951953614e-18
45,41,20,lime,LIME,0.9864661654135337,0.9864661654135337,0.0031470449331704176,,,0.0,3.469446951953614e-18
45,42,18,shapley_mc,Monte Carlo Shapley,0.8142414860681115,0.8142414860681115,-0.014606927771811495,,,0.0,5.551115123125783e-17
45,42,18,loo_oracle,LOO oracle,1.0,1.0,-0.014606927771811495,,,0.0,5.551115123125783e-17
45,42,18,lime,LIME,0.981424148606811,0.981424148606811,-0.014606927771811495,,,0.0,5.551115123125783e-17
45,43,20,shapley_mc,Monte Carlo Shapley,0.6616541353383457,0.613533834586466,0.0005940082472485342,,,0.048120300751879674,0.0
45,43,20,loo_oracle,LOO oracle,0.993984962406015,1.0,0.00046549853735694535,,,-0.006015037593985029,0.0
45,43,20,lime,LIME,0.8436090225563909,0.8706766917293233,0.00046549853735694535,,,-0.02706766917293235,0.0
45,44,20,shapley_mc,Monte Carlo Shapley,0.724812030075188,0.724812030075188,0.0014322409281226633,,,0.0,1.734723475976807e-18
45,44,20,loo_oracle,LOO oracle,1.0,1.0,0.0014322409281226633,,,0.0,1.734723475976807e-18
45,44,20,lime,LIME,0.9909774436090225,0.9909774436090225,0.0014322409281226633,,,0.0,1.734723475976807e-18
45,45,20,shapley_mc,Monte Carlo Shapley,0.837593984962406,0.7864661654135338,3.4868313842695287e-05,,,0.051127819548872244,4.336808689942018e-19
45,45,20,loo_oracle,LOO oracle,0.956390977443609,1.0,3.4868313842695287e-05,,,-0.043609022556390986,4.336808689942018e-19
45,45,20,lime,LIME,0.9233082706766916,0.9473684210526315,3.4868313842695287e-05,,,-0.024060150375939893,4.336808689942018e-19
45,46,15,shapley_mc,Monte Carlo Shapley,0.6357142857142856,0.6357142857142856,-0.000625761346926379,,,0.0,0.0
45,46,15,loo_oracle,LOO oracle,1.0,1.0,-0.000625761346926379,,,0.0,0.0
45,46,15,lime,LIME,0.8607142857142854,0.8607142857142854,-0.000625761346926379,,,0.0,0.0
45,47,20,shapley_mc,Monte Carlo Shapley,0.556390977443609,0.5353383458646617,0.000899241987553201,,,0.021052631578947323,3.469446951953614e-18
45,47,20,loo_oracle,LOO oracle,0.9909774436090225,1.0,0.0012221612479553223,,,-0.009022556390977488,3.469446951953614e-18
45,47,20,lime,LIME,0.9593984962406013,0.9609022556390976,0.00016671872524598452,,,-0.0015037593984963404,3.469446951953614e-18
45,48,20,shapley_mc,Monte Carlo Shapley,0.7308270676691728,0.7593984962406014,-0.006531925617610734,,,-0.02857142857142858,3.469446951953614e-18
45,48,20,loo_oracle,LOO oracle,0.9954887218045112,1.0,-0.006531925617610734,,,-0.004511278195488799,3.469446951953614e-18
45,48,20,lime,LIME,0.9428571428571428,0.9383458646616539,-0.006531925617610734,,,0.00451127819548891,3.469446951953614e-18
45,49,11,shapley_mc,Monte Carlo Shapley,0.8545454545454546,0.8545454545454546,0.0033537338035651287,,,0.0,1.0408340855860843e-17
45,49,11,loo_oracle,LOO oracle,1.0,1.0,0.0033537338035651287,,,0.0,1.0408340855860843e-17
45,49,11,lime,LIME,0.9636363636363637,0.9636363636363637,0.0033537338035651287,,,0.0,1.0408340855860843e-17
45,50,20,shapley_mc,Monte Carlo Shapley,0.6556390977443608,0.6556390977443608,0.0036080739033171882,,,0.0,6.938893903907228e-18
45,50,20,loo_oracle,LOO oracle,1.0,1.0,0.0036080739033171882,,,0.0,6.938893903907228e-18
45,50,20,lime,LIME,0.9774436090225563,0.9774436090225563,0.0036080739033171882,,,0.0,6.938893903907228e-18
45,51,20,shapley_mc,Monte Carlo Shapley,0.47368421052631576,0.4676691729323308,-0.0003221830401342052,,,0.006015037593984973,0.0
45,51,20,loo_oracle,LOO oracle,0.9984962406015038,1.0,-0.00070325242848579,,,-0.0015037593984962294,0.0
45,51,20,lime,LIME,0.724812030075188,0.7278195488721804,-0.00070325242848579,,,-0.003007518796992348,0.0
45,52,20,shapley_mc,Monte Carlo Shapley,0.7593984962406014,0.7187969924812029,0.0007403801250148723,,,0.04060150375939853,0.0
45,52,20,loo_oracle,LOO oracle,0.9669172932330825,1.0,0.00017541757172828687,,,-0.03308270676691749,0.0
45,52,20,lime,LIME,0.8421052631578947,0.9233082706766916,0.00017541757172828687,,,-0.08120300751879694,0.0
45,53,20,shapley_mc,Monte Carlo Shapley,0.7954887218045112,0.78796992481203,-4.1721414151818514e-05,,,0.007518796992481258,8.673617379884035e-19
45,53,20,loo_oracle,LOO oracle,0.9984962406015038,1.0,-0.0010115394145791545,,,-0.0015037593984962294,8.673617379884035e-19
45,53,20,lime,LIME,0.9518796992481202,0.9533834586466164,-0.0010115394145791545,,,-0.0015037593984962294,8.673617379884035e-19
45,54,16,shapley_mc,Monte Carlo Shapley,0.8029411764705883,0.8029411764705883,-0.003034606869403045,,,0.0,0.0
45,54,16,loo_oracle,LOO oracle,1.0,1.0,-0.0005127629302130732,,,0.0,0.0
45,54,16,lime,LIME,0.988235294117647,0.988235294117647,-0.003034606869403045,,,0.0,0.0
45,55,20,shapley_mc,Monte Carlo Shapley,0.6766917293233082,0.669172932330827,0.0013273222557192987,,,0.007518796992481258,5.204170427930421e-18
45,55,20,loo_oracle,LOO oracle,0.9954887218045112,1.0,0.0014013462742097915,,,-0.004511278195488799,5.204170427930421e-18
45,55,20,lime,LIME,0.9804511278195487,0.9804511278195487,0.0014013462742097915,,,0.0,5.204170427930421e-18
45,56,20,shapley_mc,Monte Carlo Shapley,0.7834586466165413,0.8030075187969924,-9.902800133337886e-05,,,-0.019548872180451093,5.692061405548898e-19
45,56,20,loo_oracle,LOO oracle,0.9894736842105262,1.0,-8.145522532859717e-05,,,-0.010526315789473828,5.692061405548898e-19
45,56,20,lime,LIME,0.9203007518796992,0.9458646616541352,-9.902800133337886e-05,,,-0.02556390977443601,5.692061405548898e-19
45,57,20,shapley_mc,Monte Carlo Shapley,0.5954887218045113,0.5699248120300752,1.459499401018638e-05,,,0.025563909774436122,8.673617379884035e-19
45,57,20,loo_oracle,LOO oracle,0.9714285714285714,1.0,1.459499401018638e-05,,,-0.02857142857142858,8.673617379884035e-19
45,57,20,lime,LIME,0.8842105263157894,0.9428571428571428,1.459499401018638e-05,,,-0.05864661654135339,8.673617379884035e-19
45,58,20,shapley_mc,Monte Carlo Shapley,0.78796992481203,0.7669172932330827,0.0018908698792717282,,,0.021052631578947323,1.734723475976807e-18
45,58,20,loo_oracle,LOO oracle,0.9849624060150375,1.0,0.0018908698792717282,,,-0.015037593984962516,1.734723475976807e-18
45,58,20,lime,LIME,0.9293233082706768,0.9548872180451128,0.0018908698792717282,,,-0.02556390977443601,1.734723475976807e-18
45,59,20,shapley_mc,Monte Carlo Shapley,0.9293233082706768,0.9293233082706768,0.0026369885754393696,,,0.0,3.469446951953614e-18
45,59,20,loo_oracle,LOO oracle,1.0,1.0,0.0026369885754393696,,,0.0,3.469446951953614e-18
45,59,20,lime,LIME,0.9909774436090225,0.9909774436090225,0.0026369885754393696,,,0.0,3.469446951953614e-18
45,60,7,shapley_mc,Monte Carlo Shapley,0.1785714285714286,0.1785714285714286,0.0021194314859916408,,,0.0,0.0
45,60,7,loo_oracle,LOO oracle,1.0,1.0,0.00038179173184010873,,,0.0,0.0
45,60,7,lime,LIME,0.8928571428571429,0.8928571428571429,0.00038179173184010873,,,0.0,0.0
45,61,20,shapley_mc,Monte Carlo Shapley,0.6180451127819548,0.5624060150375939,-0.00010687170066869811,,,0.05563909774436093,2.6020852139652106e-18
45,61,20,loo_oracle,LOO oracle,0.9849624060150375,1.0,-0.00010687170066869811,,,-0.015037593984962516,2.6020852139652106e-18
45,61,20,lime,LIME,0.8706766917293233,0.9022556390977443,-0.00010687170066869811,,,-0.03157894736842104,2.6020852139652106e-18
45,62,20,shapley_mc,Monte Carlo Shapley,0.8766917293233082,0.875187969924812,1.39282963724785e-05,,,0.0015037593984962294,8.673617379884035e-19
45,62,20,loo_oracle,LOO oracle,0.9984962406015038,1.0,1.39282963724785e-05,,,-0.0015037593984962294,8.673617379884035e-19
45,62,20,lime,LIME,0.900751879699248,0.9037593984962405,-0.0006772127822096685,,,-0.00300751879699257,8.673617379884035e-19
45,63,20,shapley_mc,Monte Carlo Shapley,0.9548872180451128,0.9548872180451128,-0.012466497218696415,,,0.0,1.3877787807814457e-17
45,63,20,loo_oracle,LOO oracle,1.0,1.0,-0.012466497218696415,,,0.0,1.3877787807814457e-17
45,63,20,lime,LIME,0.9729323308270676,0.9729323308270676,-0.012466497218696415,,,0.0,1.3877787807814457e-17
45,64,20,shapley_mc,Monte Carlo Shapley,0.8225563909774435,0.8225563909774435,0.0020831165739731983,,,0.0,3.469446951953614e-18
45,64,20,loo_oracle,LOO oracle,1.0,1.0,0.0020831165739731983,,,0.0,3.469446951953614e-18
45,64,20,lime,LIME,0.9759398496240601,0.9759398496240601,0.0020831165739731983,,,0.0,3.469446951953614e-18
45,65,14,shapley_mc,Monte Carlo Shapley,0.9692307692307693,0.9692307692307693,-3.793508342925245e-05,,,0.0,4.336808689942018e-19
45,65,14,loo_oracle,LOO oracle,1.0,1.0,-3.793508342925245e-05,,,0.0,4.336808689942018e-19
45,65,14,lime,LIME,0.9824175824175824,0.9824175824175824,-3.793508342925245e-05,,,0.0,4.336808689942018e-19
45,66,20,shapley_mc,Monte Carlo Shapley,0.7774436090225564,0.7789473684210525,0.0011440177555434028,,,-0.0015037593984961184,8.673617379884035e-19
45,66,20,loo_oracle,LOO oracle,0.9984962406015038,1.0,0.0004201310946096992,,,-0.0015037593984962294,8.673617379884035e-19
45,66,20,lime,LIME,0.9473684210526315,0.9518796992481202,0.0004201310946096992,,,-0.004511278195488688,8.673617379884035e-19
45,67,20,shapley_mc,Monte Carlo Shapley,0.7819548872180451,0.7819548872180451,0.001983540760142566,,,0.0,3.469446951953614e-18
45,67,20,loo_oracle,LOO oracle,1.0,1.0,0.0020908070141447688,,,0.0,3.469446951953614e-18
45,67,20,lime,LIME,0.9804511278195487,0.9804511278195487,0.0020908070141447688,,,0.0,3.469446951953614e-18
45,68,20,shapley_mc,Monte Carlo Shapley,0.77593984962406,0.8090225563909773,0.0010364028088725163,,,-0.03308270676691727,8.673617379884035e-19
45,68,20,loo_oracle,LOO oracle,0.9924812030075187,1.0,0.0010911358912804592,,,-0.007518796992481258,8.673617379884035e-19
45,68,20,lime,LIME,0.9518796992481202,0.9699248120300751,0.000176976839239118,,,-0.018045112781954864,8.673617379884035e-19
45,69,20,shapley_mc,Monte Carlo Shapley,0.8165413533834586,0.8165413533834586,0.0011540252722173072,,,0.0,0.0
45,69,20,loo_oracle,LOO oracle,1.0,1.0,0.0011540252722173072,,,0.0,0.0
45,69,20,lime,LIME,0.9804511278195487,0.9804511278195487,0.0011540252722173072,,,0.0,0.0
45,70,17,shapley_mc,Monte Carlo Shapley,0.875,0.9044117647058825,-0.0011178648042885486,,,-0.02941176470588247,8.673617379884035e-19
45,70,17,loo_oracle,LOO oracle,0.9926470588235295,1.0,-0.0011178648042885486,,,-0.007352941176470451,8.673617379884035e-19
45,70,17,lime,LIME,0.965686274509804,0.9705882352941178,-0.0011178648042885486,,,-0.004901960784313708,8.673617379884035e-19
45,71,20,shapley_mc,Monte Carlo Shapley,0.7308270676691728,0.7308270676691728,0.0020073691243304714,,,0.0,0.0
45,71,20,loo_oracle,LOO oracle,1.0,1.0,0.0020073691243304714,,,0.0,0.0
45,71,20,lime,LIME,0.9684210526315788,0.9684210526315788,0.0020073691243304714,,,0.0,0.0
45,72,20,shapley_mc,Monte Carlo Shapley,0.593984962406015,0.5428571428571428,0.00028082972381526794,,,0.05112781954887213,8.673617379884035e-19
45,72,20,loo_oracle,LOO oracle,0.9774436090225563,1.0,-0.0006738418959589265,,,-0.022556390977443663,8.673617379884035e-19
45,72,20,lime,LIME,0.8300751879699247,0.8781954887218045,-0.0006738418959589265,,,-0.048120300751879785,8.673617379884035e-19
45,73,20,shapley_mc,Monte Carlo Shapley,0.7037593984962407,0.6586466165413534,0.0015992738312393118,,,0.04511278195488733,3.469446951953614e-18
45,73,20,loo_oracle,LOO oracle,0.993984962406015,1.0,0.0016599516295902617,,,-0.006015037593985029,3.469446951953614e-18
45,73,20,lime,LIME,0.9774436090225563,0.9744360902255638,0.0016599516295902617,,,0.00300751879699257,3.469446951953614e-18
45,74,20,shapley_mc,Monte Carlo Shapley,0.8225563909774435,0.8165413533834586,0.0013458571061363833,,,0.006015037593984918,1.734723475976807e-18
45,74,20,loo_oracle,LOO oracle,0.9984962406015038,1.0,0.0013458571061363833,,,-0.0015037593984962294,1.734723475976807e-18
45,74,20,lime,LIME,0.9127819548872179,0.9233082706766916,0.0013458571061363833,,,-0.010526315789473717,1.734723475976807e-18
45,75,20,shapley_mc,Monte Carlo Shapley,0.724812030075188,0.7233082706766917,-9.539076724951467e-05,,,0.0015037593984963404,4.336808689942018e-19
45,75,20,loo_oracle,LOO oracle,0.9984962406015038,1.0,-9.539076724951467e-05,,,-0.0015037593984962294,4.336808689942018e-19
45,75,20,lime,LIME,0.8902255639097743,0.8917293233082706,-9.539076724951467e-05,,,-0.0015037593984963404,4.336808689942018e-19
45,76,10,shapley_mc,Monte Carlo Shapley,0.7454545454545454,0.7454545454545454,-0.016478423871326586,,,0.0,1.3877787807814457e-17
45,76,10,loo_oracle,LOO oracle,0.9999999999999999,0.9999999999999999,-0.006549542950656573,,,0.0,1.3877787807814457e-17
45,76,10,lime,LIME,0.9636363636363635,0.9636363636363635,-0.006549542950656573,,,0.0,1.3877787807814457e-17
45,77,20,shapley_mc,Monte Carlo Shapley,0.5729323308270676,0.5172932330827067,0.0006296548959195403,,,0.05563909774436093,0.0
45,77,20,loo_oracle,LOO oracle,0.9819548872180449,1.0,0.00023993852520054482,,,-0.018045112781955086,0.0
45,77,20,lime,LIME,0.78796992481203,0.8270676691729323,0.00023993852520054482,,,-0.0390977443609023,0.0
45,78,14,shapley_mc,Monte Carlo Shapley,0.5252747252747253,0.5164835164835165,0.001885341575650623,,,0.00879120879120876,0.0
45,78,14,loo_oracle,LOO oracle,0.9956043956043955,1.0,0.000824719655465378,,,-0.004395604395604491,0.0
45,78,14,lime,LIME,0.9428571428571428,0.9516483516483516,0.000824719655465378,,,-0.00879120879120876,0.0
45,79,20,shapley_mc,Monte Carlo Shapley,0.7999999999999999,0.7729323308270677,0.0010073382514770857,,,0.02706766917293224,1.734723475976807e-18
45,79,20,loo_oracle,LOO oracle,0.9834586466165413,1.0,0.0004190139099782275,,,-0.016541353383458746,1.734723475976807e-18
45,79,20,lime,LIME,0.9218045112781955,0.9518796992481202,0.0004190139099782275,,,-0.0300751879699247,1.734723475976807e-18
45,80,20,shapley_mc,Monte Carlo Shapley,0.8556390977443609,0.8481203007518796,-0.005420265939131141,,,0.007518796992481258,6.938893903907228e-18
45,80,20,loo_oracle,LOO oracle,0.9954887218045112,1.0,-0.005420265939131141,,,-0.004511278195488799,6.938893903907228e-18
45,80,20,lime,LIME,0.9864661654135337,0.9834586466165413,-0.005420265939131141,,,0.003007518796992459,6.938893903907228e-18
45,81,20,shapley_mc,Monte Carlo Shapley,0.7398496240601502,0.7398496240601502,0.0008334832170371897,,,0.0,2.6020852139652106e-18
45,81,20,loo_oracle,LOO oracle,1.0,1.0,0.0014799908407627238,,,0.0,2.6020852139652106e-18
45,81,20,lime,LIME,0.9503759398496241,0.9503759398496241,0.0008334832170371897,,,0.0,2.6020852139652106e-18
45,82,20,shapley_mc,Monte Carlo Shapley,0.837593984962406,0.837593984962406,0.0035622182559618687,,,0.0,3.469446951953614e-18
45,82,20,loo_oracle,LOO oracle,1.0,1.0,0.0035622182559618687,,,0.0,3.469446951953614e-18
45,82,20,lime,LIME,0.9864661654135337,0.9864661654135337,0.0035622182559618687,,,0.0,3.469446951953614e-18
45,83,20,shapley_mc,Monte Carlo Shapley,0.5052631578947367,0.5052631578947367,-0.005601109111987634,,,0.0,2.7755575615628914e-17
45,83,20,loo_oracle,LOO oracle,1.0,1.0,0.0007908454303440227,,,0.0,2.7755575615628914e-17
45,83,20,lime,LIME,0.9969924812030074,0.9969924812030074,0.0007908454303440227,,,0.0,2.7755575615628914e-17
45,84,13,shapley_mc,Monte Carlo Shapley,0.6868131868131868,0.6703296703296703,0.0007346517018554377,,,0.016483516483516536,0.0
45,84,13,loo_oracle,LOO oracle,0.9945054945054945,1.0,0.0007346517018554377,,,-0.005494505494505475,0.0
45,84,13,lime,LIME,0.8296703296703297,0.8516483516483516,0.0007346517018554377,,,-0.0219780219780219,0.0
45,85,20,shapley_mc,Monte Carlo Shapley,0.7609022556390977,0.7533834586466165,0.0018583406705764416,,,0.007518796992481258,1.734723475976807e-18
45,85,20,loo_oracle,LOO oracle,0.9984962406015038,1.0,0.0018583406705764416,,,-0.0015037593984962294,1.734723475976807e-18
45,85,20,lime,LIME,0.9548872180451128,0.9578947368421054,0.0018583406705764416,,,-0.00300751879699257,1.734723475976807e-18
45,86,20,shapley_mc,Monte Carlo Shapley,0.8285714285714285,0.8285714285714285,-0.0007843200376692616,,,0.0,0.0
45,86,20,loo_oracle,LOO oracle,1.0,1.0,-0.00013724930208025565,,,0.0,0.0
45,86,20,lime,LIME,0.9744360902255638,0.9744360902255638,-0.00013724930208025565,,,0.0,0.0
45,87,20,shapley_mc,Monte Carlo Shapley,0.8601503759398496,0.8556390977443609,0.0018655371630263984,,,0.004511278195488688,1.734723475976807e-18
45,87,20,loo_oracle,LOO oracle,0.9954887218045112,1.0,0.0018655371630263984,,,-0.004511278195488799,1.734723475976807e-18
45,87,20,lime,LIME,0.9488721804511278,0.9458646616541352,0.0018655371630263984,,,0.00300751879699257,1.734723475976807e-18
45,88,11,shapley_mc,Monte Carlo Shapley,0.7454545454545456,0.7636363636363637,0.0024426477111178513,,,-0.018181818181818077,3.469446951953614e-18
45,88,11,loo_oracle,LOO oracle,0.990909090909091,1.0,3.776317021420006e-06,,,-0.009090909090909038,3.469446951953614e-18
45,88,11,lime,LIME,0.9,0.9090909090909091,3.776317021420006e-06,,,-0.009090909090909038,3.469446951953614e-18
45,89,20,shapley_mc,Monte Carlo Shapley,0.6827067669172932,0.6706766917293233,0.0019385906056470503,,,0.012030075187969835,3.469446951953614e-18
45,89,20,loo_oracle,LOO oracle,0.9894736842105262,1.0,0.001192738260557047,,,-0.010526315789473828,3.469446951953614e-18
45,89,20,lime,LIME,0.8947368421052632,0.9022556390977443,0.001192738260557047,,,-0.007518796992481147,3.469446951953614e-18
45,90,20,shapley_mc,Monte Carlo Shapley,0.7684210526315788,0.7804511278195487,-9.280435912090157e-05,,,-0.012030075187969946,4.336808689942018e-19
45,90,20,loo_oracle,LOO oracle,0.9969924812030074,1.0,-9.280435912090157e-05,,,-0.00300751879699257,4.336808689942018e-19
45,90,20,lime,LIME,0.9699248120300751,0.9744360902255638,-9.280435912090157e-05,,,-0.004511278195488688,4.336808689942018e-19
45,91,20,shapley_mc,Monte Carlo Shapley,0.5398496240601504,0.3744360902255639,0.00025484824241178705,,,0.16541353383458646,0.0
45,91,20,loo_oracle,LOO oracle,0.9172932330827066,1.0,-0.000523357993551965,,,-0.0827067669172934,0.0
45,91,20,lime,LIME,0.5278195488721804,0.7022556390977444,-0.000523357993551965,,,-0.17443609022556394,0.0
45,92,20,shapley_mc,Monte Carlo Shapley,0.6571428571428571,0.5518796992481202,0.0003147920269382931,,,0.10526315789473695,4.336808689942018e-19
45,92,20,loo_oracle,LOO oracle,0.9263157894736842,1.0,-0.00041588329345126906,,,-0.0736842105263158,4.336808689942018e-19
45,92,20,lime,LIME,0.8421052631578947,0.8812030075187969,4.690436258247832e-05,,,-0.03909774436090219,4.336808689942018e-19
45,93,12,shapley_mc,Monte Carlo Shapley,0.7062937062937064,0.7132867132867133,0.0002936982386108622,,,-0.006993006993006978,0.0
45,93,12,loo_oracle,LOO oracle,0.9720279720279721,1.0,0.0002936982386108622,,,-0.027972027972027913,0.0
45,93,12,lime,LIME,0.8531468531468532,0.8951048951048951,0.0002936982386108622,,,-0.04195804195804187,0.0
45,94,20,shapley_mc,Monte Carlo Shapley,0.956390977443609,0.956390977443609,-0.0007122893761953852,,,0.0,8.673617379884035e-19
45,94,20,loo_oracle,LOO oracle,1.0,1.0,-0.0007290884495678718,,,0.0,8.673617379884035e-19
45,94,20,lime,LIME,0.9503759398496241,0.9503759398496241,-0.0007290884495678718,,,0.0,8.673617379884035e-19
45,95,20,shapley_mc,Monte Carlo Shapley,0.7187969924812029,0.7022556390977444,0.00092105156588973,,,0.016541353383458524,1.734723475976807e-18
45,95,20,loo_oracle,LOO oracle,0.9894736842105262,1.0,0.00028329438587515465,,,-0.010526315789473828,1.734723475976807e-18
45,95,20,lime,LIME,0.9684210526315788,0.9744360902255638,0.00028329438587515465,,,-0.006015037593984918,1.734723475976807e-18
45,96,20,shapley_mc,Monte Carlo Shapley,0.7383458646616541,0.7473684210526315,0.0009545172296726023,,,-0.009022556390977376,1.734723475976807e-18
45,96,20,loo_oracle,LOO oracle,0.9984962406015038,1.0,-0.0010684160105750018,,,-0.0015037593984962294,1.734723475976807e-18
45,96,20,lime,LIME,0.9714285714285714,0.9789473684210527,-0.0010684160105750018,,,-0.007518796992481258,1.734723475976807e-18
45,97,10,shapley_mc,Monte Carlo Shapley,0.8666666666666665,0.8666666666666665,-0.0029150724446248555,,,0.0,0.0
45,97,10,loo_oracle,LOO oracle,0.9999999999999999,0.9999999999999999,-0.0029150724446248555,,,0.0,0.0
45,97,10,lime,LIME,0.9030303030303028,0.9030303030303028,-0.0029150724446248555,,,0.0,0.0
45,98,20,shapley_mc,Monte Carlo Shapley,0.5729323308270676,0.5278195488721804,0.00034441755475550506,,,0.045112781954887216,0.0
45,98,20,loo_oracle,LOO oracle,0.9924812030075187,1.0,-0.0006094128978225144,,,-0.007518796992481258,0.0
45,98,20,lime,LIME,0.918796992481203,0.9368421052631578,-0.0006094128978225144,,,-0.018045112781954864,0.0
45,99,18,shapley_mc,Monte Carlo Shapley,0.7915376676986584,0.7915376676986584,-0.001424591670607267,,,0.0,3.469446951953614e-18
45,99,18,loo_oracle,LOO oracle,1.0,1.0,0.0017251459222901167,,,0.0,3.469446951953614e-18
45,99,18,lime,LIME,0.9876160990712075,0.9876160990712075,0.0017251459222901167,,,0.0,3.469446951953614e-18
45,100,20,shapley_mc,Monte Carlo Shapley,0.3954887218045112,0.32481203007518794,-0.0003331767275798203,,,0.07067669172932328,2.168404344971009e-19
45,100,20,loo_oracle,LOO oracle,0.9172932330827066,1.0,-0.0006089050987044264,,,-0.0827067669172934,2.168404344971009e-19
45,100,20,lime,LIME,0.813533834586466,0.8781954887218045,-0.0006089050987044264,,,-0.06466165413533853,2.168404344971009e-19
45,101,20,shapley_mc,Monte Carlo Shapley,0.793984962406015,0.7954887218045112,0.0018284062842479631,,,-0.0015037593984962294,0.0
45,101,20,loo_oracle,LOO oracle,0.9984962406015038,1.0,0.0018284062842479631,,,-0.0015037593984962294,0.0
45,101,20,lime,LIME,0.8706766917293233,0.875187969924812,0.0018284062842479631,,,-0.004511278195488688,0.0
45,102,20,shapley_mc,Monte Carlo Shapley,0.5639097744360902,0.5578947368421052,0.0005610706491648854,,,0.006015037593985029,4.336808689942018e-19
45,102,20,loo_oracle,LOO oracle,0.9714285714285714,1.0,6.545060568569072e-05,,,-0.02857142857142858,4.336808689942018e-19
45,102,20,lime,LIME,0.932330827067669,0.9654135338345864,6.545060568569072e-05,,,-0.03308270676691738,4.336808689942018e-19
45,103,19,shapley_mc,Monte Carlo Shapley,0.8315789473684211,0.8315789473684211,0.002202239505744996,,,0.0,6.071532165918825e-18
45,103,19,loo_oracle,LOO oracle,1.0,1.0,0.002202239505744996,,,0.0,6.071532165918825e-18
45,103,19,lime,LIME,0.9210526315789472,0.9210526315789472,0.002202239505744996,,,0.0,6.071532165918825e-18
45,104,20,shapley_mc,Monte Carlo Shapley,0.7157894736842104,0.7157894736842104,0.0013152537556498922,,,0.0,3.469446951953614e-18
45,104,20,loo_oracle,LOO oracle,1.0,1.0,0.0002578684092933159,,,0.0,3.469446951953614e-18
45,104,20,lime,LIME,0.9548872180451128,0.9548872180451128,0.0002578684092933159,,,0.0,3.469446951953614e-18
45,105,20,shapley_mc,Monte Carlo Shapley,0.675187969924812,0.6601503759398496,0.0016200942017617348,,,0.015037593984962405,1.734723475976807e-18
45,105,20,loo_oracle,LOO oracle,0.9924812030075187,1.0,0.0016200942017617348,,,-0.007518796992481258,1.734723475976807e-18
45,105,20,lime,LIME,0.9624060150375938,0.9639097744360902,0.0016200942017617348,,,-0.0015037593984963404,1.734723475976807e-18
45,106,20,shapley_mc,Monte Carlo Shapley,0.8270676691729323,0.8150375939849623,-0.0001134943765940255,,,0.012030075187969946,0.0
45,106,20,loo_oracle,LOO oracle,0.9969924812030074,1.0,-0.0001134943765940255,,,-0.00300751879699257,0.0
45,106,20,lime,LIME,0.9488721804511278,0.9548872180451128,-0.0008802509376803491,,,-0.006015037593985029,0.0
45,107,15,shapley_mc,Monte Carlo Shapley,0.8999999999999999,0.8999999999999999,0.005793735288088353,,,0.0,3.469446951953614e-17
45,107,15,loo_oracle,LOO oracle,1.0,1.0,0.005793735288088353,,,0.0,3.469446951953614e-17
45,107,15,lime,LIME,0.9428571428571427,0.9428571428571427,0.005738480073929353,,,0.0,3.469446951953614e-17
45,108,20,shapley_mc,Monte Carlo Shapley,0.7413533834586465,0.7548872180451127,0.000692232365405665,,,-0.013533834586466176,1.3010426069826053e-18
45,108,20,loo_oracle,LOO oracle,0.993984962406015,1.0,-1.976907062384292e-05,,,-0.006015037593985029,1.3010426069826053e-18
45,108,20,lime,LIME,0.9142857142857143,0.9368421052631578,-1.976907062384292e-05,,,-0.022556390977443552,1.3010426069826053e-18
45,109,20,shapley_mc,Monte Carlo Shapley,0.669172932330827,0.6781954887218045,0.0003662181547469112,,,-0.009022556390977488,4.336808689942018e-19
45,109,20,loo_oracle,LOO oracle,0.9849624060150375,1.0,0.00033944808338842725,,,-0.015037593984962516,4.336808689942018e-19
45,109,20,lime,LIME,0.849624060150376,0.825563909774436,0.00033944808338842725,,,0.024060150375939893,4.336808689942018e-19
45,110,20,shapley_mc,Monte Carlo Shapley,0.6556390977443608,0.6962406015037594,0.0006132665196793563,,,-0.04060150375939864,8.673617379884035e-19
45,110,20,loo_oracle,LOO oracle,0.9518796992481202,1.0,-5.4334472465111805e-05,,,-0.048120300751879785,8.673617379884035e-19
45,110,20,lime,LIME,0.77593984962406,0.8781954887218045,-6.279909294976127e-05,,,-0.10225563909774449,8.673617379884035e-19
45,111,20,shapley_mc,Monte Carlo Shapley,0.8436090225563909,0.819548872180451,0.0006767773971514401,,,0.024060150375939893,0.0
45,111,20,loo_oracle,LOO oracle,0.9909774436090225,1.0,5.559638691277069e-05,,,-0.009022556390977488,0.0
45,111,20,lime,LIME,0.9789473684210527,0.9699248120300751,7.07639084877032e-05,,,0.009022556390977599,0.0
45,112,20,shapley_mc,Monte Carlo Shapley,0.7398496240601502,0.6947368421052631,0.0006416390535438077,,,0.045112781954887105,6.938893903907228e-18
45,112,20,loo_oracle,LOO oracle,0.9879699248120299,1.0,0.0006353459469906619,,,-0.012030075187970057,6.938893903907228e-18
45,112,20,lime,LIME,0.8872180451127819,0.9218045112781955,0.0006353459469906619,,,-0.03458646616541361,6.938893903907228e-18
45,113,20,shapley_mc,Monte Carlo Shapley,0.49624060150375937,0.4526315789473684,0.00042583889035852085,,,0.043609022556390986,1.734723475976807e-18
45,113,20,loo_oracle,LOO oracle,0.9909774436090225,1.0,0.00041783109150311804,,,-0.009022556390977488,1.734723475976807e-18
45,113,20,lime,LIME,0.8150375939849623,0.8421052631578947,0.00041783109150311804,,,-0.02706766917293235,1.734723475976807e-18
45,114,20,shapley_mc,Monte Carlo Shapley,0.8872180451127819,0.8812030075187969,0.002156464306660222,,,0.006015037593985029,0.0
45,114,20,loo_oracle,LOO oracle,0.9969924812030074,1.0,0.002156464306660222,,,-0.00300751879699257,0.0
45,114,20,lime,LIME,0.9578947368421054,0.956390977443609,0.0010950862100524983,,,0.0015037593984963404,0.0
45,115,20,shapley_mc,Monte Carlo Shapley,0.801503759398496,0.78796992481203,0.0009051913651130228,,,0.013533834586466065,0.0
45,115,20,loo_oracle,LOO oracle,0.9924812030075187,1.0,8.407364780010917e-05,,,-0.007518796992481258,0.0
45,115,20,lime,LIME,0.9699248120300751,0.9759398496240601,8.407364780010917e-05,,,-0.006015037593985029,0.0
45,116,20,shapley_mc,Monte Carlo Shapley,0.7353383458646616,0.7127819548872181,-0.00021984559131826842,,,0.022556390977443552,0.0
45,116,20,loo_oracle,LOO oracle,0.9654135338345864,1.0,-0.0007274453874059339,,,-0.03458646616541361,0.0
45,116,20,lime,LIME,0.8917293233082706,0.932330827067669,-0.0007274453874059339,,,-0.040601503759398416,0.0
45,117,20,shapley_mc,Monte Carlo Shapley,0.8345864661654135,0.8345864661654135,0.0009865490222293882,,,0.0,1.734723475976807e-18
45,117,20,loo_oracle,LOO oracle,1.0,1.0,0.0011919268736770294,,,0.0,1.734723475976807e-18
45,117,20,lime,LIME,0.9819548872180449,0.9819548872180449,0.0011919268736770294,,,0.0,1.734723475976807e-18
45,118,20,shapley_mc,Monte Carlo Shapley,0.8992481203007519,0.882706766917293,0.0016299894799188253,,,0.016541353383458857,3.469446951953614e-18
45,118,20,loo_oracle,LOO oracle,0.9864661654135337,1.0,0.0016299894799188253,,,-0.013533834586466287,3.469446951953614e-18
45,118,20,lime,LIME,0.9353383458646616,0.9548872180451128,0.0016299894799188253,,,-0.019548872180451204,3.469446951953614e-18
45,119,20,shapley_mc,Monte Carlo Shapley,0.669172932330827,0.669172932330827,0.0011087779802800846,,,0.0,0.0
45,119,20,loo_oracle,LOO oracle,1.0,1.0,9.916547384725138e-05,,,0.0,0.0
45,119,20,lime,LIME,0.9879699248120299,0.9879699248120299,9.916547384725138e-05,,,0.0,0.0
45,120,20,shapley_mc,Monte Carlo Shapley,0.7639097744360903,0.78796992481203,-2.912929851217605e-05,,,-0.02406015037593967,2.168404344971009e-19
45,120,20,loo_oracle,LOO oracle,0.9744360902255638,1.0,-0.0006421410730094168,,,-0.025563909774436233,2.168404344971009e-19
45,120,20,lime,LIME,0.9097744360902256,0.9398496240601503,-0.0006421410730094168,,,-0.0300751879699247,2.168404344971009e-19
45,121,20,shapley_mc,Monte Carlo Shapley,0.7157894736842104,0.7157894736842104,0.002987596060979425,,,0.0,6.938893903907228e-18
45,121,20,loo_oracle,LOO oracle,1.0,1.0,0.002987596060979425,,,0.0,6.938893903907228e-18
45,121,20,lime,LIME,0.9849624060150375,0.9849624060150375,0.002987596060979425,,,0.0,6.938893903907228e-18
45,122,20,shapley_mc,Monte Carlo Shapley,0.7819548872180451,0.7383458646616541,1.2345684427705894e-05,,,0.043609022556390986,0.0
45,122,20,loo_oracle,LOO oracle,0.9789473684210527,1.0,1.2345684427705894e-05,,,-0.021052631578947323,0.0
45,122,20,lime,LIME,0.9413533834586465,0.9443609022556391,1.2345684427705894e-05,,,-0.00300751879699257,0.0
45,123,18,shapley_mc,Monte Carlo Shapley,0.6099071207430341,0.5995872033023736,0.001365837161483363,,,0.01031991744066052,0.0
45,123,18,loo_oracle,LOO oracle,0.9876160990712075,1.0,0.001365837161483363,,,-0.01238390092879249,0.0
45,123,18,lime,LIME,0.9752321981424149,0.977296181630547,0.001365837161483363,,,-0.0020639834881320818,0.0
45,124,20,shapley_mc,Monte Carlo Shapley,0.7684210526315788,0.7669172932330827,6.05231466944689e-05,,,0.0015037593984961184,0.0
45,124,20,loo_oracle,LOO oracle,0.9909774436090225,1.0,6.05231466944689e-05,,,-0.009022556390977488,0.0
45,124,20,lime,LIME,0.9624060150375938,0.9593984962406013,6.05231466944689e-05,,,0.00300751879699257,0.0
45,125,20,shapley_mc,Monte Carlo Shapley,0.801503759398496,0.801503759398496,0.002054207416748388,,,0.0,0.0
45,125,20,loo_oracle,LOO oracle,1.0,1.0,0.002054207416748388,,,0.0,0.0
45,125,20,lime,LIME,0.9894736842105262,0.9894736842105262,0.002054207416748388,,,0.0,0.0
45,126,20,shapley_mc,Monte Carlo Shapley,0.7924812030075187,0.8300751879699247,-7.582699759045575e-05,,,-0.03759398496240607,2.168404344971009e-19
45,126,20,loo_oracle,LOO oracle,0.9819548872180449,1.0,-7.582699759045575e-05,,,-0.018045112781955086,2.168404344971009e-19
45,126,20,lime,LIME,0.9052631578947368,0.9278195488721804,-7.582699759045575e-05,,,-0.022556390977443663,2.168404344971009e-19
45,127,16,shapley_mc,Monte Carlo Shapley,0.8205882352941177,0.8205882352941177,0.002570204814692667,,,0.0,1.734723475976807e-18
45,127,16,loo_oracle,LOO oracle,1.0,1.0,0.0017383190461318643,,,0.0,1.734723475976807e-18
45,127,16,lime,LIME,0.9676470588235294,0.9676470588235294,0.0017818547507885696,,,0.0,1.734723475976807e-18
45,128,20,shapley_mc,Monte Carlo Shapley,0.7488721804511278,0.7488721804511278,0.0024087008185714742,,,0.0,0.0
45,128,20,loo_oracle,LOO oracle,1.0,1.0,0.0024087008185714742,,,0.0,0.0
45,128,20,lime,LIME,0.8932330827067668,0.8932330827067668,0.0009195300155377395,,,0.0,0.0
45,129,20,shapley_mc,Monte Carlo Shapley,0.6511278195488721,0.6105263157894737,0.0001135107076698505,,,0.040601503759398416,4.336808689942018e-19
45,129,20,loo_oracle,LOO oracle,0.9849624060150375,1.0,0.0001135107076698505,,,-0.015037593984962516,4.336808689942018e-19
45,129,20,lime,LIME,0.8481203007518796,0.8857142857142858,0.0001135107076698505,,,-0.03759398496240618,4.336808689942018e-19
45,130,20,shapley_mc,Monte Carlo Shapley,0.863157894736842,0.8676691729323308,0.0019343096259971104,,,-0.004511278195488799,1.734723475976807e-18
45,130,20,loo_oracle,LOO oracle,0.9984962406015038,1.0,0.0019343096259971104,,,-0.0015037593984962294,1.734723475976807e-18
45,130,20,lime,LIME,0.9669172932330825,0.9714285714285714,0.0019343096259971104,,,-0.00451127819548891,1.734723475976807e-18
45,131,20,shapley_mc,Monte Carlo Shapley,0.8451127819548873,0.831578947368421,0.002446088148355674,,,0.013533834586466287,1.734723475976807e-18
45,131,20,loo_oracle,LOO oracle,0.9984962406015038,1.0,0.002446088148355674,,,-0.0015037593984962294,1.734723475976807e-18
45,131,20,lime,LIME,0.9864661654135337,0.9894736842105262,0.002446088148355674,,,-0.003007518796992459,1.734723475976807e-18
45,132,20,shapley_mc,Monte Carlo Shapley,0.6090225563909774,0.5654135338345864,0.0007420091137314011,,,0.043609022556390986,0.0
45,132,20,loo_oracle,LOO oracle,0.9744360902255638,1.0,0.00021069318894528788,,,-0.025563909774436233,0.0
45,132,20,lime,LIME,0.9533834586466164,0.9714285714285714,0.00021069318894528788,,,-0.018045112781954975,0.0
45,133,20,shapley_mc,Monte Carlo Shapley,0.8270676691729323,0.8045112781954886,-3.6158668392904936e-05,,,0.022556390977443663,8.673617379884035e-19
45,133,20,loo_oracle,LOO oracle,0.9879699248120299,1.0,-3.6158668392904936e-05,,,-0.012030075187970057,8.673617379884035e-19
45,133,20,lime,LIME,0.918796992481203,0.9157894736842105,-3.6158668392904936e-05,,,0.003007518796992459,8.673617379884035e-19
45,134,20,shapley_mc,Monte Carlo Shapley,0.9609022556390976,0.9714285714285714,-0.0009690162279846204,,,-0.010526315789473828,1.734723475976807e-18
45,134,20,loo_oracle,LOO oracle,0.9909774436090225,1.0,-0.0009690162279846204,,,-0.009022556390977488,1.734723475976807e-18
45,134,20,lime,LIME,0.9804511278195487,0.9849624060150375,-0.0009690162279846204,,,-0.004511278195488799,1.734723475976807e-18
45,135,20,shapley_mc,Monte Carlo Shapley,0.6406015037593984,0.6451127819548872,0.0020082436757583033,,,-0.004511278195488799,3.469446951953614e-18
45,135,20,loo_oracle,LOO oracle,0.9954887218045112,1.0,0.0020082436757583033,,,-0.004511278195488799,3.469446951953614e-18
45,135,20,lime,LIME,0.837593984962406,0.8300751879699247,0.0020082436757583033,,,0.007518796992481258,3.469446951953614e-18
45,136,20,shapley_mc,Monte Carlo Shapley,0.8842105263157894,0.8842105263157894,0.001221641903343229,,,0.0,1.734723475976807e-18
45,136,20,loo_oracle,LOO oracle,1.0,1.0,0.001221641903343229,,,0.0,1.734723475976807e-18
45,136,20,lime,LIME,0.918796992481203,0.918796992481203,0.001221641903343229,,,0.0,1.734723475976807e-18
45,137,20,shapley_mc,Monte Carlo Shapley,0.8902255639097743,0.8691729323308269,0.0007556791756523351,,,0.021052631578947323,0.0
45,137,20,loo_oracle,LOO oracle,0.9909774436090225,1.0,0.0002019781743985427,,,-0.009022556390977488,0.0
45,137,20,lime,LIME,0.9639097744360902,0.9804511278195487,0.0002019781743985427,,,-0.016541353383458524,0.0
45,138,20,shapley_mc,Monte Carlo Shapley,0.6060150375939849,0.5729323308270676,0.000714416336761059,,,0.03308270676691727,8.673617379884035e-19
45,138,20,loo_oracle,LOO oracle,0.9849624060150375,1.0,0.00014737922080171328,,,-0.015037593984962516,8.673617379884035e-19
45,138,20,lime,LIME,0.825563909774436,0.8436090225563909,0.00014737922080171328,,,-0.018045112781954864,8.673617379884035e-19
45,139,20,shapley_mc,Monte Carlo Shapley,0.8180451127819548,0.8120300751879698,1.1483679846102657e-05,,,0.006015037593985029,0.0
45,139,20,loo_oracle,LOO oracle,0.9759398496240601,1.0,-1.4962249710259723e-05,,,-0.024060150375939893,0.0
45,139,20,lime,LIME,0.9203007518796992,0.932330827067669,-0.0009162011195326114,,,-0.012030075187969835,0.0
45,140,13,shapley_mc,Monte Carlo Shapley,0.8406593406593407,0.8406593406593407,0.004458492890035803,,,0.0,1.3877787807814457e-17
45,140,13,loo_oracle,LOO oracle,1.0,1.0,0.004458492890035803,,,0.0,1.3877787807814457e-17
45,140,13,lime,LIME,0.9945054945054945,0.9945054945054945,0.004458492890035803,,,0.0,1.3877787807814457e-17
45,141,20,shapley_mc,Monte Carlo Shapley,0.8706766917293233,0.8706766917293233,0.0010359386409876103,,,0.0,0.0
45,141,20,loo_oracle,LOO oracle,1.0,1.0,0.0010359386409876103,,,0.0,0.0
45,141,20,lime,LIME,0.9684210526315788,0.9684210526315788,0.0010359386409876103,,,0.0,0.0
45,142,20,shapley_mc,Monte Carlo Shapley,0.9443609022556391,0.9503759398496241,-0.001188043956513729,,,-0.006015037593985029,4.336808689942018e-19
45,142,20,loo_oracle,LOO oracle,0.9969924812030074,1.0,-0.001188043956513729,,,-0.00300751879699257,4.336808689942018e-19
45,142,20,lime,LIME,0.9864661654135337,0.9804511278195487,-0.0002449257855465792,,,0.006015037593985029,4.336808689942018e-19
45,143,15,shapley_mc,Monte Carlo Shapley,0.8964285714285712,0.8964285714285712,0.0026773410762335192,,,0.0,1.734723475976807e-18
45,143,15,loo_oracle,LOO oracle,1.0,1.0,0.0026773410762335192,,,0.0,1.734723475976807e-18
45,143,15,lime,LIME,0.9749999999999999,0.9749999999999999,0.0026773410762335192,,,0.0,1.734723475976807e-18
45,144,13,shapley_mc,Monte Carlo Shapley,0.7417582417582418,0.7417582417582418,0.0034222702712286557,,,0.0,3.469446951953614e-18
45,144,13,loo_oracle,LOO oracle,1.0,1.0,0.000579968533377162,,,0.0,3.469446951953614e-18
45,144,13,lime,LIME,0.9230769230769231,0.9230769230769231,0.000579968533377162,,,0.0,3.469446951953614e-18
45,145,20,shapley_mc,Monte Carlo Shapley,0.8436090225563909,0.8436090225563909,0.0014031959017588025,,,0.0,0.0
45,145,20,loo_oracle,LOO oracle,1.0,1.0,0.00036839316692655055,,,0.0,0.0
45,145,20,lime,LIME,0.8421052631578947,0.8421052631578947,0.00036839316692655055,,,0.0,0.0
45,146,20,shapley_mc,Monte Carlo Shapley,0.7548872180451127,0.7473684210526315,0.0009653574467679005,,,0.007518796992481258,0.0
45,146,20,loo_oracle,LOO oracle,0.9984962406015038,1.0,3.6417546951938995e-05,,,-0.0015037593984962294,0.0
45,146,20,lime,LIME,0.9654135338345864,0.9639097744360902,3.6417546951938995e-05,,,0.0015037593984962294,0.0
45,147,20,shapley_mc,Monte Carlo Shapley,0.5203007518796992,0.42255639097744363,0.0005592781619572773,,,0.09774436090225552,0.0
45,147,20,loo_oracle,LOO oracle,0.9789473684210527,1.0,-0.0005736660424646711,,,-0.021052631578947323,0.0
45,147,20,lime,LIME,0.8781954887218045,0.8977443609022555,-0.0005736660424646711,,,-0.019548872180450982,0.0
45,148,20,shapley_mc,Monte Carlo Shapley,0.6466165413533834,0.6406015037593984,-0.00015226869973972157,,,0.006015037593985029,0.0
45,148,20,loo_oracle,LOO oracle,0.9804511278195487,1.0,-0.000657001413607472,,,-0.019548872180451315,0.0
45,148,20,lime,LIME,0.825563909774436,0.8706766917293233,-0.0006086269056214677,,,-0.045112781954887216,0.0
45,149,20,shapley_mc,Monte Carlo Shapley,0.6902255639097743,0.6857142857142857,0.0013216327647434523,,,0.004511278195488577,0.0
45,149,20,loo_oracle,LOO oracle,0.9954887218045112,1.0,0.0013216327647434523,,,-0.004511278195488799,0.0
45,149,20,lime,LIME,0.9593984962406013,0.9533834586466164,0.0013216327647434523,,,0.006015037593984807,0.0
45,150,20,shapley_mc,Monte Carlo Shapley,0.8917293233082706,0.8917293233082706,0.0023990648499018774,,,0.0,3.469446951953614e-18
45,150,20,loo_oracle,LOO oracle,1.0,1.0,0.0023990648499018774,,,0.0,3.469446951953614e-18
45,150,20,lime,LIME,0.9894736842105262,0.9894736842105262,0.0023990648499018774,,,0.0,3.469446951953614e-18
45,151,18,shapley_mc,Monte Carlo Shapley,0.7729618163054695,0.7729618163054695,0.0015452016185879547,,,0.0,3.469446951953614e-18
45,151,18,loo_oracle,LOO oracle,1.0,1.0,0.0015452016185879547,,,0.0,3.469446951953614e-18
45,151,18,lime,LIME,0.9504643962848297,0.9504643962848297,0.000280592342222441,,,0.0,3.469446951953614e-18
45,152,17,shapley_mc,Monte Carlo Shapley,0.928921568627451,0.928921568627451,0.0055782651948364514,,,0.0,3.469446951953614e-18
45,152,17,loo_oracle,LOO oracle,1.0,1.0,0.0055782651948364514,,,0.0,3.469446951953614e-18
45,152,17,lime,LIME,0.982843137254902,0.982843137254902,0.0055782651948364514,,,0.0,3.469446951953614e-18
45,153,13,shapley_mc,Monte Carlo Shapley,0.8516483516483516,0.8516483516483516,-0.0031655247351976,,,0.0,0.0
45,153,13,loo_oracle,LOO oracle,1.0,1.0,-0.0031655247351976,,,0.0,0.0
45,153,13,lime,LIME,0.989010989010989,0.989010989010989,-0.0031655247351976,,,0.0,0.0
45,154,20,shapley_mc,Monte Carlo Shapley,0.9368421052631578,0.9368421052631578,0.0037101282082113163,,,0.0,0.0
45,154,20,loo_oracle,LOO oracle,1.0,1.0,0.0037101282082113163,,,0.0,0.0
45,154,20,lime,LIME,0.9819548872180449,0.9819548872180449,0.0037101282082113163,,,0.0,0.0
45,155,20,shapley_mc,Monte Carlo Shapley,0.5834586466165413,0.625563909774436,0.0007124654387482554,,,-0.042105263157894646,0.0
45,155,20,loo_oracle,LOO oracle,0.9909774436090225,1.0,0.0007124654387482554,,,-0.009022556390977488,0.0
45,155,20,lime,LIME,0.9067669172932331,0.9157894736842105,0.00018165461464370036,,,-0.009022556390977376,0.0
45,156,20,shapley_mc,Monte Carlo Shapley,0.806015037593985,0.801503759398496,0.0022283814741633767,,,0.00451127819548891,5.204170427930421e-18
45,156,20,loo_oracle,LOO oracle,0.993984962406015,1.0,0.0022283814741633767,,,-0.006015037593985029,5.204170427930421e-18
45,156,20,lime,LIME,0.9714285714285714,0.9804511278195487,0.0022283814741633767,,,-0.009022556390977265,5.204170427930421e-18
45,157,15,shapley_mc,Monte Carlo Shapley,0.7928571428571427,0.7785714285714285,0.0015065761319649762,,,0.014285714285714235,0.0
45,157,15,loo_oracle,LOO oracle,0.9964285714285712,1.0,0.0015065761319649762,,,-0.003571428571428781,0.0
45,157,15,lime,LIME,0.9107142857142855,0.9214285714285713,0.0015065761319649762,,,-0.010714285714285787,0.0
45,158,20,shapley_mc,Monte Carlo Shapley,0.7804511278195487,0.7804511278195487,-0.00039365371900434987,,,0.0,0.0
45,158,20,loo_oracle,LOO oracle,1.0,1.0,-0.00039365371900434987,,,0.0,0.0
45,158,20,lime,LIME,0.9654135338345864,0.9654135338345864,-0.00039365371900434987,,,0.0,0.0
45,159,7,shapley_mc,Monte Carlo Shapley,0.7500000000000002,0.7500000000000002,0.010166972568655896,,,0.0,1.3877787807814457e-17
45,159,7,loo_oracle,LOO oracle,1.0,1.0,0.004884572498478179,,,0.0,1.3877787807814457e-17
45,159,7,lime,LIME,0.9642857142857145,0.9642857142857145,0.004884572498478179,,,0.0,1.3877787807814457e-17
45,160,20,shapley_mc,Monte Carlo Shapley,0.837593984962406,0.7548872180451127,0.0009378330428247983,,,0.08270676691729328,4.336808689942018e-19
45,160,20,loo_oracle,LOO oracle,0.9624060150375938,1.0,0.0002701015381195715,,,-0.03759398496240618,4.336808689942018e-19
45,160,20,lime,LIME,0.8857142857142858,0.9157894736842105,0.0002701015381195715,,,-0.0300751879699247,4.336808689942018e-19
45,161,20,shapley_mc,Monte Carlo Shapley,0.8120300751879698,0.801503759398496,0.0015745527352213906,,,0.010526315789473717,1.734723475976807e-18
45,161,20,loo_oracle,LOO oracle,0.993984962406015,1.0,0.0015745527352213906,,,-0.006015037593985029,1.734723475976807e-18
45,161,20,lime,LIME,0.9774436090225563,0.9864661654135337,0.0015745527352213906,,,-0.009022556390977376,1.734723475976807e-18
45,162,20,shapley_mc,Monte Carlo Shapley,0.7819548872180451,0.7654135338345864,0.0007398580126156684,,,0.016541353383458635,1.734723475976807e-18
45,162,20,loo_oracle,LOO oracle,0.9984962406015038,1.0,0.0007398580126156684,,,-0.0015037593984962294,1.734723475976807e-18
45,162,20,lime,LIME,0.9082706766917292,0.9037593984962405,0.00020456222035841742,,,0.004511278195488688,1.734723475976807e-18
45,163,20,shapley_mc,Monte Carlo Shapley,0.5593984962406015,0.5353383458646617,0.001269851471905059,,,0.02406015037593978,8.673617379884035e-19
45,163,20,loo_oracle,LOO oracle,0.9969924812030074,1.0,0.0007963798835409763,,,-0.00300751879699257,8.673617379884035e-19
45,163,20,lime,LIME,0.7834586466165413,0.7729323308270677,0.0007963798835409763,,,0.010526315789473606,8.673617379884035e-19
45,164,20,shapley_mc,Monte Carlo Shapley,0.3714285714285714,0.3233082706766917,0.0006740767729184749,,,0.048120300751879674,0.0
45,164,20,loo_oracle,LOO oracle,0.956390977443609,1.0,0.0003291301450751294,,,-0.043609022556390986,0.0
45,164,20,lime,LIME,0.8872180451127819,0.9203007518796992,0.00031851714416575305,,,-0.03308270676691727,0.0
45,165,20,shapley_mc,Monte Carlo Shapley,0.7834586466165413,0.7639097744360903,0.0010917026552916265,,,0.019548872180450982,1.734723475976807e-18
45,165,20,loo_oracle,LOO oracle,0.9909774436090225,1.0,0.0010917026552916265,,,-0.009022556390977488,1.734723475976807e-18
45,165,20,lime,LIME,0.8270676691729323,0.8601503759398496,0.0004059336441039063,,,-0.03308270676691727,1.734723475976807e-18
45,166,16,shapley_mc,Monte Carlo Shapley,0.8911764705882352,0.8911764705882352,0.0029148389319827994,,,0.0,3.469446951953614e-18
45,166,16,loo_oracle,LOO oracle,1.0,1.0,0.0029148389319827994,,,0.0,3.469446951953614e-18
45,166,16,lime,LIME,0.9735294117647059,0.9735294117647059,0.0029148389319827994,,,0.0,3.469446951953614e-18
45,167,16,shapley_mc,Monte Carlo Shapley,0.8117647058823528,0.788235294117647,0.0017125501175159208,,,0.0235294117647058,3.469446951953614e-18
45,167,16,loo_oracle,LOO oracle,0.9941176470588234,1.0,0.00013912963233553288,,,-0.005882352941176561,3.469446951953614e-18
45,167,16,lime,LIME,0.9911764705882352,0.9852941176470588,0.00013912963233553288,,,0.00588235294117645,3.469446951953614e-18
45,168,20,shapley_mc,Monte Carlo Shapley,0.5293233082706766,0.38646616541353385,5.561513003848884e-06,,,0.1428571428571428,0.0
45,168,20,loo_oracle,LOO oracle,0.9458646616541352,1.0,-0.0004403121629096285,,,-0.054135338345864814,0.0
45,168,20,lime,LIME,0.7082706766917292,0.849624060150376,5.561513003848884e-06,,,-0.1413533834586468,0.0
45,169,20,shapley_mc,Monte Carlo Shapley,0.7609022556390977,0.7609022556390977,0.0021102539354278527,,,0.0,5.204170427930421e-18
45,169,20,loo_oracle,LOO oracle,1.0,1.0,0.0021102539354278527,,,0.0,5.204170427930421e-18
45,169,20,lime,LIME,0.956390977443609,0.956390977443609,0.0021102539354278527,,,0.0,5.204170427930421e-18
45,170,17,shapley_mc,Monte Carlo Shapley,0.9240196078431374,0.9264705882352943,0.004318882078068187,,,-0.002450980392156854,6.938893903907228e-18
45,170,17,loo_oracle,LOO oracle,0.9975490196078433,1.0,0.004318882078068187,,,-0.002450980392156743,6.938893903907228e-18
45,170,17,lime,LIME,0.982843137254902,0.985294117647059,0.004318882078068187,,,-0.002450980392156965,6.938893903907228e-18
45,171,10,shapley_mc,Monte Carlo Shapley,0.7818181818181817,0.6969696969696969,3.9069052770734913e-08,,,0.08484848484848484,2.6020852139652106e-18
45,171,10,loo_oracle,LOO oracle,0.9151515151515152,0.9999999999999999,-0.001419651368009367,,,-0.08484848484848473,2.6020852139652106e-18
45,171,10,lime,LIME,0.7575757575757575,0.8060606060606059,-0.001419651368009367,,,-0.048484848484848464,2.6020852139652106e-18
45,172,20,shapley_mc,Monte Carlo Shapley,0.8721804511278194,0.8721804511278194,0.0039142255609020404,,,0.0,1.0408340855860843e-17
45,172,20,loo_oracle,LOO oracle,1.0,1.0,0.0039142255609020404,,,0.0,1.0408340855860843e-17
45,172,20,lime,LIME,0.9428571428571428,0.9428571428571428,0.0039142255609020404,,,0.0,1.0408340855860843e-17
45,173,20,shapley_mc,Monte Carlo Shapley,0.7639097744360903,0.7729323308270677,0.001243877714342867,,,-0.009022556390977376,8.673617379884035e-19
45,173,20,loo_oracle,LOO oracle,0.993984962406015,1.0,0.00015082207157146588,,,-0.006015037593985029,8.673617379884035e-19
45,173,20,lime,LIME,0.9533834586466164,0.9729323308270676,0.00015082207157146588,,,-0.019548872180451204,8.673617379884035e-19
45,174,20,shapley_mc,Monte Carlo Shapley,0.8932330827067668,0.8932330827067668,0.0028425511748224053,,,0.0,5.204170427930421e-18
45,174,20,loo_oracle,LOO oracle,1.0,1.0,0.0028425511748224053,,,0.0,5.204170427930421e-18
45,174,20,lime,LIME,0.9849624060150375,0.9849624060150375,0.0028425511748224053,,,0.0,5.204170427930421e-18
45,175,20,shapley_mc,Monte Carlo Shapley,0.6270676691729322,0.5338345864661653,0.0004996230243562994,,,0.09323308270676689,2.168404344971009e-19
45,175,20,loo_oracle,LOO oracle,0.918796992481203,1.0,-5.175291268239013e-05,,,-0.08120300751879705,2.168404344971009e-19
45,175,20,lime,LIME,0.8225563909774435,0.900751879699248,-5.175291268239013e-05,,,-0.07819548872180448,2.168404344971009e-19
45,176,20,shapley_mc,Monte Carlo Shapley,0.5368421052631579,0.5368421052631579,-0.0027920008904628313,,,0.0,6.938893903907228e-18
45,176,20,loo_oracle,LOO oracle,1.0,1.0,-0.0027920008904628313,,,0.0,6.938893903907228e-18
45,176,20,lime,LIME,0.9654135338345864,0.9654135338345864,-0.0027920008904628313,,,0.0,6.938893903907228e-18
45,177,20,shapley_mc,Monte Carlo Shapley,0.2601503759398496,0.31729323308270674,-0.00024125598106716772,,,-0.05714285714285716,0.0
45,177,20,loo_oracle,LOO oracle,0.9368421052631578,1.0,-0.0006894825706725838,,,-0.06315789473684219,0.0
45,177,20,lime,LIME,0.6436090225563909,0.801503759398496,-0.0006894825706725838,,,-0.1578947368421052,0.0
45,178,20,shapley_mc,Monte Carlo Shapley,0.806015037593985,0.8150375939849623,0.0007438202854042064,,,-0.009022556390977376,0.0
45,178,20,loo_oracle,LOO oracle,0.9954887218045112,1.0,0.0007438202854042064,,,-0.004511278195488799,0.0
45,178,20,lime,LIME,0.9248120300751879,0.9293233082706768,5.885759320622963e-05,,,-0.00451127819548891,0.0
45,179,20,shapley_mc,Monte Carlo Shapley,0.7924812030075187,0.793984962406015,0.0019460920817780392,,,-0.0015037593984963404,0.0
45,179,20,loo_oracle,LOO oracle,0.9984962406015038,1.0,0.0019460920817780392,,,-0.0015037593984962294,0.0
45,179,20,lime,LIME,0.9473684210526315,0.9428571428571428,0.0019460920817780392,,,0.004511278195488688,0.0
45,180,20,shapley_mc,Monte Carlo Shapley,0.7037593984962407,0.7037593984962407,0.0023216009400733317,,,0.0,0.0
45,180,20,loo_oracle,LOO oracle,1.0,1.0,0.0023216009400733317,,,0.0,0.0
45,180,20,lime,LIME,0.9218045112781955,0.9218045112781955,0.0023216009400733317,,,0.0,0.0
45,181,20,shapley_mc,Monte Carlo Shapley,0.6195488721804511,0.6195488721804511,-0.004601422971891145,,,0.0,2.7755575615628914e-17
45,181,20,loo_oracle,LOO oracle,1.0,1.0,-0.0047385042288486945,,,0.0,2.7755575615628914e-17
45,181,20,lime,LIME,0.9789473684210527,0.9789473684210527,-0.0047385042288486945,,,0.0,2.7755575615628914e-17
45,182,20,shapley_mc,Monte Carlo Shapley,0.6917293233082705,0.6511278195488721,0.0008285285435400414,,,0.040601503759398416,0.0
45,182,20,loo_oracle,LOO oracle,0.9894736842105262,1.0,0.0008710891071622151,,,-0.010526315789473828,0.0
45,182,20,lime,LIME,0.9548872180451128,0.9714285714285714,0.00010259704401754943,,,-0.016541353383458635,0.0
45,183,20,shapley_mc,Monte Carlo Shapley,0.6330827067669172,0.6360902255639098,0.0006385120269533084,,,-0.00300751879699257,8.673617379884035e-19
45,183,20,loo_oracle,LOO oracle,0.993984962406015,1.0,0.00012631112210409468,,,-0.006015037593985029,8.673617379884035e-19
45,183,20,lime,LIME,0.8992481203007519,0.9127819548872179,0.00012631112210409468,,,-0.013533834586466065,8.673617379884035e-19
45,184,20,shapley_mc,Monte Carlo Shapley,0.8736842105263156,0.8270676691729323,0.001683821530196361,,,0.046616541353383334,0.0
45,184,20,loo_oracle,LOO oracle,0.9879699248120299,1.0,0.0019536334802880972,,,-0.012030075187970057,0.0
45,184,20,lime,LIME,0.9744360902255638,0.9849624060150375,0.0019536334802880972,,,-0.010526315789473717,0.0
45,185,20,shapley_mc,Monte Carlo Shapley,0.7864661654135338,0.7864661654135338,0.0015664166442668215,,,0.0,0.0
45,185,20,loo_oracle,LOO oracle,1.0,1.0,0.0015664166442668215,,,0.0,0.0
45,185,20,lime,LIME,0.9804511278195487,0.9804511278195487,0.0015664166442668215,,,0.0,0.0
45,186,20,shapley_mc,Monte Carlo Shapley,0.3233082706766917,0.35939849624060144,0.0002853477431092877,,,-0.03609022556390973,1.734723475976807e-18
45,186,20,loo_oracle,LOO oracle,0.9864661654135337,1.0,0.0002853477431092877,,,-0.013533834586466287,1.734723475976807e-18
45,186,20,lime,LIME,0.7533834586466165,0.8075187969924811,0.0002853477431092877,,,-0.05413533834586459,1.734723475976807e-18
45,187,20,shapley_mc,Monte Carlo Shapley,0.9578947368421054,0.9578947368421054,3.974372731763154e-05,,,0.0,8.673617379884035e-19
45,187,20,loo_oracle,LOO oracle,1.0,1.0,3.177862595804548e-05,,,0.0,8.673617379884035e-19
45,187,20,lime,LIME,0.9789473684210527,0.9789473684210527,3.177862595804548e-05,,,0.0,8.673617379884035e-19
45,188,20,shapley_mc,Monte Carlo Shapley,0.9037593984962405,0.9037593984962405,0.004754877429514304,,,0.0,0.0
45,188,20,loo_oracle,LOO oracle,1.0,1.0,0.004754877429514304,,,0.0,0.0
45,188,20,lime,LIME,0.9894736842105262,0.9894736842105262,0.004754877429514304,,,0.0,0.0
45,189,20,shapley_mc,Monte Carlo Shapley,0.6766917293233082,0.6436090225563909,0.0010224578649653537,,,0.03308270676691738,8.673617379884035e-19
45,189,20,loo_oracle,LOO oracle,0.993984962406015,1.0,0.0010224578649653537,,,-0.006015037593985029,8.673617379884035e-19
45,189,20,lime,LIME,0.9533834586466164,0.9624060150375938,0.0010224578649653537,,,-0.009022556390977376,8.673617379884035e-19
45,190,12,shapley_mc,Monte Carlo Shapley,0.8321678321678322,0.8321678321678322,0.005895003352773043,,,0.0,3.469446951953614e-18
45,190,12,loo_oracle,LOO oracle,1.0,1.0,0.005895003352773043,,,0.0,3.469446951953614e-18
45,190,12,lime,LIME,0.9300699300699302,0.9300699300699302,0.005895003352773043,,,0.0,3.469446951953614e-18
45,191,20,shapley_mc,Monte Carlo Shapley,0.7278195488721804,0.7278195488721804,0.003419240803588297,,,0.0,6.938893903907228e-18
45,191,20,loo_oracle,LOO oracle,1.0,1.0,0.003419240803588297,,,0.0,6.938893903907228e-18
45,191,20,lime,LIME,0.9639097744360902,0.9639097744360902,0.003419240803588297,,,0.0,6.938893903907228e-18
45,192,20,shapley_mc,Monte Carlo Shapley,0.669172932330827,0.6571428571428571,5.770746494981882e-05,,,0.012030075187969835,0.0
45,192,20,loo_oracle,LOO oracle,0.9954887218045112,1.0,5.770746494981882e-05,,,-0.004511278195488799,0.0
45,192,20,lime,LIME,0.8857142857142858,0.8992481203007519,5.770746494981882e-05,,,-0.013533834586466065,0.0
45,193,20,shapley_mc,Monte Carlo Shapley,0.863157894736842,0.863157894736842,-0.00015123516017023775,,,0.0,8.673617379884035e-19
45,193,20,loo_oracle,LOO oracle,1.0,1.0,-0.00015123516017023775,,,0.0,8.673617379884035e-19
45,193,20,lime,LIME,0.9533834586466164,0.9533834586466164,-0.0008988741741827733,,,0.0,8.673617379884035e-19
45,194,20,shapley_mc,Monte Carlo Shapley,0.4872180451127819,0.4481203007518797,2.6702531521483053e-06,,,0.03909774436090219,0.0
45,194,20,loo_oracle,LOO oracle,0.8661654135338346,1.0,2.6702531521483053e-06,,,-0.13383458646616542,0.0
45,194,20,lime,LIME,0.6210526315789473,0.8270676691729323,2.6702531521483053e-06,,,-0.20601503759398498,0.0
45,195,20,shapley_mc,Monte Carlo Shapley,0.6075187969924812,0.6075187969924812,0.0008013153997591393,,,0.0,0.0
45,195,20,loo_oracle,LOO oracle,1.0,1.0,0.0008013153997591393,,,0.0,0.0
45,195,20,lime,LIME,0.9428571428571428,0.9428571428571428,0.0008013153997591393,,,0.0,0.0
45,196,13,shapley_mc,Monte Carlo Shapley,0.5989010989010989,0.5989010989010989,-0.012444633022240636,,,0.0,1.3877787807814457e-17
45,196,13,loo_oracle,LOO oracle,1.0,1.0,-0.012444633022240636,,,0.0,1.3877787807814457e-17
45,196,13,lime,LIME,0.945054945054945,0.945054945054945,-0.012444633022240636,,,0.0,1.3877787807814457e-17
45,197,20,shapley_mc,Monte Carlo Shapley,0.8075187969924811,0.8030075187969924,0.0009414938740955892,,,0.004511278195488688,0.0
45,197,20,loo_oracle,LOO oracle,0.9969924812030074,1.0,0.0009414938740955892,,,-0.00300751879699257,0.0
45,197,20,lime,LIME,0.918796992481203,0.9308270676691727,0.0009414938740955892,,,-0.012030075187969724,0.0
45,198,20,shapley_mc,Monte Carlo Shapley,0.8691729323308269,0.8691729323308269,0.005870913214953866,,,0.0,3.469446951953614e-18
45,198,20,loo_oracle,LOO oracle,1.0,1.0,0.005870913214953866,,,0.0,3.469446951953614e-18
45,198,20,lime,LIME,0.9578947368421054,0.9578947368421054,0.005870913214953866,,,0.0,3.469446951953614e-18
45,199,11,shapley_mc,Monte Carlo Shapley,0.990909090909091,0.990909090909091,-0.0019549012359452167,,,0.0,2.6020852139652106e-18
45,199,11,loo_oracle,LOO oracle,1.0,1.0,-0.0003667932258920592,,,0.0,2.6020852139652106e-18
45,199,11,lime,LIME,0.990909090909091,0.990909090909091,-0.0003667932258920592,,,0.0,2.6020852139652106e-18
45,200,20,shapley_mc,Monte Carlo Shapley,0.7172932330827068,0.6992481203007518,0.0020619790262128013,,,0.018045112781954975,6.938893903907228e-18
45,200,20,loo_oracle,LOO oracle,0.9984962406015038,1.0,0.0019864426179889705,,,-0.0015037593984962294,6.938893903907228e-18
45,200,20,lime,LIME,0.918796992481203,0.9278195488721804,0.0019864426179889705,,,-0.009022556390977488,6.938893903907228e-18
45,201,20,shapley_mc,Monte Carlo Shapley,0.7624060150375939,0.7578947368421052,0.0008743947563849552,,,0.004511278195488688,0.0
45,201,20,loo_oracle,LOO oracle,0.993984962406015,1.0,0.0010744701827713476,,,-0.006015037593985029,0.0
45,201,20,lime,LIME,0.7639097744360903,0.7804511278195487,0.0001962780792647556,,,-0.016541353383458413,0.0
45,202,20,shapley_mc,Monte Carlo Shapley,0.7654135338345864,0.6902255639097743,0.0017706696388809506,,,0.07518796992481214,8.673617379884035e-19
45,202,20,loo_oracle,LOO oracle,0.9774436090225563,1.0,0.0017706696388809506,,,-0.022556390977443663,8.673617379884035e-19
45,202,20,lime,LIME,0.8887218045112781,0.9022556390977443,0.0017706696388809506,,,-0.013533834586466176,8.673617379884035e-19
45,203,20,shapley_mc,Monte Carlo Shapley,0.7609022556390977,0.7563909774436091,0.00019755045928454562,,,0.004511278195488688,0.0
45,203,20,loo_oracle,LOO oracle,0.9969924812030074,1.0,0.00019755045928454562,,,-0.00300751879699257,0.0
45,203,20,lime,LIME,0.9308270676691727,0.9368421052631578,0.00019755045928454562,,,-0.00601503759398514,0.0
45,204,20,shapley_mc,Monte Carlo Shapley,0.9548872180451128,0.9548872180451128,-0.0008053646709212936,,,0.0,4.336808689942018e-19
45,204,20,loo_oracle,LOO oracle,1.0,1.0,-0.0008053646709212936,,,0.0,4.336808689942018e-19
45,204,20,lime,LIME,0.9909774436090225,0.9909774436090225,-0.0008053646709212936,,,0.0,4.336808689942018e-19
45,205,12,shapley_mc,Monte Carlo Shapley,0.9160839160839163,0.9160839160839163,-0.0023289756007437434,,,0.0,3.469446951953614e-18
45,205,12,loo_oracle,LOO oracle,1.0,1.0,-0.002454180139188744,,,0.0,3.469446951953614e-18
45,205,12,lime,LIME,0.8671328671328673,0.8671328671328673,-0.002454180139188744,,,0.0,3.469446951953614e-18
45,206,13,shapley_mc,Monte Carlo Shapley,0.8626373626373626,0.8461538461538461,0.005436525996206754,,,0.016483516483516425,6.938893903907228e-18
45,206,13,loo_oracle,LOO oracle,0.9945054945054945,1.0,0.0024133885026006996,,,-0.005494505494505475,6.938893903907228e-18
45,206,13,lime,LIME,0.989010989010989,0.9835164835164836,0.0024133885026006996,,,0.005494505494505475,6.938893903907228e-18
45,207,20,shapley_mc,Monte Carlo Shapley,0.9413533834586465,0.9413533834586465,-0.0009830002983139963,,,0.0,1.734723475976807e-18
45,207,20,loo_oracle,LOO oracle,1.0,1.0,-0.0009830002983139963,,,0.0,1.734723475976807e-18
45,207,20,lime,LIME,0.9609022556390976,0.9609022556390976,-0.0009830002983139963,,,0.0,1.734723475976807e-18
45,208,7,shapley_mc,Monte Carlo Shapley,0.6071428571428572,0.6071428571428572,0.004809985623523472,,,0.0,6.938893903907228e-18
45,208,7,loo_oracle,LOO oracle,1.0,1.0,-0.0005257027447757023,,,0.0,6.938893903907228e-18
45,208,7,lime,LIME,0.9642857142857145,0.9642857142857145,-0.0005257027447757023,,,0.0,6.938893903907228e-18
45,209,20,shapley_mc,Monte Carlo Shapley,0.8075187969924811,0.7654135338345864,0.0006940064418742287,,,0.042105263157894646,4.336808689942018e-19
45,209,20,loo_oracle,LOO oracle,0.9699248120300751,1.0,0.0006940064418742287,,,-0.03007518796992492,4.336808689942018e-19
45,209,20,lime,LIME,0.8225563909774435,0.8902255639097743,0.0006940064418742287,,,-0.06766917293233077,4.336808689942018e-19
45,210,20,shapley_mc,Monte Carlo Shapley,0.8511278195488721,0.8225563909774435,0.0013223407661509534,,,0.02857142857142858,0.0
45,210,20,loo_oracle,LOO oracle,0.9909774436090225,1.0,0.0013223407661509534,,,-0.009022556390977488,0.0
45,210,20,lime,LIME,0.9744360902255638,0.9759398496240601,0.0013223407661509534,,,-0.0015037593984963404,0.0
45,211,20,shapley_mc,Monte Carlo Shapley,0.5804511278195488,0.5458646616541353,0.0006599644017633022,,,0.0345864661654135,0.0
45,211,20,loo_oracle,LOO oracle,0.9909774436090225,1.0,0.0001835981567076539,,,-0.009022556390977488,0.0
45,211,20,lime,LIME,0.9383458646616539,0.9593984962406013,0.0001835981567076539,,,-0.021052631578947323,0.0
45,212,17,shapley_mc,Monte Carlo Shapley,0.8578431372549021,0.8578431372549021,0.0026332017410015673,,,0.0,3.469446951953614e-18
45,212,17,loo_oracle,LOO oracle,1.0,1.0,0.0026332017410015673,,,0.0,3.469446951953614e-18
45,212,17,lime,LIME,0.9926470588235295,0.9926470588235295,0.0026332017410015673,,,0.0,3.469446951953614e-18
45,213,20,shapley_mc,Monte Carlo Shapley,0.78796992481203,0.78796992481203,0.003037328199331113,,,0.0,0.0
45,213,20,loo_oracle,LOO oracle,1.0,1.0,0.003037328199331113,,,0.0,0.0
45,213,20,lime,LIME,0.9473684210526315,0.9473684210526315,0.003037328199331113,,,0.0,0.0
45,214,20,shapley_mc,Monte Carlo Shapley,0.7789473684210525,0.7894736842105263,-0.0015540677425215366,,,-0.010526315789473828,3.469446951953614e-18
45,214,20,loo_oracle,LOO oracle,0.9984962406015038,1.0,-0.0016397119981500508,,,-0.0015037593984962294,3.469446951953614e-18
45,214,20,lime,LIME,0.9699248120300751,0.9744360902255638,-0.0016397119981500508,,,-0.004511278195488688,3.469446951953614e-18
45,215,20,shapley_mc,Monte Carlo Shapley,0.7172932330827068,0.7308270676691728,-9.342847046289737e-05,,,-0.013533834586466065,0.0
45,215,20,loo_oracle,LOO oracle,0.9954887218045112,1.0,-9.342847046289737e-05,,,-0.004511278195488799,0.0
45,215,20,lime,LIME,0.9443609022556391,0.9503759398496241,-0.0007960356872215857,,,-0.006015037593985029,0.0
45,216,9,shapley_mc,Monte Carlo Shapley,0.5499999999999999,0.5499999999999999,0.008351365990383053,,,0.0,0.0
45,216,9,loo_oracle,LOO oracle,1.0,1.0,0.0040692320726434805,,,0.0,0.0
45,216,9,lime,LIME,0.9666666666666667,0.9666666666666667,0.0040692320726434805,,,0.0,0.0
45,217,20,shapley_mc,Monte Carlo Shapley,0.8120300751879698,0.8120300751879698,0.0015187533632973205,,,0.0,1.734723475976807e-18
45,217,20,loo_oracle,LOO oracle,1.0,1.0,0.0005549731784579848,,,0.0,1.734723475976807e-18
45,217,20,lime,LIME,0.9804511278195487,0.9804511278195487,0.0005549731784579848,,,0.0,1.734723475976807e-18
45,218,12,shapley_mc,Monte Carlo Shapley,0.6013986013986015,0.6013986013986015,-0.01519975482579683,,,0.0,2.7755575615628914e-17
45,218,12,loo_oracle,LOO oracle,1.0,1.0,-0.008731000446862036,,,0.0,2.7755575615628914e-17
45,218,12,lime,LIME,0.9230769230769231,0.9230769230769231,-0.008731000446862036,,,0.0,2.7755575615628914e-17
45,219,20,shapley_mc,Monte Carlo Shapley,0.8285714285714285,0.806015037593985,0.002519362870476549,,,0.022556390977443552,3.469446951953614e-18
45,219,20,loo_oracle,LOO oracle,0.9894736842105262,1.0,0.002519362870476549,,,-0.010526315789473828,3.469446951953614e-18
45,219,20,lime,LIME,0.9774436090225563,0.9864661654135337,0.002519362870476549,,,-0.009022556390977376,3.469446951953614e-18
45,220,10,shapley_mc,Monte Carlo Shapley,0.43030303030303024,0.3939393939393939,0.0016685537847102028,,,0.03636363636363632,1.734723475976807e-18
45,220,10,loo_oracle,LOO oracle,0.9636363636363635,0.9999999999999999,0.00013335024782479277,,,-0.036363636363636376,1.734723475976807e-18
45,220,10,lime,LIME,0.6848484848484848,0.7212121212121211,-0.00011253631906205097,,,-0.036363636363636265,1.734723475976807e-18
45,221,20,shapley_mc,Monte Carlo Shapley,0.6421052631578947,0.6421052631578947,0.0033073947408739923,,,0.0,6.938893903907228e-18
45,221,20,loo_oracle,LOO oracle,1.0,1.0,0.002055292236852302,,,0.0,6.938893903907228e-18
45,221,20,lime,LIME,0.9308270676691727,0.9308270676691727,0.0020611166592134356,,,0.0,6.938893903907228e-18
45,222,20,shapley_mc,Monte Carlo Shapley,0.7654135338345864,0.7624060150375939,0.0007773358325107727,,,0.00300751879699257,0.0
45,222,20,loo_oracle,LOO oracle,0.9984962406015038,1.0,0.0007773358325107727,,,-0.0015037593984962294,0.0
45,222,20,lime,LIME,0.875187969924812,0.8766917293233082,0.00020747156090061836,,,-0.0015037593984962294,0.0
45,223,20,shapley_mc,Monte Carlo Shapley,0.724812030075188,0.7007518796992479,0.0014129870403411515,,,0.024060150375940115,1.734723475976807e-18
45,223,20,loo_oracle,LOO oracle,0.993984962406015,1.0,0.0014129870403411515,,,-0.006015037593985029,1.734723475976807e-18
45,223,20,lime,LIME,0.932330827067669,0.9443609022556391,0.0014129870403411515,,,-0.012030075187970057,1.734723475976807e-18
45,224,20,shapley_mc,Monte Carlo Shapley,0.7684210526315788,0.7654135338345864,0.0008322806043189468,,,0.003007518796992348,8.673617379884035e-19
45,224,20,loo_oracle,LOO oracle,0.9969924812030074,1.0,0.0008322806043189468,,,-0.00300751879699257,8.673617379884035e-19
45,224,20,lime,LIME,0.932330827067669,0.9368421052631578,0.0008322806043189468,,,-0.004511278195488799,8.673617379884035e-19
45,225,9,shapley_mc,Monte Carlo Shapley,0.65,0.65,0.0012196784682625417,,,0.0,3.469446951953614e-18
45,225,9,loo_oracle,LOO oracle,1.0,1.0,-0.00012859097110001771,,,0.0,3.469446951953614e-18
45,225,9,lime,LIME,1.0,1.0,-0.00012859097110001771,,,0.0,3.469446951953614e-18
45,226,11,shapley_mc,Monte Carlo Shapley,0.5363636363636364,0.5454545454545455,0.004238089759227959,,,-0.00909090909090915,1.3877787807814457e-17
45,226,11,loo_oracle,LOO oracle,0.990909090909091,1.0,0.004238089759227959,,,-0.009090909090909038,1.3877787807814457e-17
45,226,11,lime,LIME,1.0,0.990909090909091,0.004238089759227959,,,0.009090909090909038,1.3877787807814457e-17
45,227,20,shapley_mc,Monte Carlo Shapley,0.6045112781954887,0.5924812030075187,0.002955682399265358,,,0.012030075187969946,6.938893903907228e-18
45,227,20,loo_oracle,LOO oracle,0.9984962406015038,1.0,0.0017972373056696633,,,-0.0015037593984962294,6.938893903907228e-18
45,227,20,lime,LIME,0.9383458646616539,0.9398496240601503,0.0017972373056696633,,,-0.0015037593984963404,6.938893903907228e-18
45,228,20,shapley_mc,Monte Carlo Shapley,0.7969924812030074,0.7518796992481201,0.002427249178412527,,,0.045112781954887216,3.469446951953614e-18
45,228,20,loo_oracle,LOO oracle,0.993984962406015,1.0,0.002427249178412527,,,-0.006015037593985029,3.469446951953614e-18
45,228,20,lime,LIME,0.9819548872180449,0.9864661654135337,0.002427249178412527,,,-0.004511278195488799,3.469446951953614e-18
45,229,20,shapley_mc,Monte Carlo Shapley,0.8887218045112781,0.9097744360902256,0.0013811880534871368,,,-0.021052631578947434,3.469446951953614e-18
45,229,20,loo_oracle,LOO oracle,0.9864661654135337,1.0,7.686154175878812e-05,,,-0.013533834586466287,3.469446951953614e-18
45,229,20,lime,LIME,0.9398496240601503,0.9533834586466164,7.686154175878812e-05,,,-0.013533834586466176,3.469446951953614e-18
45,230,20,shapley_mc,Monte Carlo Shapley,0.882706766917293,0.8857142857142858,-0.000561259377971357,,,-0.003007518796992792,8.673617379884035e-19
45,230,20,loo_oracle,LOO oracle,0.9894736842105262,1.0,-0.000561259377971357,,,-0.010526315789473828,8.673617379884035e-19
45,230,20,lime,LIME,0.8586466165413533,0.8857142857142858,-0.000561259377971357,,,-0.027067669172932463,8.673617379884035e-19
45,231,20,shapley_mc,Monte Carlo Shapley,0.8541353383458646,0.8436090225563909,0.001082462708496934,,,0.010526315789473717,0.0
45,231,20,loo_oracle,LOO oracle,0.9984962406015038,1.0,0.0003133086799504414,,,-0.0015037593984962294,0.0
45,231,20,lime,LIME,0.9052631578947368,0.9067669172932331,0.0003133086799504414,,,-0.0015037593984963404,0.0
45,232,20,shapley_mc,Monte Carlo Shapley,0.8225563909774435,0.8030075187969924,0.0025562666591673056,,,0.019548872180451093,3.469446951953614e-18
45,232,20,loo_oracle,LOO oracle,0.9969924812030074,1.0,0.0025562666591673056,,,-0.00300751879699257,3.469446951953614e-18
45,232,20,lime,LIME,0.9864661654135337,0.9894736842105262,0.0025562666591673056,,,-0.003007518796992459,3.469446951953614e-18
45,233,20,shapley_mc,Monte Carlo Shapley,0.8526315789473683,0.8526315789473683,0.002641564730074708,,,0.0,0.0
45,233,20,loo_oracle,LOO oracle,1.0,1.0,0.002641564730074708,,,0.0,0.0
45,233,20,lime,LIME,0.9774436090225563,0.9774436090225563,0.002641564730074708,,,0.0,0.0
45,234,20,shapley_mc,Monte Carlo Shapley,0.8436090225563909,0.7699248120300751,0.001248227838326177,,,0.0736842105263158,2.6020852139652106e-18
45,234,20,loo_oracle,LOO oracle,0.9744360902255638,1.0,0.001248227838326177,,,-0.025563909774436233,2.6020852139652106e-18
45,234,20,lime,LIME,0.9368421052631578,0.9458646616541352,0.001248227838326177,,,-0.009022556390977376,2.6020852139652106e-18
45,235,20,shapley_mc,Monte Carlo Shapley,0.7699248120300751,0.7699248120300751,0.0016312555362363312,,,0.0,3.469446951953614e-18
45,235,20,loo_oracle,LOO oracle,1.0,1.0,0.0016312555362363312,,,0.0,3.469446951953614e-18
45,235,20,lime,LIME,0.9759398496240601,0.9759398496240601,0.0002304336205449231,,,0.0,3.469446951953614e-18
45,236,20,shapley_mc,Monte Carlo Shapley,0.6285714285714286,0.5984962406015037,0.0006145413262564903,,,0.03007518796992481,0.0
45,236,20,loo_oracle,LOO oracle,0.9714285714285714,1.0,4.586522360838785e-05,,,-0.02857142857142858,0.0
45,236,20,lime,LIME,0.9157894736842105,0.9593984962406013,4.586522360838785e-05,,,-0.043609022556390764,0.0
45,237,20,shapley_mc,Monte Carlo Shapley,0.7097744360902255,0.7157894736842104,-8.879996679295177e-05,,,-0.006015037593984918,8.673617379884035e-19
45,237,20,loo_oracle,LOO oracle,0.9969924812030074,1.0,-8.879996679295177e-05,,,-0.00300751879699257,8.673617379884035e-19
45,237,20,lime,LIME,0.9157894736842105,0.9233082706766916,-8.879996679295177e-05,,,-0.007518796992481147,8.673617379884035e-19
45,238,20,shapley_mc,Monte Carlo Shapley,0.7789473684210525,0.7864661654135338,0.0025126899523005286,,,-0.007518796992481258,6.938893903907228e-18
45,238,20,loo_oracle,LOO oracle,0.9984962406015038,1.0,0.00299052878259759,,,-0.0015037593984962294,6.938893903907228e-18
45,238,20,lime,LIME,0.956390977443609,0.9518796992481202,0.00299052878259759,,,0.004511278195488799,6.938893903907228e-18
45,239,20,shapley_mc,Monte Carlo Shapley,0.825563909774436,0.8270676691729323,-0.00044909010234628344,,,-0.0015037593984962294,0.0
45,239,20,loo_oracle,LOO oracle,0.9984962406015038,1.0,-0.00044909010234628344,,,-0.0015037593984962294,0.0
45,239,20,lime,LIME,0.9729323308270676,0.9759398496240601,-0.00116419047185512,,,-0.003007518796992459,0.0
45,240,20,shapley_mc,Monte Carlo Shapley,0.8360902255639097,0.8180451127819548,0.0005079945299139021,,,0.018045112781954864,8.673617379884035e-19
45,240,20,loo_oracle,LOO oracle,0.9984962406015038,1.0,-6.706828746622095e-05,,,-0.0015037593984962294,8.673617379884035e-19
45,240,20,lime,LIME,0.9443609022556391,0.9458646616541352,-3.0025709142622592e-05,,,-0.0015037593984961184,8.673617379884035e-19
45,241,20,shapley_mc,Monte Carlo Shapley,0.801503759398496,0.801503759398496,0.0015517428972702252,,,0.0,0.0
45,241,20,loo_oracle,LOO oracle,1.0,1.0,0.0007005591858233462,,,0.0,0.0
45,241,20,lime,LIME,0.9639097744360902,0.9639097744360902,0.0007005591858233462,,,0.0,0.0
45,242,17,shapley_mc,Monte Carlo Shapley,0.5318627450980392,0.5318627450980392,-0.0027527000330590523,,,0.0,6.938893903907228e-18
45,242,17,loo_oracle,LOO oracle,1.0,1.0,-0.0027527000330590523,,,0.0,6.938893903907228e-18
45,242,17,lime,LIME,0.982843137254902,0.982843137254902,-0.0027527000330590523,,,0.0,6.938893903907228e-18
45,243,20,shapley_mc,Monte Carlo Shapley,0.8180451127819548,0.8180451127819548,-0.0006239286011672229,,,0.0,0.0
45,243,20,loo_oracle,LOO oracle,1.0,1.0,7.434316058874124e-06,,,0.0,0.0
45,243,20,lime,LIME,0.9233082706766916,0.9233082706766916,-0.0006239286011672229,,,0.0,0.0
45,244,20,shapley_mc,Monte Carlo Shapley,0.706766917293233,0.7037593984962407,-0.00010114471860550589,,,0.003007518796992348,2.168404344971009e-19
45,244,20,loo_oracle,LOO oracle,0.9834586466165413,1.0,-0.00010114471860550589,,,-0.016541353383458746,2.168404344971009e-19
45,244,20,lime,LIME,0.8165413533834586,0.8571428571428572,-0.0004105055341577235,,,-0.04060150375939864,2.168404344971009e-19
45,245,17,shapley_mc,Monte Carlo Shapley,0.41666666666666674,0.40196078431372556,-0.00040324444881234545,,,0.01470588235294118,0.0
45,245,17,loo_oracle,LOO oracle,0.9901960784313727,1.0,-0.0010173253450512232,,,-0.009803921568627305,0.0
45,245,17,lime,LIME,0.9583333333333335,0.9705882352941178,-0.0001435604155388126,,,-0.01225490196078427,0.0
45,246,17,shapley_mc,Monte Carlo Shapley,0.8333333333333335,0.8186274509803922,0.0027562556840659558,,,0.014705882352941235,0.0
45,246,17,loo_oracle,LOO oracle,0.9975490196078433,1.0,0.0027562556840659558,,,-0.002450980392156743,0.0
45,246,17,lime,LIME,0.9632352941176472,0.9607843137254902,0.0027562556840659558,,,0.002450980392156965,0.0
45,247,20,shapley_mc,Monte Carlo Shapley,0.7909774436090224,0.7909774436090224,0.0014047409465579586,,,0.0,6.938893903907228e-18
45,247,20,loo_oracle,LOO oracle,1.0,1.0,-1.612497697822679e-05,,,0.0,6.938893903907228e-18
45,247,20,lime,LIME,0.9924812030075187,0.9924812030075187,-4.60519069291343e-05,,,0.0,6.938893903907228e-18
45,248,20,shapley_mc,Monte Carlo Shapley,0.732330827067669,0.7308270676691728,0.000576908199735382,,,0.0015037593984962294,0.0
45,248,20,loo_oracle,LOO oracle,0.9984962406015038,1.0,4.482888830870113e-06,,,-0.0015037593984962294,0.0
45,248,20,lime,LIME,0.9578947368421054,0.9593984962406013,4.482888830870113e-06,,,-0.0015037593984958963,0.0
45,249,10,shapley_mc,Monte Carlo Shapley,0.35757575757575755,0.3696969696969697,0.001350967742611453,,,-0.012121212121212144,0.0
45,249,10,loo_oracle,LOO oracle,0.9878787878787878,0.9999999999999999,0.001350967742611453,,,-0.012121212121212088,0.0
45,249,10,lime,LIME,0.9272727272727272,0.9515151515151514,0.00011746041588100997,,,-0.024242424242424176,0.0
45,250,20,shapley_mc,Monte Carlo Shapley,0.724812030075188,0.724812030075188,0.0019834287007786666,,,0.0,0.0
45,250,20,loo_oracle,LOO oracle,1.0,1.0,0.0019834287007786666,,,0.0,0.0
45,250,20,lime,LIME,0.9684210526315788,0.9684210526315788,0.0019834287007786666,,,0.0,0.0
45,251,20,shapley_mc,Monte Carlo Shapley,0.6661654135338345,0.613533834586466,-0.0002202403835134814,,,0.052631578947368474,8.673617379884035e-19
45,251,20,loo_oracle,LOO oracle,0.9834586466165413,1.0,-0.0005708963553366919,,,-0.016541353383458746,8.673617379884035e-19
45,251,20,lime,LIME,0.8872180451127819,0.9308270676691727,-0.0005462184181382335,,,-0.043609022556390764,8.673617379884035e-19
45,252,20,shapley_mc,Monte Carlo Shapley,0.724812030075188,0.724812030075188,0.003278941377793887,,,0.0,0.0
45,252,20,loo_oracle,LOO oracle,1.0,1.0,0.003278941377793887,,,0.0,0.0
45,252,20,lime,LIME,0.9729323308270676,0.9729323308270676,0.003278941377793887,,,0.0,0.0
45,253,14,shapley_mc,Monte Carlo Shapley,0.9428571428571428,0.9428571428571428,0.0014532230224867937,,,0.0,1.734723475976807e-18
45,253,14,loo_oracle,LOO oracle,1.0,1.0,0.0016231123091746125,,,0.0,1.734723475976807e-18
45,253,14,lime,LIME,0.9648351648351648,0.9648351648351648,0.0016231123091746125,,,0.0,1.734723475976807e-18
45,254,20,shapley_mc,Monte Carlo Shapley,0.7338345864661654,0.7338345864661654,0.003493874880221237,,,0.0,1.3877787807814457e-17
45,254,20,loo_oracle,LOO oracle,1.0,1.0,0.0010819426355492823,,,0.0,1.3877787807814457e-17
45,254,20,lime,LIME,0.993984962406015,0.993984962406015,0.0010819426355492823,,,0.0,1.3877787807814457e-17
45,255,20,shapley_mc,Monte Carlo Shapley,0.6511278195488721,0.5909774436090225,2.110366477009462e-05,,,0.06015037593984962,0.0
45,255,20,loo_oracle,LOO oracle,0.9789473684210527,1.0,2.110366477009462e-05,,,-0.021052631578947323,0.0
45,255,20,lime,LIME,0.9353383458646616,0.9548872180451128,2.110366477009462e-05,,,-0.019548872180451204,0.0
45,256,20,shapley_mc,Monte Carlo Shapley,0.932330827067669,0.932330827067669,0.002553107144484479,,,0.0,3.469446951953614e-18
45,256,20,loo_oracle,LOO oracle,1.0,1.0,0.0030316375274542784,,,0.0,3.469446951953614e-18
45,256,20,lime,LIME,0.9789473684210527,0.9789473684210527,0.0030316375274542784,,,0.0,3.469446951953614e-18
45,257,20,shapley_mc,Monte Carlo Shapley,0.9263157894736842,0.918796992481203,0.001867834210137087,,,0.007518796992481258,3.469446951953614e-18
45,257,20,loo_oracle,LOO oracle,0.9954887218045112,1.0,0.001867834210137087,,,-0.004511278195488799,3.469446951953614e-18
45,257,20,lime,LIME,0.9789473684210527,0.9894736842105262,0.001867834210137087,,,-0.010526315789473495,3.469446951953614e-18
45,258,20,shapley_mc,Monte Carlo Shapley,0.6180451127819548,0.6225563909774435,0.0006074143621563888,,,-0.004511278195488688,2.6020852139652106e-18
45,258,20,loo_oracle,LOO oracle,0.9894736842105262,1.0,0.0006074143621563888,,,-0.010526315789473828,2.6020852139652106e-18
45,258,20,lime,LIME,0.9578947368421054,0.9714285714285714,0.0006074143621563888,,,-0.013533834586466065,2.6020852139652106e-18
45,259,20,shapley_mc,Monte Carlo Shapley,0.45563909774436084,0.33233082706766914,0.00027120279312270457,,,0.1233082706766917,8.673617379884035e-19
45,259,20,loo_oracle,LOO oracle,0.8511278195488721,1.0,-0.0005604421568733975,,,-0.14887218045112793,8.673617379884035e-19
45,259,20,lime,LIME,0.7353383458646616,0.8962406015037594,-0.0005604421568733975,,,-0.16090225563909777,8.673617379884035e-19
45,260,20,shapley_mc,Monte Carlo Shapley,0.5578947368421052,0.5187969924812029,-0.00026036966272313666,,,0.0390977443609023,4.336808689942018e-19
45,260,20,loo_oracle,LOO oracle,0.9759398496240601,1.0,-0.00016912101162441795,,,-0.024060150375939893,4.336808689942018e-19
45,260,20,lime,LIME,0.7999999999999999,0.8706766917293233,-0.00046390618286712426,,,-0.07067669172932334,4.336808689942018e-19
45,261,20,shapley_mc,Monte Carlo Shapley,0.5624060150375939,0.5263157894736841,0.0005116241323003812,,,0.03609022556390984,4.336808689942018e-19
45,261,20,loo_oracle,LOO oracle,0.9654135338345864,1.0,-0.0005788961417256822,,,-0.03458646616541361,4.336808689942018e-19
45,261,20,lime,LIME,0.8962406015037594,0.9488721804511278,-0.0005788961417256822,,,-0.05263157894736836,4.336808689942018e-19
45,262,20,shapley_mc,Monte Carlo Shapley,0.8406015037593983,0.8406015037593983,-0.00349968371952325,,,0.0,0.0
45,262,20,loo_oracle,LOO oracle,1.0,1.0,-0.003610291038377511,,,0.0,0.0
45,262,20,lime,LIME,0.9804511278195487,0.9804511278195487,-0.003610291038377511,,,0.0,0.0
45,263,20,shapley_mc,Monte Carlo Shapley,0.7007518796992479,0.6601503759398496,0.0011143029075247335,,,0.040601503759398305,0.0
45,263,20,loo_oracle,LOO oracle,0.9909774436090225,1.0,0.00030750561971143453,,,-0.009022556390977488,0.0
45,263,20,lime,LIME,0.9684210526315788,0.9744360902255638,0.0003225420155607561,,,-0.006015037593984918,0.0
45,264,20,shapley_mc,Monte Carlo Shapley,0.8120300751879698,0.7864661654135338,0.0013819317822550414,,,0.02556390977443601,3.469446951953614e-18
45,264,20,loo_oracle,LOO oracle,0.9954887218045112,1.0,0.0013819317822550414,,,-0.004511278195488799,3.469446951953614e-18
45,264,20,lime,LIME,0.9593984962406013,0.9669172932330825,0.0013819317822550414,,,-0.007518796992481258,3.469446951953614e-18
45,265,20,shapley_mc,Monte Carlo Shapley,0.8676691729323308,0.8676691729323308,-0.007896416553042074,,,0.0,1.3877787807814457e-17
45,265,20,loo_oracle,LOO oracle,1.0,1.0,-0.004406924968228698,,,0.0,1.3877787807814457e-17
45,265,20,lime,LIME,0.9864661654135337,0.9864661654135337,-0.004406924968228698,,,0.0,1.3877787807814457e-17
45,266,20,shapley_mc,Monte Carlo Shapley,0.7187969924812029,0.724812030075188,0.0019218614202519135,,,-0.00601503759398514,8.673617379884035e-18
45,266,20,loo_oracle,LOO oracle,0.9984962406015038,1.0,0.0014257514335003219,,,-0.0015037593984962294,8.673617379884035e-18
45,266,20,lime,LIME,0.9278195488721804,0.9263157894736842,0.0014257514335003219,,,0.0015037593984962294,8.673617379884035e-18
45,267,20,shapley_mc,Monte Carlo Shapley,0.7774436090225564,0.7819548872180451,0.0014956673202704551,,,-0.004511278195488688,8.673617379884035e-19
45,267,20,loo_oracle,LOO oracle,0.9969924812030074,1.0,0.0015799042432663168,,,-0.00300751879699257,8.673617379884035e-19
45,267,20,lime,LIME,0.9593984962406013,0.9669172932330825,0.0015799042432663168,,,-0.007518796992481258,8.673617379884035e-19
45,268,17,shapley_mc,Monte Carlo Shapley,0.8848039215686275,0.8848039215686275,-0.0008299891363402478,,,0.0,0.0
45,268,17,loo_oracle,LOO oracle,1.0,1.0,-8.225455686294847e-05,,,0.0,0.0
45,268,17,lime,LIME,0.8676470588235294,0.8676470588235294,-0.0008760278122780241,,,0.0,0.0
45,269,20,shapley_mc,Monte Carlo Shapley,0.9097744360902256,0.9097744360902256,-1.4188800184666839e-05,,,0.0,6.505213034913027e-19
45,269,20,loo_oracle,LOO oracle,1.0,1.0,-1.4188800184666839e-05,,,0.0,6.505213034913027e-19
45,269,20,lime,LIME,0.9609022556390976,0.9609022556390976,-1.4188800184666839e-05,,,0.0,6.505213034913027e-19
45,270,20,shapley_mc,Monte Carlo Shapley,0.7909774436090224,0.793984962406015,0.0011571663017204137,,,-0.00300751879699257,0.0
45,270,20,loo_oracle,LOO oracle,0.9969924812030074,1.0,0.0003310816263822347,,,-0.00300751879699257,0.0
45,270,20,lime,LIME,0.9834586466165413,0.9849624060150375,0.0003310816263822347,,,-0.0015037593984962294,0.0
45,271,20,shapley_mc,Monte Carlo Shapley,0.6887218045112782,0.6766917293233082,7.285093137848753e-05,,,0.012030075187969946,1.734723475976807e-18
45,271,20,loo_oracle,LOO oracle,0.9879699248120299,1.0,7.285093137848753e-05,,,-0.012030075187970057,1.734723475976807e-18
45,271,20,lime,LIME,0.9503759398496241,0.932330827067669,7.285093137848753e-05,,,0.018045112781955086,1.734723475976807e-18
45,272,20,shapley_mc,Monte Carlo Shapley,0.5518796992481202,0.5578947368421052,-7.767195453023401e-05,,,-0.006015037593985029,2.168404344971009e-19
45,272,20,loo_oracle,LOO oracle,0.9864661654135337,1.0,-0.0004827110662379841,,,-0.013533834586466287,2.168404344971009e-19
45,272,20,lime,LIME,0.8451127819548873,0.8721804511278194,-0.0004827110662379841,,,-0.02706766917293213,2.168404344971009e-19
45,273,20,shapley_mc,Monte Carlo Shapley,0.6917293233082705,0.6902255639097743,0.0018424868354541823,,,0.0015037593984962294,3.469446951953614e-18
45,273,20,loo_oracle,LOO oracle,0.9984962406015038,1.0,0.0018424868354541823,,,-0.0015037593984962294,3.469446951953614e-18
45,273,20,lime,LIME,0.9593984962406013,0.9669172932330825,0.0018424868354541823,,,-0.007518796992481258,3.469446951953614e-18
45,274,20,shapley_mc,Monte Carlo Shapley,0.9218045112781955,0.9233082706766916,0.001347091999516159,,,-0.0015037593984961184,1.734723475976807e-18
45,274,20,loo_oracle,LOO oracle,0.9924812030075187,1.0,0.001347091999516159,,,-0.007518796992481258,1.734723475976807e-18
45,274,20,lime,LIME,0.9684210526315788,0.9639097744360902,0.001347091999516159,,,0.004511278195488688,1.734723475976807e-18
45,275,12,shapley_mc,Monte Carlo Shapley,0.6363636363636365,0.6363636363636365,0.003398804185386628,,,0.0,3.469446951953614e-18
45,275,12,loo_oracle,LOO oracle,1.0,1.0,0.003398804185386628,,,0.0,3.469446951953614e-18
45,275,12,lime,LIME,0.9510489510489512,0.9510489510489512,0.003398804185386628,,,0.0,3.469446951953614e-18
45,276,14,shapley_mc,Monte Carlo Shapley,0.7098901098901099,0.7010989010989012,-0.002165575709554446,,,0.00879120879120876,6.938893903907228e-18
45,276,14,loo_oracle,LOO oracle,0.9956043956043955,1.0,-1.2398553316250727e-06,,,-0.004395604395604491,6.938893903907228e-18
45,276,14,lime,LIME,0.956043956043956,0.9692307692307693,-1.2398553316250727e-06,,,-0.013186813186813362,6.938893903907228e-18
45,277,20,shapley_mc,Monte Carlo Shapley,0.6541353383458646,0.6345864661654135,0.0004159856914552895,,,0.019548872180451093,8.673617379884035e-19
45,277,20,loo_oracle,LOO oracle,0.9157894736842105,1.0,-0.00016999239384862808,,,-0.08421052631578951,8.673617379884035e-19
45,277,20,lime,LIME,0.6992481203007518,0.8616541353383457,-0.00012266642193031752,,,-0.1624060150375939,8.673617379884035e-19
45,278,13,shapley_mc,Monte Carlo Shapley,0.8516483516483516,0.9230769230769231,-0.00020593262482404562,,,-0.07142857142857151,1.734723475976807e-18
45,278,13,loo_oracle,LOO oracle,0.9835164835164836,1.0,-0.00020593262482404562,,,-0.016483516483516425,1.734723475976807e-18
45,278,13,lime,LIME,0.9505494505494506,0.967032967032967,-0.00020593262482404562,,,-0.016483516483516425,1.734723475976807e-18
45,279,20,shapley_mc,Monte Carlo Shapley,0.7894736842105263,0.7669172932330827,0.0005527372330493274,,,0.022556390977443663,8.673617379884035e-19
45,279,20,loo_oracle,LOO oracle,0.9849624060150375,1.0,-6.314535837936841e-06,,,-0.015037593984962516,8.673617379884035e-19
45,279,20,lime,LIME,0.9654135338345864,0.9699248120300751,-6.314535837936841e-06,,,-0.004511278195488688,8.673617379884035e-19
45,280,20,shapley_mc,Monte Carlo Shapley,0.882706766917293,0.8842105263157894,-4.090254103727986e-05,,,-0.0015037593984964515,8.673617379884035e-19
45,280,20,loo_oracle,LOO oracle,0.9984962406015038,1.0,-4.090254103727986e-05,,,-0.0015037593984962294,8.673617379884035e-19
45,280,20,lime,LIME,0.9293233082706768,0.9368421052631578,-4.090254103727986e-05,,,-0.007518796992481036,8.673617379884035e-19
45,281,13,shapley_mc,Monte Carlo Shapley,0.8681318681318682,0.8681318681318682,0.010952225687392403,,,0.0,0.0
45,281,13,loo_oracle,LOO oracle,1.0,1.0,0.010952225687392403,,,0.0,0.0
45,281,13,lime,LIME,0.9780219780219779,0.9780219780219779,0.010952225687392403,,,0.0,0.0
45,282,20,shapley_mc,Monte Carlo Shapley,0.9112781954887217,0.9112781954887217,-0.002973297810839215,,,0.0,3.469446951953614e-18
45,282,20,loo_oracle,LOO oracle,1.0,1.0,-0.002973297810839215,,,0.0,3.469446951953614e-18
45,282,20,lime,LIME,0.9624060150375938,0.9624060150375938,-0.002973297810839215,,,0.0,3.469446951953614e-18
45,283,20,shapley_mc,Monte Carlo Shapley,0.8511278195488721,0.8781954887218045,-9.471677646688548e-05,,,-0.027067669172932463,1.734723475976807e-18
45,283,20,loo_oracle,LOO oracle,0.993984962406015,1.0,-9.471677646688548e-05,,,-0.006015037593985029,1.734723475976807e-18
45,283,20,lime,LIME,0.9578947368421054,0.9669172932330825,-9.471677646688548e-05,,,-0.009022556390977154,1.734723475976807e-18
45,284,20,shapley_mc,Monte Carlo Shapley,0.7909774436090224,0.7924812030075187,-0.0002713501865280743,,,-0.0015037593984962294,8.673617379884035e-19
45,284,20,loo_oracle,LOO oracle,0.9699248120300751,1.0,-0.00017026480159648694,,,-0.03007518796992492,8.673617379884035e-19
45,284,20,lime,LIME,0.9233082706766916,0.9278195488721804,-0.0006401109092860624,,,-0.004511278195488799,8.673617379884035e-19
45,285,20,shapley_mc,Monte Carlo Shapley,0.7924812030075187,0.7924812030075187,0.001469952992431689,,,0.0,3.469446951953614e-18
45,285,20,loo_oracle,LOO oracle,1.0,1.0,0.0016315776957502304,,,0.0,3.469446951953614e-18
45,285,20,lime,LIME,0.9864661654135337,0.9864661654135337,0.0016315776957502304,,,0.0,3.469446951953614e-18
45,286,20,shapley_mc,Monte Carlo Shapley,0.613533834586466,0.6631578947368421,0.00022891821752812902,,,-0.049624060150376015,4.336808689942018e-19
45,286,20,loo_oracle,LOO oracle,0.9834586466165413,1.0,7.521442250169041e-05,,,-0.016541353383458746,4.336808689942018e-19
45,286,20,lime,LIME,0.9097744360902256,0.9308270676691727,7.521442250169041e-05,,,-0.0210526315789471,4.336808689942018e-19
45,287,20,shapley_mc,Monte Carlo Shapley,0.77593984962406,0.7203007518796991,0.0021059085264988897,,,0.05563909774436093,6.938893903907228e-18
45,287,20,loo_oracle,LOO oracle,0.9909774436090225,1.0,0.0021059085264988897,,,-0.009022556390977488,6.938893903907228e-18
45,287,20,lime,LIME,0.9203007518796992,0.9443609022556391,0.0021059085264988897,,,-0.024060150375939893,6.938893903907228e-18
45,288,20,shapley_mc,Monte Carlo Shapley,0.7142857142857143,0.7142857142857143,0.0007511133581780682,,,0.0,0.0
45,288,20,loo_oracle,LOO oracle,1.0,1.0,0.00015395995651135141,,,0.0,0.0
45,288,20,lime,LIME,0.956390977443609,0.956390977443609,0.00015395995651135141,,,0.0,0.0
45,289,11,shapley_mc,Monte Carlo Shapley,0.48181818181818187,0.48181818181818187,0.0033596914688878154,,,0.0,3.469446951953614e-18
45,289,11,loo_oracle,LOO oracle,1.0,1.0,0.00040819283924564687,,,0.0,3.469446951953614e-18
45,289,11,lime,LIME,0.9545454545454546,0.9545454545454546,0.00040819283924564687,,,0.0,3.469446951953614e-18
45,290,20,shapley_mc,Monte Carlo Shapley,0.6556390977443608,0.6165413533834586,-0.00022230132247347267,,,0.03909774436090219,0.0
45,290,20,loo_oracle,LOO oracle,0.9774436090225563,1.0,-0.00022230132247347267,,,-0.022556390977443663,0.0
45,290,20,lime,LIME,0.9609022556390976,0.9804511278195487,-0.0008638065738910683,,,-0.019548872180451093,0.0
45,291,20,shapley_mc,Monte Carlo Shapley,0.837593984962406,0.8451127819548873,-0.008681784338463006,,,-0.007518796992481258,1.3877787807814457e-17
45,291,20,loo_oracle,LOO oracle,0.9984962406015038,1.0,-0.008681784338463006,,,-0.0015037593984962294,1.3877787807814457e-17
45,291,20,lime,LIME,0.9774436090225563,0.9789473684210527,-0.008681784338463006,,,-0.0015037593984963404,1.3877787807814457e-17
45,292,20,shapley_mc,Monte Carlo Shapley,0.5954887218045113,0.5954887218045113,-0.0002659552149403277,,,0.0,0.0
45,292,20,loo_oracle,LOO oracle,1.0,1.0,-0.00023835312415199095,,,0.0,0.0
45,292,20,lime,LIME,0.9383458646616539,0.9383458646616539,-0.0002659552149403277,,,0.0,0.0
45,293,20,shapley_mc,Monte Carlo Shapley,0.8706766917293233,0.8706766917293233,0.0005588879434683114,,,0.0,8.673617379884035e-19
45,293,20,loo_oracle,LOO oracle,1.0,1.0,0.0005588879434683114,,,0.0,8.673617379884035e-19
45,293,20,lime,LIME,0.9443609022556391,0.9443609022556391,0.0005588879434683114,,,0.0,8.673617379884035e-19
45,294,20,shapley_mc,Monte Carlo Shapley,0.7548872180451127,0.7548872180451127,-0.003415482346526333,,,0.0,6.938893903907228e-18
45,294,20,loo_oracle,LOO oracle,1.0,1.0,-0.003415482346526333,,,0.0,6.938893903907228e-18
45,294,20,lime,LIME,0.9894736842105262,0.9894736842105262,-0.003415482346526333,,,0.0,6.938893903907228e-18
45,295,20,shapley_mc,Monte Carlo Shapley,0.8766917293233082,0.8766917293233082,0.001111623514120641,,,0.0,8.673617379884035e-19
45,295,20,loo_oracle,LOO oracle,0.9924812030075187,1.0,0.00022591094711976734,,,-0.007518796992481258,8.673617379884035e-19
45,295,20,lime,LIME,0.9203007518796992,0.9248120300751879,0.00022591094711976734,,,-0.004511278195488688,8.673617379884035e-19
45,296,20,shapley_mc,Monte Carlo Shapley,0.806015037593985,0.8120300751879698,-0.004531141749119505,,,-0.006015037593984807,3.469446951953614e-18
45,296,20,loo_oracle,LOO oracle,0.9984962406015038,1.0,-0.004531141749119505,,,-0.0015037593984962294,3.469446951953614e-18
45,296,20,lime,LIME,0.9639097744360902,0.9654135338345864,-0.004531141749119505,,,-0.0015037593984962294,3.469446951953614e-18
45,297,19,shapley_mc,Monte Carlo Shapley,0.7666666666666666,0.7666666666666666,0.0021220048411504933,,,0.0,6.938893903907228e-18
45,297,19,loo_oracle,LOO oracle,1.0,1.0,0.0021220048411504933,,,0.0,6.938893903907228e-18
45,297,19,lime,LIME,0.9912280701754386,0.9912280701754386,0.0021220048411504933,,,0.0,6.938893903907228e-18
45,298,20,shapley_mc,Monte Carlo Shapley,0.8451127819548873,0.8481203007518796,-0.0010533004638019206,,,-0.003007518796992348,3.469446951953614e-18
45,298,20,loo_oracle,LOO oracle,0.9984962406015038,1.0,-0.0011305682150208884,,,-0.0015037593984962294,3.469446951953614e-18
45,298,20,lime,LIME,0.9879699248120299,0.9864661654135337,-0.0011305682150208884,,,0.0015037593984962294,3.469446951953614e-18
45,299,20,shapley_mc,Monte Carlo Shapley,0.7744360902255639,0.7609022556390977,0.001947689974365563,,,0.013533834586466176,6.938893903907228e-18
45,299,20,loo_oracle,LOO oracle,0.9984962406015038,1.0,0.0009593602273548218,,,-0.0015037593984962294,6.938893903907228e-18
45,299,20,lime,LIME,0.9744360902255638,0.9729323308270676,0.0009593602273548218,,,0.0015037593984961184,6.938893903907228e-18
45,300,20,shapley_mc,Monte Carlo Shapley,0.4766917293233082,0.42105263157894735,0.0007650254521990307,,,0.05563909774436088,0.0
45,300,20,loo_oracle,LOO oracle,0.9443609022556391,1.0,0.00011102173814475647,,,-0.05563909774436093,0.0
45,300,20,lime,LIME,0.9022556390977443,0.9819548872180449,0.00011102173814475647,,,-0.0796992481203006,0.0
45,301,20,shapley_mc,Monte Carlo Shapley,0.8481203007518796,0.8526315789473683,0.0018933954121909125,,,-0.004511278195488688,3.469446951953614e-18
45,301,20,loo_oracle,LOO oracle,0.9984962406015038,1.0,0.0018933954121909125,,,-0.0015037593984962294,3.469446951953614e-18
45,301,20,lime,LIME,0.9924812030075187,0.9954887218045112,0.0018933954121909125,,,-0.003007518796992459,3.469446951953614e-18
45,302,20,shapley_mc,Monte Carlo Shapley,0.5924812030075187,0.5744360902255639,0.0005557523734406322,,,0.018045112781954864,8.673617379884035e-19
45,302,20,loo_oracle,LOO oracle,0.9894736842105262,1.0,0.0007049203365230849,,,-0.010526315789473828,8.673617379884035e-19
45,302,20,lime,LIME,0.8300751879699247,0.875187969924812,0.00013235437499387048,,,-0.045112781954887216,8.673617379884035e-19
45,303,12,shapley_mc,Monte Carlo Shapley,0.9090909090909092,0.8951048951048951,0.0019454293279138057,,,0.013986013986014068,2.6020852139652106e-18
45,303,12,loo_oracle,LOO oracle,0.9930069930069931,1.0,0.00018501164737655396,,,-0.006993006993006867,2.6020852139652106e-18
45,303,12,lime,LIME,0.9440559440559443,0.9230769230769231,0.00018501164737655396,,,0.020979020979021157,2.6020852139652106e-18
45,304,20,shapley_mc,Monte Carlo Shapley,0.6571428571428571,0.6661654135338345,1.2525981833433342e-06,,,-0.009022556390977376,1.734723475976807e-18
45,304,20,loo_oracle,LOO oracle,0.9909774436090225,1.0,1.2525981833433342e-06,,,-0.009022556390977488,1.734723475976807e-18
45,304,20,lime,LIME,0.9744360902255638,0.9864661654135337,1.2525981833433342e-06,,,-0.012030075187969946,1.734723475976807e-18
45,305,20,shapley_mc,Monte Carlo Shapley,0.7052631578947368,0.7578947368421052,-0.0005594525310670395,,,-0.05263157894736836,8.673617379884035e-19
45,305,20,loo_oracle,LOO oracle,0.9714285714285714,1.0,-0.0005594525310670395,,,-0.02857142857142858,8.673617379884035e-19
45,305,20,lime,LIME,0.8917293233082706,0.9488721804511278,-0.0005594525310670395,,,-0.05714285714285716,8.673617379884035e-19
45,306,20,shapley_mc,Monte Carlo Shapley,0.9398496240601503,0.9398496240601503,-0.0009694451825335015,,,0.0,1.734723475976807e-18
45,306,20,loo_oracle,LOO oracle,1.0,1.0,-0.00020839250969184597,,,0.0,1.734723475976807e-18
45,306,20,lime,LIME,0.9954887218045112,0.9954887218045112,-0.00020839250969184597,,,0.0,1.734723475976807e-18
45,307,20,shapley_mc,Monte Carlo Shapley,0.5263157894736841,0.4676691729323308,4.833179886343242e-05,,,0.05864661654135328,8.673617379884035e-19
45,307,20,loo_oracle,LOO oracle,0.9789473684210527,1.0,4.833179886343242e-05,,,-0.021052631578947323,8.673617379884035e-19
45,307,20,lime,LIME,0.8120300751879698,0.831578947368421,-0.0008623211298587896,,,-0.019548872180451204,8.673617379884035e-19
45,308,20,shapley_mc,Monte Carlo Shapley,0.6165413533834586,0.6165413533834586,0.0009364105966143677,,,0.0,0.0
45,308,20,loo_oracle,LOO oracle,1.0,1.0,0.0009364105966143677,,,0.0,0.0
45,308,20,lime,LIME,0.9729323308270676,0.9729323308270676,0.0009364105966143677,,,0.0,0.0
45,309,20,shapley_mc,Monte Carlo Shapley,0.7353383458646616,0.7413533834586465,-6.826928880404592e-05,,,-0.006015037593984918,4.336808689942018e-19
45,309,20,loo_oracle,LOO oracle,0.9819548872180449,1.0,-5.094111730918893e-05,,,-0.018045112781955086,4.336808689942018e-19
45,309,20,lime,LIME,0.8676691729323308,0.8932330827067668,-5.094111730918893e-05,,,-0.02556390977443601,4.336808689942018e-19
45,310,15,shapley_mc,Monte Carlo Shapley,0.8999999999999999,0.8999999999999999,-0.0050134323392063695,,,0.0,1.3877787807814457e-17
45,310,15,loo_oracle,LOO oracle,1.0,1.0,-0.0005247042509994859,,,0.0,1.3877787807814457e-17
45,310,15,lime,LIME,0.9857142857142854,0.9857142857142854,-0.0005247042509994859,,,0.0,1.3877787807814457e-17
45,311,20,shapley_mc,Monte Carlo Shapley,0.8706766917293233,0.8706766917293233,0.0032052091073471733,,,0.0,0.0
45,311,20,loo_oracle,LOO oracle,1.0,1.0,0.0032052091073471733,,,0.0,0.0
45,311,20,lime,LIME,0.9819548872180449,0.9819548872180449,0.0032052091073471733,,,0.0,0.0
45,312,18,shapley_mc,Monte Carlo Shapley,0.7894736842105263,0.8018575851393188,-0.006753045499335419,,,-0.01238390092879249,2.0816681711721685e-17
45,312,18,loo_oracle,LOO oracle,0.9979360165118679,1.0,-0.006753045499335419,,,-0.0020639834881320818,2.0816681711721685e-17
45,312,18,lime,LIME,0.9607843137254902,0.9649122807017543,-0.006753045499335419,,,-0.0041279669762640525,2.0816681711721685e-17
45,313,20,shapley_mc,Monte Carlo Shapley,0.7954887218045112,0.7954887218045112,0.001475199268770322,,,0.0,0.0
45,313,20,loo_oracle,LOO oracle,1.0,1.0,0.0016930912703735923,,,0.0,0.0
45,313,20,lime,LIME,0.9744360902255638,0.9744360902255638,0.0016930912703735923,,,0.0,0.0
45,314,13,shapley_mc,Monte Carlo Shapley,0.8021978021978022,0.8021978021978022,0.002519721738552805,,,0.0,3.469446951953614e-18
45,314,13,loo_oracle,LOO oracle,1.0,1.0,0.002519721738552805,,,0.0,3.469446951953614e-18
45,314,13,lime,LIME,0.967032967032967,0.967032967032967,0.002519721738552805,,,0.0,3.469446951953614e-18
45,315,20,shapley_mc,Monte Carlo Shapley,0.6060150375939849,0.5578947368421052,0.00010629571156556272,,,0.048120300751879674,8.673617379884035e-19
45,315,20,loo_oracle,LOO oracle,0.9894736842105262,1.0,-3.1308244303362986e-05,,,-0.010526315789473828,8.673617379884035e-19
45,315,20,lime,LIME,0.863157894736842,0.8857142857142858,-0.0006395879311580366,,,-0.022556390977443774,8.673617379884035e-19
45,316,14,shapley_mc,Monte Carlo Shapley,0.7802197802197802,0.7802197802197802,0.0012526725095646785,,,0.0,0.0
45,316,14,loo_oracle,LOO oracle,1.0,1.0,1.594583004932426e-05,,,0.0,0.0
45,316,14,lime,LIME,0.9912087912087912,0.9912087912087912,1.594583004932426e-05,,,0.0,0.0
45,317,14,shapley_mc,Monte Carlo Shapley,0.7142857142857143,0.6747252747252748,0.0018142867250039996,,,0.03956043956043953,5.204170427930421e-18
45,317,14,loo_oracle,LOO oracle,0.9912087912087912,1.0,0.00019534863899556276,,,-0.00879120879120876,5.204170427930421e-18
45,317,14,lime,LIME,0.956043956043956,0.9648351648351648,0.00019534863899556276,,,-0.008791208791208871,5.204170427930421e-18
45,318,20,shapley_mc,Monte Carlo Shapley,0.7218045112781954,0.7353383458646616,-1.9500372722192072e-05,,,-0.013533834586466176,0.0
45,318,20,loo_oracle,LOO oracle,0.9804511278195487,1.0,-1.9500372722192072e-05,,,-0.019548872180451315,0.0
45,318,20,lime,LIME,0.8436090225563909,0.8857142857142858,-1.9500372722192072e-05,,,-0.04210526315789487,0.0
45,319,16,shapley_mc,Monte Carlo Shapley,0.911764705882353,0.911764705882353,0.005589275447752062,,,0.0,1.3877787807814457e-17
45,319,16,loo_oracle,LOO oracle,1.0,1.0,0.0029785083561891246,,,0.0,1.3877787807814457e-17
45,319,16,lime,LIME,0.9970588235294118,0.9970588235294118,0.0029785083561891246,,,0.0,1.3877787807814457e-17
45,320,20,shapley_mc,Monte Carlo Shapley,0.8330827067669173,0.8330827067669173,-0.0026343909479509264,,,0.0,3.469446951953614e-18
45,320,20,loo_oracle,LOO oracle,1.0,1.0,-0.0026343909479509264,,,0.0,3.469446951953614e-18
45,320,20,lime,LIME,0.9699248120300751,0.9699248120300751,-0.0026343909479509264,,,0.0,3.469446951953614e-18
45,321,20,shapley_mc,Monte Carlo Shapley,0.9157894736842105,0.9052631578947368,-0.0022886083407535063,,,0.010526315789473717,3.469446951953614e-18
45,321,20,loo_oracle,LOO oracle,0.993984962406015,1.0,-0.0022886083407535063,,,-0.006015037593985029,3.469446951953614e-18
45,321,20,lime,LIME,0.9368421052631578,0.9353383458646616,-0.0022886083407535063,,,0.0015037593984962294,3.469446951953614e-18
45,322,20,shapley_mc,Monte Carlo Shapley,0.7142857142857143,0.7142857142857143,0.002567812253902624,,,0.0,3.469446951953614e-18
45,322,20,loo_oracle,LOO oracle,1.0,1.0,0.0026111631301192206,,,0.0,3.469446951953614e-18
45,322,20,lime,LIME,0.9744360902255638,0.9744360902255638,0.0026111631301192206,,,0.0,3.469446951953614e-18
45,323,20,shapley_mc,Monte Carlo Shapley,0.6556390977443608,0.6556390977443608,0.00011501419136134006,,,0.0,0.0
45,323,20,loo_oracle,LOO oracle,1.0,1.0,0.00011501419136134006,,,0.0,0.0
45,323,20,lime,LIME,0.9488721804511278,0.9488721804511278,0.00011501419136134006,,,0.0,0.0
45,324,20,shapley_mc,Monte Carlo Shapley,0.7097744360902255,0.6977443609022556,-2.5396647442887943e-05,,,0.012030075187969946,1.5178830414797062e-18
45,324,20,loo_oracle,LOO oracle,0.9759398496240601,1.0,-8.987433421925317e-06,,,-0.024060150375939893,1.5178830414797062e-18
45,324,20,lime,LIME,0.9398496240601503,0.9639097744360902,-0.000595056843871844,,,-0.024060150375939893,1.5178830414797062e-18
45,325,20,shapley_mc,Monte Carlo Shapley,0.7864661654135338,0.7849624060150376,0.0022588600104973544,,,0.0015037593984961184,5.204170427930421e-18
45,325,20,loo_oracle,LOO oracle,0.993984962406015,1.0,0.0022588600104973544,,,-0.006015037593985029,5.204170427930421e-18
45,325,20,lime,LIME,0.9639097744360902,0.9578947368421054,0.0022588600104973544,,,0.006015037593984807,5.204170427930421e-18
45,326,20,shapley_mc,Monte Carlo Shapley,0.7714285714285714,0.7233082706766917,0.00031420440114060533,,,0.048120300751879674,4.336808689942018e-19
45,326,20,loo_oracle,LOO oracle,0.9744360902255638,1.0,0.00031420440114060533,,,-0.025563909774436233,4.336808689942018e-19
45,326,20,lime,LIME,0.6857142857142857,0.7593984962406014,0.00031420440114060533,,,-0.07368421052631569,4.336808689942018e-19
45,327,15,shapley_mc,Monte Carlo Shapley,0.557142857142857,0.557142857142857,0.0015498811950026559,,,0.0,3.469446951953614e-18
45,327,15,loo_oracle,LOO oracle,1.0,1.0,0.0016376682149776833,,,0.0,3.469446951953614e-18
45,327,15,lime,LIME,0.9571428571428571,0.9571428571428571,0.0001987745558593157,,,0.0,3.469446951953614e-18
45,328,20,shapley_mc,Monte Carlo Shapley,0.41654135338345866,0.41804511278195483,-0.00020737401996101523,,,-0.001503759398496174,4.336808689942018e-19
45,328,20,loo_oracle,LOO oracle,0.9443609022556391,1.0,-0.000731188265173266,,,-0.05563909774436093,4.336808689942018e-19
45,328,20,lime,LIME,0.7849624060150376,0.8766917293233082,-0.000731188265173266,,,-0.09172932330827055,4.336808689942018e-19
45,329,20,shapley_mc,Monte Carlo Shapley,0.8150375939849623,0.8150375939849623,0.0018689229589407552,,,0.0,3.469446951953614e-18
45,329,20,loo_oracle,LOO oracle,1.0,1.0,0.0019545624672420714,,,0.0,3.469446951953614e-18
45,329,20,lime,LIME,0.9578947368421054,0.9578947368421054,0.0019545624672420714,,,0.0,3.469446951953614e-18
45,330,20,shapley_mc,Monte Carlo Shapley,0.7999999999999999,0.7714285714285714,0.0010899447446713895,,,0.02857142857142858,8.673617379884035e-19
45,330,20,loo_oracle,LOO oracle,0.9879699248120299,1.0,0.0010899447446713895,,,-0.012030075187970057,8.673617379884035e-19
45,330,20,lime,LIME,0.9669172932330825,0.9774436090225563,0.0010899447446713895,,,-0.010526315789473828,8.673617379884035e-19
45,331,20,shapley_mc,Monte Carlo Shapley,0.8526315789473683,0.8526315789473683,0.005079723567717409,,,0.0,6.938893903907228e-18
45,331,20,loo_oracle,LOO oracle,1.0,1.0,0.005079723567717409,,,0.0,6.938893903907228e-18
45,331,20,lime,LIME,0.9789473684210527,0.9789473684210527,0.005079723567717409,,,0.0,6.938893903907228e-18
45,332,20,shapley_mc,Monte Carlo Shapley,0.7533834586466165,0.7488721804511278,0.0015236447199083458,,,0.004511278195488688,0.0
45,332,20,loo_oracle,LOO oracle,0.9969924812030074,1.0,0.001585053697060912,,,-0.00300751879699257,0.0
45,332,20,lime,LIME,0.9789473684210527,0.9849624060150375,0.001585053697060912,,,-0.006015037593984807,0.0
45,333,20,shapley_mc,Monte Carlo Shapley,0.77593984962406,0.7924812030075187,0.0005127123837868064,,,-0.016541353383458635,4.336808689942018e-19
45,333,20,loo_oracle,LOO oracle,0.9699248120300751,1.0,0.0006455983431399304,,,-0.03007518796992492,4.336808689942018e-19
45,333,20,lime,LIME,0.8917293233082706,0.9428571428571428,9.519630908100263e-05,,,-0.051127819548872244,4.336808689942018e-19
45,334,20,shapley_mc,Monte Carlo Shapley,0.7037593984962407,0.6496240601503759,0.002081249363578619,,,0.054135338345864814,3.469446951953614e-18
45,334,20,loo_oracle,LOO oracle,0.9924812030075187,1.0,0.002081249363578619,,,-0.007518796992481258,3.469446951953614e-18
45,334,20,lime,LIME,0.9834586466165413,0.9849624060150375,0.002081249363578619,,,-0.0015037593984962294,3.469446951953614e-18
45,335,20,shapley_mc,Monte Carlo Shapley,0.5924812030075187,0.5984962406015037,-0.00014372442035948119,,,-0.006015037593985029,2.168404344971009e-19
45,335,20,loo_oracle,LOO oracle,0.9819548872180449,1.0,5.762336683851066e-05,,,-0.018045112781955086,2.168404344971009e-19
45,335,20,lime,LIME,0.819548872180451,0.8616541353383457,5.762336683851066e-05,,,-0.042105263157894646,2.168404344971009e-19
45,336,20,shapley_mc,Monte Carlo Shapley,0.7669172932330827,0.7443609022556391,0.0005064863449186219,,,0.022556390977443552,4.336808689942018e-19
45,336,20,loo_oracle,LOO oracle,0.9744360902255638,1.0,5.915129463057722e-05,,,-0.025563909774436233,4.336808689942018e-19
45,336,20,lime,LIME,0.7864661654135338,0.8541353383458646,5.915129463057722e-05,,,-0.06766917293233088,4.336808689942018e-19
45,337,20,shapley_mc,Monte Carlo Shapley,0.7112781954887217,0.7263157894736841,0.0013998362190266178,,,-0.015037593984962405,0.0
45,337,20,loo_oracle,LOO oracle,0.9924812030075187,1.0,0.0013998362190266178,,,-0.007518796992481258,0.0
45,337,20,lime,LIME,0.9789473684210527,0.9864661654135337,0.0013998362190266178,,,-0.007518796992481036,0.0
45,338,20,shapley_mc,Monte Carlo Shapley,0.8601503759398496,0.8300751879699247,-6.176048463091277e-06,,,0.03007518796992481,8.673617379884035e-19
45,338,20,loo_oracle,LOO oracle,0.9879699248120299,1.0,2.6968789266168525e-05,,,-0.012030075187970057,8.673617379884035e-19
45,338,20,lime,LIME,0.8646616541353382,0.8992481203007519,-0.0006352980990167456,,,-0.03458646616541361,8.673617379884035e-19
45,339,20,shapley_mc,Monte Carlo Shapley,0.8030075187969924,0.7744360902255639,0.001202331617691954,,,0.02857142857142847,1.734723475976807e-18
45,339,20,loo_oracle,LOO oracle,0.9954887218045112,1.0,0.001202331617691954,,,-0.004511278195488799,1.734723475976807e-18
45,339,20,lime,LIME,0.9593984962406013,0.9669172932330825,0.001202331617691954,,,-0.007518796992481258,1.734723475976807e-18
45,340,13,shapley_mc,Monte Carlo Shapley,0.7087912087912087,0.7087912087912087,-0.00011450074644064889,,,0.0,0.0
45,340,13,loo_oracle,LOO oracle,1.0,1.0,-0.00011450074644064889,,,0.0,0.0
45,340,13,lime,LIME,0.9615384615384615,0.9615384615384615,-0.00011450074644064889,,,0.0,0.0
45,341,20,shapley_mc,Monte Carlo Shapley,0.7503759398496239,0.7503759398496239,0.004626609169300466,,,0.0,6.938893903907228e-18
45,341,20,loo_oracle,LOO oracle,1.0,1.0,0.004626609169300466,,,0.0,6.938893903907228e-18
45,341,20,lime,LIME,0.9443609022556391,0.9443609022556391,0.0028944138142565357,,,0.0,6.938893903907228e-18
45,342,20,shapley_mc,Monte Carlo Shapley,0.8180451127819548,0.7984962406015037,0.0019705808052019047,,,0.019548872180451093,5.204170427930421e-18
45,342,20,loo_oracle,LOO oracle,0.9969924812030074,1.0,0.0019705808052019047,,,-0.00300751879699257,5.204170427930421e-18
45,342,20,lime,LIME,0.9699248120300751,0.9609022556390976,0.0006240156199786573,,,0.009022556390977488,5.204170427930421e-18
45,343,20,shapley_mc,Monte Carlo Shapley,0.8706766917293233,0.8706766917293233,0.0018208972374327836,,,0.0,0.0
45,343,20,loo_oracle,LOO oracle,1.0,1.0,0.00039891245509804385,,,0.0,0.0
45,343,20,lime,LIME,0.993984962406015,0.993984962406015,0.00039891245509804385,,,0.0,0.0
45,344,18,shapley_mc,Monte Carlo Shapley,0.8926728586171312,0.8864809081527348,-0.0011443138534819042,,,0.006191950464396356,4.336808689942018e-19
45,344,18,loo_oracle,LOO oracle,0.9979360165118679,1.0,-0.0011443138534819042,,,-0.0020639834881320818,4.336808689942018e-19
45,344,18,lime,LIME,0.9752321981424149,0.977296181630547,-0.0011443138534819042,,,-0.0020639834881320818,4.336808689942018e-19
45,345,20,shapley_mc,Monte Carlo Shapley,0.8962406015037594,0.8526315789473683,-7.939822296537669e-05,,,0.0436090225563911,0.0
45,345,20,loo_oracle,LOO oracle,0.9864661654135337,1.0,-0.0010263329305795765,,,-0.013533834586466287,0.0
45,345,20,lime,LIME,0.9263157894736842,0.9533834586466164,-0.0010263329305795765,,,-0.02706766917293224,0.0
45,346,20,shapley_mc,Monte Carlo Shapley,0.6045112781954887,0.5503759398496241,0.000680793440173133,,,0.05413533834586459,8.673617379884035e-19
45,346,20,loo_oracle,LOO oracle,0.9924812030075187,1.0,0.000680793440173133,,,-0.007518796992481258,8.673617379884035e-19
45,346,20,lime,LIME,0.9293233082706768,0.9443609022556391,0.00010560015544031076,,,-0.015037593984962294,8.673617379884035e-19
45,347,20,shapley_mc,Monte Carlo Shapley,0.875187969924812,0.8165413533834586,0.00014190452161044753,,,0.05864661654135339,2.6020852139652106e-18
45,347,20,loo_oracle,LOO oracle,0.9834586466165413,1.0,0.00014190452161044753,,,-0.016541353383458746,2.6020852139652106e-18
45,347,20,lime,LIME,0.9699248120300751,0.9714285714285714,0.00014190452161044753,,,-0.0015037593984963404,2.6020852139652106e-18
45,348,20,shapley_mc,Monte Carlo Shapley,0.7639097744360903,0.7518796992481201,0.0028345090911787163,,,0.012030075187970168,8.673617379884035e-18
45,348,20,loo_oracle,LOO oracle,0.9969924812030074,1.0,0.0028345090911787163,,,-0.00300751879699257,8.673617379884035e-18
45,348,20,lime,LIME,0.9789473684210527,0.9789473684210527,0.0028345090911787163,,,0.0,8.673617379884035e-18
45,349,20,shapley_mc,Monte Carlo Shapley,0.8902255639097743,0.8661654135338346,-9.357617412530939e-05,,,0.02406015037593967,4.336808689942018e-19
45,349,20,loo_oracle,LOO oracle,0.9714285714285714,1.0,-0.0006866777574693339,,,-0.02857142857142858,4.336808689942018e-19
45,349,20,lime,LIME,0.9458646616541352,0.9669172932330825,-0.0006866777574693339,,,-0.021052631578947323,4.336808689942018e-19
45,350,20,shapley_mc,Monte Carlo Shapley,0.7593984962406014,0.6992481203007518,-0.0002552913672010937,,,0.06015037593984962,1.734723475976807e-18
45,350,20,loo_oracle,LOO oracle,0.9864661654135337,1.0,-0.0009128167632574402,,,-0.013533834586466287,1.734723475976807e-18
45,350,20,lime,LIME,0.9533834586466164,0.9578947368421054,-0.0009128167632574402,,,-0.00451127819548891,1.734723475976807e-18
45,351,20,shapley_mc,Monte Carlo Shapley,0.7894736842105263,0.7819548872180451,0.0006545406753810656,,,0.007518796992481258,4.336808689942018e-19
45,351,20,loo_oracle,LOO oracle,0.9759398496240601,1.0,9.810454227887622e-05,,,-0.024060150375939893,4.336808689942018e-19
45,351,20,lime,LIME,0.9218045112781955,0.9458646616541352,0.00011013984484975481,,,-0.02406015037593967,4.336808689942018e-19
45,352,15,shapley_mc,Monte Carlo Shapley,0.7142857142857142,0.7142857142857142,-0.003951611209312422,,,0.0,0.0
45,352,15,loo_oracle,LOO oracle,1.0,1.0,-0.003951611209312422,,,0.0,0.0
45,352,15,lime,LIME,0.9892857142857142,0.9892857142857142,-0.003951611209312422,,,0.0,0.0
45,353,20,shapley_mc,Monte Carlo Shapley,0.8586466165413533,0.8571428571428572,0.0018938567018226826,,,0.0015037593984961184,3.469446951953614e-18
45,353,20,loo_oracle,LOO oracle,0.9864661654135337,1.0,0.0018938567018226826,,,-0.013533834586466287,3.469446951953614e-18
45,353,20,lime,LIME,0.9699248120300751,0.9639097744360902,0.0018938567018226826,,,0.006015037593984918,3.469446951953614e-18
45,354,20,shapley_mc,Monte Carlo Shapley,0.7849624060150376,0.7443609022556391,0.001724884056631848,,,0.04060150375939853,1.734723475976807e-18
45,354,20,loo_oracle,LOO oracle,0.9954887218045112,1.0,0.0007090452563002225,,,-0.004511278195488799,1.734723475976807e-18
45,354,20,lime,LIME,0.9639097744360902,0.9654135338345864,0.001724884056631848,,,-0.0015037593984962294,1.734723475976807e-18
45,355,17,shapley_mc,Monte Carlo Shapley,0.8676470588235294,0.8627450980392157,0.0016333986781702503,,,0.004901960784313708,3.469446951953614e-18
45,355,17,loo_oracle,LOO oracle,0.9975490196078433,1.0,0.0016333986781702503,,,-0.002450980392156743,3.469446951953614e-18
45,355,17,lime,LIME,0.8210784313725491,0.8259803921568629,0.0004988832055549675,,,-0.004901960784313819,3.469446951953614e-18
45,356,20,shapley_mc,Monte Carlo Shapley,0.7233082706766917,0.706766917293233,0.0026722239149329363,,,0.016541353383458635,3.469446951953614e-18
45,356,20,loo_oracle,LOO oracle,0.9969924812030074,1.0,0.0026722239149329363,,,-0.00300751879699257,3.469446951953614e-18
45,356,20,lime,LIME,0.9744360902255638,0.9744360902255638,0.0026722239149329363,,,0.0,3.469446951953614e-18
45,357,20,shapley_mc,Monte Carlo Shapley,0.7308270676691728,0.7157894736842104,0.0026312031591996243,,,0.015037593984962405,3.469446951953614e-18
45,357,20,loo_oracle,LOO oracle,0.993984962406015,1.0,0.0026312031591996243,,,-0.006015037593985029,3.469446951953614e-18
45,357,20,lime,LIME,0.8932330827067668,0.8842105263157894,0.0026312031591996243,,,0.009022556390977376,3.469446951953614e-18
45,358,20,shapley_mc,Monte Carlo Shapley,0.8436090225563909,0.8451127819548873,-0.0004444480632732617,,,-0.0015037593984963404,6.505213034913027e-19
45,358,20,loo_oracle,LOO oracle,0.9954887218045112,1.0,1.4391921521195172e-05,,,-0.004511278195488799,6.505213034913027e-19
45,358,20,lime,LIME,0.9533834586466164,0.956390977443609,-0.0005369357596225477,,,-0.00300751879699257,6.505213034913027e-19
45,359,20,shapley_mc,Monte Carlo Shapley,0.9699248120300751,0.9669172932330825,-0.002983639653046599,,,0.00300751879699257,1.734723475976807e-18
45,359,20,loo_oracle,LOO oracle,0.9984962406015038,1.0,-0.002983639653046599,,,-0.0015037593984962294,1.734723475976807e-18
45,359,20,lime,LIME,0.9684210526315788,0.9714285714285714,-0.002983639653046599,,,-0.00300751879699257,1.734723475976807e-18
45,360,14,shapley_mc,Monte Carlo Shapley,0.8989010989010989,0.8989010989010989,0.004390017593050688,,,0.0,3.469446951953614e-18
45,360,14,loo_oracle,LOO oracle,1.0,1.0,0.0024230514946964044,,,0.0,3.469446951953614e-18
45,360,14,lime,LIME,0.9736263736263736,0.9736263736263736,0.0024230514946964044,,,0.0,3.469446951953614e-18
45,361,20,shapley_mc,Monte Carlo Shapley,0.78796992481203,0.78796992481203,0.0023350536493488283,,,0.0,3.469446951953614e-18
45,361,20,loo_oracle,LOO oracle,1.0,1.0,0.0023350536493488283,,,0.0,3.469446951953614e-18
45,361,20,lime,LIME,0.9849624060150375,0.9849624060150375,0.0023350536493488283,,,0.0,3.469446951953614e-18
45,362,20,shapley_mc,Monte Carlo Shapley,0.8932330827067668,0.8842105263157894,0.00220186011910789,,,0.009022556390977376,6.938893903907228e-18
45,362,20,loo_oracle,LOO oracle,0.9984962406015038,1.0,0.00220186011910789,,,-0.0015037593984962294,6.938893903907228e-18
45,362,20,lime,LIME,0.9744360902255638,0.9774436090225563,0.00220186011910789,,,-0.00300751879699257,6.938893903907228e-18
45,363,13,shapley_mc,Monte Carlo Shapley,0.7252747252747254,0.7142857142857143,0.004629451627252201,,,0.010989010989011061,1.3877787807814457e-17
45,363,13,loo_oracle,LOO oracle,0.9945054945054945,1.0,0.002229790295016465,,,-0.005494505494505475,1.3877787807814457e-17
45,363,13,lime,LIME,0.967032967032967,0.945054945054945,0.002229790295016465,,,0.02197802197802201,1.3877787807814457e-17
45,364,18,shapley_mc,Monte Carlo Shapley,0.8988648090815273,0.9029927760577915,-0.005391080396432657,,,-0.0041279669762641635,6.938893903907228e-18
45,364,18,loo_oracle,LOO oracle,0.9979360165118679,1.0,-0.005391080396432657,,,-0.0020639834881320818,6.938893903907228e-18
45,364,18,lime,LIME,0.9525283797729618,0.9566563467492261,-0.005391080396432657,,,-0.0041279669762642746,6.938893903907228e-18
45,365,20,shapley_mc,Monte Carlo Shapley,0.7984962406015037,0.77593984962406,0.0011370780815604942,,,0.022556390977443663,1.734723475976807e-18
45,365,20,loo_oracle,LOO oracle,0.9699248120300751,1.0,0.001052957353862738,,,-0.03007518796992492,1.734723475976807e-18
45,365,20,lime,LIME,0.7774436090225564,0.77593984962406,0.001052957353862738,,,0.0015037593984963404,1.734723475976807e-18
45,366,20,shapley_mc,Monte Carlo Shapley,0.732330827067669,0.7278195488721804,-0.00018347175571309382,,,0.004511278195488688,4.336808689942018e-19
45,366,20,loo_oracle,LOO oracle,0.9924812030075187,1.0,-0.00018347175571309382,,,-0.007518796992481258,4.336808689942018e-19
45,366,20,lime,LIME,0.9172932330827066,0.9218045112781955,-0.00018347175571309382,,,-0.00451127819548891,4.336808689942018e-19
45,367,20,shapley_mc,Monte Carlo Shapley,0.6766917293233082,0.6932330827067669,0.0006571903710697602,,,-0.016541353383458635,2.168404344971009e-19
45,367,20,loo_oracle,LOO oracle,0.9954887218045112,1.0,0.00013146107460559886,,,-0.004511278195488799,2.168404344971009e-19
45,367,20,lime,LIME,0.9097744360902256,0.9233082706766916,0.00013146107460559886,,,-0.013533834586466065,2.168404344971009e-19
45,368,20,shapley_mc,Monte Carlo Shapley,0.8466165413533834,0.849624060150376,0.0019717395354443834,,,-0.00300751879699257,0.0
45,368,20,loo_oracle,LOO oracle,0.9984962406015038,1.0,0.0007684829981441377,,,-0.0015037593984962294,0.0
45,368,20,lime,LIME,0.9639097744360902,0.9684210526315788,0.0007684829981441377,,,-0.004511278195488688,0.0
45,369,20,shapley_mc,Monte Carlo Shapley,0.801503759398496,0.8150375939849623,0.0008293264846743198,,,-0.013533834586466287,1.734723475976807e-18
45,369,20,loo_oracle,LOO oracle,0.9969924812030074,1.0,0.0008293264846743198,,,-0.00300751879699257,1.734723475976807e-18
45,369,20,lime,LIME,0.9759398496240601,0.9744360902255638,0.0008374032033398593,,,0.0015037593984963404,1.734723475976807e-18
45,370,20,shapley_mc,Monte Carlo Shapley,0.6466165413533834,0.6466165413533834,0.001323283250383056,,,0.0,3.469446951953614e-18
45,370,20,loo_oracle,LOO oracle,1.0,1.0,0.001323283250383056,,,0.0,3.469446951953614e-18
45,370,20,lime,LIME,0.9819548872180449,0.9819548872180449,0.001323283250383056,,,0.0,3.469446951953614e-18
45,371,20,shapley_mc,Monte Carlo Shapley,0.6736842105263157,0.5518796992481202,0.0002845345470607885,,,0.12180451127819547,1.0842021724855044e-19
45,371,20,loo_oracle,LOO oracle,0.8992481203007519,1.0,5.66475493779528e-06,,,-0.10075187969924815,1.0842021724855044e-19
45,371,20,lime,LIME,0.5789473684210527,0.7849624060150376,-0.00022327210482764315,,,-0.20601503759398498,1.0842021724855044e-19
45,372,11,shapley_mc,Monte Carlo Shapley,0.6727272727272727,0.6727272727272727,-0.0026142132234293625,,,0.0,0.0
45,372,11,loo_oracle,LOO oracle,1.0,1.0,-0.000453125053975989,,,0.0,0.0
45,372,11,lime,LIME,1.0,1.0,-0.000453125053975989,,,0.0,0.0
45,373,20,shapley_mc,Monte Carlo Shapley,0.8150375939849623,0.8150375939849623,0.002528929266965907,,,0.0,0.0
45,373,20,loo_oracle,LOO oracle,1.0,1.0,0.0011272454893597739,,,0.0,0.0
45,373,20,lime,LIME,0.9789473684210527,0.9789473684210527,0.002528929266965907,,,0.0,0.0
45,374,20,shapley_mc,Monte Carlo Shapley,0.8932330827067668,0.8932330827067668,0.00018003562234703008,,,0.0,0.0
45,374,20,loo_oracle,LOO oracle,1.0,1.0,0.00018003562234703008,,,0.0,0.0
45,374,20,lime,LIME,0.9383458646616539,0.9383458646616539,0.00018003562234703008,,,0.0,0.0
45,375,20,shapley_mc,Monte Carlo Shapley,0.8330827067669173,0.8285714285714285,-0.0007319493457361714,,,0.004511278195488799,4.336808689942018e-19
45,375,20,loo_oracle,LOO oracle,0.9954887218045112,1.0,-0.0007119358498579587,,,-0.004511278195488799,4.336808689942018e-19
45,375,20,lime,LIME,0.9052631578947368,0.9203007518796992,-0.0007319493457361714,,,-0.015037593984962405,4.336808689942018e-19
45,376,20,shapley_mc,Monte Carlo Shapley,0.7789473684210525,0.7804511278195487,0.0038896307554726617,,,-0.0015037593984962294,2.7755575615628914e-17
45,376,20,loo_oracle,LOO oracle,0.9969924812030074,1.0,0.0038896307554726617,,,-0.00300751879699257,2.7755575615628914e-17
45,376,20,lime,LIME,0.956390977443609,0.9609022556390976,0.0038896307554726617,,,-0.004511278195488577,2.7755575615628914e-17
45,377,20,shapley_mc,Monte Carlo Shapley,0.6541353383458646,0.6030075187969924,0.0007809910237585038,,,0.05112781954887213,1.734723475976807e-18
45,377,20,loo_oracle,LOO oracle,0.9909774436090225,1.0,0.0007809910237585038,,,-0.009022556390977488,1.734723475976807e-18
45,377,20,lime,LIME,0.9022556390977443,0.9112781954887217,0.0007809910237585038,,,-0.009022556390977376,1.734723475976807e-18
45,378,20,shapley_mc,Monte Carlo Shapley,0.5368421052631579,0.5458646616541353,0.001319205198160811,,,-0.009022556390977376,3.469446951953614e-18
45,378,20,loo_oracle,LOO oracle,0.993984962406015,1.0,0.000812478015765894,,,-0.006015037593985029,3.469446951953614e-18
45,378,20,lime,LIME,0.9353383458646616,0.9488721804511278,0.0008242471784155603,,,-0.013533834586466176,3.469446951953614e-18
45,379,20,shapley_mc,Monte Carlo Shapley,0.7172932330827068,0.6872180451127818,0.0009303242246224697,,,0.03007518796992492,1.734723475976807e-18
45,379,20,loo_oracle,LOO oracle,0.9714285714285714,1.0,0.0009442310981968571,,,-0.02857142857142858,1.734723475976807e-18
45,379,20,lime,LIME,0.9533834586466164,0.9654135338345864,0.0009442310981968571,,,-0.012030075187969946,1.734723475976807e-18
45,380,20,shapley_mc,Monte Carlo Shapley,0.8962406015037594,0.8962406015037594,0.0010627365090620233,,,0.0,0.0
45,380,20,loo_oracle,LOO oracle,1.0,1.0,0.0010627365090620233,,,0.0,0.0
45,380,20,lime,LIME,0.9548872180451128,0.9548872180451128,0.0010627365090620233,,,0.0,0.0
45,381,20,shapley_mc,Monte Carlo Shapley,0.6676691729323309,0.6676691729323309,0.0014427697421922625,,,0.0,0.0
45,381,20,loo_oracle,LOO oracle,1.0,1.0,-5.3197341612909455e-06,,,0.0,0.0
45,381,20,lime,LIME,0.9744360902255638,0.9744360902255638,-5.3197341612909455e-06,,,0.0,0.0
45,382,12,shapley_mc,Monte Carlo Shapley,0.7832167832167832,0.8391608391608393,-0.006705165395077706,,,-0.05594405594405605,1.0408340855860843e-17
45,382,12,loo_oracle,LOO oracle,0.9720279720279721,1.0,-0.006705165395077706,,,-0.027972027972027913,1.0408340855860843e-17
45,382,12,lime,LIME,0.9720279720279721,1.0,-0.006705165395077706,,,-0.027972027972027913,1.0408340855860843e-17
45,383,11,shapley_mc,Monte Carlo Shapley,0.6818181818181819,0.7000000000000001,2.0972640338401405e-05,,,-0.018181818181818188,0.0
45,383,11,loo_oracle,LOO oracle,0.990909090909091,1.0,2.0972640338401405e-05,,,-0.009090909090909038,0.0
45,383,11,lime,LIME,0.7636363636363637,0.8090909090909091,2.0972640338401405e-05,,,-0.045454545454545414,0.0
45,384,20,shapley_mc,Monte Carlo Shapley,0.7533834586466165,0.7533834586466165,0.0027746699062267677,,,0.0,3.469446951953614e-18
45,384,20,loo_oracle,LOO oracle,1.0,1.0,0.0027746699062267677,,,0.0,3.469446951953614e-18
45,384,20,lime,LIME,0.9879699248120299,0.9879699248120299,0.0027746699062267677,,,0.0,3.469446951953614e-18
45,385,20,shapley_mc,Monte Carlo Shapley,0.9127819548872179,0.9127819548872179,-0.0018778044775814573,,,0.0,1.734723475976807e-18
45,385,20,loo_oracle,LOO oracle,1.0,1.0,-0.0018778044775814573,,,0.0,1.734723475976807e-18
45,385,20,lime,LIME,0.9924812030075187,0.9924812030075187,-0.0018778044775814573,,,0.0,1.734723475976807e-18
45,386,20,shapley_mc,Monte Carlo Shapley,0.8451127819548873,0.8451127819548873,0.001410555240298983,,,0.0,1.734723475976807e-18
45,386,20,loo_oracle,LOO oracle,1.0,1.0,0.00020687591872708966,,,0.0,1.734723475976807e-18
45,386,20,lime,LIME,0.9849624060150375,0.9849624060150375,0.00020687591872708966,,,0.0,1.734723475976807e-18
45,387,20,shapley_mc,Monte Carlo Shapley,0.819548872180451,0.8300751879699247,0.0008254099557823413,,,-0.010526315789473717,4.336808689942018e-19
45,387,20,loo_oracle,LOO oracle,0.993984962406015,1.0,0.0008254099557823413,,,-0.006015037593985029,4.336808689942018e-19
45,387,20,lime,LIME,0.8706766917293233,0.8992481203007519,0.0002705942290328611,,,-0.02857142857142858,4.336808689942018e-19
45,388,20,shapley_mc,Monte Carlo Shapley,0.849624060150376,0.849624060150376,-0.0012744069352470522,,,0.0,2.3852447794681098e-18
45,388,20,loo_oracle,LOO oracle,1.0,1.0,-0.0012744069352470522,,,0.0,2.3852447794681098e-18
45,388,20,lime,LIME,0.9503759398496241,0.9503759398496241,-0.0012744069352470522,,,0.0,2.3852447794681098e-18
45,389,20,shapley_mc,Monte Carlo Shapley,0.8917293233082706,0.8917293233082706,0.004165554638954627,,,0.0,6.938893903907228e-18
45,389,20,loo_oracle,LOO oracle,1.0,1.0,0.004165554638954627,,,0.0,6.938893903907228e-18
45,389,20,lime,LIME,0.9729323308270676,0.9729323308270676,0.004165554638954627,,,0.0,6.938893903907228e-18
45,390,20,shapley_mc,Monte Carlo Shapley,0.9338345864661652,0.9157894736842105,0.0009254381989631799,,,0.018045112781954753,0.0
45,390,20,loo_oracle,LOO oracle,0.9819548872180449,1.0,-0.0009382242323824341,,,-0.018045112781955086,0.0
45,390,20,lime,LIME,0.8812030075187969,0.8977443609022555,-0.0009382242323824341,,,-0.016541353383458635,0.0
45,391,20,shapley_mc,Monte Carlo Shapley,0.9052631578947368,0.9097744360902256,0.0010501254642107383,,,-0.004511278195488799,1.734723475976807e-18
45,391,20,loo_oracle,LOO oracle,0.9984962406015038,1.0,7.733185935776543e-05,,,-0.0015037593984962294,1.734723475976807e-18
45,391,20,lime,LIME,0.9744360902255638,0.9699248120300751,7.733185935776543e-05,,,0.004511278195488688,1.734723475976807e-18
45,392,20,shapley_mc,Monte Carlo Shapley,0.8285714285714285,0.7744360902255639,0.0009014855236092467,,,0.05413533834586459,8.673617379884035e-19
45,392,20,loo_oracle,LOO oracle,0.9744360902255638,1.0,0.001145375908362889,,,-0.025563909774436233,8.673617379884035e-19
45,392,20,lime,LIME,0.9759398496240601,0.9744360902255638,0.0011476493804256638,,,0.0015037593984963404,8.673617379884035e-19
45,393,9,shapley_mc,Monte Carlo Shapley,0.4666666666666666,0.4666666666666666,0.003542468902881346,,,0.0,3.469446951953614e-18
45,393,9,loo_oracle,LOO oracle,1.0,1.0,0.0012974534223688106,,,0.0,3.469446951953614e-18
45,393,9,lime,LIME,0.9333333333333332,0.9333333333333332,0.0012974534223688106,,,0.0,3.469446951953614e-18
45,394,11,shapley_mc,Monte Carlo Shapley,0.7272727272727273,0.7272727272727273,0.007489347608359731,,,0.0,2.7755575615628914e-17
45,394,11,loo_oracle,LOO oracle,1.0,1.0,0.003780456206459837,,,0.0,2.7755575615628914e-17
45,394,11,lime,LIME,0.9727272727272729,0.9727272727272729,0.00852868394442835,,,0.0,2.7755575615628914e-17
45,395,20,shapley_mc,Monte Carlo Shapley,0.8947368421052632,0.8887218045112781,0.0012109028810532996,,,0.006015037593985029,0.0
45,395,20,loo_oracle,LOO oracle,0.9954887218045112,1.0,0.0012109028810532996,,,-0.004511278195488799,0.0
45,395,20,lime,LIME,0.9488721804511278,0.9593984962406013,0.0012109028810532996,,,-0.010526315789473495,0.0
45,396,20,shapley_mc,Monte Carlo Shapley,0.8586466165413533,0.8601503759398496,0.0006402084514468553,,,-0.0015037593984962294,1.734723475976807e-18
45,396,20,loo_oracle,LOO oracle,0.9984962406015038,1.0,0.0006402084514468553,,,-0.0015037593984962294,1.734723475976807e-18
45,396,20,lime,LIME,0.9654135338345864,0.9624060150375938,0.0006402084514468553,,,0.00300751879699257,1.734723475976807e-18
45,397,20,shapley_mc,Monte Carlo Shapley,0.8676691729323308,0.8556390977443609,0.0024816458763649574,,,0.012030075187969946,3.469446951953614e-18
45,397,20,loo_oracle,LOO oracle,0.9969924812030074,1.0,0.0024816458763649574,,,-0.00300751879699257,3.469446951953614e-18
45,397,20,lime,LIME,0.9624060150375938,0.9684210526315788,0.0024816458763649574,,,-0.006015037593985029,3.469446951953614e-18
45,398,20,shapley_mc,Monte Carlo Shapley,0.5007518796992482,0.5007518796992482,0.005319786943655425,,,0.0,1.3877787807814457e-17
45,398,20,loo_oracle,LOO oracle,1.0,1.0,0.005319786943655425,,,0.0,1.3877787807814457e-17
45,398,20,lime,LIME,0.932330827067669,0.932330827067669,0.005319786943655425,,,0.0,1.3877787807814457e-17
45,399,20,shapley_mc,Monte Carlo Shapley,0.8285714285714285,0.8210526315789473,-0.00015577024607016376,,,0.007518796992481258,0.0
45,399,20,loo_oracle,LOO oracle,0.9984962406015038,1.0,-0.0007222896455217898,,,-0.0015037593984962294,0.0
45,399,20,lime,LIME,0.9458646616541352,0.9428571428571428,-0.0007222896455217898,,,0.003007518796992348,0.0
45,400,20,shapley_mc,Monte Carlo Shapley,0.8661654135338346,0.8706766917293233,0.0014160237610276738,,,-0.004511278195488688,1.734723475976807e-18
45,400,20,loo_oracle,LOO oracle,0.9969924812030074,1.0,0.0014160237610276738,,,-0.00300751879699257,1.734723475976807e-18
45,400,20,lime,LIME,0.9729323308270676,0.9759398496240601,0.0005439766165296067,,,-0.003007518796992459,1.734723475976807e-18
45,401,20,shapley_mc,Monte Carlo Shapley,0.8436090225563909,0.8436090225563909,-0.00018900345722466794,,,0.0,8.673617379884035e-19
45,401,20,loo_oracle,LOO oracle,0.9909774436090225,1.0,-0.00012052617474350713,,,-0.009022556390977488,8.673617379884035e-19
45,401,20,lime,LIME,0.8812030075187969,0.9142857142857143,-0.0008652466159146943,,,-0.03308270676691738,8.673617379884035e-19
45,402,20,shapley_mc,Monte Carlo Shapley,0.7699248120300751,0.7684210526315788,0.0008150078101187841,,,0.0015037593984963404,8.673617379884035e-19
45,402,20,loo_oracle,LOO oracle,0.9984962406015038,1.0,0.0001251536837260092,,,-0.0015037593984962294,8.673617379884035e-19
45,402,20,lime,LIME,0.9518796992481202,0.9548872180451128,0.0001251536837260092,,,-0.00300751879699257,8.673617379884035e-19
45,403,20,shapley_mc,Monte Carlo Shapley,0.706766917293233,0.706766917293233,0.0025841109239617688,,,0.0,3.469446951953614e-18
45,403,20,loo_oracle,LOO oracle,1.0,1.0,0.0025841109239617688,,,0.0,3.469446951953614e-18
45,403,20,lime,LIME,0.9413533834586465,0.9413533834586465,0.0025841109239617688,,,0.0,3.469446951953614e-18
45,404,20,shapley_mc,Monte Carlo Shapley,0.8947368421052632,0.8947368421052632,0.0011637086612637515,,,0.0,1.734723475976807e-18
45,404,20,loo_oracle,LOO oracle,1.0,1.0,0.00010156479933692841,,,0.0,1.734723475976807e-18
45,404,20,lime,LIME,0.9578947368421054,0.9578947368421054,0.00010156479933692841,,,0.0,1.734723475976807e-18
45,405,20,shapley_mc,Monte Carlo Shapley,0.8541353383458646,0.8390977443609022,0.0010876595242803044,,,0.015037593984962405,1.734723475976807e-18
45,405,20,loo_oracle,LOO oracle,0.9969924812030074,1.0,0.00024655501348747055,,,-0.00300751879699257,1.734723475976807e-18
45,405,20,lime,LIME,0.9699248120300751,0.9744360902255638,0.00024655501348747055,,,-0.004511278195488688,1.734723475976807e-18
45,406,15,shapley_mc,Monte Carlo Shapley,0.8321428571428571,0.8107142857142855,0.0023573863346743607,,,0.021428571428571574,3.469446951953614e-18
45,406,15,loo_oracle,LOO oracle,0.9964285714285712,1.0,0.0023573863346743607,,,-0.003571428571428781,3.469446951953614e-18
45,406,15,lime,LIME,0.9285714285714284,0.9357142857142854,0.0023573863346743607,,,-0.0071428571428570065,3.469446951953614e-18
45,407,20,shapley_mc,Monte Carlo Shapley,0.8150375939849623,0.8090225563909773,0.0009677069267672866,,,0.006015037593985029,0.0
45,407,20,loo_oracle,LOO oracle,0.993984962406015,1.0,9.105097295275533e-05,,,-0.006015037593985029,0.0
45,407,20,lime,LIME,0.9203007518796992,0.9308270676691727,9.105097295275533e-05,,,-0.010526315789473495,0.0
45,408,20,shapley_mc,Monte Carlo Shapley,0.6932330827067669,0.7127819548872181,6.264354813767525e-07,,,-0.019548872180451204,0.0
45,408,20,loo_oracle,LOO oracle,0.9774436090225563,1.0,6.264354813767525e-07,,,-0.022556390977443663,0.0
45,408,20,lime,LIME,0.9067669172932331,0.9518796992481202,-0.0007606977346100163,,,-0.045112781954887105,0.0
45,409,20,shapley_mc,Monte Carlo Shapley,0.8781954887218045,0.8360902255639097,0.00048193637687266033,,,0.04210526315789487,8.673617379884035e-19
45,409,20,loo_oracle,LOO oracle,0.9849624060150375,1.0,-2.224127733524428e-05,,,-0.015037593984962516,8.673617379884035e-19
45,409,20,lime,LIME,0.8360902255639097,0.8902255639097743,-0.0006032069675429574,,,-0.05413533834586459,8.673617379884035e-19
45,410,20,shapley_mc,Monte Carlo Shapley,0.7639097744360903,0.7488721804511278,0.003120413780526965,,,0.015037593984962516,3.469446951953614e-18
45,410,20,loo_oracle,LOO oracle,0.9969924812030074,1.0,0.003120413780526965,,,-0.00300751879699257,3.469446951953614e-18
45,410,20,lime,LIME,0.956390977443609,0.9443609022556391,0.003120413780526965,,,0.012030075187969946,3.469446951953614e-18
45,411,20,shapley_mc,Monte Carlo Shapley,0.7999999999999999,0.801503759398496,0.0009735448280190351,,,-0.0015037593984961184,1.734723475976807e-18
45,411,20,loo_oracle,LOO oracle,0.9984962406015038,1.0,0.00016332680531050414,,,-0.0015037593984962294,1.734723475976807e-18
45,411,20,lime,LIME,0.9473684210526315,0.9518796992481202,0.00016332680531050414,,,-0.004511278195488688,1.734723475976807e-18
45,412,20,shapley_mc,Monte Carlo Shapley,0.625563909774436,0.6300751879699248,0.0021435387206804046,,,-0.004511278195488799,5.204170427930421e-18
45,412,20,loo_oracle,LOO oracle,0.9984962406015038,1.0,0.0021681864159354136,,,-0.0015037593984962294,5.204170427930421e-18
45,412,20,lime,LIME,0.9909774436090225,0.9924812030075187,0.0021435387206804046,,,-0.0015037593984962294,5.204170427930421e-18
45,413,18,shapley_mc,Monte Carlo Shapley,0.8740970072239421,0.8761609907120743,-0.003650226841098947,,,-0.002063983488132193,6.938893903907228e-18
45,413,18,loo_oracle,LOO oracle,0.9979360165118679,1.0,-0.003924119446369501,,,-0.0020639834881320818,6.938893903907228e-18
45,413,18,lime,LIME,0.9896800825593396,0.9855521155830752,-0.003924119446369501,,,0.004127966976264386,6.938893903907228e-18
45,414,20,shapley_mc,Monte Carlo Shapley,0.8300751879699247,0.8165413533834586,0.0011154682184887355,,,0.013533834586466176,1.734723475976807e-18
45,414,20,loo_oracle,LOO oracle,0.9909774436090225,1.0,0.0011154682184887355,,,-0.009022556390977488,1.734723475976807e-18
45,414,20,lime,LIME,0.9097744360902256,0.9263157894736842,0.0011154682184887355,,,-0.016541353383458635,1.734723475976807e-18
45,415,20,shapley_mc,Monte Carlo Shapley,0.9127819548872179,0.9127819548872179,-0.0002647687148050748,,,0.0,4.336808689942018e-19
45,415,20,loo_oracle,LOO oracle,1.0,1.0,-0.00016872728013517246,,,0.0,4.336808689942018e-19
45,415,20,lime,LIME,0.9624060150375938,0.9624060150375938,-0.00016872728013517246,,,0.0,4.336808689942018e-19
45,416,12,shapley_mc,Monte Carlo Shapley,0.5874125874125874,0.5874125874125874,0.0025510803812577865,,,0.0,3.469446951953614e-18
45,416,12,loo_oracle,LOO oracle,1.0,1.0,0.0005501910629720497,,,0.0,3.469446951953614e-18
45,416,12,lime,LIME,0.9720279720279721,0.9720279720279721,0.0005501910629720497,,,0.0,3.469446951953614e-18
45,417,20,shapley_mc,Monte Carlo Shapley,0.900751879699248,0.900751879699248,-0.002627456484122437,,,0.0,0.0
45,417,20,loo_oracle,LOO oracle,1.0,1.0,-0.002627456484122437,,,0.0,0.0
45,417,20,lime,LIME,0.9864661654135337,0.9864661654135337,-0.002627456484122437,,,0.0,0.0
45,418,20,shapley_mc,Monte Carlo Shapley,0.9834586466165413,0.9834586466165413,-0.00019752478530032924,,,0.0,8.673617379884035e-19
45,418,20,loo_oracle,LOO oracle,1.0,1.0,-0.00018479187777065142,,,0.0,8.673617379884035e-19
45,418,20,lime,LIME,0.9789473684210527,0.9789473684210527,-0.00019752478530032924,,,0.0,8.673617379884035e-19
45,419,20,shapley_mc,Monte Carlo Shapley,0.9398496240601503,0.8932330827067668,-0.0009287600889199554,,,0.046616541353383445,9.75781955236954e-19
45,419,20,loo_oracle,LOO oracle,0.9834586466165413,1.0,3.903942252797554e-05,,,-0.016541353383458746,9.75781955236954e-19
45,419,20,lime,LIME,0.9503759398496241,0.9699248120300751,4.6438982341856505e-05,,,-0.019548872180450982,9.75781955236954e-19
45,420,15,shapley_mc,Monte Carlo Shapley,0.7214285714285712,0.7249999999999999,0.0026051121183244264,,,-0.0035714285714286698,5.204170427930421e-18
45,420,15,loo_oracle,LOO oracle,0.9928571428571428,1.0,0.0026051121183244264,,,-0.0071428571428572285,5.204170427930421e-18
45,420,15,lime,LIME,0.95,0.9571428571428571,0.0026051121183244264,,,-0.0071428571428571175,5.204170427930421e-18
45,421,20,shapley_mc,Monte Carlo Shapley,0.8421052631578947,0.8240601503759398,0.0011903165989088915,,,0.018045112781954864,0.0
45,421,20,loo_oracle,LOO oracle,0.993984962406015,1.0,0.0011903165989088915,,,-0.006015037593985029,0.0
45,421,20,lime,LIME,0.9699248120300751,0.9744360902255638,0.0011903165989088915,,,-0.004511278195488688,0.0
45,422,14,shapley_mc,Monte Carlo Shapley,0.8153846153846154,0.8065934065934066,0.001732099024802758,,,0.00879120879120876,5.204170427930421e-18
45,422,14,loo_oracle,LOO oracle,0.9956043956043955,1.0,0.0004253331369929447,,,-0.004395604395604491,5.204170427930421e-18
45,422,14,lime,LIME,0.9692307692307693,0.9648351648351648,0.0004253331369929447,,,0.004395604395604491,5.204170427930421e-18
45,423,20,shapley_mc,Monte Carlo Shapley,0.4060150375939849,0.45714285714285713,0.0006841595290866254,,,-0.051127819548872244,4.336808689942018e-19
45,423,20,loo_oracle,LOO oracle,0.9894736842105262,1.0,0.0006841595290866254,,,-0.010526315789473828,4.336808689942018e-19
45,423,20,lime,LIME,0.7263157894736841,0.7503759398496239,8.969395118579859e-05,,,-0.02406015037593978,4.336808689942018e-19
45,424,20,shapley_mc,Monte Carlo Shapley,0.8616541353383457,0.8721804511278194,3.5249158568673167e-06,,,-0.010526315789473717,0.0
45,424,20,loo_oracle,LOO oracle,0.9518796992481202,1.0,-0.0007005242065279971,,,-0.048120300751879785,0.0
45,424,20,lime,LIME,0.8481203007518796,0.9338345864661652,-0.0007005242065279971,,,-0.08571428571428563,0.0
45,425,20,shapley_mc,Monte Carlo Shapley,0.49323308270676686,0.4285714285714286,-0.0007242246482870307,,,0.06466165413533825,0.0
45,425,20,loo_oracle,LOO oracle,0.9729323308270676,1.0,-0.0007242246482870307,,,-0.02706766917293235,0.0
45,425,20,lime,LIME,0.9037593984962405,0.9308270676691727,-0.0007242246482870307,,,-0.02706766917293213,0.0
45,426,20,shapley_mc,Monte Carlo Shapley,0.7127819548872181,0.7127819548872181,0.0026749874054027845,,,0.0,6.938893903907228e-18
45,426,20,loo_oracle,LOO oracle,1.0,1.0,0.002745777646456782,,,0.0,6.938893903907228e-18
45,426,20,lime,LIME,0.9684210526315788,0.9684210526315788,0.0026749874054027845,,,0.0,6.938893903907228e-18
45,427,20,shapley_mc,Monte Carlo Shapley,0.806015037593985,0.806015037593985,0.003018906433416846,,,0.0,0.0
45,427,20,loo_oracle,LOO oracle,1.0,1.0,0.003018906433416846,,,0.0,0.0
45,427,20,lime,LIME,0.9744360902255638,0.9744360902255638,0.003018906433416846,,,0.0,0.0
45,428,20,shapley_mc,Monte Carlo Shapley,0.5518796992481202,0.5398496240601504,0.000451451693961491,,,0.012030075187969835,3.469446951953614e-18
45,428,20,loo_oracle,LOO oracle,0.993984962406015,1.0,0.000451451693961491,,,-0.006015037593985029,3.469446951953614e-18
45,428,20,lime,LIME,0.932330827067669,0.9413533834586465,0.000451451693961491,,,-0.009022556390977488,3.469446951953614e-18
45,429,20,shapley_mc,Monte Carlo Shapley,0.78796992481203,0.7894736842105263,0.0003624383330905201,,,-0.0015037593984963404,1.734723475976807e-18
45,429,20,loo_oracle,LOO oracle,0.9954887218045112,1.0,0.0003624383330905201,,,-0.004511278195488799,1.734723475976807e-18
45,429,20,lime,LIME,0.9744360902255638,0.9699248120300751,0.0003624383330905201,,,0.004511278195488688,1.734723475976807e-18
45,430,20,shapley_mc,Monte Carlo Shapley,0.831578947368421,0.831578947368421,-0.0013046083167606026,,,0.0,1.734723475976807e-18
45,430,20,loo_oracle,LOO oracle,1.0,1.0,-0.00022603338821736152,,,0.0,1.734723475976807e-18
45,430,20,lime,LIME,0.9789473684210527,0.9789473684210527,-0.00022603338821736152,,,0.0,1.734723475976807e-18
45,431,20,shapley_mc,Monte Carlo Shapley,0.7909774436090224,0.7909774436090224,0.001698311552280174,,,0.0,1.734723475976807e-18
45,431,20,loo_oracle,LOO oracle,1.0,1.0,0.001698311552280174,,,0.0,1.734723475976807e-18
45,431,20,lime,LIME,0.9714285714285714,0.9714285714285714,0.001698311552280174,,,0.0,1.734723475976807e-18
45,432,20,shapley_mc,Monte Carlo Shapley,0.6661654135338345,0.6661654135338345,0.002841114196169392,,,0.0,6.938893903907228e-18
45,432,20,loo_oracle,LOO oracle,1.0,1.0,0.0015608028906453075,,,0.0,6.938893903907228e-18
45,432,20,lime,LIME,0.9729323308270676,0.9729323308270676,0.0015608028906453075,,,0.0,6.938893903907228e-18
45,433,20,shapley_mc,Monte Carlo Shapley,0.7729323308270677,0.7263157894736841,0.0008990538297137807,,,0.046616541353383556,0.0
45,433,20,loo_oracle,LOO oracle,0.993984962406015,1.0,0.000968705080344967,,,-0.006015037593985029,0.0
45,433,20,lime,LIME,0.9518796992481202,0.9488721804511278,0.0002524186074652768,,,0.003007518796992459,0.0
45,434,20,shapley_mc,Monte Carlo Shapley,0.7639097744360903,0.7593984962406014,0.0033078934469818466,,,0.00451127819548891,3.469446951953614e-18
45,434,20,loo_oracle,LOO oracle,0.9984962406015038,1.0,0.0033078934469818466,,,-0.0015037593984962294,3.469446951953614e-18
45,434,20,lime,LIME,0.9218045112781955,0.9248120300751879,0.0033078934469818466,,,-0.003007518796992348,3.469446951953614e-18
45,435,20,shapley_mc,Monte Carlo Shapley,0.5263157894736841,0.512781954887218,0.0006817403962857127,,,0.013533834586466065,1.734723475976807e-18
45,435,20,loo_oracle,LOO oracle,0.9954887218045112,1.0,0.00018032126259182046,,,-0.004511278195488799,1.734723475976807e-18
45,435,20,lime,LIME,0.9398496240601503,0.9488721804511278,0.0002295708591631418,,,-0.009022556390977488,1.734723475976807e-18
45,436,20,shapley_mc,Monte Carlo Shapley,0.8842105263157894,0.8842105263157894,0.0019950746692172228,,,0.0,0.0
45,436,20,loo_oracle,LOO oracle,1.0,1.0,0.0019950746692172228,,,0.0,0.0
45,436,20,lime,LIME,0.993984962406015,0.993984962406015,0.0019950746692172228,,,0.0,0.0
45,437,20,shapley_mc,Monte Carlo Shapley,0.8045112781954886,0.7969924812030074,0.0013528927640066857,,,0.007518796992481258,0.0
45,437,20,loo_oracle,LOO oracle,0.9969924812030074,1.0,0.0013917224460964217,,,-0.00300751879699257,0.0
45,437,20,lime,LIME,0.9849624060150375,0.9849624060150375,0.0013917224460964217,,,0.0,0.0
45,438,20,shapley_mc,Monte Carlo Shapley,0.5909774436090225,0.5864661654135337,0.001283226531297088,,,0.004511278195488799,0.0
45,438,20,loo_oracle,LOO oracle,0.9984962406015038,1.0,0.001283226531297088,,,-0.0015037593984962294,0.0
45,438,20,lime,LIME,0.9699248120300751,0.9669172932330825,0.001283226531297088,,,0.00300751879699257,0.0
45,439,15,shapley_mc,Monte Carlo Shapley,0.8607142857142854,0.8357142857142855,0.0027513655597302122,,,0.02499999999999991,3.469446951953614e-18
45,439,15,loo_oracle,LOO oracle,0.9964285714285712,1.0,0.0027513655597302122,,,-0.003571428571428781,3.469446951953614e-18
45,439,15,lime,LIME,0.9892857142857142,0.9928571428571428,0.0027513655597302122,,,-0.0035714285714285587,3.469446951953614e-18
45,440,20,shapley_mc,Monte Carlo Shapley,0.9578947368421054,0.9578947368421054,-0.0015401297802641878,,,0.0,1.734723475976807e-18
45,440,20,loo_oracle,LOO oracle,1.0,1.0,-0.0015401297802641878,,,0.0,1.734723475976807e-18
45,440,20,lime,LIME,0.9864661654135337,0.9864661654135337,-0.0015401297802641878,,,0.0,1.734723475976807e-18
45,441,20,shapley_mc,Monte Carlo Shapley,0.7293233082706766,0.7218045112781954,0.00011821820531082716,,,0.007518796992481147,0.0
45,441,20,loo_oracle,LOO oracle,0.9744360902255638,1.0,0.00011821820531082716,,,-0.025563909774436233,0.0
45,441,20,lime,LIME,0.7849624060150376,0.8300751879699247,0.00011821820531082716,,,-0.045112781954887105,0.0
45,442,20,shapley_mc,Monte Carlo Shapley,0.7518796992481201,0.7518796992481201,0.0007382890878763759,,,0.0,0.0
45,442,20,loo_oracle,LOO oracle,1.0,1.0,8.4178200463636e-05,,,0.0,0.0
45,442,20,lime,LIME,0.9744360902255638,0.9744360902255638,8.4178200463636e-05,,,0.0,0.0
45,443,20,shapley_mc,Monte Carlo Shapley,0.7488721804511278,0.7548872180451127,0.0007643578249140748,,,-0.006015037593984918,4.336808689942018e-19
45,443,20,loo_oracle,LOO oracle,0.9924812030075187,1.0,0.0008057827661093753,,,-0.007518796992481258,4.336808689942018e-19
45,443,20,lime,LIME,0.8390977443609022,0.875187969924812,0.0002108499866511626,,,-0.03609022556390973,4.336808689942018e-19
45,444,20,shapley_mc,Monte Carlo Shapley,0.7353383458646616,0.7428571428571428,0.001184167242829548,,,-0.007518796992481147,8.673617379884035e-19
45,444,20,loo_oracle,LOO oracle,0.9924812030075187,1.0,0.001184167242829548,,,-0.007518796992481258,8.673617379884035e-19
45,444,20,lime,LIME,0.9699248120300751,0.9804511278195487,0.001184167242829548,,,-0.010526315789473606,8.673617379884035e-19
45,445,20,shapley_mc,Monte Carlo Shapley,0.78796992481203,0.7819548872180451,0.0012850617506220408,,,0.006015037593984918,8.673617379884035e-19
45,445,20,loo_oracle,LOO oracle,0.9969924812030074,1.0,0.0012850617506220408,,,-0.00300751879699257,8.673617379884035e-19
45,445,20,lime,LIME,0.9789473684210527,0.9789473684210527,0.0012850617506220408,,,0.0,8.673617379884035e-19
45,446,20,shapley_mc,Monte Carlo Shapley,0.7533834586466165,0.7263157894736841,0.00013563624065077162,,,0.02706766917293235,4.336808689942018e-19
45,446,20,loo_oracle,LOO oracle,0.9789473684210527,1.0,0.0001110658620224747,,,-0.021052631578947323,4.336808689942018e-19
45,446,20,lime,LIME,0.9082706766917292,0.9082706766917292,4.1207531077891435e-05,,,0.0,4.336808689942018e-19
45,447,10,shapley_mc,Monte Carlo Shapley,0.6969696969696969,0.6242424242424242,0.002477268453899173,,,0.07272727272727275,3.469446951953614e-18
45,447,10,loo_oracle,LOO oracle,0.9878787878787878,0.9999999999999999,0.00046566964349414874,,,-0.012121212121212088,3.469446951953614e-18
45,447,10,lime,LIME,0.9878787878787878,0.9999999999999999,0.00046566964349414874,,,-0.012121212121212088,3.469446951953614e-18
45,448,20,shapley_mc,Monte Carlo Shapley,0.8105263157894737,0.8030075187969924,0.0008911946316390584,,,0.007518796992481258,0.0
45,448,20,loo_oracle,LOO oracle,0.9954887218045112,1.0,0.0011674963821188822,,,-0.004511278195488799,0.0
45,448,20,lime,LIME,0.9789473684210527,0.9849624060150375,0.0011674963821188822,,,-0.006015037593984807,0.0
45,449,20,shapley_mc,Monte Carlo Shapley,0.8857142857142858,0.8857142857142858,3.150068787372007e-06,,,0.0,0.0
45,449,20,loo_oracle,LOO oracle,1.0,1.0,3.150068787372007e-06,,,0.0,0.0
45,449,20,lime,LIME,0.9383458646616539,0.9383458646616539,3.150068787372007e-06,,,0.0,0.0
45,450,20,shapley_mc,Monte Carlo Shapley,0.8541353383458646,0.8932330827067668,-0.0014727377906873507,,,-0.03909774436090219,8.673617379884035e-19
45,450,20,loo_oracle,LOO oracle,0.9684210526315788,1.0,-0.0014727377906873507,,,-0.03157894736842115,8.673617379884035e-19
45,450,20,lime,LIME,0.8721804511278194,0.9172932330827066,-0.0014727377906873507,,,-0.045112781954887216,8.673617379884035e-19
45,451,20,shapley_mc,Monte Carlo Shapley,0.7022556390977444,0.7624060150375939,1.0446262599717038e-05,,,-0.06015037593984951,7.589415207398531e-19
45,451,20,loo_oracle,LOO oracle,0.9067669172932331,1.0,-0.0004664850817333033,,,-0.09323308270676689,7.589415207398531e-19
45,451,20,lime,LIME,0.831578947368421,0.8601503759398496,-0.0004136132213631294,,,-0.02857142857142858,7.589415207398531e-19
45,452,20,shapley_mc,Monte Carlo Shapley,0.7533834586466165,0.7278195488721804,0.0008895484513418705,,,0.025563909774436122,1.734723475976807e-18
45,452,20,loo_oracle,LOO oracle,0.9954887218045112,1.0,0.0008895484513418705,,,-0.004511278195488799,1.734723475976807e-18
45,452,20,lime,LIME,0.9834586466165413,0.9894736842105262,0.0008895484513418705,,,-0.006015037593984918,1.734723475976807e-18
45,453,20,shapley_mc,Monte Carlo Shapley,0.6932330827067669,0.6616541353383457,0.0009179430699129965,,,0.03157894736842115,0.0
45,453,20,loo_oracle,LOO oracle,0.9879699248120299,1.0,0.0001272220393707113,,,-0.012030075187970057,0.0
45,453,20,lime,LIME,0.8796992481203006,0.9097744360902256,0.0001272220393707113,,,-0.03007518796992492,0.0
45,454,19,shapley_mc,Monte Carlo Shapley,0.8105263157894737,0.8105263157894737,0.0023872672923824223,,,0.0,3.469446951953614e-18
45,454,19,loo_oracle,LOO oracle,1.0,1.0,0.0023872672923824223,,,0.0,3.469446951953614e-18
45,454,19,lime,LIME,0.9912280701754386,0.9912280701754386,0.0023872672923824223,,,0.0,3.469446951953614e-18
45,455,20,shapley_mc,Monte Carlo Shapley,0.7428571428571428,0.7428571428571428,0.001028168759321102,,,0.0,1.734723475976807e-18
45,455,20,loo_oracle,LOO oracle,1.0,1.0,0.00023637237911677822,,,0.0,1.734723475976807e-18
45,455,20,lime,LIME,0.9729323308270676,0.9729323308270676,0.00023637237911677822,,,0.0,1.734723475976807e-18
45,456,20,shapley_mc,Monte Carlo Shapley,0.5157894736842105,0.5142857142857143,0.0005603947777308993,,,0.0015037593984961184,8.673617379884035e-19
45,456,20,loo_oracle,LOO oracle,0.9819548872180449,1.0,0.0005603947777308993,,,-0.018045112781955086,8.673617379884035e-19
45,456,20,lime,LIME,0.8992481203007519,0.9067669172932331,0.0005603947777308993,,,-0.007518796992481258,8.673617379884035e-19
45,457,18,shapley_mc,Monte Carlo Shapley,0.8740970072239421,0.8844169246646028,0.0035007514882313684,,,-0.010319917440660631,1.3877787807814457e-17
45,457,18,loo_oracle,LOO oracle,0.9938080495356036,1.0,0.0035007514882313684,,,-0.006191950464396356,1.3877787807814457e-17
45,457,18,lime,LIME,0.9834881320949431,0.9793601651186791,0.0035007514882313684,,,0.0041279669762640525,1.3877787807814457e-17
45,458,16,shapley_mc,Monte Carlo Shapley,0.8852941176470588,0.8970588235294116,-0.00014943515057574963,,,-0.011764705882352788,0.0
45,458,16,loo_oracle,LOO oracle,0.9970588235294118,1.0,-0.00014943515057574963,,,-0.002941176470588225,0.0
45,458,16,lime,LIME,0.8941176470588235,0.8970588235294116,-0.00014943515057574963,,,-0.002941176470588114,0.0
45,459,20,shapley_mc,Monte Carlo Shapley,0.7413533834586465,0.7548872180451127,0.0022407446930318153,,,-0.013533834586466176,6.938893903907228e-18
45,459,20,loo_oracle,LOO oracle,0.993984962406015,1.0,0.002265605918482627,,,-0.006015037593985029,6.938893903907228e-18
45,459,20,lime,LIME,0.9533834586466164,0.9518796992481202,0.0022407446930318153,,,0.0015037593984962294,6.938893903907228e-18
45,460,20,shapley_mc,Monte Carlo Shapley,0.6796992481203006,0.6616541353383457,0.0002737185231870831,,,0.018045112781954864,1.734723475976807e-18
45,460,20,loo_oracle,LOO oracle,0.9864661654135337,1.0,0.0002737185231870831,,,-0.013533834586466287,1.734723475976807e-18
45,460,20,lime,LIME,0.8902255639097743,0.8932330827067668,0.0002737185231870831,,,-0.00300751879699257,1.734723475976807e-18
45,461,20,shapley_mc,Monte Carlo Shapley,0.813533834586466,0.813533834586466,0.00011739199065413652,,,0.0,0.0
45,461,20,loo_oracle,LOO oracle,1.0,1.0,-1.8664349629493593e-05,,,0.0,0.0
45,461,20,lime,LIME,0.9443609022556391,0.9443609022556391,-1.8664349629493593e-05,,,0.0,0.0
45,462,20,shapley_mc,Monte Carlo Shapley,0.7609022556390977,0.7849624060150376,-9.340678088559651e-05,,,-0.024060150375939893,4.336808689942018e-19
45,462,20,loo_oracle,LOO oracle,0.9834586466165413,1.0,-9.340678088559651e-05,,,-0.016541353383458746,4.336808689942018e-19
45,462,20,lime,LIME,0.8481203007518796,0.9037593984962405,-9.340678088559651e-05,,,-0.05563909774436093,4.336808689942018e-19
45,463,20,shapley_mc,Monte Carlo Shapley,0.7624060150375939,0.7624060150375939,-0.003757743001984837,,,0.0,0.0
45,463,20,loo_oracle,LOO oracle,1.0,1.0,-0.003757743001984837,,,0.0,0.0
45,463,20,lime,LIME,0.9699248120300751,0.9699248120300751,-0.003757743001984837,,,0.0,0.0
45,464,20,shapley_mc,Monte Carlo Shapley,0.7954887218045112,0.7804511278195487,0.0025575335323180237,,,0.015037593984962516,0.0
45,464,20,loo_oracle,LOO oracle,0.993984962406015,1.0,0.0025575335323180237,,,-0.006015037593985029,0.0
45,464,20,lime,LIME,0.9729323308270676,0.9774436090225563,0.0025575335323180237,,,-0.004511278195488688,0.0
45,465,20,shapley_mc,Monte Carlo Shapley,0.6045112781954887,0.5759398496240601,0.0007912618408326688,,,0.02857142857142858,1.734723475976807e-18
45,465,20,loo_oracle,LOO oracle,0.993984962406015,1.0,0.00028015259473201937,,,-0.006015037593985029,1.734723475976807e-18
45,465,20,lime,LIME,0.956390977443609,0.9729323308270676,0.00028015259473201937,,,-0.016541353383458635,1.734723475976807e-18
45,466,20,shapley_mc,Monte Carlo Shapley,0.9203007518796992,0.918796992481203,-0.006022065629544215,,,0.0015037593984962294,1.3877787807814457e-17
45,466,20,loo_oracle,LOO oracle,0.9984962406015038,1.0,-0.006022065629544215,,,-0.0015037593984962294,1.3877787807814457e-17
45,466,20,lime,LIME,0.9669172932330825,0.9624060150375938,-0.006022065629544215,,,0.004511278195488688,1.3877787807814457e-17
45,467,14,shapley_mc,Monte Carlo Shapley,0.7186813186813187,0.7230769230769231,-0.004151564976300759,,,-0.00439560439560438,6.938893903907228e-18
45,467,14,loo_oracle,LOO oracle,0.9956043956043955,1.0,-0.004151564976300759,,,-0.004395604395604491,6.938893903907228e-18
45,467,14,lime,LIME,0.9604395604395607,0.9648351648351648,-0.004151564976300759,,,-0.004395604395604158,6.938893903907228e-18
45,468,20,shapley_mc,Monte Carlo Shapley,0.7789473684210525,0.7669172932330827,0.002993611801482887,,,0.012030075187969835,1.734723475976807e-18
45,468,20,loo_oracle,LOO oracle,0.9969924812030074,1.0,0.002993611801482887,,,-0.00300751879699257,1.734723475976807e-18
45,468,20,lime,LIME,0.9819548872180449,0.9819548872180449,0.002993611801482887,,,0.0,1.734723475976807e-18
45,469,20,shapley_mc,Monte Carlo Shapley,0.4646616541353384,0.45714285714285713,0.0006874305472875375,,,0.007518796992481258,0.0
45,469,20,loo_oracle,LOO oracle,0.9819548872180449,1.0,0.0006874305472875375,,,-0.018045112781955086,0.0
45,469,20,lime,LIME,0.9398496240601503,0.9518796992481202,0.000165861473774509,,,-0.012030075187969946,0.0
45,470,20,shapley_mc,Monte Carlo Shapley,0.7593984962406014,0.7593984962406014,0.0018578996321258479,,,0.0,6.938893903907228e-18
45,470,20,loo_oracle,LOO oracle,1.0,1.0,0.0018578996321258479,,,0.0,6.938893903907228e-18
45,470,20,lime,LIME,0.9804511278195487,0.9804511278195487,0.0018578996321258479,,,0.0,6.938893903907228e-18
45,471,20,shapley_mc,Monte Carlo Shapley,0.9127819548872179,0.9127819548872179,0.003652993322652398,,,0.0,0.0
45,471,20,loo_oracle,LOO oracle,1.0,1.0,0.003652993322652398,,,0.0,0.0
45,471,20,lime,LIME,0.9879699248120299,0.9879699248120299,0.003652993322652398,,,0.0,0.0
45,472,20,shapley_mc,Monte Carlo Shapley,0.6120300751879698,0.6541353383458646,6.705462220130132e-05,,,-0.04210526315789476,5.421010862427522e-19
45,472,20,loo_oracle,LOO oracle,0.9548872180451128,1.0,3.4978463292367756e-05,,,-0.045112781954887216,5.421010862427522e-19
45,472,20,lime,LIME,0.8150375939849623,0.9203007518796992,-0.0004988377300647606,,,-0.10526315789473684,5.421010862427522e-19
45,473,20,shapley_mc,Monte Carlo Shapley,0.7819548872180451,0.7744360902255639,-0.0010870713998210046,,,0.007518796992481147,0.0
45,473,20,loo_oracle,LOO oracle,0.9924812030075187,1.0,-0.0010870713998210046,,,-0.007518796992481258,0.0
45,473,20,lime,LIME,0.875187969924812,0.8556390977443609,-0.0010870713998210046,,,0.019548872180451093,0.0
45,474,20,shapley_mc,Monte Carlo Shapley,0.7924812030075187,0.7789473684210525,0.00010668544690944914,,,0.013533834586466176,8.673617379884035e-19
45,474,20,loo_oracle,LOO oracle,0.9518796992481202,1.0,9.266761903248266e-05,,,-0.048120300751879785,8.673617379884035e-19
45,474,20,lime,LIME,0.9428571428571428,0.9548872180451128,9.266761903248266e-05,,,-0.012030075187969946,8.673617379884035e-19
45,475,20,shapley_mc,Monte Carlo Shapley,0.7413533834586465,0.6842105263157895,0.00040706204664142653,,,0.05714285714285705,0.0
45,475,20,loo_oracle,LOO oracle,0.9503759398496241,1.0,0.00041429435278650395,,,-0.049624060150375904,0.0
45,475,20,lime,LIME,0.7999999999999999,0.8526315789473683,0.00041429435278650395,,,-0.05263157894736836,0.0
45,476,20,shapley_mc,Monte Carlo Shapley,0.7203007518796991,0.7172932330827068,0.0004989007941629264,,,0.003007518796992348,0.0
45,476,20,loo_oracle,LOO oracle,0.9473684210526315,1.0,-0.0005977830158881425,,,-0.052631578947368474,0.0
45,476,20,lime,LIME,0.8030075187969924,0.8616541353383457,-0.0005575689033689435,,,-0.05864661654135328,0.0
45,477,20,shapley_mc,Monte Carlo Shapley,0.6586466165413534,0.6736842105263157,0.004339605371780575,,,-0.015037593984962294,0.0
45,477,20,loo_oracle,LOO oracle,0.9984962406015038,1.0,0.004339605371780575,,,-0.0015037593984962294,0.0
45,477,20,lime,LIME,0.9443609022556391,0.9458646616541352,0.002044699053411758,,,-0.0015037593984961184,0.0
45,478,20,shapley_mc,Monte Carlo Shapley,0.6977443609022556,0.6676691729323309,0.0011330732343122762,,,0.0300751879699247,0.0
45,478,20,loo_oracle,LOO oracle,0.993984962406015,1.0,0.001173114212100368,,,-0.006015037593985029,0.0
45,478,20,lime,LIME,0.9759398496240601,0.9759398496240601,0.0011330732343122762,,,0.0,0.0
45,479,20,shapley_mc,Monte Carlo Shapley,0.7894736842105263,0.7894736842105263,0.005073061064161277,,,0.0,6.938893903907228e-18
45,479,20,loo_oracle,LOO oracle,1.0,1.0,0.005073061064161277,,,0.0,6.938893903907228e-18
45,479,20,lime,LIME,0.9864661654135337,0.9864661654135337,0.005073061064161277,,,0.0,6.938893903907228e-18
45,480,20,shapley_mc,Monte Carlo Shapley,0.7203007518796991,0.6842105263157895,0.0004375475330319345,,,0.03609022556390962,0.0
45,480,20,loo_oracle,LOO oracle,0.9804511278195487,1.0,-0.0006908675830337163,,,-0.019548872180451315,0.0
45,480,20,lime,LIME,0.8992481203007519,0.9248120300751879,-0.0006452502790764703,,,-0.02556390977443601,0.0
45,481,20,shapley_mc,Monte Carlo Shapley,0.5909774436090225,0.5669172932330826,0.0012210513068605655,,,0.024060150375939893,1.734723475976807e-18
45,481,20,loo_oracle,LOO oracle,0.9909774436090225,1.0,0.001200096487359359,,,-0.009022556390977488,1.734723475976807e-18
45,481,20,lime,LIME,0.9293233082706768,0.9503759398496241,0.0012210513068605655,,,-0.021052631578947323,1.734723475976807e-18
45,482,9,shapley_mc,Monte Carlo Shapley,0.7999999999999999,0.7999999999999999,-0.003282643808574348,,,0.0,0.0
45,482,9,loo_oracle,LOO oracle,1.0,1.0,-0.0007553674399122245,,,0.0,0.0
45,482,9,lime,LIME,1.0,1.0,-0.0007553674399122245,,,0.0,0.0
45,483,20,shapley_mc,Monte Carlo Shapley,0.8721804511278194,0.8721804511278194,-0.0017117396076643532,,,0.0,1.734723475976807e-18
45,483,20,loo_oracle,LOO oracle,1.0,1.0,-0.0018942715511020003,,,0.0,1.734723475976807e-18
45,483,20,lime,LIME,0.9759398496240601,0.9759398496240601,-0.0018942715511020003,,,0.0,1.734723475976807e-18
45,484,20,shapley_mc,Monte Carlo Shapley,0.6586466165413534,0.6586466165413534,0.0015737102896634103,,,0.0,5.204170427930421e-18
45,484,20,loo_oracle,LOO oracle,1.0,1.0,0.0008441724058835809,,,0.0,5.204170427930421e-18
45,484,20,lime,LIME,0.9729323308270676,0.9729323308270676,0.0008441724058835809,,,0.0,5.204170427930421e-18
45,485,20,shapley_mc,Monte Carlo Shapley,0.78796992481203,0.78796992481203,0.0014513539203452885,,,0.0,1.734723475976807e-18
45,485,20,loo_oracle,LOO oracle,1.0,1.0,0.0003291852300790765,,,0.0,1.734723475976807e-18
45,485,20,lime,LIME,0.9789473684210527,0.9789473684210527,0.0003291852300790765,,,0.0,1.734723475976807e-18
45,486,20,shapley_mc,Monte Carlo Shapley,0.8075187969924811,0.8075187969924811,0.001979358654525809,,,0.0,5.204170427930421e-18
45,486,20,loo_oracle,LOO oracle,1.0,1.0,0.001979358654525809,,,0.0,5.204170427930421e-18
45,486,20,lime,LIME,0.9593984962406013,0.9593984962406013,0.001979358654525809,,,0.0,5.204170427930421e-18
45,487,11,shapley_mc,Monte Carlo Shapley,0.6818181818181819,0.7181818181818183,5.23868673928396e-05,,,-0.036363636363636376,1.734723475976807e-18
45,487,11,loo_oracle,LOO oracle,0.990909090909091,1.0,5.23868673928396e-05,,,-0.009090909090909038,1.734723475976807e-18
45,487,11,lime,LIME,0.881818181818182,0.8909090909090911,5.23868673928396e-05,,,-0.00909090909090915,1.734723475976807e-18
45,488,10,shapley_mc,Monte Carlo Shapley,0.6969696969696969,0.6969696969696969,-0.006167060745252195,,,0.0,2.0816681711721685e-17
45,488,10,loo_oracle,LOO oracle,0.9999999999999999,0.9999999999999999,-0.006167060745252195,,,0.0,2.0816681711721685e-17
45,488,10,lime,LIME,0.9999999999999999,0.9999999999999999,-0.006167060745252195,,,0.0,2.0816681711721685e-17
45,489,20,shapley_mc,Monte Carlo Shapley,0.793984962406015,0.6766917293233082,-0.0006073262696663084,,,0.11729323308270678,4.336808689942018e-19
45,489,20,loo_oracle,LOO oracle,0.9443609022556391,1.0,-0.0006073262696663084,,,-0.05563909774436093,4.336808689942018e-19
45,489,20,lime,LIME,0.8526315789473683,0.8526315789473683,-0.0006073262696663084,,,0.0,4.336808689942018e-19
45,490,13,shapley_mc,Monte Carlo Shapley,0.8406593406593407,0.8406593406593407,-0.007401895945834069,,,0.0,4.163336342344337e-17
45,490,13,loo_oracle,LOO oracle,1.0,1.0,-0.007401895945834069,,,0.0,4.163336342344337e-17
45,490,13,lime,LIME,0.9505494505494506,0.9505494505494506,-0.007401895945834069,,,0.0,4.163336342344337e-17
45,491,20,shapley_mc,Monte Carlo Shapley,0.8947368421052632,0.9097744360902256,-0.0017611051402497413,,,-0.015037593984962405,0.0
45,491,20,loo_oracle,LOO oracle,0.9879699248120299,1.0,-0.0017611051402497413,,,-0.012030075187970057,0.0
45,491,20,lime,LIME,0.9473684210526315,0.9578947368421054,-0.0017611051402497413,,,-0.010526315789473828,0.0
45,492,20,shapley_mc,Monte Carlo Shapley,0.7563909774436091,0.7203007518796991,0.0008483379712361239,,,0.03609022556390995,4.336808689942018e-19
45,492,20,loo_oracle,LOO oracle,0.9413533834586465,1.0,0.00018398431250560288,,,-0.0586466165413535,4.336808689942018e-19
45,492,20,lime,LIME,0.9052631578947368,0.9338345864661652,0.00018398431250560288,,,-0.02857142857142847,4.336808689942018e-19
45,493,20,shapley_mc,Monte Carlo Shapley,0.882706766917293,0.8541353383458646,0.0011418176984402395,,,0.02857142857142836,1.734723475976807e-18
45,493,20,loo_oracle,LOO oracle,0.9864661654135337,1.0,0.0011418176984402395,,,-0.013533834586466287,1.734723475976807e-18
45,493,20,lime,LIME,0.9203007518796992,0.9458646616541352,0.0011418176984402395,,,-0.02556390977443601,1.734723475976807e-18
45,494,20,shapley_mc,Monte Carlo Shapley,0.8661654135338346,0.8661654135338346,0.0013917967627020134,,,0.0,0.0
45,494,20,loo_oracle,LOO oracle,1.0,1.0,0.00036062414264781406,,,0.0,0.0
45,494,20,lime,LIME,0.9969924812030074,0.9969924812030074,0.00036062414264781406,,,0.0,0.0
45,495,20,shapley_mc,Monte Carlo Shapley,0.8225563909774435,0.8225563909774435,0.0019114415804524776,,,0.0,1.734723475976807e-18
45,495,20,loo_oracle,LOO oracle,1.0,1.0,0.0019114415804524776,,,0.0,1.734723475976807e-18
45,495,20,lime,LIME,0.9879699248120299,0.9879699248120299,0.0019114415804524776,,,0.0,1.734723475976807e-18
45,496,14,shapley_mc,Monte Carlo Shapley,0.8593406593406594,0.8681318681318682,-0.001894542294880508,,,-0.00879120879120876,1.734723475976807e-18
45,496,14,loo_oracle,LOO oracle,0.9912087912087912,1.0,-0.001894542294880508,,,-0.00879120879120876,1.734723475976807e-18
45,496,14,lime,LIME,0.8901098901098902,0.8681318681318682,-0.001894542294880508,,,0.02197802197802201,1.734723475976807e-18
45,497,20,shapley_mc,Monte Carlo Shapley,0.8105263157894737,0.7954887218045112,3.768741781468021e-05,,,0.015037593984962405,5.421010862427522e-20
45,497,20,loo_oracle,LOO oracle,0.9924812030075187,1.0,-0.0004663248722998614,,,-0.007518796992481258,5.421010862427522e-20
45,497,20,lime,LIME,0.7473684210526315,0.7714285714285714,-0.0004332652782669255,,,-0.024060150375939893,5.421010862427522e-20
45,498,20,shapley_mc,Monte Carlo Shapley,0.6481203007518795,0.6360902255639098,0.0011695237320938912,,,0.012030075187969724,3.469446951953614e-18
45,498,20,loo_oracle,LOO oracle,0.9954887218045112,1.0,0.0012370055545496972,,,-0.004511278195488799,3.469446951953614e-18
45,498,20,lime,LIME,0.8917293233082706,0.8962406015037594,6.008854229633265e-05,,,-0.004511278195488799,3.469446951953614e-18
45,499,20,shapley_mc,Monte Carlo Shapley,0.8436090225563909,0.8436090225563909,0.0009403987450646301,,,0.0,0.0
45,499,20,loo_oracle,LOO oracle,1.0,1.0,6.746842297788991e-05,,,0.0,0.0
45,499,20,lime,LIME,0.9744360902255638,0.9744360902255638,6.746842297788991e-05,,,0.0,0.0
46,0,20,shapley_mc,Monte Carlo Shapley,0.8541353383458646,0.8541353383458646,0.0020101469266960437,0.0,0.0,0.0,1.734723475976807e-18
46,0,20,loo_oracle,LOO oracle,1.0,1.0,0.0020101469266960437,0.0,0.0,0.0,1.734723475976807e-18
46,0,20,lime,LIME,0.9909774436090225,0.9909774436090225,0.00061374117333024,0.0013964057533658036,0.6946784506773903,0.0,1.734723475976807e-18
46,1,20,shapley_mc,Monte Carlo Shapley,0.8571428571428572,0.8571428571428572,0.0025162895606497537,0.0,0.0,0.0,1.3877787807814457e-17
46,1,20,loo_oracle,LOO oracle,1.0,1.0,0.0025162895606497537,0.0,0.0,0.0,1.3877787807814457e-17
46,1,20,lime,LIME,0.9684210526315788,0.9684210526315788,0.0025162895606497537,0.0,0.0,0.0,1.3877787807814457e-17
46,2,20,shapley_mc,Monte Carlo Shapley,0.6451127819548872,0.6451127819548872,0.0007813456995567902,0.0,0.0,0.0,8.673617379884035e-19
46,2,20,loo_oracle,LOO oracle,1.0,1.0,0.00012992085752511207,0.0006514248420316782,0.8337216696367179,0.0,8.673617379884035e-19
46,2,20,lime,LIME,0.9127819548872179,0.9127819548872179,0.0001905136426741949,0.0005908320568825953,0.7561724041759824,0.0,8.673617379884035e-19
46,3,16,shapley_mc,Monte Carlo Shapley,0.9823529411764707,0.961764705882353,6.845646966702201e-05,0.0006868536982564954,0.9093664119939131,0.020588235294117685,1.0842021724855044e-18
46,3,16,loo_oracle,LOO oracle,0.9794117647058824,1.0,6.845646966702201e-05,0.0006868536982564954,0.9093664119939131,-0.020588235294117574,1.0842021724855044e-18
46,3,16,lime,LIME,0.976470588235294,0.9382352941176471,6.845646966702201e-05,0.0006868536982564954,0.9093664119939131,0.03823529411764692,1.0842021724855044e-18
46,4,20,shapley_mc,Monte Carlo Shapley,0.7894736842105263,0.7398496240601502,0.0002466923952884059,0.0010167138088018057,0.8047402369131224,0.049624060150376126,0.0
46,4,20,loo_oracle,LOO oracle,0.9789473684210527,1.0,0.0002466923952884059,0.0010167138088018057,0.8047402369131224,-0.021052631578947323,0.0
46,4,20,lime,LIME,0.882706766917293,0.9037593984962405,0.0002466923952884059,0.0010167138088018057,0.8047402369131224,-0.021052631578947545,0.0
46,5,20,shapley_mc,Monte Carlo Shapley,0.732330827067669,0.7218045112781954,0.0008670823204275924,0.000245172532309601,0.22042837708086194,0.010526315789473606,0.0
46,5,20,loo_oracle,LOO oracle,0.9969924812030074,1.0,0.0011122548527371934,0.0,0.0,-0.00300751879699257,0.0
46,5,20,lime,LIME,0.9654135338345864,0.9729323308270676,0.00017947314455846186,0.0009327817081787315,0.8386402676010545,-0.007518796992481258,0.0
46,6,20,shapley_mc,Monte Carlo Shapley,0.8030075187969924,0.801503759398496,0.0014182094797383638,0.0,0.0,0.0015037593984963404,3.469446951953614e-18
46,6,20,loo_oracle,LOO oracle,0.9984962406015038,1.0,0.0014182094797383638,0.0,0.0,-0.0015037593984962294,3.469446951953614e-18
46,6,20,lime,LIME,0.9774436090225563,0.9759398496240601,0.0014182094797383638,0.0,0.0,0.0015037593984962294,3.469446951953614e-18
46,7,20,shapley_mc,Monte Carlo Shapley,0.6947368421052631,0.5894736842105263,0.0006090422514524185,0.0,0.0,0.10526315789473684,0.0
46,7,20,loo_oracle,LOO oracle,0.9729323308270676,1.0,8.352981711251539e-05,0.0005255124343399031,0.8628505365987869,-0.02706766917293235,0.0
46,7,20,lime,LIME,0.8977443609022555,0.9503759398496241,8.352981711251539e-05,0.0005255124343399031,0.8628505365987869,-0.052631578947368585,0.0
46,8,20,shapley_mc,Monte Carlo Shapley,0.524812030075188,0.4766917293233082,0.001122636519844955,0.00016905454526006114,0.13087846598632183,0.04812030075187973,0.0
46,8,20,loo_oracle,LOO oracle,0.993984962406015,1.0,0.0005468317724830474,0.0007448592926219688,0.5766543658678606,-0.006015037593985029,0.0
46,8,20,lime,LIME,0.9593984962406013,0.9699248120300751,0.0005468317724830474,0.0007448592926219688,0.5766543658678606,-0.010526315789473828,0.0
46,9,20,shapley_mc,Monte Carlo Shapley,0.7398496240601502,0.7263157894736841,0.002176155597439222,0.0,0.0,0.013533834586466065,1.734723475976807e-18
46,9,20,loo_oracle,LOO oracle,0.9969924812030074,1.0,0.002176155597439222,0.0,0.0,-0.00300751879699257,1.734723475976807e-18
46,9,20,lime,LIME,0.9729323308270676,0.9699248120300751,0.001141855050134144,0.0010343005473050781,0.4752879564526071,0.00300751879699257,1.734723475976807e-18
46,10,20,shapley_mc,Monte Carlo Shapley,0.6496240601503759,0.6496240601503759,0.0015253916984125926,0.0,0.0,0.0,3.469446951953614e-18
46,10,20,loo_oracle,LOO oracle,1.0,1.0,0.0015253916984125926,0.0,0.0,0.0,3.469446951953614e-18
46,10,20,lime,LIME,0.9233082706766916,0.9233082706766916,0.0015253916984125926,0.0,0.0,0.0,3.469446951953614e-18
46,11,12,shapley_mc,Monte Carlo Shapley,0.9300699300699302,0.9230769230769231,-0.0005285013493223634,0.001245541372415726,1.737059760353837,0.006993006993007089,7.589415207398531e-19
46,11,12,loo_oracle,LOO oracle,0.9930069930069931,1.0,-0.0013486376007355028,0.0020656776238288654,2.8808400569281227,-0.006993006993006867,7.589415207398531e-19
46,11,12,lime,LIME,0.9510489510489512,0.965034965034965,-0.0005285013493223634,0.001245541372415726,1.737059760353837,-0.013986013986013845,7.589415207398531e-19
46,12,20,shapley_mc,Monte Carlo Shapley,0.8812030075187969,0.8812030075187969,0.002711591103510047,0.0,0.0,0.0,3.469446951953614e-18
46,12,20,loo_oracle,LOO oracle,1.0,1.0,0.002711591103510047,0.0,0.0,0.0,3.469446951953614e-18
46,12,20,lime,LIME,0.9969924812030074,0.9969924812030074,0.002711591103510047,0.0,0.0,0.0,3.469446951953614e-18
46,13,11,shapley_mc,Monte Carlo Shapley,0.6181818181818182,0.5636363636363637,-6.364326662311459e-05,0.0008273686865370444,1.083332653176523,0.05454545454545445,4.336808689942018e-19
46,13,11,loo_oracle,LOO oracle,0.990909090909091,1.0,-6.364326662311459e-05,0.0008273686865370444,1.083332653176523,-0.009090909090909038,4.336808689942018e-19
46,13,11,lime,LIME,0.8636363636363636,0.8909090909090911,-0.0007667591434348808,0.0015304845633488107,2.0039722673069083,-0.02727272727272745,4.336808689942018e-19
46,14,20,shapley_mc,Monte Carlo Shapley,0.7037593984962407,0.7308270676691728,-0.00013887443965554525,0.0007397821059786924,1.2311077827883055,-0.02706766917293213,4.336808689942018e-19
46,14,20,loo_oracle,LOO oracle,0.9804511278195487,1.0,-0.00013887443965554525,0.0007397821059786924,1.2311077827883055,-0.019548872180451315,4.336808689942018e-19
46,14,20,lime,LIME,0.9218045112781955,0.9278195488721804,-0.0006818453690093373,0.0012827530353324845,2.1346924079813157,-0.006015037593984918,4.336808689942018e-19
46,15,11,shapley_mc,Monte Carlo Shapley,0.690909090909091,0.690909090909091,0.0015685879427705385,0.0,0.0,0.0,1.734723475976807e-18
46,15,11,loo_oracle,LOO oracle,0.9727272727272729,1.0,0.0001857618037032216,0.0013828261390673169,0.8815738668393107,-0.027272727272727115,1.734723475976807e-18
46,15,11,lime,LIME,0.9272727272727275,0.9090909090909091,0.0001857618037032216,0.0013828261390673169,0.8815738668393107,0.01818181818181841,1.734723475976807e-18
46,16,20,shapley_mc,Monte Carlo Shapley,0.7218045112781954,0.7172932330827068,0.0010608665027099229,6.345779880273517e-05,0.056440831760835065,0.004511278195488688,8.673617379884035e-19
46,16,20,loo_oracle,LOO oracle,0.9954887218045112,1.0,0.0003854494105363093,0.0007388748909763487,0.6571723917423996,-0.004511278195488799,8.673617379884035e-19
46,16,20,lime,LIME,0.9624060150375938,0.9729323308270676,0.0003854494105363093,0.0007388748909763487,0.6571723917423996,-0.010526315789473828,8.673617379884035e-19
46,17,20,shapley_mc,Monte Carlo Shapley,0.5413533834586466,0.5007518796992482,-0.0001458740623095367,0.0004520993586605848,1.4763618896655386,0.040601503759398416,0.0
46,17,20,loo_oracle,LOO oracle,0.8360902255639097,1.0,-0.00045772850780301244,0.0007639538041540606,2.4947442643129687,-0.16390977443609034,0.0
46,17,20,lime,LIME,0.3684210526315789,0.5969924812030075,-0.0004412512395504664,0.0007474765359015145,2.4409365991883694,-0.2285714285714286,0.0
46,18,20,shapley_mc,Monte Carlo Shapley,0.7609022556390977,0.7609022556390977,0.0019261211746721685,0.0,0.0,0.0,1.734723475976807e-18
46,18,20,loo_oracle,LOO oracle,1.0,1.0,0.0019261211746721685,0.0,0.0,0.0,1.734723475976807e-18
46,18,20,lime,LIME,0.9864661654135337,0.9864661654135337,0.0019261211746721685,0.0,0.0,0.0,1.734723475976807e-18
46,19,17,shapley_mc,Monte Carlo Shapley,0.7450980392156863,0.7450980392156863,0.004099990908452811,0.0,0.0,0.0,1.3877787807814457e-17
46,19,17,loo_oracle,LOO oracle,1.0,1.0,0.004099990908452811,0.0,0.0,0.0,1.3877787807814457e-17
46,19,17,lime,LIME,0.9877450980392157,0.9877450980392157,0.004099990908452811,0.0,0.0,0.0,1.3877787807814457e-17
46,20,4,shapley_mc,Monte Carlo Shapley,0.0,0.0,0.004623863412698881,,,0.0,2.7755575615628914e-17
46,20,4,loo_oracle,LOO oracle,1.0,1.0,-0.0006880899313965738,,,0.0,2.7755575615628914e-17
46,20,4,lime,LIME,0.6000000000000001,0.6000000000000001,-0.0006880899313965738,,,0.0,2.7755575615628914e-17
46,21,20,shapley_mc,Monte Carlo Shapley,0.7654135338345864,0.7518796992481201,0.0017726673673001958,,,0.013533834586466287,3.469446951953614e-18
46,21,20,loo_oracle,LOO oracle,0.9954887218045112,1.0,0.0007529683856126179,,,-0.004511278195488799,3.469446951953614e-18
46,21,20,lime,LIME,0.9639097744360902,0.9714285714285714,0.0007529683856126179,,,-0.007518796992481258,3.469446951953614e-18
46,22,20,shapley_mc,Monte Carlo Shapley,0.849624060150376,0.8075187969924811,0.0005300052523468657,,,0.04210526315789487,0.0
46,22,20,loo_oracle,LOO oracle,0.993984962406015,1.0,0.0006521399611658096,,,-0.006015037593985029,0.0
46,22,20,lime,LIME,0.9759398496240601,0.9699248120300751,1.4622201690683845e-05,,,0.006015037593985029,0.0
46,23,20,shapley_mc,Monte Carlo Shapley,0.7894736842105263,0.7894736842105263,0.0023150082075088507,,,0.0,3.469446951953614e-18
46,23,20,loo_oracle,LOO oracle,1.0,1.0,0.0023150082075088507,,,0.0,3.469446951953614e-18
46,23,20,lime,LIME,0.9864661654135337,0.9864661654135337,0.0023150082075088507,,,0.0,3.469446951953614e-18
46,24,20,shapley_mc,Monte Carlo Shapley,0.7007518796992479,0.7007518796992479,0.0018960686241198954,,,0.0,6.938893903907228e-18
46,24,20,loo_oracle,LOO oracle,1.0,1.0,0.0018960686241198954,,,0.0,6.938893903907228e-18
46,24,20,lime,LIME,0.9804511278195487,0.9804511278195487,0.0018960686241198954,,,0.0,6.938893903907228e-18
46,25,20,shapley_mc,Monte Carlo Shapley,0.7984962406015037,0.7233082706766917,-3.563271494677611e-05,,,0.07518796992481203,8.673617379884035e-19
46,25,20,loo_oracle,LOO oracle,0.9654135338345864,1.0,-0.0006808896659445951,,,-0.03458646616541361,8.673617379884035e-19
46,25,20,lime,LIME,0.9458646616541352,0.9548872180451128,-0.0006808896659445951,,,-0.009022556390977599,8.673617379884035e-19
46,26,20,shapley_mc,Monte Carlo Shapley,0.5503759398496241,0.5503759398496241,0.0006364807033527042,,,0.0,8.673617379884035e-19
46,26,20,loo_oracle,LOO oracle,1.0,1.0,0.0007126781771466528,,,0.0,8.673617379884035e-19
46,26,20,lime,LIME,0.8345864661654135,0.8345864661654135,4.771852761986661e-05,,,0.0,8.673617379884035e-19
46,27,20,shapley_mc,Monte Carlo Shapley,0.8210526315789473,0.8210526315789473,0.0036562522698395106,,,0.0,6.938893903907228e-18
46,27,20,loo_oracle,LOO oracle,1.0,1.0,0.0036562522698395106,,,0.0,6.938893903907228e-18
46,27,20,lime,LIME,0.9864661654135337,0.9864661654135337,0.0036562522698395106,,,0.0,6.938893903907228e-18
46,28,20,shapley_mc,Monte Carlo Shapley,0.7684210526315788,0.7398496240601502,0.0026070169527936393,,,0.02857142857142858,5.204170427930421e-18
46,28,20,loo_oracle,LOO oracle,0.9954887218045112,1.0,0.0026070169527936393,,,-0.004511278195488799,5.204170427930421e-18
46,28,20,lime,LIME,0.9578947368421054,0.9518796992481202,0.0026070169527936393,,,0.00601503759398514,5.204170427930421e-18
46,29,20,shapley_mc,Monte Carlo Shapley,0.6992481203007518,0.6992481203007518,0.0021269163945028535,,,0.0,6.938893903907228e-18
46,29,20,loo_oracle,LOO oracle,1.0,1.0,-3.382623332331969e-05,,,0.0,6.938893903907228e-18
46,29,20,lime,LIME,0.9879699248120299,0.9879699248120299,-3.382623332331969e-05,,,0.0,6.938893903907228e-18
46,30,20,shapley_mc,Monte Carlo Shapley,0.4812030075187969,0.5037593984962406,0.00028877612859373736,,,-0.02255639097744372,0.0
46,30,20,loo_oracle,LOO oracle,0.9699248120300751,1.0,-0.0005376750928737795,,,-0.03007518796992492,0.0
46,30,20,lime,LIME,0.8285714285714285,0.9082706766917292,-0.00045762610653427016,,,-0.07969924812030071,0.0
46,31,20,shapley_mc,Monte Carlo Shapley,0.8902255639097743,0.9157894736842105,-0.0016271467659747518,,,-0.025563909774436233,0.0
46,31,20,loo_oracle,LOO oracle,0.9969924812030074,1.0,-0.0016271467659747518,,,-0.00300751879699257,0.0
46,31,20,lime,LIME,0.9669172932330825,0.9744360902255638,-0.0016271467659747518,,,-0.007518796992481258,0.0
46,32,20,shapley_mc,Monte Carlo Shapley,0.6601503759398496,0.5969924812030075,0.0004609810540238679,,,0.06315789473684208,4.336808689942018e-19
46,32,20,loo_oracle,LOO oracle,0.9774436090225563,1.0,-2.4839038923862855e-05,,,-0.022556390977443663,4.336808689942018e-19
46,32,20,lime,LIME,0.7729323308270677,0.8451127819548873,-0.0004485215260315867,,,-0.07218045112781957,4.336808689942018e-19
46,33,20,shapley_mc,Monte Carlo Shapley,0.5924812030075187,0.512781954887218,0.0005566167689444734,,,0.07969924812030071,0.0
46,33,20,loo_oracle,LOO oracle,0.956390977443609,1.0,5.013481437249334e-05,,,-0.043609022556390986,0.0
46,33,20,lime,LIME,0.9218045112781955,0.9729323308270676,5.013481437249334e-05,,,-0.05112781954887213,0.0
46,34,20,shapley_mc,Monte Carlo Shapley,0.732330827067669,0.7503759398496239,0.0018102802579175181,,,-0.018045112781954864,0.0
46,34,20,loo_oracle,LOO oracle,0.993984962406015,1.0,0.0018102802579175181,,,-0.006015037593985029,0.0
46,34,20,lime,LIME,0.9729323308270676,0.9714285714285714,0.0018102802579175181,,,0.0015037593984962294,0.0
46,35,20,shapley_mc,Monte Carlo Shapley,0.7744360902255639,0.7864661654135338,0.0011488493397042165,,,-0.012030075187969835,0.0
46,35,20,loo_oracle,LOO oracle,0.9954887218045112,1.0,0.0011488493397042165,,,-0.004511278195488799,0.0
46,35,20,lime,LIME,0.8947368421052632,0.9022556390977443,0.0005778115325766886,,,-0.007518796992481147,0.0
46,36,20,shapley_mc,Monte Carlo Shapley,0.8616541353383457,0.813533834586466,0.0001486034053991836,,,0.048120300751879674,4.336808689942018e-19
46,36,20,loo_oracle,LOO oracle,0.9819548872180449,1.0,0.0001486034053991836,,,-0.018045112781955086,4.336808689942018e-19
46,36,20,lime,LIME,0.8390977443609022,0.875187969924812,0.0001486034053991836,,,-0.03609022556390973,4.336808689942018e-19
46,37,20,shapley_mc,Monte Carlo Shapley,0.875187969924812,0.875187969924812,-0.0001593262905407733,,,0.0,8.673617379884035e-19
46,37,20,loo_oracle,LOO oracle,1.0,1.0,-2.8641233051407422e-05,,,0.0,8.673617379884035e-19
46,37,20,lime,LIME,0.9112781954887217,0.9112781954887217,-2.8641233051407422e-05,,,0.0,8.673617379884035e-19
46,38,20,shapley_mc,Monte Carlo Shapley,0.7488721804511278,0.7443609022556391,0.0015641096847177072,,,0.004511278195488688,3.469446951953614e-18
46,38,20,loo_oracle,LOO oracle,0.9969924812030074,1.0,-0.00179145492885463,,,-0.00300751879699257,3.469446951953614e-18
46,38,20,lime,LIME,0.9488721804511278,0.9639097744360902,-0.00179145492885463,,,-0.015037593984962405,3.469446951953614e-18
46,39,20,shapley_mc,Monte Carlo Shapley,0.8872180451127819,0.8932330827067668,0.002005709131476352,,,-0.006015037593984918,3.469446951953614e-18
46,39,20,loo_oracle,LOO oracle,0.9984962406015038,1.0,0.002005709131476352,,,-0.0015037593984962294,3.469446951953614e-18
46,39,20,lime,LIME,0.9759398496240601,0.9789473684210527,0.002005709131476352,,,-0.00300751879699257,3.469446951953614e-18
46,40,12,shapley_mc,Monte Carlo Shapley,0.9300699300699302,0.9160839160839163,0.0022488773492446157,,,0.013986013986013957,5.204170427930421e-18
46,40,12,loo_oracle,LOO oracle,0.9860139860139862,1.0,0.0024271777669878647,,,-0.013986013986013845,5.204170427930421e-18
46,40,12,lime,LIME,0.9020979020979022,0.9370629370629372,0.0024271777669878647,,,-0.034965034965035,5.204170427930421e-18
46,41,20,shapley_mc,Monte Carlo Shapley,0.5984962406015037,0.5984962406015037,0.004603446903747588,,,0.0,3.469446951953614e-18
46,41,20,loo_oracle,LOO oracle,1.0,1.0,0.004603446903747588,,,0.0,3.469446951953614e-18
46,41,20,lime,LIME,0.9729323308270676,0.9729323308270676,0.004603446903747588,,,0.0,3.469446951953614e-18
46,42,18,shapley_mc,Monte Carlo Shapley,0.933952528379773,0.933952528379773,-0.008466973596344629,,,0.0,1.3877787807814457e-17
46,42,18,loo_oracle,LOO oracle,1.0,1.0,-0.008466973596344629,,,0.0,1.3877787807814457e-17
46,42,18,lime,LIME,0.9793601651186791,0.9793601651186791,-0.008466973596344629,,,0.0,1.3877787807814457e-17
46,43,20,shapley_mc,Monte Carlo Shapley,0.7278195488721804,0.7293233082706766,4.915745608058408e-05,,,-0.0015037593984962294,0.0
46,43,20,loo_oracle,LOO oracle,0.9984962406015038,1.0,4.915745608058408e-05,,,-0.0015037593984962294,0.0
46,43,20,lime,LIME,0.9052631578947368,0.9067669172932331,4.915745608058408e-05,,,-0.0015037593984963404,0.0
46,44,20,shapley_mc,Monte Carlo Shapley,0.7187969924812029,0.724812030075188,0.001261489512616898,,,-0.00601503759398514,1.3010426069826053e-18
46,44,20,loo_oracle,LOO oracle,0.9849624060150375,1.0,0.001261489512616898,,,-0.015037593984962516,1.3010426069826053e-18
46,44,20,lime,LIME,0.7413533834586465,0.7714285714285714,0.00038242158248313896,,,-0.03007518796992481,1.3010426069826053e-18
46,45,20,shapley_mc,Monte Carlo Shapley,0.7864661654135338,0.7593984962406014,-3.0726255488999765e-05,,,0.02706766917293235,0.0
46,45,20,loo_oracle,LOO oracle,0.9488721804511278,1.0,-3.0726255488999765e-05,,,-0.051127819548872244,0.0
46,45,20,lime,LIME,0.7909774436090224,0.8661654135338346,-3.0726255488999765e-05,,,-0.07518796992481214,0.0
46,46,15,shapley_mc,Monte Carlo Shapley,0.7999999999999999,0.7857142857142856,0.0013524363676661877,,,0.014285714285714346,0.0
46,46,15,loo_oracle,LOO oracle,0.9964285714285712,1.0,-9.912363393854706e-05,,,-0.003571428571428781,0.0
46,46,15,lime,LIME,0.9714285714285713,0.9749999999999999,-9.912363393854706e-05,,,-0.0035714285714285587,0.0
46,47,20,shapley_mc,Monte Carlo Shapley,0.837593984962406,0.8210526315789473,0.0013496645714402011,,,0.016541353383458746,3.469446951953614e-18
46,47,20,loo_oracle,LOO oracle,0.9984962406015038,1.0,0.0014571388673269015,,,-0.0015037593984962294,3.469446951953614e-18
46,47,20,lime,LIME,0.8902255639097743,0.8887218045112781,0.00037291811570333566,,,0.0015037593984961184,3.469446951953614e-18
46,48,20,shapley_mc,Monte Carlo Shapley,0.8586466165413533,0.8586466165413533,-0.005306637678638815,,,0.0,2.0816681711721685e-17
46,48,20,loo_oracle,LOO oracle,1.0,1.0,-0.005647426921468024,,,0.0,2.0816681711721685e-17
46,48,20,lime,LIME,0.9804511278195487,0.9804511278195487,-0.0025545265065771705,,,0.0,2.0816681711721685e-17
46,49,11,shapley_mc,Monte Carlo Shapley,0.6181818181818182,0.6181818181818182,0.002017840558201367,,,0.0,3.469446951953614e-18
46,49,11,loo_oracle,LOO oracle,1.0,1.0,0.002017840558201367,,,0.0,3.469446951953614e-18
46,49,11,lime,LIME,0.9818181818181818,0.9818181818181818,0.0007603675310894897,,,0.0,3.469446951953614e-18
46,50,20,shapley_mc,Monte Carlo Shapley,0.849624060150376,0.849624060150376,0.001374957335051663,,,0.0,1.734723475976807e-18
46,50,20,loo_oracle,LOO oracle,1.0,1.0,0.001374957335051663,,,0.0,1.734723475976807e-18
46,50,20,lime,LIME,0.9894736842105262,0.9894736842105262,0.0002512086053598761,,,0.0,1.734723475976807e-18
46,51,20,shapley_mc,Monte Carlo Shapley,0.7233082706766917,0.7203007518796991,-0.0001895755224178286,,,0.00300751879699257,8.673617379884035e-19
46,51,20,loo_oracle,LOO oracle,0.9984962406015038,1.0,-0.0001895755224178286,,,-0.0015037593984962294,8.673617379884035e-19
46,51,20,lime,LIME,0.9428571428571428,0.9413533834586465,-0.0001895755224178286,,,0.0015037593984963404,8.673617379884035e-19
46,52,20,shapley_mc,Monte Carlo Shapley,0.8511278195488721,0.77593984962406,-0.0001260539481206524,,,0.07518796992481203,8.673617379884035e-19
46,52,20,loo_oracle,LOO oracle,0.9684210526315788,1.0,-0.000713014985580851,,,-0.03157894736842115,8.673617379884035e-19
46,52,20,lime,LIME,0.8481203007518796,0.9157894736842105,-0.000713014985580851,,,-0.06766917293233088,8.673617379884035e-19
46,53,20,shapley_mc,Monte Carlo Shapley,0.7819548872180451,0.7639097744360903,0.0011358576654814656,,,0.018045112781954753,0.0
46,53,20,loo_oracle,LOO oracle,0.993984962406015,1.0,7.091414050530709e-05,,,-0.006015037593985029,0.0
46,53,20,lime,LIME,0.9172932330827066,0.9368421052631578,7.091414050530709e-05,,,-0.019548872180451204,0.0
46,54,16,shapley_mc,Monte Carlo Shapley,0.8676470588235294,0.8705882352941177,0.00018362644593294952,,,-0.002941176470588225,0.0
46,54,16,loo_oracle,LOO oracle,0.9970588235294118,1.0,0.0012848759426847822,,,-0.002941176470588225,0.0
46,54,16,lime,LIME,0.9352941176470588,0.9382352941176471,0.0012848759426847822,,,-0.002941176470588225,0.0
46,55,20,shapley_mc,Monte Carlo Shapley,0.9082706766917292,0.900751879699248,0.0014247072538027816,,,0.007518796992481258,1.734723475976807e-18
46,55,20,loo_oracle,LOO oracle,0.9969924812030074,1.0,0.0014247072538027816,,,-0.00300751879699257,1.734723475976807e-18
46,55,20,lime,LIME,0.9729323308270676,0.9789473684210527,0.0014247072538027816,,,-0.006015037593985029,1.734723475976807e-18
46,56,20,shapley_mc,Monte Carlo Shapley,0.7849624060150376,0.7849624060150376,0.002044872840697154,,,0.0,1.734723475976807e-18
46,56,20,loo_oracle,LOO oracle,1.0,1.0,0.002044872840697154,,,0.0,1.734723475976807e-18
46,56,20,lime,LIME,0.9789473684210527,0.9789473684210527,0.002044872840697154,,,0.0,1.734723475976807e-18
46,57,20,shapley_mc,Monte Carlo Shapley,0.732330827067669,0.6857142857142857,0.0007799012650985815,,,0.046616541353383334,0.0
46,57,20,loo_oracle,LOO oracle,0.9834586466165413,1.0,4.1964988616249865e-05,,,-0.016541353383458746,0.0
46,57,20,lime,LIME,0.9654135338345864,0.9744360902255638,9.503007630878857e-05,,,-0.009022556390977376,0.0
46,58,20,shapley_mc,Monte Carlo Shapley,0.7699248120300751,0.7383458646616541,0.0022772986828981656,,,0.03157894736842104,0.0
46,58,20,loo_oracle,LOO oracle,0.993984962406015,1.0,0.0022772986828981656,,,-0.006015037593985029,0.0
46,58,20,lime,LIME,0.9669172932330825,0.9789473684210527,0.0022772986828981656,,,-0.012030075187970168,0.0
46,59,20,shapley_mc,Monte Carlo Shapley,0.9458646616541352,0.9503759398496241,0.0012452595061896998,,,-0.00451127819548891,3.469446951953614e-18
46,59,20,loo_oracle,LOO oracle,0.9969924812030074,1.0,0.001255855789129956,,,-0.00300751879699257,3.469446951953614e-18
46,59,20,lime,LIME,0.9879699248120299,0.9894736842105262,0.0012452595061896998,,,-0.0015037593984962294,3.469446951953614e-18
46,60,7,shapley_mc,Monte Carlo Shapley,0.03571428571428572,0.03571428571428572,0.003026435161482932,,,0.0,1.3877787807814457e-17
46,60,7,loo_oracle,LOO oracle,1.0,1.0,-0.003987042476083835,,,0.0,1.3877787807814457e-17
46,60,7,lime,LIME,0.8928571428571429,0.8928571428571429,-0.003987042476083835,,,0.0,1.3877787807814457e-17
46,61,20,shapley_mc,Monte Carlo Shapley,0.393984962406015,0.28120300751879695,-0.000217589839586807,,,0.11278195488721804,8.673617379884035e-19
46,61,20,loo_oracle,LOO oracle,0.9578947368421054,1.0,-0.0007462984029238395,,,-0.042105263157894646,8.673617379884035e-19
46,61,20,lime,LIME,0.9157894736842105,0.9548872180451128,-0.0007462984029238395,,,-0.0390977443609023,8.673617379884035e-19
46,62,20,shapley_mc,Monte Carlo Shapley,0.849624060150376,0.8571428571428572,-0.00012163044099089415,,,-0.007518796992481258,4.336808689942018e-19
46,62,20,loo_oracle,LOO oracle,0.9984962406015038,1.0,6.016326954905171e-05,,,-0.0015037593984962294,4.336808689942018e-19
46,62,20,lime,LIME,0.9804511278195487,0.9774436090225563,6.016326954905171e-05,,,0.003007518796992348,4.336808689942018e-19
46,63,20,shapley_mc,Monte Carlo Shapley,0.875187969924812,0.875187969924812,-0.00741178641057294,,,0.0,0.0
46,63,20,loo_oracle,LOO oracle,1.0,1.0,-0.007897576871370049,,,0.0,0.0
46,63,20,lime,LIME,0.9834586466165413,0.9834586466165413,-0.007897576871370049,,,0.0,0.0
46,64,20,shapley_mc,Monte Carlo Shapley,0.7308270676691728,0.7308270676691728,0.00404968960756813,,,0.0,6.938893903907228e-18
46,64,20,loo_oracle,LOO oracle,1.0,1.0,0.00404968960756813,,,0.0,6.938893903907228e-18
46,64,20,lime,LIME,0.9774436090225563,0.9774436090225563,0.00404968960756813,,,0.0,6.938893903907228e-18
46,65,14,shapley_mc,Monte Carlo Shapley,0.7890109890109891,0.7890109890109891,0.0012867253709557547,,,0.0,8.673617379884035e-19
46,65,14,loo_oracle,LOO oracle,1.0,1.0,0.00033425315913560016,,,0.0,8.673617379884035e-19
46,65,14,lime,LIME,0.9120879120879121,0.9120879120879121,0.00033425315913560016,,,0.0,8.673617379884035e-19
46,66,20,shapley_mc,Monte Carlo Shapley,0.825563909774436,0.8451127819548873,0.0010050783325694645,,,-0.019548872180451204,1.734723475976807e-18
46,66,20,loo_oracle,LOO oracle,0.9969924812030074,1.0,0.0010050783325694645,,,-0.00300751879699257,1.734723475976807e-18
46,66,20,lime,LIME,0.8796992481203006,0.8872180451127819,0.0003295213851541856,,,-0.007518796992481258,1.734723475976807e-18
46,67,20,shapley_mc,Monte Carlo Shapley,0.7428571428571428,0.6917293233082705,0.0004245059710423771,,,0.051127819548872244,5.204170427930421e-18
46,67,20,loo_oracle,LOO oracle,0.9849624060150375,1.0,0.00034871713318557207,,,-0.015037593984962516,5.204170427930421e-18
46,67,20,lime,LIME,0.9624060150375938,0.9729323308270676,0.00033530986451479894,,,-0.010526315789473828,5.204170427930421e-18
46,68,20,shapley_mc,Monte Carlo Shapley,0.7819548872180451,0.8120300751879698,0.0009040204842715727,,,-0.0300751879699247,8.673617379884035e-19
46,68,20,loo_oracle,LOO oracle,0.9909774436090225,1.0,8.708818530434037e-05,,,-0.009022556390977488,8.673617379884035e-19
46,68,20,lime,LIME,0.8842105263157894,0.9037593984962405,8.708818530434037e-05,,,-0.019548872180451093,8.673617379884035e-19
46,69,20,shapley_mc,Monte Carlo Shapley,0.882706766917293,0.882706766917293,-0.0009652602573413382,,,0.0,1.734723475976807e-18
46,69,20,loo_oracle,LOO oracle,1.0,1.0,-0.0003175543991623675,,,0.0,1.734723475976807e-18
46,69,20,lime,LIME,0.9774436090225563,0.9774436090225563,-0.0009652602573413382,,,0.0,1.734723475976807e-18
46,70,17,shapley_mc,Monte Carlo Shapley,0.8382352941176472,0.911764705882353,-9.419774852259533e-05,,,-0.07352941176470584,1.3010426069826053e-18
46,70,17,loo_oracle,LOO oracle,0.9705882352941178,1.0,-0.0008501339243838224,,,-0.02941176470588225,1.3010426069826053e-18
46,70,17,lime,LIME,0.9191176470588237,0.9191176470588237,-0.0008501339243838224,,,0.0,1.3010426069826053e-18
46,71,20,shapley_mc,Monte Carlo Shapley,0.7503759398496239,0.7563909774436091,0.00019963082167728796,,,-0.00601503759398514,4.336808689942018e-19
46,71,20,loo_oracle,LOO oracle,0.9744360902255638,1.0,0.00019963082167728796,,,-0.025563909774436233,4.336808689942018e-19
46,71,20,lime,LIME,0.8812030075187969,0.8932330827067668,0.00019963082167728796,,,-0.012030075187969946,4.336808689942018e-19
46,72,20,shapley_mc,Monte Carlo Shapley,0.7203007518796991,0.6556390977443608,3.275748356296182e-05,,,0.06466165413533831,8.673617379884035e-19
46,72,20,loo_oracle,LOO oracle,0.9759398496240601,1.0,3.29849816156913e-05,,,-0.024060150375939893,8.673617379884035e-19
46,72,20,lime,LIME,0.9488721804511278,0.9759398496240601,3.29849816156913e-05,,,-0.02706766917293235,8.673617379884035e-19
46,73,20,shapley_mc,Monte Carlo Shapley,0.9112781954887217,0.9127819548872179,0.0001892603490205591,,,-0.0015037593984962294,0.0
46,73,20,loo_oracle,LOO oracle,0.9984962406015038,1.0,0.0001892603490205591,,,-0.0015037593984962294,0.0
46,73,20,lime,LIME,0.9819548872180449,0.9834586466165413,0.0001892603490205591,,,-0.0015037593984963404,0.0
46,74,20,shapley_mc,Monte Carlo Shapley,0.793984962406015,0.7639097744360903,0.002605507819110009,,,0.0300751879699247,1.734723475976807e-18
46,74,20,loo_oracle,LOO oracle,0.9909774436090225,1.0,0.002605507819110009,,,-0.009022556390977488,1.734723475976807e-18
46,74,20,lime,LIME,0.9428571428571428,0.9654135338345864,0.002605507819110009,,,-0.022556390977443552,1.734723475976807e-18
46,75,20,shapley_mc,Monte Carlo Shapley,0.6902255639097743,0.7187969924812029,2.103418770904586e-05,,,-0.02857142857142858,2.168404344971009e-19
46,75,20,loo_oracle,LOO oracle,0.9879699248120299,1.0,2.103418770904586e-05,,,-0.012030075187970057,2.168404344971009e-19
46,75,20,lime,LIME,0.9278195488721804,0.9428571428571428,2.103418770904586e-05,,,-0.015037593984962405,2.168404344971009e-19
46,76,10,shapley_mc,Monte Carlo Shapley,0.6242424242424242,0.6242424242424242,-0.008641060208920304,,,0.0,1.3877787807814457e-17
46,76,10,loo_oracle,LOO oracle,0.9999999999999999,0.9999999999999999,-0.0036479566742779745,,,0.0,1.3877787807814457e-17
46,76,10,lime,LIME,0.9878787878787878,0.9878787878787878,-0.0036479566742779745,,,0.0,1.3877787807814457e-17
46,77,20,shapley_mc,Monte Carlo Shapley,0.7413533834586465,0.7834586466165413,0.0006714419294739926,,,-0.04210526315789476,2.168404344971009e-19
46,77,20,loo_oracle,LOO oracle,0.9518796992481202,1.0,9.989212223882049e-05,,,-0.048120300751879785,2.168404344971009e-19
46,77,20,lime,LIME,0.8947368421052632,0.9458646616541352,9.989212223882049e-05,,,-0.05112781954887202,2.168404344971009e-19
46,78,14,shapley_mc,Monte Carlo Shapley,0.621978021978022,0.5868131868131868,0.0009034176380416925,,,0.03516483516483515,0.0
46,78,14,loo_oracle,LOO oracle,0.9824175824175824,1.0,-0.001401540465829243,,,-0.01758241758241763,0.0
46,78,14,lime,LIME,0.8945054945054945,0.9208791208791209,-0.001401540465829243,,,-0.02637362637362639,0.0
46,79,20,shapley_mc,Monte Carlo Shapley,0.8270676691729323,0.8300751879699247,0.0010213004701749573,,,-0.003007518796992459,0.0
46,79,20,loo_oracle,LOO oracle,0.9984962406015038,1.0,0.0010213004701749573,,,-0.0015037593984962294,0.0
46,79,20,lime,LIME,0.9097744360902256,0.9082706766917292,0.0010213004701749573,,,0.0015037593984963404,0.0
46,80,20,shapley_mc,Monte Carlo Shapley,0.8781954887218045,0.8781954887218045,-0.003946884950133289,,,0.0,0.0
46,80,20,loo_oracle,LOO oracle,1.0,1.0,-0.004051009376139336,,,0.0,0.0
46,80,20,lime,LIME,0.9744360902255638,0.9744360902255638,-0.004051009376139336,,,0.0,0.0
46,81,20,shapley_mc,Monte Carlo Shapley,0.7308270676691728,0.7353383458646616,0.000997664105448326,,,-0.004511278195488799,1.734723475976807e-18
46,81,20,loo_oracle,LOO oracle,0.9954887218045112,1.0,0.00042606609168788223,,,-0.004511278195488799,1.734723475976807e-18
46,81,20,lime,LIME,0.9518796992481202,0.9548872180451128,0.00042606609168788223,,,-0.00300751879699257,1.734723475976807e-18
46,82,20,shapley_mc,Monte Carlo Shapley,0.8345864661654135,0.8345864661654135,0.004179316707453584,,,0.0,3.469446951953614e-18
46,82,20,loo_oracle,LOO oracle,1.0,1.0,0.004179316707453584,,,0.0,3.469446951953614e-18
46,82,20,lime,LIME,0.9789473684210527,0.9789473684210527,0.004179316707453584,,,0.0,3.469446951953614e-18
46,83,20,shapley_mc,Monte Carlo Shapley,0.6932330827067669,0.6932330827067669,0.003048604616818218,,,0.0,0.0
46,83,20,loo_oracle,LOO oracle,1.0,1.0,0.007851638880605583,,,0.0,0.0
46,83,20,lime,LIME,0.9954887218045112,0.9954887218045112,0.007851638880605583,,,0.0,0.0
46,84,13,shapley_mc,Monte Carlo Shapley,0.45604395604395603,0.45604395604395603,0.0019906933149370087,,,0.0,3.469446951953614e-18
46,84,13,loo_oracle,LOO oracle,1.0,1.0,0.0019887685720520465,,,0.0,3.469446951953614e-18
46,84,13,lime,LIME,0.9395604395604396,0.9395604395604396,0.0019906933149370087,,,0.0,3.469446951953614e-18
46,85,20,shapley_mc,Monte Carlo Shapley,0.9022556390977443,0.882706766917293,0.0024745020514895244,,,0.019548872180451315,3.469446951953614e-18
46,85,20,loo_oracle,LOO oracle,0.9894736842105262,1.0,0.0024745020514895244,,,-0.010526315789473828,3.469446951953614e-18
46,85,20,lime,LIME,0.9744360902255638,0.9864661654135337,0.0024745020514895244,,,-0.012030075187969946,3.469446951953614e-18
46,86,20,shapley_mc,Monte Carlo Shapley,0.9263157894736842,0.9458646616541352,-0.0002926584335899429,,,-0.019548872180450982,4.336808689942018e-19
46,86,20,loo_oracle,LOO oracle,0.9834586466165413,1.0,-0.0002550954511876258,,,-0.016541353383458746,4.336808689942018e-19
46,86,20,lime,LIME,0.9639097744360902,0.9819548872180449,-0.0002550954511876258,,,-0.018045112781954753,4.336808689942018e-19
46,87,20,shapley_mc,Monte Carlo Shapley,0.8601503759398496,0.8601503759398496,0.0019256491038543433,,,0.0,1.734723475976807e-18
46,87,20,loo_oracle,LOO oracle,1.0,1.0,0.0019256491038543433,,,0.0,1.734723475976807e-18
46,87,20,lime,LIME,0.9744360902255638,0.9744360902255638,0.0019256491038543433,,,0.0,1.734723475976807e-18
46,88,11,shapley_mc,Monte Carlo Shapley,0.7454545454545456,0.7454545454545456,0.0029878309180429996,,,0.0,6.938893903907228e-18
46,88,11,loo_oracle,LOO oracle,1.0,1.0,0.0029878309180429996,,,0.0,6.938893903907228e-18
46,88,11,lime,LIME,0.990909090909091,0.990909090909091,0.0029878309180429996,,,0.0,6.938893903907228e-18
46,89,20,shapley_mc,Monte Carlo Shapley,0.8421052631578947,0.8360902255639097,0.002038739498175568,,,0.006015037593985029,3.469446951953614e-18
46,89,20,loo_oracle,LOO oracle,0.9984962406015038,1.0,0.002038739498175568,,,-0.0015037593984962294,3.469446951953614e-18
46,89,20,lime,LIME,0.9924812030075187,0.9894736842105262,0.002038739498175568,,,0.00300751879699257,3.469446951953614e-18
46,90,20,shapley_mc,Monte Carlo Shapley,0.8706766917293233,0.8571428571428572,0.00016310075242165212,,,0.013533834586466065,0.0
46,90,20,loo_oracle,LOO oracle,0.9969924812030074,1.0,0.00016310075242165212,,,-0.00300751879699257,0.0
46,90,20,lime,LIME,0.956390977443609,0.9684210526315788,0.00016310075242165212,,,-0.012030075187969835,0.0
46,91,20,shapley_mc,Monte Carlo Shapley,0.5954887218045113,0.6270676691729322,0.0007801895042701679,,,-0.03157894736842093,4.336808689942018e-19
46,91,20,loo_oracle,LOO oracle,0.9714285714285714,1.0,0.00028358623011448536,,,-0.02857142857142858,4.336808689942018e-19
46,91,20,lime,LIME,0.8646616541353382,0.8796992481203006,0.0002764055956457345,,,-0.015037593984962405,4.336808689942018e-19
46,92,20,shapley_mc,Monte Carlo Shapley,0.7142857142857143,0.5714285714285714,0.0005179429460443474,,,0.1428571428571429,6.505213034913027e-19
46,92,20,loo_oracle,LOO oracle,0.900751879699248,1.0,-0.0005976931515538908,,,-0.09924812030075203,6.505213034913027e-19
46,92,20,lime,LIME,0.8270676691729323,0.9067669172932331,-0.0005976931515538908,,,-0.07969924812030083,6.505213034913027e-19
46,93,12,shapley_mc,Monte Carlo Shapley,0.7832167832167832,0.7622377622377624,0.0018115871565858588,,,0.020979020979020824,2.6020852139652106e-18
46,93,12,loo_oracle,LOO oracle,0.9790209790209792,1.0,0.00020241247892649472,,,-0.020979020979020824,2.6020852139652106e-18
46,93,12,lime,LIME,0.8461538461538463,0.8671328671328673,-0.0016801840792570188,,,-0.020979020979021046,2.6020852139652106e-18
46,94,20,shapley_mc,Monte Carlo Shapley,0.9172932330827066,0.9293233082706768,-0.0019846958154557948,,,-0.012030075187970168,3.469446951953614e-18
46,94,20,loo_oracle,LOO oracle,0.9879699248120299,1.0,-0.0019846958154557948,,,-0.012030075187970057,3.469446951953614e-18
46,94,20,lime,LIME,0.9684210526315788,0.9578947368421054,-0.0019846958154557948,,,0.010526315789473495,3.469446951953614e-18
46,95,20,shapley_mc,Monte Carlo Shapley,0.7969924812030074,0.7864661654135338,0.00043595880353042293,,,0.010526315789473606,0.0
46,95,20,loo_oracle,LOO oracle,0.9894736842105262,1.0,-0.0005043354387399557,,,-0.010526315789473828,0.0
46,95,20,lime,LIME,0.8736842105263156,0.8842105263157894,-0.0005043354387399557,,,-0.010526315789473828,0.0
46,96,20,shapley_mc,Monte Carlo Shapley,0.6270676691729322,0.6195488721804511,-0.0005817370991478832,,,0.007518796992481147,0.0
46,96,20,loo_oracle,LOO oracle,0.9729323308270676,1.0,-0.0005817370991478832,,,-0.02706766917293235,0.0
46,96,20,lime,LIME,0.7609022556390977,0.7699248120300751,-0.0005817370991478832,,,-0.009022556390977376,0.0
46,97,10,shapley_mc,Monte Carlo Shapley,0.8181818181818182,0.8181818181818182,-0.005552982205013213,,,0.0,6.938893903907228e-18
46,97,10,loo_oracle,LOO oracle,0.9999999999999999,0.9999999999999999,-0.005552982205013213,,,0.0,6.938893903907228e-18
46,97,10,lime,LIME,0.9151515151515152,0.9151515151515152,-0.005552982205013213,,,0.0,6.938893903907228e-18
46,98,20,shapley_mc,Monte Carlo Shapley,0.5849624060150376,0.5969924812030075,0.0015184702593318833,,,-0.012030075187969946,3.469446951953614e-18
46,98,20,loo_oracle,LOO oracle,0.9969924812030074,1.0,0.0015184702593318833,,,-0.00300751879699257,3.469446951953614e-18
46,98,20,lime,LIME,0.9593984962406013,0.9654135338345864,0.0015184702593318833,,,-0.00601503759398514,3.469446951953614e-18
46,99,18,shapley_mc,Monte Carlo Shapley,0.8885448916408669,0.8885448916408669,-0.0009680455017517797,,,0.0,8.673617379884035e-19
46,99,18,loo_oracle,LOO oracle,1.0,1.0,-0.0009680455017517797,,,0.0,8.673617379884035e-19
46,99,18,lime,LIME,0.9690402476780186,0.9690402476780186,-0.0009680455017517797,,,0.0,8.673617379884035e-19
46,100,20,shapley_mc,Monte Carlo Shapley,0.8270676691729323,0.8120300751879698,0.0001462117532872731,,,0.015037593984962516,0.0
46,100,20,loo_oracle,LOO oracle,0.9834586466165413,1.0,0.0001462117532872731,,,-0.016541353383458746,0.0
46,100,20,lime,LIME,0.8180451127819548,0.8781954887218045,0.0001462117532872731,,,-0.06015037593984973,0.0
46,101,20,shapley_mc,Monte Carlo Shapley,0.806015037593985,0.7999999999999999,0.0005795738035418996,,,0.006015037593985029,8.673617379884035e-19
46,101,20,loo_oracle,LOO oracle,0.9804511278195487,1.0,-0.0008606588635139412,,,-0.019548872180451315,8.673617379884035e-19
46,101,20,lime,LIME,0.8646616541353382,0.9203007518796992,-0.0008606588635139412,,,-0.05563909774436093,8.673617379884035e-19
46,102,20,shapley_mc,Monte Carlo Shapley,0.7127819548872181,0.6436090225563909,-6.27796830443006e-05,,,0.06917293233082722,8.673617379884035e-19
46,102,20,loo_oracle,LOO oracle,0.9548872180451128,1.0,-0.0007402391645953688,,,-0.045112781954887216,8.673617379884035e-19
46,102,20,lime,LIME,0.806015037593985,0.8165413533834586,-0.0007402391645953688,,,-0.010526315789473606,8.673617379884035e-19
46,103,19,shapley_mc,Monte Carlo Shapley,0.7842105263157895,0.7859649122807018,0.0027034561396226398,,,-0.0017543859649122862,0.0
46,103,19,loo_oracle,LOO oracle,0.9982456140350877,1.0,0.0027034561396226398,,,-0.0017543859649122862,0.0
46,103,19,lime,LIME,0.9824561403508772,0.9859649122807018,0.0027034561396226398,,,-0.0035087719298245723,0.0
46,104,20,shapley_mc,Monte Carlo Shapley,0.7142857142857143,0.6992481203007518,0.0010104000958731651,,,0.015037593984962516,8.673617379884035e-19
46,104,20,loo_oracle,LOO oracle,0.993984962406015,1.0,0.0010104000958731651,,,-0.006015037593985029,8.673617379884035e-19
46,104,20,lime,LIME,0.9774436090225563,0.9834586466165413,0.0010104000958731651,,,-0.006015037593984918,8.673617379884035e-19
46,105,20,shapley_mc,Monte Carlo Shapley,0.7924812030075187,0.7458646616541353,0.0004553176460957431,,,0.046616541353383334,0.0
46,105,20,loo_oracle,LOO oracle,0.9789473684210527,1.0,-5.4017253281801736e-05,,,-0.021052631578947323,0.0
46,105,20,lime,LIME,0.882706766917293,0.9428571428571428,-5.4017253281801736e-05,,,-0.06015037593984984,0.0
46,106,20,shapley_mc,Monte Carlo Shapley,0.5533834586466165,0.5714285714285714,0.0005483731322050156,,,-0.018045112781954864,0.0
46,106,20,loo_oracle,LOO oracle,0.9654135338345864,1.0,0.000160732624606863,,,-0.03458646616541361,0.0
46,106,20,lime,LIME,0.7789473684210525,0.8781954887218045,0.000160732624606863,,,-0.09924812030075203,0.0
46,107,15,shapley_mc,Monte Carlo Shapley,0.8321428571428571,0.8321428571428571,0.004499744403132111,,,0.0,1.3877787807814457e-17
46,107,15,loo_oracle,LOO oracle,1.0,1.0,0.004499744403132111,,,0.0,1.3877787807814457e-17
46,107,15,lime,LIME,0.9607142857142855,0.9607142857142855,0.004499744403132111,,,0.0,1.3877787807814457e-17
46,108,20,shapley_mc,Monte Carlo Shapley,0.5488721804511278,0.5398496240601504,0.0009252134584616933,,,0.009022556390977488,1.734723475976807e-18
46,108,20,loo_oracle,LOO oracle,0.9909774436090225,1.0,0.00018928512409838172,,,-0.009022556390977488,1.734723475976807e-18
46,108,20,lime,LIME,0.9639097744360902,0.9533834586466164,0.00018928512409838172,,,0.010526315789473717,1.734723475976807e-18
46,109,20,shapley_mc,Monte Carlo Shapley,0.6827067669172932,0.6857142857142857,0.0012124549432730447,,,-0.00300751879699257,0.0
46,109,20,loo_oracle,LOO oracle,0.9864661654135337,1.0,0.0012124549432730447,,,-0.013533834586466287,0.0
46,109,20,lime,LIME,0.8902255639097743,0.9203007518796992,0.0012124549432730447,,,-0.03007518796992492,0.0
46,110,20,shapley_mc,Monte Carlo Shapley,0.9353383458646616,0.9263157894736842,0.0010742973262947153,,,0.009022556390977376,1.734723475976807e-18
46,110,20,loo_oracle,LOO oracle,0.993984962406015,1.0,8.261053801528195e-06,,,-0.006015037593985029,1.734723475976807e-18
46,110,20,lime,LIME,0.9248120300751879,0.9383458646616539,8.261053801528195e-06,,,-0.013533834586466065,1.734723475976807e-18
46,111,20,shapley_mc,Monte Carlo Shapley,0.6766917293233082,0.5759398496240601,0.0006086856366943616,,,0.10075187969924815,8.673617379884035e-19
46,111,20,loo_oracle,LOO oracle,0.9533834586466164,1.0,0.00014476130877916216,,,-0.046616541353383556,8.673617379884035e-19
46,111,20,lime,LIME,0.9308270676691727,0.9639097744360902,0.00014476130877916216,,,-0.03308270676691749,8.673617379884035e-19
46,112,20,shapley_mc,Monte Carlo Shapley,0.7984962406015037,0.7924812030075187,0.0027090577451606146,,,0.006015037593985029,8.673617379884035e-18
46,112,20,loo_oracle,LOO oracle,0.9969924812030074,1.0,0.0013445569671605706,,,-0.00300751879699257,8.673617379884035e-18
46,112,20,lime,LIME,0.9639097744360902,0.9699248120300751,0.0013445569671605706,,,-0.006015037593984918,8.673617379884035e-18
46,113,20,shapley_mc,Monte Carlo Shapley,0.7293233082706766,0.5278195488721804,0.0005997268443838077,,,0.20150375939849619,0.0
46,113,20,loo_oracle,LOO oracle,0.8421052631578947,1.0,2.0311384141546984e-05,,,-0.1578947368421053,0.0
46,113,20,lime,LIME,0.7924812030075187,0.7428571428571428,2.0311384141546984e-05,,,0.049624060150375904,0.0
46,114,20,shapley_mc,Monte Carlo Shapley,0.6796992481203006,0.6812030075187969,0.004150827722966655,,,-0.0015037593984963404,0.0
46,114,20,loo_oracle,LOO oracle,0.9984962406015038,1.0,0.004150827722966655,,,-0.0015037593984962294,0.0
46,114,20,lime,LIME,0.9172932330827066,0.9142857142857143,0.004150827722966655,,,0.003007518796992348,0.0
46,115,20,shapley_mc,Monte Carlo Shapley,0.6466165413533834,0.6586466165413534,0.0010979182612101401,,,-0.012030075187969946,8.673617379884035e-19
46,115,20,loo_oracle,LOO oracle,0.9969924812030074,1.0,0.00022850594459788987,,,-0.00300751879699257,8.673617379884035e-19
46,115,20,lime,LIME,0.9624060150375938,0.9654135338345864,0.00022850594459788987,,,-0.00300751879699257,8.673617379884035e-19
46,116,20,shapley_mc,Monte Carlo Shapley,0.29473684210526313,0.24060150375939846,0.0007163729302688271,,,0.054135338345864675,8.673617379884035e-19
46,116,20,loo_oracle,LOO oracle,0.9654135338345864,1.0,-0.0009890648808224545,,,-0.03458646616541361,8.673617379884035e-19
46,116,20,lime,LIME,0.6526315789473683,0.732330827067669,-0.0009890648808224545,,,-0.07969924812030071,8.673617379884035e-19
46,117,20,shapley_mc,Monte Carlo Shapley,0.7142857142857143,0.6827067669172932,0.0014758617789367157,,,0.03157894736842115,1.734723475976807e-18
46,117,20,loo_oracle,LOO oracle,0.9924812030075187,1.0,0.0014758617789367157,,,-0.007518796992481258,1.734723475976807e-18
46,117,20,lime,LIME,0.9278195488721804,0.9458646616541352,0.0014758617789367157,,,-0.018045112781954753,1.734723475976807e-18
46,118,20,shapley_mc,Monte Carlo Shapley,0.7593984962406014,0.7308270676691728,0.0014157665676746145,,,0.02857142857142858,3.469446951953614e-18
46,118,20,loo_oracle,LOO oracle,0.9969924812030074,1.0,0.0006136002371022187,,,-0.00300751879699257,3.469446951953614e-18
46,118,20,lime,LIME,0.9248120300751879,0.9398496240601503,0.0006285286357396447,,,-0.015037593984962405,3.469446951953614e-18
46,119,20,shapley_mc,Monte Carlo Shapley,0.875187969924812,0.8736842105263156,7.484400610324737e-06,,,0.0015037593984963404,2.168404344971009e-19
46,119,20,loo_oracle,LOO oracle,0.9984962406015038,1.0,7.484400610324737e-06,,,-0.0015037593984962294,2.168404344971009e-19
46,119,20,lime,LIME,0.9744360902255638,0.9729323308270676,7.484400610324737e-06,,,0.0015037593984961184,2.168404344971009e-19
46,120,20,shapley_mc,Monte Carlo Shapley,0.706766917293233,0.6887218045112782,-7.426711706454148e-05,,,0.018045112781954864,4.336808689942018e-19
46,120,20,loo_oracle,LOO oracle,0.9909774436090225,1.0,-2.920725006394509e-05,,,-0.009022556390977488,4.336808689942018e-19
46,120,20,lime,LIME,0.8902255639097743,0.9022556390977443,-0.0006546141084917134,,,-0.012030075187970057,4.336808689942018e-19
46,121,20,shapley_mc,Monte Carlo Shapley,0.6060150375939849,0.593984962406015,0.0013874415840378074,,,0.012030075187969946,3.469446951953614e-18
46,121,20,loo_oracle,LOO oracle,0.9984962406015038,1.0,0.0013874415840378074,,,-0.0015037593984962294,3.469446951953614e-18
46,121,20,lime,LIME,0.9699248120300751,0.9669172932330825,0.0013874415840378074,,,0.00300751879699257,3.469446951953614e-18
46,122,20,shapley_mc,Monte Carlo Shapley,0.8330827067669173,0.78796992481203,0.0006311356278896896,,,0.04511278195488733,0.0
46,122,20,loo_oracle,LOO oracle,0.9819548872180449,1.0,-0.000874216016413687,,,-0.018045112781955086,0.0
46,122,20,lime,LIME,0.8616541353383457,0.8902255639097743,-0.000874216016413687,,,-0.02857142857142858,0.0
46,123,18,shapley_mc,Monte Carlo Shapley,0.954592363261094,0.9566563467492261,-0.0001932461206441416,,,-0.0020639834881320818,5.421010862427522e-19
46,123,18,loo_oracle,LOO oracle,0.9938080495356036,1.0,-0.0001932461206441416,,,-0.006191950464396356,5.421010862427522e-19
46,123,18,lime,LIME,0.9442724458204333,0.9484004127966976,-0.0010683853346861172,,,-0.0041279669762642746,5.421010862427522e-19
46,124,20,shapley_mc,Monte Carlo Shapley,0.8240601503759398,0.8240601503759398,0.0011397344615122207,,,0.0,0.0
46,124,20,loo_oracle,LOO oracle,1.0,1.0,0.00010839614522217822,,,0.0,0.0
46,124,20,lime,LIME,0.9864661654135337,0.9864661654135337,0.00010839614522217822,,,0.0,0.0
46,125,20,shapley_mc,Monte Carlo Shapley,0.7578947368421052,0.7383458646616541,0.002674089507324784,,,0.019548872180451093,3.469446951953614e-18
46,125,20,loo_oracle,LOO oracle,0.9969924812030074,1.0,0.0016305891613859758,,,-0.00300751879699257,3.469446951953614e-18
46,125,20,lime,LIME,0.9714285714285714,0.9714285714285714,0.0016305891613859758,,,0.0,3.469446951953614e-18
46,126,20,shapley_mc,Monte Carlo Shapley,0.9157894736842105,0.9157894736842105,0.0011740985071714283,,,0.0,8.673617379884035e-19
46,126,20,loo_oracle,LOO oracle,1.0,1.0,0.0011740985071714283,,,0.0,8.673617379884035e-19
46,126,20,lime,LIME,0.9789473684210527,0.9789473684210527,0.0011740985071714283,,,0.0,8.673617379884035e-19
46,127,16,shapley_mc,Monte Carlo Shapley,0.7558823529411764,0.7558823529411764,0.0026885221145694915,,,0.0,3.469446951953614e-18
46,127,16,loo_oracle,LOO oracle,1.0,1.0,0.0026885221145694915,,,0.0,3.469446951953614e-18
46,127,16,lime,LIME,0.9647058823529412,0.9647058823529412,0.001295120387228732,,,0.0,3.469446951953614e-18
46,128,20,shapley_mc,Monte Carlo Shapley,0.6616541353383457,0.6631578947368421,0.0016684935211960794,,,-0.0015037593984963404,0.0
46,128,20,loo_oracle,LOO oracle,0.9924812030075187,1.0,0.0016684935211960794,,,-0.007518796992481258,0.0
46,128,20,lime,LIME,0.9774436090225563,0.9864661654135337,0.0016684935211960794,,,-0.009022556390977376,0.0
46,129,20,shapley_mc,Monte Carlo Shapley,0.7819548872180451,0.6842105263157895,0.00043978091245350237,,,0.09774436090225558,4.336808689942018e-19
46,129,20,loo_oracle,LOO oracle,0.9548872180451128,1.0,-0.0006478138242821951,,,-0.045112781954887216,4.336808689942018e-19
46,129,20,lime,LIME,0.8812030075187969,0.9443609022556391,-0.000585085041214517,,,-0.06315789473684219,4.336808689942018e-19
46,130,20,shapley_mc,Monte Carlo Shapley,0.8616541353383457,0.8676691729323308,0.0033822308788145627,,,-0.00601503759398514,1.734723475976807e-18
46,130,20,loo_oracle,LOO oracle,0.9969924812030074,1.0,0.0033822308788145627,,,-0.00300751879699257,1.734723475976807e-18
46,130,20,lime,LIME,0.9473684210526315,0.9503759398496241,0.0033822308788145627,,,-0.00300751879699257,1.734723475976807e-18
46,131,20,shapley_mc,Monte Carlo Shapley,0.5218045112781955,0.4631578947368421,0.001256011797249268,,,0.05864661654135339,8.673617379884035e-19
46,131,20,loo_oracle,LOO oracle,0.956390977443609,1.0,0.001256011797249268,,,-0.043609022556390986,8.673617379884035e-19
46,131,20,lime,LIME,0.8842105263157894,0.9203007518796992,0.0005866914792522215,,,-0.03609022556390973,8.673617379884035e-19
46,132,20,shapley_mc,Monte Carlo Shapley,0.7187969924812029,0.6932330827067669,0.0006823353641183805,,,0.02556390977443601,1.734723475976807e-18
46,132,20,loo_oracle,LOO oracle,0.9954887218045112,1.0,8.21328100849561e-05,,,-0.004511278195488799,1.734723475976807e-18
46,132,20,lime,LIME,0.9233082706766916,0.9248120300751879,-0.0005856717531966815,,,-0.0015037593984962294,1.734723475976807e-18
46,133,20,shapley_mc,Monte Carlo Shapley,0.900751879699248,0.8857142857142858,0.0015255196247948022,,,0.015037593984962183,1.734723475976807e-18
46,133,20,loo_oracle,LOO oracle,0.9969924812030074,1.0,0.0015255196247948022,,,-0.00300751879699257,1.734723475976807e-18
46,133,20,lime,LIME,0.9052631578947368,0.9248120300751879,0.0015255196247948022,,,-0.019548872180451093,1.734723475976807e-18
46,134,20,shapley_mc,Monte Carlo Shapley,0.8842105263157894,0.8842105263157894,-0.00029628576599527445,,,0.0,8.673617379884035e-19
46,134,20,loo_oracle,LOO oracle,1.0,1.0,-0.00029628576599527445,,,0.0,8.673617379884035e-19
46,134,20,lime,LIME,0.918796992481203,0.918796992481203,-0.00029628576599527445,,,0.0,8.673617379884035e-19
46,135,20,shapley_mc,Monte Carlo Shapley,0.6676691729323309,0.5954887218045113,0.001412407267067095,,,0.07218045112781957,1.734723475976807e-18
46,135,20,loo_oracle,LOO oracle,0.9789473684210527,1.0,0.001412407267067095,,,-0.021052631578947323,1.734723475976807e-18
46,135,20,lime,LIME,0.9097744360902256,0.9353383458646616,0.001412407267067095,,,-0.02556390977443601,1.734723475976807e-18
46,136,20,shapley_mc,Monte Carlo Shapley,0.6421052631578947,0.6796992481203006,0.0010765088437743597,,,-0.037593984962405846,8.673617379884035e-19
46,136,20,loo_oracle,LOO oracle,0.9759398496240601,1.0,0.0003136557145638763,,,-0.024060150375939893,8.673617379884035e-19
46,136,20,lime,LIME,0.8962406015037594,0.9218045112781955,0.0003136557145638763,,,-0.025563909774436122,8.673617379884035e-19
46,137,20,shapley_mc,Monte Carlo Shapley,0.7669172932330827,0.7834586466165413,1.529271324474113e-05,,,-0.016541353383458635,0.0
46,137,20,loo_oracle,LOO oracle,0.9879699248120299,1.0,1.529271324474113e-05,,,-0.012030075187970057,0.0
46,137,20,lime,LIME,0.9669172932330825,0.9699248120300751,1.529271324474113e-05,,,-0.00300751879699257,0.0
46,138,20,shapley_mc,Monte Carlo Shapley,0.7744360902255639,0.7609022556390977,0.0005964847199370626,,,0.013533834586466176,0.0
46,138,20,loo_oracle,LOO oracle,0.993984962406015,1.0,5.237916918610086e-05,,,-0.006015037593985029,0.0
46,138,20,lime,LIME,0.900751879699248,0.9142857142857143,-0.0008175058241043365,,,-0.013533834586466287,0.0
46,139,20,shapley_mc,Monte Carlo Shapley,0.6330827067669172,0.6330827067669172,0.0010036462235668564,,,0.0,0.0
46,139,20,loo_oracle,LOO oracle,1.0,1.0,0.00013275417718072724,,,0.0,0.0
46,139,20,lime,LIME,0.9804511278195487,0.9804511278195487,0.00013275417718072724,,,0.0,0.0
46,140,13,shapley_mc,Monte Carlo Shapley,0.9175824175824175,0.9175824175824175,0.003481017582526502,,,0.0,0.0
46,140,13,loo_oracle,LOO oracle,1.0,1.0,0.003481017582526502,,,0.0,0.0
46,140,13,lime,LIME,0.9835164835164836,0.9835164835164836,0.003481017582526502,,,0.0,0.0
46,141,20,shapley_mc,Monte Carlo Shapley,0.6466165413533834,0.6466165413533834,0.0011660366696715774,,,0.0,1.734723475976807e-18
46,141,20,loo_oracle,LOO oracle,1.0,1.0,-1.2192225952667446e-05,,,0.0,1.734723475976807e-18
46,141,20,lime,LIME,0.9834586466165413,0.9834586466165413,-1.2192225952667446e-05,,,0.0,1.734723475976807e-18
46,142,20,shapley_mc,Monte Carlo Shapley,0.7744360902255639,0.7744360902255639,0.0011306087636267503,,,0.0,1.734723475976807e-18
46,142,20,loo_oracle,LOO oracle,1.0,1.0,0.0011306087636267503,,,0.0,1.734723475976807e-18
46,142,20,lime,LIME,0.9819548872180449,0.9819548872180449,0.0011306087636267503,,,0.0,1.734723475976807e-18
46,143,15,shapley_mc,Monte Carlo Shapley,0.6785714285714285,0.6785714285714285,0.0007961045449681459,,,0.0,0.0
46,143,15,loo_oracle,LOO oracle,1.0,1.0,2.7576146274244095e-06,,,0.0,0.0
46,143,15,lime,LIME,0.9571428571428571,0.9571428571428571,-0.0008507684302952456,,,0.0,0.0
46,144,13,shapley_mc,Monte Carlo Shapley,0.9285714285714285,0.9285714285714285,0.001944362357599927,,,0.0,0.0
46,144,13,loo_oracle,LOO oracle,1.0,1.0,0.0006159802359853028,,,0.0,0.0
46,144,13,lime,LIME,0.9945054945054945,0.9945054945054945,0.0006159802359853028,,,0.0,0.0
46,145,20,shapley_mc,Monte Carlo Shapley,0.7127819548872181,0.675187969924812,0.0002839854337083336,,,0.03759398496240607,0.0
46,145,20,loo_oracle,LOO oracle,0.9774436090225563,1.0,0.0002831407778486339,,,-0.022556390977443663,0.0
46,145,20,lime,LIME,0.9413533834586465,0.932330827067669,0.0002839854337083336,,,0.009022556390977488,0.0
46,146,20,shapley_mc,Monte Carlo Shapley,0.7218045112781954,0.7473684210526315,0.001030860012281365,,,-0.02556390977443601,1.734723475976807e-18
46,146,20,loo_oracle,LOO oracle,0.9879699248120299,1.0,0.001030860012281365,,,-0.012030075187970057,1.734723475976807e-18
46,146,20,lime,LIME,0.9338345864661652,0.9413533834586465,0.001030860012281365,,,-0.007518796992481258,1.734723475976807e-18
46,147,20,shapley_mc,Monte Carlo Shapley,0.7127819548872181,0.6406015037593984,-0.00019654241852867793,,,0.07218045112781968,4.336808689942018e-19
46,147,20,loo_oracle,LOO oracle,0.9684210526315788,1.0,-0.0005498667641142818,,,-0.03157894736842115,4.336808689942018e-19
46,147,20,lime,LIME,0.7624060150375939,0.8466165413533834,-0.0005498667641142818,,,-0.08421052631578951,4.336808689942018e-19
46,148,20,shapley_mc,Monte Carlo Shapley,0.5323308270676691,0.5187969924812029,0.0008399816256089987,,,0.013533834586466176,0.0
46,148,20,loo_oracle,LOO oracle,0.9864661654135337,1.0,0.0008399816256089987,,,-0.013533834586466287,0.0
46,148,20,lime,LIME,0.8511278195488721,0.8706766917293233,0.00020581074668973853,,,-0.019548872180451204,0.0
46,149,20,shapley_mc,Monte Carlo Shapley,0.7924812030075187,0.7669172932330827,0.0008641878688340765,,,0.02556390977443601,8.673617379884035e-19
46,149,20,loo_oracle,LOO oracle,0.9924812030075187,1.0,7.180009200302706e-05,,,-0.007518796992481258,8.673617379884035e-19
46,149,20,lime,LIME,0.9127819548872179,0.9413533834586465,7.180009200302706e-05,,,-0.02857142857142858,8.673617379884035e-19
46,150,20,shapley_mc,Monte Carlo Shapley,0.8676691729323308,0.8917293233082706,0.001208050820535489,,,-0.02406015037593978,8.673617379884035e-19
46,150,20,loo_oracle,LOO oracle,0.9774436090225563,1.0,0.00046169628502612525,,,-0.022556390977443663,8.673617379884035e-19
46,150,20,lime,LIME,0.9203007518796992,0.9488721804511278,0.0005219143217582434,,,-0.02857142857142858,8.673617379884035e-19
46,151,18,shapley_mc,Monte Carlo Shapley,0.7812177502579979,0.7812177502579979,0.0013496940382014544,,,0.0,1.734723475976807e-18
46,151,18,loo_oracle,LOO oracle,1.0,1.0,-2.7681858555450578e-05,,,0.0,1.734723475976807e-18
46,151,18,lime,LIME,0.9876160990712075,0.9876160990712075,-2.7681858555450578e-05,,,0.0,1.734723475976807e-18
46,152,17,shapley_mc,Monte Carlo Shapley,0.752450980392157,0.752450980392157,0.004784696524472221,,,0.0,6.938893903907228e-18
46,152,17,loo_oracle,LOO oracle,1.0,1.0,0.004929461929799817,,,0.0,6.938893903907228e-18
46,152,17,lime,LIME,0.9730392156862747,0.9730392156862747,0.004929461929799817,,,0.0,6.938893903907228e-18
46,153,13,shapley_mc,Monte Carlo Shapley,0.7912087912087913,0.7417582417582418,0.0013231970919663216,,,0.0494505494505495,0.0
46,153,13,loo_oracle,LOO oracle,0.989010989010989,1.0,-8.404283818042035e-06,,,-0.01098901098901095,0.0
46,153,13,lime,LIME,0.8681318681318682,0.8901098901098902,-8.404283818042035e-06,,,-0.02197802197802201,0.0
46,154,20,shapley_mc,Monte Carlo Shapley,0.8661654135338346,0.8661654135338346,0.0035042702326243957,,,0.0,1.0408340855860843e-17
46,154,20,loo_oracle,LOO oracle,1.0,1.0,0.0036580552046575066,,,0.0,1.0408340855860843e-17
46,154,20,lime,LIME,0.9714285714285714,0.9714285714285714,0.0036580552046575066,,,0.0,1.0408340855860843e-17
46,155,20,shapley_mc,Monte Carlo Shapley,0.6541353383458646,0.6796992481203006,0.00012503823294079952,,,-0.02556390977443601,0.0
46,155,20,loo_oracle,LOO oracle,0.9909774436090225,1.0,4.503145948581144e-05,,,-0.009022556390977488,0.0
46,155,20,lime,LIME,0.793984962406015,0.8210526315789473,-0.0006252598904847861,,,-0.02706766917293224,0.0
46,156,20,shapley_mc,Monte Carlo Shapley,0.7413533834586465,0.7413533834586465,0.004289306082804867,,,0.0,6.938893903907228e-18
46,156,20,loo_oracle,LOO oracle,1.0,1.0,0.004289306082804867,,,0.0,6.938893903907228e-18
46,156,20,lime,LIME,0.9699248120300751,0.9699248120300751,0.004289306082804867,,,0.0,6.938893903907228e-18
46,157,15,shapley_mc,Monte Carlo Shapley,0.8035714285714284,0.807142857142857,0.00105818073768138,,,-0.0035714285714286698,2.6020852139652106e-18
46,157,15,loo_oracle,LOO oracle,0.9928571428571428,1.0,0.00032947148786899305,,,-0.0071428571428572285,2.6020852139652106e-18
46,157,15,lime,LIME,0.9714285714285713,0.982142857142857,0.00032947148786899305,,,-0.010714285714285676,2.6020852139652106e-18
46,158,20,shapley_mc,Monte Carlo Shapley,0.8601503759398496,0.8601503759398496,0.00034320662712972183,,,0.0,0.0
46,158,20,loo_oracle,LOO oracle,1.0,1.0,0.00015114049981390654,,,0.0,0.0
46,158,20,lime,LIME,0.9969924812030074,0.9969924812030074,0.00015114049981390654,,,0.0,0.0
46,159,7,shapley_mc,Monte Carlo Shapley,0.7500000000000002,0.7500000000000002,0.010179196542007551,,,0.0,2.0816681711721685e-17
46,159,7,loo_oracle,LOO oracle,1.0,1.0,0.003296960495560608,,,0.0,2.0816681711721685e-17
46,159,7,lime,LIME,0.9642857142857145,0.9642857142857145,0.003296960495560608,,,0.0,2.0816681711721685e-17
46,160,20,shapley_mc,Monte Carlo Shapley,0.6120300751879698,0.5533834586466165,0.0011657779795390955,,,0.05864661654135328,8.673617379884035e-19
46,160,20,loo_oracle,LOO oracle,0.9774436090225563,1.0,0.0011657779795390955,,,-0.022556390977443663,8.673617379884035e-19
46,160,20,lime,LIME,0.8992481203007519,0.9353383458646616,0.0003378397024768054,,,-0.03609022556390973,8.673617379884035e-19
46,161,20,shapley_mc,Monte Carlo Shapley,0.6947368421052631,0.6390977443609022,0.0014285711217875696,,,0.05563909774436093,1.734723475976807e-18
46,161,20,loo_oracle,LOO oracle,0.9804511278195487,1.0,0.0004573095008164052,,,-0.019548872180451315,1.734723475976807e-18
46,161,20,lime,LIME,0.9639097744360902,0.9744360902255638,0.0004573095008164052,,,-0.010526315789473606,1.734723475976807e-18
46,162,20,shapley_mc,Monte Carlo Shapley,0.8345864661654135,0.7714285714285714,0.0011978815781532037,,,0.06315789473684219,0.0
46,162,20,loo_oracle,LOO oracle,0.9759398496240601,1.0,0.000416493637276083,,,-0.024060150375939893,0.0
46,162,20,lime,LIME,0.9624060150375938,0.9759398496240601,0.000416493637276083,,,-0.013533834586466287,0.0
46,163,20,shapley_mc,Monte Carlo Shapley,0.7413533834586465,0.6571428571428571,0.0010889795672057168,,,0.0842105263157894,0.0
46,163,20,loo_oracle,LOO oracle,0.9774436090225563,1.0,0.0010889795672057168,,,-0.022556390977443663,0.0
46,163,20,lime,LIME,0.8917293233082706,0.932330827067669,0.0010889795672057168,,,-0.040601503759398416,0.0
46,164,20,shapley_mc,Monte Carlo Shapley,0.8421052631578947,0.8285714285714285,0.0006148836059285401,,,0.013533834586466176,4.336808689942018e-19
46,164,20,loo_oracle,LOO oracle,0.9894736842105262,1.0,3.0235404582079628e-05,,,-0.010526315789473828,4.336808689942018e-19
46,164,20,lime,LIME,0.863157894736842,0.8842105263157894,3.0235404582079628e-05,,,-0.021052631578947434,4.336808689942018e-19
46,165,20,shapley_mc,Monte Carlo Shapley,0.724812030075188,0.6947368421052631,0.0007601864822032178,,,0.03007518796992492,0.0
46,165,20,loo_oracle,LOO oracle,0.9849624060150375,1.0,0.0001920229576050092,,,-0.015037593984962516,0.0
46,165,20,lime,LIME,0.8992481203007519,0.932330827067669,0.0001920229576050092,,,-0.03308270676691716,0.0
46,166,16,shapley_mc,Monte Carlo Shapley,0.7970588235294117,0.7970588235294117,0.0013570490503406196,,,0.0,1.734723475976807e-18
46,166,16,loo_oracle,LOO oracle,1.0,1.0,0.0006013532006918787,,,0.0,1.734723475976807e-18
46,166,16,lime,LIME,0.9235294117647058,0.9235294117647058,0.0006013532006918787,,,0.0,1.734723475976807e-18
46,167,16,shapley_mc,Monte Carlo Shapley,0.75,0.7705882352941176,0.002117012150297637,,,-0.020588235294117574,1.734723475976807e-18
46,167,16,loo_oracle,LOO oracle,0.9941176470588234,1.0,0.002117012150297637,,,-0.005882352941176561,1.734723475976807e-18
46,167,16,lime,LIME,0.9823529411764707,0.9794117647058824,0.002117012150297637,,,0.002941176470588225,1.734723475976807e-18
46,168,20,shapley_mc,Monte Carlo Shapley,0.8390977443609022,0.8030075187969924,0.0009959671944639314,,,0.03609022556390984,0.0
46,168,20,loo_oracle,LOO oracle,0.9879699248120299,1.0,0.0009959671944639314,,,-0.012030075187970057,0.0
46,168,20,lime,LIME,0.849624060150376,0.8842105263157894,0.0009959671944639314,,,-0.0345864661654135,0.0
46,169,20,shapley_mc,Monte Carlo Shapley,0.7548872180451127,0.7203007518796991,9.788226835749647e-05,,,0.03458646616541361,8.673617379884035e-19
46,169,20,loo_oracle,LOO oracle,0.993984962406015,1.0,9.788226835749647e-05,,,-0.006015037593985029,8.673617379884035e-19
46,169,20,lime,LIME,0.9383458646616539,0.956390977443609,9.788226835749647e-05,,,-0.018045112781955086,8.673617379884035e-19
46,170,17,shapley_mc,Monte Carlo Shapley,0.9215686274509804,0.9142156862745098,0.0033165729771472696,,,0.007352941176470673,3.469446951953614e-18
46,170,17,loo_oracle,LOO oracle,0.9975490196078433,1.0,0.0033165729771472696,,,-0.002450980392156743,3.469446951953614e-18
46,170,17,lime,LIME,0.9779411764705883,0.985294117647059,0.0033165729771472696,,,-0.007352941176470673,3.469446951953614e-18
46,171,10,shapley_mc,Monte Carlo Shapley,0.8545454545454544,0.8303030303030302,0.001541425896198434,,,0.024242424242424176,2.6020852139652106e-18
46,171,10,loo_oracle,LOO oracle,0.9878787878787878,0.9999999999999999,0.0004975232533010465,,,-0.012121212121212088,2.6020852139652106e-18
46,171,10,lime,LIME,0.9393939393939393,0.9515151515151514,0.0004975232533010465,,,-0.012121212121212088,2.6020852139652106e-18
46,172,20,shapley_mc,Monte Carlo Shapley,0.825563909774436,0.8120300751879698,0.0025313509868885586,,,0.013533834586466287,5.204170427930421e-18
46,172,20,loo_oracle,LOO oracle,0.9909774436090225,1.0,0.0025313509868885586,,,-0.009022556390977488,5.204170427930421e-18
46,172,20,lime,LIME,0.9218045112781955,0.9443609022556391,0.0025313509868885586,,,-0.022556390977443552,5.204170427930421e-18
46,173,20,shapley_mc,Monte Carlo Shapley,0.7398496240601502,0.7187969924812029,0.0016524188833955678,,,0.021052631578947323,8.673617379884035e-19
46,173,20,loo_oracle,LOO oracle,0.9924812030075187,1.0,0.0008695032868534791,,,-0.007518796992481258,8.673617379884035e-19
46,173,20,lime,LIME,0.9548872180451128,0.9669172932330825,0.0008695032868534791,,,-0.012030075187969724,8.673617379884035e-19
46,174,20,shapley_mc,Monte Carlo Shapley,0.8120300751879698,0.78796992481203,0.002256569501349781,,,0.02406015037593978,1.734723475976807e-18
46,174,20,loo_oracle,LOO oracle,0.9924812030075187,1.0,0.002256569501349781,,,-0.007518796992481258,1.734723475976807e-18
46,174,20,lime,LIME,0.9624060150375938,0.9729323308270676,0.002256569501349781,,,-0.010526315789473828,1.734723475976807e-18
46,175,20,shapley_mc,Monte Carlo Shapley,0.6947368421052631,0.6857142857142857,-0.0003102364874587038,,,0.009022556390977376,1.3010426069826053e-18
46,175,20,loo_oracle,LOO oracle,0.9894736842105262,1.0,-7.895411658104257e-05,,,-0.010526315789473828,1.3010426069826053e-18
46,175,20,lime,LIME,0.8766917293233082,0.882706766917293,-0.0005825681172753616,,,-0.006015037593984807,1.3010426069826053e-18
46,176,20,shapley_mc,Monte Carlo Shapley,0.831578947368421,0.831578947368421,-0.0033639765186319615,,,0.0,6.938893903907228e-18
46,176,20,loo_oracle,LOO oracle,1.0,1.0,-0.0033639765186319615,,,0.0,6.938893903907228e-18
46,176,20,lime,LIME,0.9894736842105262,0.9894736842105262,-0.0033639765186319615,,,0.0,6.938893903907228e-18
46,177,20,shapley_mc,Monte Carlo Shapley,0.7293233082706766,0.5834586466165413,0.0007847830773651809,,,0.14586466165413525,0.0
46,177,20,loo_oracle,LOO oracle,0.9293233082706768,1.0,0.0007847830773651809,,,-0.07067669172932323,0.0
46,177,20,lime,LIME,0.77593984962406,0.8571428571428572,0.00010851944283168935,,,-0.08120300751879717,0.0
46,178,20,shapley_mc,Monte Carlo Shapley,0.6796992481203006,0.5864661654135337,0.0006084164629120425,,,0.09323308270676689,0.0
46,178,20,loo_oracle,LOO oracle,0.9804511278195487,1.0,-0.00014595189587746082,,,-0.019548872180451315,0.0
46,178,20,lime,LIME,0.8902255639097743,0.9353383458646616,-0.00014595189587746082,,,-0.04511278195488733,0.0
46,179,20,shapley_mc,Monte Carlo Shapley,0.875187969924812,0.875187969924812,0.0026371521518518404,,,0.0,3.469446951953614e-18
46,179,20,loo_oracle,LOO oracle,1.0,1.0,0.0026371521518518404,,,0.0,3.469446951953614e-18
46,179,20,lime,LIME,0.9789473684210527,0.9789473684210527,0.0026371521518518404,,,0.0,3.469446951953614e-18
46,180,20,shapley_mc,Monte Carlo Shapley,0.819548872180451,0.831578947368421,0.002394309428519814,,,-0.012030075187969946,1.734723475976807e-18
46,180,20,loo_oracle,LOO oracle,0.9954887218045112,1.0,0.002394309428519814,,,-0.004511278195488799,1.734723475976807e-18
46,180,20,lime,LIME,0.9789473684210527,0.9759398496240601,0.002394309428519814,,,0.00300751879699257,1.734723475976807e-18
46,181,20,shapley_mc,Monte Carlo Shapley,0.8285714285714285,0.8285714285714285,-0.002006055142307339,,,0.0,0.0
46,181,20,loo_oracle,LOO oracle,1.0,1.0,-0.00018169429833259088,,,0.0,0.0
46,181,20,lime,LIME,0.9894736842105262,0.9894736842105262,-0.00018169429833259088,,,0.0,0.0
46,182,20,shapley_mc,Monte Carlo Shapley,0.7654135338345864,0.7654135338345864,0.0020619724650591253,,,0.0,0.0
46,182,20,loo_oracle,LOO oracle,1.0,1.0,0.0020982110144175947,,,0.0,0.0
46,182,20,lime,LIME,0.9593984962406013,0.9593984962406013,0.0020982110144175947,,,0.0,0.0
46,183,20,shapley_mc,Monte Carlo Shapley,0.6436090225563909,0.6646616541353383,7.826257811538451e-05,,,-0.021052631578947434,0.0
46,183,20,loo_oracle,LOO oracle,0.9909774436090225,1.0,7.826257811538451e-05,,,-0.009022556390977488,0.0
46,183,20,lime,LIME,0.9067669172932331,0.918796992481203,7.826257811538451e-05,,,-0.012030075187969835,0.0
46,184,20,shapley_mc,Monte Carlo Shapley,0.8451127819548873,0.8526315789473683,0.0023002505911441373,,,-0.007518796992481036,3.469446951953614e-18
46,184,20,loo_oracle,LOO oracle,0.993984962406015,1.0,0.0023002505911441373,,,-0.006015037593985029,3.469446951953614e-18
46,184,20,lime,LIME,0.9413533834586465,0.956390977443609,0.0023002505911441373,,,-0.015037593984962516,3.469446951953614e-18
46,185,20,shapley_mc,Monte Carlo Shapley,0.6887218045112782,0.6736842105263157,-1.4262918760665766e-05,,,0.015037593984962516,0.0
46,185,20,loo_oracle,LOO oracle,0.9969924812030074,1.0,-1.4262918760665766e-05,,,-0.00300751879699257,0.0
46,185,20,lime,LIME,0.9353383458646616,0.9458646616541352,-1.4262918760665766e-05,,,-0.010526315789473606,0.0
46,186,20,shapley_mc,Monte Carlo Shapley,0.793984962406015,0.7082706766917292,0.0002880474274240541,,,0.08571428571428585,2.6020852139652106e-18
46,186,20,loo_oracle,LOO oracle,0.9729323308270676,1.0,0.0002880474274240541,,,-0.02706766917293235,2.6020852139652106e-18
46,186,20,lime,LIME,0.9157894736842105,0.932330827067669,0.0002880474274240541,,,-0.016541353383458524,2.6020852139652106e-18
46,187,20,shapley_mc,Monte Carlo Shapley,0.8857142857142858,0.8857142857142858,0.0005600194962004368,,,0.0,8.673617379884035e-19
46,187,20,loo_oracle,LOO oracle,1.0,1.0,0.00014904738221555025,,,0.0,8.673617379884035e-19
46,187,20,lime,LIME,0.9669172932330825,0.9669172932330825,0.00015796512256199824,,,0.0,8.673617379884035e-19
46,188,20,shapley_mc,Monte Carlo Shapley,0.9172932330827066,0.9037593984962405,0.0026358550814631343,,,0.013533834586466065,6.938893903907228e-18
46,188,20,loo_oracle,LOO oracle,0.9969924812030074,1.0,0.0026358550814631343,,,-0.00300751879699257,6.938893903907228e-18
46,188,20,lime,LIME,0.9639097744360902,0.9714285714285714,0.0026358550814631343,,,-0.007518796992481258,6.938893903907228e-18
46,189,20,shapley_mc,Monte Carlo Shapley,0.7684210526315788,0.7353383458646616,0.0007203267664710467,,,0.03308270676691716,0.0
46,189,20,loo_oracle,LOO oracle,0.9924812030075187,1.0,6.109906001877663e-05,,,-0.007518796992481258,0.0
46,189,20,lime,LIME,0.9278195488721804,0.9338345864661652,6.109906001877663e-05,,,-0.006015037593984807,0.0
46,190,12,shapley_mc,Monte Carlo Shapley,0.9300699300699302,0.9300699300699302,0.005208899680115564,,,0.0,0.0
46,190,12,loo_oracle,LOO oracle,0.9860139860139862,1.0,0.005208899680115564,,,-0.013986013986013845,0.0
46,190,12,lime,LIME,0.9510489510489512,0.9510489510489512,0.005208899680115564,,,0.0,0.0
46,191,20,shapley_mc,Monte Carlo Shapley,0.7684210526315788,0.7684210526315788,0.003010239499536105,,,0.0,6.938893903907228e-18
46,191,20,loo_oracle,LOO oracle,1.0,1.0,0.003010239499536105,,,0.0,6.938893903907228e-18
46,191,20,lime,LIME,0.9789473684210527,0.9789473684210527,0.003010239499536105,,,0.0,6.938893903907228e-18
46,192,20,shapley_mc,Monte Carlo Shapley,0.8180451127819548,0.8180451127819548,0.0011927352686756931,,,0.0,0.0
46,192,20,loo_oracle,LOO oracle,1.0,1.0,0.00017142483653964646,,,0.0,0.0
46,192,20,lime,LIME,0.9789473684210527,0.9789473684210527,0.00017142483653964646,,,0.0,0.0
46,193,20,shapley_mc,Monte Carlo Shapley,0.33082706766917286,0.24360902255639094,0.00039134023659059824,,,0.08721804511278192,0.0
46,193,20,loo_oracle,LOO oracle,0.9744360902255638,1.0,2.1812082461714066e-05,,,-0.025563909774436233,0.0
46,193,20,lime,LIME,0.8646616541353382,0.9142857142857143,2.2033373655361288e-05,,,-0.049624060150376015,0.0
46,194,20,shapley_mc,Monte Carlo Shapley,0.6781954887218045,0.6962406015037594,3.917256043123318e-05,,,-0.018045112781954975,0.0
46,194,20,loo_oracle,LOO oracle,0.9789473684210527,1.0,-0.0005829237547155253,,,-0.021052631578947323,0.0
46,194,20,lime,LIME,0.8601503759398496,0.8992481203007519,-0.0004837534079251693,,,-0.0390977443609023,0.0
46,195,20,shapley_mc,Monte Carlo Shapley,0.18646616541353384,0.17744360902255638,0.0016468626840756007,,,0.00902255639097746,3.469446951953614e-18
46,195,20,loo_oracle,LOO oracle,0.9984962406015038,1.0,0.0007871197200794988,,,-0.0015037593984962294,3.469446951953614e-18
46,195,20,lime,LIME,0.9819548872180449,0.9834586466165413,0.0007871197200794988,,,-0.0015037593984963404,3.469446951953614e-18
46,196,13,shapley_mc,Monte Carlo Shapley,0.521978021978022,0.521978021978022,-0.014062237306057934,,,0.0,2.7755575615628914e-17
46,196,13,loo_oracle,LOO oracle,1.0,1.0,-0.014062237306057934,,,0.0,2.7755575615628914e-17
46,196,13,lime,LIME,0.9835164835164836,0.9835164835164836,-0.014062237306057934,,,0.0,2.7755575615628914e-17
46,197,20,shapley_mc,Monte Carlo Shapley,0.7157894736842104,0.6676691729323309,0.0008452598223852581,,,0.04812030075187956,0.0
46,197,20,loo_oracle,LOO oracle,0.9924812030075187,1.0,0.0008452598223852581,,,-0.007518796992481258,0.0
46,197,20,lime,LIME,0.956390977443609,0.9593984962406013,0.0008452598223852581,,,-0.003007518796992237,0.0
46,198,20,shapley_mc,Monte Carlo Shapley,0.7984962406015037,0.8030075187969924,0.006318573281421824,,,-0.004511278195488688,0.0
46,198,20,loo_oracle,LOO oracle,0.9969924812030074,1.0,0.006318573281421824,,,-0.00300751879699257,0.0
46,198,20,lime,LIME,0.932330827067669,0.9338345864661652,0.006318573281421824,,,-0.0015037593984962294,0.0
46,199,11,shapley_mc,Monte Carlo Shapley,0.9454545454545454,0.9272727272727275,-0.001461162750321432,,,0.018181818181817966,4.336808689942018e-19
46,199,11,loo_oracle,LOO oracle,0.9636363636363637,1.0,8.307931037876415e-05,,,-0.036363636363636265,4.336808689942018e-19
46,199,11,lime,LIME,0.9272727272727275,0.9727272727272729,-0.001461162750321432,,,-0.045454545454545414,4.336808689942018e-19
46,200,20,shapley_mc,Monte Carlo Shapley,0.9203007518796992,0.9172932330827066,0.002307982368400019,,,0.00300751879699257,1.734723475976807e-18
46,200,20,loo_oracle,LOO oracle,0.9924812030075187,1.0,0.002307982368400019,,,-0.007518796992481258,1.734723475976807e-18
46,200,20,lime,LIME,0.9473684210526315,0.9624060150375938,0.002307982368400019,,,-0.015037593984962294,1.734723475976807e-18
46,201,20,shapley_mc,Monte Carlo Shapley,0.7789473684210525,0.7774436090225564,0.0011117533388355638,,,0.0015037593984961184,0.0
46,201,20,loo_oracle,LOO oracle,0.9984962406015038,1.0,0.00025409449409452556,,,-0.0015037593984962294,0.0
46,201,20,lime,LIME,0.9533834586466164,0.9548872180451128,0.00025409449409452556,,,-0.0015037593984963404,0.0
46,202,20,shapley_mc,Monte Carlo Shapley,0.8691729323308269,0.8812030075187969,0.002429342259308742,,,-0.012030075187969946,0.0
46,202,20,loo_oracle,LOO oracle,0.9924812030075187,1.0,0.002429342259308742,,,-0.007518796992481258,0.0
46,202,20,lime,LIME,0.9458646616541352,0.9473684210526315,0.002429342259308742,,,-0.0015037593984963404,0.0
46,203,20,shapley_mc,Monte Carlo Shapley,0.8345864661654135,0.8300751879699247,0.0008445213361977788,,,0.004511278195488799,0.0
46,203,20,loo_oracle,LOO oracle,0.993984962406015,1.0,5.85152706269465e-05,,,-0.006015037593985029,0.0
46,203,20,lime,LIME,0.9142857142857143,0.918796992481203,5.85152706269465e-05,,,-0.004511278195488688,0.0
46,204,20,shapley_mc,Monte Carlo Shapley,0.793984962406015,0.793984962406015,-0.00011134168249193888,,,0.0,4.336808689942018e-19
46,204,20,loo_oracle,LOO oracle,1.0,1.0,-8.762843925691488e-05,,,0.0,4.336808689942018e-19
46,204,20,lime,LIME,0.9112781954887217,0.9112781954887217,-8.762843925691488e-05,,,0.0,4.336808689942018e-19
46,205,12,shapley_mc,Monte Carlo Shapley,0.7762237762237763,0.7902097902097903,-0.001399555624126858,,,-0.013986013986014068,8.673617379884035e-19
46,205,12,loo_oracle,LOO oracle,0.9930069930069931,1.0,-0.0004018581318719905,,,-0.006993006993006867,8.673617379884035e-19
46,205,12,lime,LIME,0.9930069930069931,1.0,-0.0004018581318719905,,,-0.006993006993006867,8.673617379884035e-19
46,206,13,shapley_mc,Monte Carlo Shapley,0.7802197802197801,0.7802197802197801,0.00831210855259329,,,0.0,2.0816681711721685e-17
46,206,13,loo_oracle,LOO oracle,1.0,1.0,0.00831210855259329,,,0.0,2.0816681711721685e-17
46,206,13,lime,LIME,0.9945054945054945,0.9945054945054945,0.00831210855259329,,,0.0,2.0816681711721685e-17
46,207,20,shapley_mc,Monte Carlo Shapley,0.9624060150375938,0.9684210526315788,-0.0015247808672346208,,,-0.006015037593985029,1.951563910473908e-18
46,207,20,loo_oracle,LOO oracle,0.993984962406015,1.0,-0.0015247808672346208,,,-0.006015037593985029,1.951563910473908e-18
46,207,20,lime,LIME,0.9518796992481202,0.9548872180451128,-0.0015247808672346208,,,-0.00300751879699257,1.951563910473908e-18
46,208,7,shapley_mc,Monte Carlo Shapley,-0.07142857142857144,-0.07142857142857144,0.0017194463648739222,,,0.0,0.0
46,208,7,loo_oracle,LOO oracle,1.0,1.0,0.0008895882557334867,,,0.0,0.0
46,208,7,lime,LIME,0.9642857142857145,0.9642857142857145,0.0008895882557334867,,,0.0,0.0
46,209,20,shapley_mc,Monte Carlo Shapley,0.8661654135338346,0.8345864661654135,-0.00013104505979266712,,,0.03157894736842104,6.505213034913027e-19
46,209,20,loo_oracle,LOO oracle,0.9744360902255638,1.0,-0.0005318932795281839,,,-0.025563909774436233,6.505213034913027e-19
46,209,20,lime,LIME,0.882706766917293,0.9263157894736842,-0.0005318932795281839,,,-0.04360902255639121,6.505213034913027e-19
46,210,20,shapley_mc,Monte Carlo Shapley,0.706766917293233,0.706766917293233,0.002365051903864712,,,0.0,3.469446951953614e-18
46,210,20,loo_oracle,LOO oracle,1.0,1.0,0.002365051903864712,,,0.0,3.469446951953614e-18
46,210,20,lime,LIME,0.9654135338345864,0.9654135338345864,0.002365051903864712,,,0.0,3.469446951953614e-18
46,211,20,shapley_mc,Monte Carlo Shapley,0.6300751879699248,0.5969924812030075,0.000758813127829272,,,0.03308270676691727,4.336808689942018e-19
46,211,20,loo_oracle,LOO oracle,0.956390977443609,1.0,8.98572718243118e-05,,,-0.043609022556390986,4.336808689942018e-19
46,211,20,lime,LIME,0.7969924812030074,0.8962406015037594,8.98572718243118e-05,,,-0.09924812030075203,4.336808689942018e-19
46,212,17,shapley_mc,Monte Carlo Shapley,0.7377450980392158,0.7377450980392158,0.0042796771630466135,,,0.0,6.938893903907228e-18
46,212,17,loo_oracle,LOO oracle,1.0,1.0,0.004695223656558556,,,0.0,6.938893903907228e-18
46,212,17,lime,LIME,0.9950980392156863,0.9950980392156863,0.004695223656558556,,,0.0,6.938893903907228e-18
46,213,20,shapley_mc,Monte Carlo Shapley,0.7278195488721804,0.6375939849624059,0.0004260002520085071,,,0.09022556390977443,1.734723475976807e-18
46,213,20,loo_oracle,LOO oracle,0.9533834586466164,1.0,8.610059121560987e-05,,,-0.046616541353383556,1.734723475976807e-18
46,213,20,lime,LIME,0.7112781954887217,0.831578947368421,-8.287915299448612e-05,,,-0.12030075187969924,1.734723475976807e-18
46,214,20,shapley_mc,Monte Carlo Shapley,0.7984962406015037,0.8330827067669173,-0.001346585404934597,,,-0.03458646616541361,5.204170427930421e-18
46,214,20,loo_oracle,LOO oracle,0.9894736842105262,1.0,-0.001346585404934597,,,-0.010526315789473828,5.204170427930421e-18
46,214,20,lime,LIME,0.9849624060150375,0.9834586466165413,-0.001346585404934597,,,0.0015037593984962294,5.204170427930421e-18
46,215,20,shapley_mc,Monte Carlo Shapley,0.6270676691729322,0.4661654135338345,0.0005844606806845176,,,0.1609022556390977,8.673617379884035e-19
46,215,20,loo_oracle,LOO oracle,0.8917293233082706,1.0,-0.0008249994778953273,,,-0.1082706766917294,8.673617379884035e-19
46,215,20,lime,LIME,0.77593984962406,0.9037593984962405,-0.0008249994778953273,,,-0.1278195488721805,8.673617379884035e-19
46,216,9,shapley_mc,Monte Carlo Shapley,0.8833333333333333,0.7666666666666667,0.0008508270517370575,,,0.11666666666666659,3.469446951953614e-18
46,216,9,loo_oracle,LOO oracle,0.9666666666666667,1.0,0.0008508270517370575,,,-0.033333333333333326,3.469446951953614e-18
46,216,9,lime,LIME,0.8666666666666667,0.9500000000000001,0.0008508270517370575,,,-0.08333333333333337,3.469446951953614e-18
46,217,20,shapley_mc,Monte Carlo Shapley,0.6511278195488721,0.6466165413533834,0.0015688284724850177,,,0.004511278195488688,1.734723475976807e-18
46,217,20,loo_oracle,LOO oracle,0.9969924812030074,1.0,0.0017444296567662998,,,-0.00300751879699257,1.734723475976807e-18
46,217,20,lime,LIME,0.9774436090225563,0.9864661654135337,0.0006371624130983577,,,-0.009022556390977376,1.734723475976807e-18
46,218,12,shapley_mc,Monte Carlo Shapley,0.6923076923076924,0.6923076923076924,-0.008839516868776598,,,0.0,2.7755575615628914e-17
46,218,12,loo_oracle,LOO oracle,1.0,1.0,-0.008839516868776598,,,0.0,2.7755575615628914e-17
46,218,12,lime,LIME,0.9090909090909092,0.9090909090909092,-0.008839516868776598,,,0.0,2.7755575615628914e-17
46,219,20,shapley_mc,Monte Carlo Shapley,0.7353383458646616,0.7488721804511278,0.002406973530498846,,,-0.013533834586466176,0.0
46,219,20,loo_oracle,LOO oracle,0.9984962406015038,1.0,0.002406973530498846,,,-0.0015037593984962294,0.0
46,219,20,lime,LIME,0.9428571428571428,0.9413533834586465,0.002406973530498846,,,0.0015037593984963404,0.0
46,220,10,shapley_mc,Monte Carlo Shapley,0.7818181818181817,0.6484848484848483,0.001700311232539109,,,0.13333333333333341,0.0
46,220,10,loo_oracle,LOO oracle,0.9515151515151514,0.9999999999999999,0.00011378857710597767,,,-0.048484848484848464,0.0
46,220,10,lime,LIME,0.8060606060606059,0.9151515151515152,-0.001591183046865119,,,-0.10909090909090924,0.0
46,221,20,shapley_mc,Monte Carlo Shapley,0.5669172932330826,0.556390977443609,0.0026983540397849115,,,0.010526315789473606,6.938893903907228e-18
46,221,20,loo_oracle,LOO oracle,0.9984962406015038,1.0,0.0016997301663620457,,,-0.0015037593984962294,6.938893903907228e-18
46,221,20,lime,LIME,0.9127819548872179,0.9233082706766916,0.0016997301663620457,,,-0.010526315789473717,6.938893903907228e-18
46,222,20,shapley_mc,Monte Carlo Shapley,0.6165413533834586,0.5654135338345864,0.0006209147983218255,,,0.051127819548872244,4.336808689942018e-19
46,222,20,loo_oracle,LOO oracle,0.9593984962406013,1.0,0.00015014140648800245,,,-0.04060150375939875,4.336808689942018e-19
46,222,20,lime,LIME,0.8360902255639097,0.9203007518796992,0.00015014140648800245,,,-0.08421052631578951,4.336808689942018e-19
46,223,20,shapley_mc,Monte Carlo Shapley,0.9037593984962405,0.9037593984962405,0.001810965456336966,,,0.0,3.469446951953614e-18
46,223,20,loo_oracle,LOO oracle,1.0,1.0,0.00186790148550936,,,0.0,3.469446951953614e-18
46,223,20,lime,LIME,0.9894736842105262,0.9894736842105262,0.00186790148550936,,,0.0,3.469446951953614e-18
46,224,20,shapley_mc,Monte Carlo Shapley,0.8451127819548873,0.8360902255639097,-9.34319394860772e-05,,,0.009022556390977599,2.168404344971009e-19
46,224,20,loo_oracle,LOO oracle,0.9909774436090225,1.0,-9.34319394860772e-05,,,-0.009022556390977488,2.168404344971009e-19
46,224,20,lime,LIME,0.8887218045112781,0.9097744360902256,-0.0006489201248887078,,,-0.021052631578947434,2.168404344971009e-19
46,225,9,shapley_mc,Monte Carlo Shapley,0.33333333333333337,0.33333333333333337,0.001970291569530047,,,0.0,3.469446951953614e-18
46,225,9,loo_oracle,LOO oracle,1.0,1.0,-0.0024599766184314475,,,0.0,3.469446951953614e-18
46,225,9,lime,LIME,0.9833333333333333,0.9833333333333333,-0.0024599766184314475,,,0.0,3.469446951953614e-18
46,226,11,shapley_mc,Monte Carlo Shapley,0.46363636363636374,0.46363636363636374,0.0030685492368281997,,,0.0,1.3877787807814457e-17
46,226,11,loo_oracle,LOO oracle,1.0,1.0,0.0008039903977419827,,,0.0,1.3877787807814457e-17
46,226,11,lime,LIME,0.9636363636363637,0.9636363636363637,0.0008039903977419827,,,0.0,1.3877787807814457e-17
46,227,20,shapley_mc,Monte Carlo Shapley,0.724812030075188,0.724812030075188,0.0029020579931504087,,,0.0,3.469446951953614e-18
46,227,20,loo_oracle,LOO oracle,1.0,1.0,0.0029020579931504087,,,0.0,3.469446951953614e-18
46,227,20,lime,LIME,0.9744360902255638,0.9744360902255638,0.0029020579931504087,,,0.0,3.469446951953614e-18
46,228,20,shapley_mc,Monte Carlo Shapley,0.9684210526315788,0.9684210526315788,0.004347715887185133,,,0.0,1.0408340855860843e-17
46,228,20,loo_oracle,LOO oracle,1.0,1.0,0.004347715887185133,,,0.0,1.0408340855860843e-17
46,228,20,lime,LIME,0.9879699248120299,0.9879699248120299,0.004347715887185133,,,0.0,1.0408340855860843e-17
46,229,20,shapley_mc,Monte Carlo Shapley,0.7052631578947368,0.6781954887218045,0.0013032475632157037,,,0.02706766917293235,4.336808689942018e-18
46,229,20,loo_oracle,LOO oracle,0.9894736842105262,1.0,0.0013032475632157037,,,-0.010526315789473828,4.336808689942018e-18
46,229,20,lime,LIME,0.9729323308270676,0.9699248120300751,0.0013032475632157037,,,0.00300751879699257,4.336808689942018e-18
46,230,20,shapley_mc,Monte Carlo Shapley,0.8481203007518796,0.8556390977443609,-0.0012287500689701636,,,-0.007518796992481258,0.0
46,230,20,loo_oracle,LOO oracle,0.9984962406015038,1.0,-0.0012287500689701636,,,-0.0015037593984962294,0.0
46,230,20,lime,LIME,0.9278195488721804,0.932330827067669,-0.0012287500689701636,,,-0.004511278195488577,0.0
46,231,20,shapley_mc,Monte Carlo Shapley,0.8932330827067668,0.875187969924812,0.001448913470846247,,,0.018045112781954864,3.469446951953614e-18
46,231,20,loo_oracle,LOO oracle,0.9954887218045112,1.0,0.0016231994517239001,,,-0.004511278195488799,3.469446951953614e-18
46,231,20,lime,LIME,0.9398496240601503,0.9503759398496241,0.0016231994517239001,,,-0.010526315789473828,3.469446951953614e-18
46,232,20,shapley_mc,Monte Carlo Shapley,0.8781954887218045,0.8721804511278194,0.0035725592531943295,,,0.00601503759398514,1.734723475976807e-18
46,232,20,loo_oracle,LOO oracle,0.9984962406015038,1.0,0.0035725592531943295,,,-0.0015037593984962294,1.734723475976807e-18
46,232,20,lime,LIME,0.9894736842105262,0.9924812030075187,0.0035725592531943295,,,-0.00300751879699257,1.734723475976807e-18
46,233,20,shapley_mc,Monte Carlo Shapley,0.6345864661654135,0.6345864661654135,0.0022337116854451167,,,0.0,6.938893903907228e-18
46,233,20,loo_oracle,LOO oracle,1.0,1.0,0.002341510349979814,,,0.0,6.938893903907228e-18
46,233,20,lime,LIME,0.9834586466165413,0.9834586466165413,0.002341510349979814,,,0.0,6.938893903907228e-18
46,234,20,shapley_mc,Monte Carlo Shapley,0.8962406015037594,0.8902255639097743,0.0014247459877593238,,,0.00601503759398514,8.673617379884035e-19
46,234,20,loo_oracle,LOO oracle,0.9954887218045112,1.0,0.0016264701302934337,,,-0.004511278195488799,8.673617379884035e-19
46,234,20,lime,LIME,0.9473684210526315,0.9624060150375938,0.0016264701302934337,,,-0.015037593984962294,8.673617379884035e-19
46,235,20,shapley_mc,Monte Carlo Shapley,0.6270676691729322,0.6270676691729322,0.0008406804256368972,,,0.0,0.0
46,235,20,loo_oracle,LOO oracle,1.0,1.0,-0.00013697233979875767,,,0.0,0.0
46,235,20,lime,LIME,0.9864661654135337,0.9864661654135337,-0.0009923680920680966,,,0.0,0.0
46,236,20,shapley_mc,Monte Carlo Shapley,0.8360902255639097,0.8165413533834586,0.0014100033727517114,,,0.019548872180451093,8.673617379884035e-19
46,236,20,loo_oracle,LOO oracle,0.9954887218045112,1.0,0.0014100033727517114,,,-0.004511278195488799,8.673617379884035e-19
46,236,20,lime,LIME,0.9112781954887217,0.9142857142857143,0.0014100033727517114,,,-0.00300751879699257,8.673617379884035e-19
46,237,20,shapley_mc,Monte Carlo Shapley,0.42105263157894735,0.5308270676691729,-0.0006465383282191484,,,-0.10977443609022552,0.0
46,237,20,loo_oracle,LOO oracle,0.8481203007518796,1.0,-0.0006465383282191484,,,-0.1518796992481204,0.0
46,237,20,lime,LIME,0.6390977443609022,0.6962406015037594,-0.0006465383282191484,,,-0.05714285714285727,0.0
46,238,20,shapley_mc,Monte Carlo Shapley,0.8902255639097743,0.8992481203007519,0.0017783774474078862,,,-0.009022556390977599,3.469446951953614e-18
46,238,20,loo_oracle,LOO oracle,0.9984962406015038,1.0,0.0019720854061039406,,,-0.0015037593984962294,3.469446951953614e-18
46,238,20,lime,LIME,0.9684210526315788,0.9639097744360902,0.0019720854061039406,,,0.004511278195488688,3.469446951953614e-18
46,239,20,shapley_mc,Monte Carlo Shapley,0.7624060150375939,0.732330827067669,-0.00033228797072293315,,,0.03007518796992481,2.168404344971009e-19
46,239,20,loo_oracle,LOO oracle,0.9909774436090225,1.0,-0.00024142834161544613,,,-0.009022556390977488,2.168404344971009e-19
46,239,20,lime,LIME,0.9293233082706768,0.9428571428571428,-0.00024142834161544613,,,-0.013533834586466065,2.168404344971009e-19
46,240,20,shapley_mc,Monte Carlo Shapley,0.8180451127819548,0.801503759398496,0.00143628218151165,,,0.016541353383458746,1.734723475976807e-18
46,240,20,loo_oracle,LOO oracle,0.9834586466165413,1.0,0.00047920920631278063,,,-0.016541353383458746,1.734723475976807e-18
46,240,20,lime,LIME,0.9503759398496241,0.9624060150375938,0.00047920920631278063,,,-0.012030075187969724,1.734723475976807e-18
46,241,20,shapley_mc,Monte Carlo Shapley,0.6390977443609022,0.6421052631578947,0.002012703117752479,,,-0.00300751879699257,1.734723475976807e-18
46,241,20,loo_oracle,LOO oracle,0.9984962406015038,1.0,0.002012703117752479,,,-0.0015037593984962294,1.734723475976807e-18
46,241,20,lime,LIME,0.9383458646616539,0.9413533834586465,0.002012703117752479,,,-0.00300751879699257,1.734723475976807e-18
46,242,17,shapley_mc,Monte Carlo Shapley,0.8333333333333335,0.8308823529411766,-0.001215693670049367,,,0.002450980392156854,6.938893903907228e-18
46,242,17,loo_oracle,LOO oracle,0.9950980392156863,1.0,-0.001215693670049367,,,-0.004901960784313708,6.938893903907228e-18
46,242,17,lime,LIME,0.9779411764705883,0.9681372549019608,-0.001215693670049367,,,0.009803921568627527,6.938893903907228e-18
46,243,20,shapley_mc,Monte Carlo Shapley,0.8421052631578947,0.8466165413533834,0.0016452586295044869,,,-0.004511278195488688,5.204170427930421e-18
46,243,20,loo_oracle,LOO oracle,0.9969924812030074,1.0,0.0016452586295044869,,,-0.00300751879699257,5.204170427930421e-18
46,243,20,lime,LIME,0.9593984962406013,0.9639097744360902,0.0016452586295044869,,,-0.00451127819548891,5.204170427930421e-18
46,244,20,shapley_mc,Monte Carlo Shapley,0.863157894736842,0.863157894736842,-0.0007819967792622728,,,0.0,4.336808689942018e-19
46,244,20,loo_oracle,LOO oracle,1.0,1.0,-0.0007819967792622728,,,0.0,4.336808689942018e-19
46,244,20,lime,LIME,0.9503759398496241,0.9503759398496241,-0.0007819967792622728,,,0.0,4.336808689942018e-19
46,245,17,shapley_mc,Monte Carlo Shapley,0.35294117647058826,0.3602941176470589,-4.704225983120924e-05,,,-0.007352941176470618,3.2526065174565133e-19
46,245,17,loo_oracle,LOO oracle,0.9779411764705883,1.0,-4.704225983120924e-05,,,-0.022058823529411686,3.2526065174565133e-19
46,245,17,lime,LIME,0.8308823529411766,0.8308823529411766,-4.704225983120924e-05,,,0.0,3.2526065174565133e-19
46,246,17,shapley_mc,Monte Carlo Shapley,0.7622549019607844,0.7647058823529413,0.0013827565524304197,,,-0.002450980392156965,1.734723475976807e-18
46,246,17,loo_oracle,LOO oracle,0.9950980392156863,1.0,0.0013827565524304197,,,-0.004901960784313708,1.734723475976807e-18
46,246,17,lime,LIME,0.9607843137254902,0.965686274509804,0.0013827565524304197,,,-0.004901960784313819,1.734723475976807e-18
46,247,20,shapley_mc,Monte Carlo Shapley,0.6676691729323309,0.6406015037593984,0.0008277259614032362,,,0.027067669172932463,1.734723475976807e-18
46,247,20,loo_oracle,LOO oracle,0.9969924812030074,1.0,0.00015722937245399304,,,-0.00300751879699257,1.734723475976807e-18
46,247,20,lime,LIME,0.9548872180451128,0.9684210526315788,0.00015722937245399304,,,-0.013533834586466065,1.734723475976807e-18
46,248,20,shapley_mc,Monte Carlo Shapley,0.5684210526315789,0.5834586466165413,0.00016453453050691014,,,-0.015037593984962405,8.673617379884035e-19
46,248,20,loo_oracle,LOO oracle,0.9924812030075187,1.0,0.00016453453050691014,,,-0.007518796992481258,8.673617379884035e-19
46,248,20,lime,LIME,0.8932330827067668,0.8887218045112781,0.00016453453050691014,,,0.004511278195488688,8.673617379884035e-19
46,249,10,shapley_mc,Monte Carlo Shapley,0.8060606060606059,0.8060606060606059,0.0036348709844767346,,,0.0,0.0
46,249,10,loo_oracle,LOO oracle,0.9999999999999999,0.9999999999999999,0.0036348709844767346,,,0.0,0.0
46,249,10,lime,LIME,0.9878787878787878,0.9878787878787878,0.0036348709844767346,,,0.0,0.0
46,250,20,shapley_mc,Monte Carlo Shapley,0.8616541353383457,0.8616541353383457,0.0016768559314790377,,,0.0,1.734723475976807e-18
46,250,20,loo_oracle,LOO oracle,1.0,1.0,0.0016768559314790377,,,0.0,1.734723475976807e-18
46,250,20,lime,LIME,0.9533834586466164,0.9533834586466164,0.0016768559314790377,,,0.0,1.734723475976807e-18
46,251,20,shapley_mc,Monte Carlo Shapley,0.7819548872180451,0.7578947368421052,0.0005103104981935558,,,0.024060150375939893,4.336808689942018e-19
46,251,20,loo_oracle,LOO oracle,0.9819548872180449,1.0,0.00012405631158979302,,,-0.018045112781955086,4.336808689942018e-19
46,251,20,lime,LIME,0.9052631578947368,0.9142857142857143,0.00012405631158979302,,,-0.009022556390977488,4.336808689942018e-19
46,252,20,shapley_mc,Monte Carlo Shapley,0.6616541353383457,0.6721804511278194,0.0025218175130529152,,,-0.010526315789473717,3.469446951953614e-18
46,252,20,loo_oracle,LOO oracle,0.9969924812030074,1.0,0.002560728831321024,,,-0.00300751879699257,3.469446951953614e-18
46,252,20,lime,LIME,0.9834586466165413,0.9819548872180449,0.002560728831321024,,,0.0015037593984963404,3.469446951953614e-18
46,253,14,shapley_mc,Monte Carlo Shapley,0.7362637362637363,0.7010989010989012,-0.00010064111857344127,,,0.03516483516483515,1.734723475976807e-18
46,253,14,loo_oracle,LOO oracle,0.9824175824175824,1.0,-0.00010064111857344127,,,-0.01758241758241763,1.734723475976807e-18
46,253,14,lime,LIME,0.9648351648351648,0.9648351648351648,-0.001684189548125492,,,0.0,1.734723475976807e-18
46,254,20,shapley_mc,Monte Carlo Shapley,0.8030075187969924,0.7954887218045112,0.0021298213627296003,,,0.007518796992481147,6.938893903907228e-18
46,254,20,loo_oracle,LOO oracle,0.9984962406015038,1.0,0.0005012368355583052,,,-0.0015037593984962294,6.938893903907228e-18
46,254,20,lime,LIME,0.9954887218045112,0.993984962406015,0.0005012368355583052,,,0.0015037593984962294,6.938893903907228e-18
46,255,20,shapley_mc,Monte Carlo Shapley,0.8360902255639097,0.8406015037593983,0.0011548799422472222,,,-0.004511278195488688,4.336808689942018e-19
46,255,20,loo_oracle,LOO oracle,0.9774436090225563,1.0,0.0005023879825285515,,,-0.022556390977443663,4.336808689942018e-19
46,255,20,lime,LIME,0.9022556390977443,0.956390977443609,0.0005023879825285515,,,-0.0541353383458647,4.336808689942018e-19
46,256,20,shapley_mc,Monte Carlo Shapley,0.9082706766917292,0.8902255639097743,0.002347981655825282,,,0.018045112781954975,0.0
46,256,20,loo_oracle,LOO oracle,0.993984962406015,1.0,0.002481319903191559,,,-0.006015037593985029,0.0
46,256,20,lime,LIME,0.9849624060150375,0.9819548872180449,0.002481319903191559,,,0.00300751879699257,0.0
46,257,20,shapley_mc,Monte Carlo Shapley,0.5548872180451127,0.5548872180451127,0.0018039528326297405,,,0.0,6.938893903907228e-18
46,257,20,loo_oracle,LOO oracle,1.0,1.0,0.001837904213337349,,,0.0,6.938893903907228e-18
46,257,20,lime,LIME,0.8977443609022555,0.8977443609022555,0.001837904213337349,,,0.0,6.938893903907228e-18
46,258,20,shapley_mc,Monte Carlo Shapley,0.7142857142857143,0.7142857142857143,0.0014021161271529081,,,0.0,1.734723475976807e-18
46,258,20,loo_oracle,LOO oracle,1.0,1.0,0.0005018894854671996,,,0.0,1.734723475976807e-18
46,258,20,lime,LIME,0.9127819548872179,0.9127819548872179,0.0005018894854671996,,,0.0,1.734723475976807e-18
46,259,20,shapley_mc,Monte Carlo Shapley,0.7804511278195487,0.7669172932330827,0.000506875610783053,,,0.013533834586466065,4.336808689942018e-19
46,259,20,loo_oracle,LOO oracle,0.9864661654135337,1.0,2.8950000127314635e-05,,,-0.013533834586466287,4.336808689942018e-19
46,259,20,lime,LIME,0.8842105263157894,0.9203007518796992,-0.00044748349557455214,,,-0.03609022556390973,4.336808689942018e-19
46,260,20,shapley_mc,Monte Carlo Shapley,0.7338345864661654,0.6360902255639098,0.0004613923020369559,,,0.09774436090225558,0.0
46,260,20,loo_oracle,LOO oracle,0.9684210526315788,1.0,4.6298432427538394e-05,,,-0.03157894736842115,0.0
46,260,20,lime,LIME,0.8045112781954886,0.8661654135338346,0.0004613923020369559,,,-0.06165413533834596,0.0
46,261,20,shapley_mc,Monte Carlo Shapley,0.7413533834586465,0.7548872180451127,0.0007975982325970632,,,-0.013533834586466176,4.336808689942018e-19
46,261,20,loo_oracle,LOO oracle,0.9894736842105262,1.0,0.000143289911801181,,,-0.010526315789473828,4.336808689942018e-19
46,261,20,lime,LIME,0.8947368421052632,0.932330827067669,0.000143289911801181,,,-0.037593984962405846,4.336808689942018e-19
46,262,20,shapley_mc,Monte Carlo Shapley,0.8345864661654135,0.8345864661654135,-0.0036950683306525844,,,0.0,6.938893903907228e-18
46,262,20,loo_oracle,LOO oracle,1.0,1.0,-0.004061620274367517,,,0.0,6.938893903907228e-18
46,262,20,lime,LIME,0.9744360902255638,0.9744360902255638,-0.004061620274367517,,,0.0,6.938893903907228e-18
46,263,20,shapley_mc,Monte Carlo Shapley,0.7353383458646616,0.6857142857142857,0.0005134122683134734,,,0.049624060150375904,0.0
46,263,20,loo_oracle,LOO oracle,0.9819548872180449,1.0,-0.0007501464141246861,,,-0.018045112781955086,0.0
46,263,20,lime,LIME,0.9127819548872179,0.9233082706766916,-0.0007501464141246861,,,-0.010526315789473717,0.0
46,264,20,shapley_mc,Monte Carlo Shapley,0.8676691729323308,0.8676691729323308,0.0017868651389123524,,,0.0,3.469446951953614e-18
46,264,20,loo_oracle,LOO oracle,1.0,1.0,0.001887656575356278,,,0.0,3.469446951953614e-18
46,264,20,lime,LIME,0.9699248120300751,0.9699248120300751,0.001887656575356278,,,0.0,3.469446951953614e-18
46,265,20,shapley_mc,Monte Carlo Shapley,0.8571428571428572,0.8571428571428572,-0.004396179117157284,,,0.0,3.469446951953614e-18
46,265,20,loo_oracle,LOO oracle,1.0,1.0,-0.004396179117157284,,,0.0,3.469446951953614e-18
46,265,20,lime,LIME,0.9864661654135337,0.9864661654135337,-0.004396179117157284,,,0.0,3.469446951953614e-18
46,266,20,shapley_mc,Monte Carlo Shapley,0.6571428571428571,0.6676691729323309,0.000973093324239227,,,-0.010526315789473717,1.734723475976807e-18
46,266,20,loo_oracle,LOO oracle,0.9969924812030074,1.0,0.000973093324239227,,,-0.00300751879699257,1.734723475976807e-18
46,266,20,lime,LIME,0.9593984962406013,0.9578947368421054,0.000973093324239227,,,0.0015037593984958963,1.734723475976807e-18
46,267,20,shapley_mc,Monte Carlo Shapley,0.8556390977443609,0.8090225563909773,0.001056575013712313,,,0.046616541353383556,0.0
46,267,20,loo_oracle,LOO oracle,0.9804511278195487,1.0,0.00022498956191840946,,,-0.019548872180451315,0.0
46,267,20,lime,LIME,0.9157894736842105,0.9503759398496241,0.00022498956191840946,,,-0.03458646616541361,0.0
46,268,17,shapley_mc,Monte Carlo Shapley,0.5784313725490197,0.5784313725490197,4.665201214615333e-06,,,0.0,4.336808689942018e-19
46,268,17,loo_oracle,LOO oracle,1.0,1.0,4.665201214615333e-06,,,0.0,4.336808689942018e-19
46,268,17,lime,LIME,0.8700980392156864,0.8700980392156864,4.665201214615333e-06,,,0.0,4.336808689942018e-19
46,269,20,shapley_mc,Monte Carlo Shapley,0.8270676691729323,0.825563909774436,-1.925972749805549e-05,,,0.0015037593984962294,0.0
46,269,20,loo_oracle,LOO oracle,0.9864661654135337,1.0,-1.925972749805549e-05,,,-0.013533834586466287,0.0
46,269,20,lime,LIME,0.9157894736842105,0.9308270676691727,-0.0008768654918721586,,,-0.015037593984962183,0.0
46,270,20,shapley_mc,Monte Carlo Shapley,0.8857142857142858,0.8766917293233082,-0.00020416058781347335,,,0.009022556390977599,4.336808689942018e-19
46,270,20,loo_oracle,LOO oracle,0.9969924812030074,1.0,-0.00020416058781347335,,,-0.00300751879699257,4.336808689942018e-19
46,270,20,lime,LIME,0.9112781954887217,0.9127819548872179,-0.0009697334892895815,,,-0.0015037593984962294,4.336808689942018e-19
46,271,20,shapley_mc,Monte Carlo Shapley,0.7729323308270677,0.7729323308270677,0.0021581696690231578,,,0.0,1.734723475976807e-18
46,271,20,loo_oracle,LOO oracle,1.0,1.0,0.0021581696690231578,,,0.0,1.734723475976807e-18
46,271,20,lime,LIME,0.9864661654135337,0.9864661654135337,0.0021581696690231578,,,0.0,1.734723475976807e-18
46,272,20,shapley_mc,Monte Carlo Shapley,0.8285714285714285,0.8165413533834586,1.5170380018081353e-05,,,0.012030075187969946,0.0
46,272,20,loo_oracle,LOO oracle,0.9969924812030074,1.0,1.5170380018081353e-05,,,-0.00300751879699257,0.0
46,272,20,lime,LIME,0.9488721804511278,0.9503759398496241,1.5170380018081353e-05,,,-0.0015037593984963404,0.0
46,273,20,shapley_mc,Monte Carlo Shapley,0.7203007518796991,0.7218045112781954,0.0014676527432033182,,,-0.0015037593984963404,0.0
46,273,20,loo_oracle,LOO oracle,0.9954887218045112,1.0,0.0014750463393583546,,,-0.004511278195488799,0.0
46,273,20,lime,LIME,0.9819548872180449,0.9864661654135337,0.0014676527432033182,,,-0.004511278195488799,0.0
46,274,20,shapley_mc,Monte Carlo Shapley,0.8601503759398496,0.8601503759398496,0.0021012223215541304,,,0.0,5.204170427930421e-18
46,274,20,loo_oracle,LOO oracle,1.0,1.0,0.0021012223215541304,,,0.0,5.204170427930421e-18
46,274,20,lime,LIME,0.9578947368421054,0.9578947368421054,0.0021012223215541304,,,0.0,5.204170427930421e-18
46,275,12,shapley_mc,Monte Carlo Shapley,0.5944055944055945,0.5524475524475525,0.004063112951740555,,,0.04195804195804198,1.3877787807814457e-17
46,275,12,loo_oracle,LOO oracle,0.9930069930069931,1.0,0.004063112951740555,,,-0.006993006993006867,1.3877787807814457e-17
46,275,12,lime,LIME,0.9860139860139862,0.9720279720279721,0.004063112951740555,,,0.013986013986014068,1.3877787807814457e-17
46,276,14,shapley_mc,Monte Carlo Shapley,0.745054945054945,0.745054945054945,-0.004019990538601914,,,0.0,0.0
46,276,14,loo_oracle,LOO oracle,1.0,1.0,-0.004019990538601914,,,0.0,0.0
46,276,14,lime,LIME,0.9736263736263736,0.9736263736263736,-0.004019990538601914,,,0.0,0.0
46,277,20,shapley_mc,Monte Carlo Shapley,0.6541353383458646,0.5172932330827067,0.00035426123314236113,,,0.13684210526315788,0.0
46,277,20,loo_oracle,LOO oracle,0.9097744360902256,1.0,-2.1019407910105592e-05,,,-0.09022556390977443,0.0
46,277,20,lime,LIME,0.6736842105263157,0.825563909774436,-2.1019407910105592e-05,,,-0.1518796992481204,0.0
46,278,13,shapley_mc,Monte Carlo Shapley,0.8241758241758241,0.8736263736263737,-6.962584671832417e-05,,,-0.04945054945054961,1.734723475976807e-18
46,278,13,loo_oracle,LOO oracle,0.9835164835164836,1.0,-6.962584671832417e-05,,,-0.016483516483516425,1.734723475976807e-18
46,278,13,lime,LIME,0.9725274725274725,0.989010989010989,-6.962584671832417e-05,,,-0.016483516483516536,1.734723475976807e-18
46,279,20,shapley_mc,Monte Carlo Shapley,0.4616541353383458,0.5624060150375939,0.00020101118274973295,,,-0.10075187969924809,2.168404344971009e-19
46,279,20,loo_oracle,LOO oracle,0.9503759398496241,1.0,0.00020101118274973295,,,-0.049624060150375904,2.168404344971009e-19
46,279,20,lime,LIME,0.8150375939849623,0.9203007518796992,0.00020101118274973295,,,-0.10526315789473684,2.168404344971009e-19
46,280,20,shapley_mc,Monte Carlo Shapley,0.8270676691729323,0.8270676691729323,-9.601893560784447e-05,,,0.0,7.589415207398531e-19
46,280,20,loo_oracle,LOO oracle,1.0,1.0,-4.2378311438939775e-06,,,0.0,7.589415207398531e-19
46,280,20,lime,LIME,0.9894736842105262,0.9894736842105262,-4.2378311438939775e-06,,,0.0,7.589415207398531e-19
46,281,13,shapley_mc,Monte Carlo Shapley,0.6593406593406593,0.6593406593406593,0.004876638272361011,,,0.0,3.469446951953614e-18
46,281,13,loo_oracle,LOO oracle,1.0,1.0,0.004876638272361011,,,0.0,3.469446951953614e-18
46,281,13,lime,LIME,0.9835164835164836,0.9835164835164836,0.004876638272361011,,,0.0,3.469446951953614e-18
46,282,20,shapley_mc,Monte Carlo Shapley,0.9097744360902256,0.9097744360902256,-0.004552496731813238,,,0.0,6.938893903907228e-18
46,282,20,loo_oracle,LOO oracle,1.0,1.0,-0.004830014979331776,,,0.0,6.938893903907228e-18
46,282,20,lime,LIME,0.9684210526315788,0.9684210526315788,-0.004830014979331776,,,0.0,6.938893903907228e-18
46,283,20,shapley_mc,Monte Carlo Shapley,0.7624060150375939,0.7624060150375939,0.00018131218160455376,,,0.0,4.336808689942018e-19
46,283,20,loo_oracle,LOO oracle,0.9819548872180449,1.0,0.00018131218160455376,,,-0.018045112781955086,4.336808689942018e-19
46,283,20,lime,LIME,0.8285714285714285,0.8857142857142858,0.00018131218160455376,,,-0.05714285714285727,4.336808689942018e-19
46,284,20,shapley_mc,Monte Carlo Shapley,0.8857142857142858,0.8857142857142858,0.002174001291819716,,,0.0,3.469446951953614e-18
46,284,20,loo_oracle,LOO oracle,1.0,1.0,0.0006964829130198247,,,0.0,3.469446951953614e-18
46,284,20,lime,LIME,0.9714285714285714,0.9714285714285714,0.0006964829130198247,,,0.0,3.469446951953614e-18
46,285,20,shapley_mc,Monte Carlo Shapley,0.6451127819548872,0.6451127819548872,0.002640521578220145,,,0.0,0.0
46,285,20,loo_oracle,LOO oracle,1.0,1.0,0.0028675294107597393,,,0.0,0.0
46,285,20,lime,LIME,0.956390977443609,0.956390977443609,0.0028675294107597393,,,0.0,0.0
46,286,20,shapley_mc,Monte Carlo Shapley,0.7548872180451127,0.7383458646616541,0.0005854872073866035,,,0.016541353383458635,2.168404344971009e-19
46,286,20,loo_oracle,LOO oracle,0.9714285714285714,1.0,4.055259749868867e-05,,,-0.02857142857142858,2.168404344971009e-19
46,286,20,lime,LIME,0.9593984962406013,0.9368421052631578,4.055259749868867e-05,,,0.02255639097744344,2.168404344971009e-19
46,287,20,shapley_mc,Monte Carlo Shapley,0.8225563909774435,0.793984962406015,0.0006556127125310618,,,0.02857142857142847,0.0
46,287,20,loo_oracle,LOO oracle,0.9864661654135337,1.0,0.0001748987523065293,,,-0.013533834586466287,0.0
46,287,20,lime,LIME,0.9097744360902256,0.932330827067669,0.0001748987523065293,,,-0.02255639097744344,0.0
46,288,20,shapley_mc,Monte Carlo Shapley,0.7864661654135338,0.7864661654135338,0.0013683467232900037,,,0.0,0.0
46,288,20,loo_oracle,LOO oracle,1.0,1.0,0.0013683467232900037,,,0.0,0.0
46,288,20,lime,LIME,0.9744360902255638,0.9744360902255638,0.0013683467232900037,,,0.0,0.0
46,289,11,shapley_mc,Monte Carlo Shapley,0.7454545454545456,0.7454545454545456,0.0018658449737499194,,,0.0,3.469446951953614e-18
46,289,11,loo_oracle,LOO oracle,1.0,1.0,-0.00044161680519666513,,,0.0,3.469446951953614e-18
46,289,11,lime,LIME,0.9272727272727275,0.9272727272727275,-0.00044161680519666513,,,0.0,3.469446951953614e-18
46,290,20,shapley_mc,Monte Carlo Shapley,0.8075187969924811,0.7488721804511278,-1.9699947055695777e-05,,,0.05864661654135328,4.336808689942018e-19
46,290,20,loo_oracle,LOO oracle,0.9729323308270676,1.0,-4.5153229799588246e-07,,,-0.02706766917293235,4.336808689942018e-19
46,290,20,lime,LIME,0.7052631578947368,0.732330827067669,-0.00032198971947533517,,,-0.02706766917293224,4.336808689942018e-19
46,291,20,shapley_mc,Monte Carlo Shapley,0.7909774436090224,0.7909774436090224,-0.007066996934036562,,,0.0,5.551115123125783e-17
46,291,20,loo_oracle,LOO oracle,1.0,1.0,-0.007626087435674611,,,0.0,5.551115123125783e-17
46,291,20,lime,LIME,0.9864661654135337,0.9864661654135337,-0.007626087435674611,,,0.0,5.551115123125783e-17
46,292,20,shapley_mc,Monte Carlo Shapley,0.6902255639097743,0.6902255639097743,0.0011385839047122759,,,0.0,0.0
46,292,20,loo_oracle,LOO oracle,1.0,1.0,0.0011385839047122759,,,0.0,0.0
46,292,20,lime,LIME,0.9699248120300751,0.9699248120300751,0.0011385839047122759,,,0.0,0.0
46,293,20,shapley_mc,Monte Carlo Shapley,0.6120300751879698,0.6240601503759398,0.0004776505124505226,,,-0.012030075187969946,1.734723475976807e-18
46,293,20,loo_oracle,LOO oracle,0.9954887218045112,1.0,0.001403028227906833,,,-0.004511278195488799,1.734723475976807e-18
46,293,20,lime,LIME,0.9548872180451128,0.9684210526315788,0.0004776505124505226,,,-0.013533834586466065,1.734723475976807e-18
46,294,20,shapley_mc,Monte Carlo Shapley,0.8210526315789473,0.8210526315789473,-0.0029473221711762143,,,0.0,1.0408340855860843e-17
46,294,20,loo_oracle,LOO oracle,1.0,1.0,-0.0029473221711762143,,,0.0,1.0408340855860843e-17
46,294,20,lime,LIME,0.9819548872180449,0.9819548872180449,-0.0029473221711762143,,,0.0,1.0408340855860843e-17
46,295,20,shapley_mc,Monte Carlo Shapley,0.7894736842105263,0.7127819548872181,0.0006774851776658597,,,0.07669172932330826,8.673617379884035e-19
46,295,20,loo_oracle,LOO oracle,0.9669172932330825,1.0,3.53514863017379e-05,,,-0.03308270676691749,8.673617379884035e-19
46,295,20,lime,LIME,0.8481203007518796,0.918796992481203,-0.000677834921240128,,,-0.07067669172932334,8.673617379884035e-19
46,296,20,shapley_mc,Monte Carlo Shapley,0.932330827067669,0.9368421052631578,-0.00046294492189213887,,,-0.004511278195488799,8.673617379884035e-19
46,296,20,loo_oracle,LOO oracle,0.9984962406015038,1.0,-0.001929926645347524,,,-0.0015037593984962294,8.673617379884035e-19
46,296,20,lime,LIME,0.9639097744360902,0.9654135338345864,-0.001929926645347524,,,-0.0015037593984962294,8.673617379884035e-19
46,297,19,shapley_mc,Monte Carlo Shapley,0.8315789473684211,0.8333333333333334,0.004245013260157915,,,-0.0017543859649122862,6.938893903907228e-18
46,297,19,loo_oracle,LOO oracle,0.9982456140350877,1.0,0.004245013260157915,,,-0.0017543859649122862,6.938893903907228e-18
46,297,19,lime,LIME,0.9894736842105263,0.987719298245614,0.004245013260157915,,,0.0017543859649122862,6.938893903907228e-18
46,298,20,shapley_mc,Monte Carlo Shapley,0.8781954887218045,0.8842105263157894,-0.0015807854947007538,,,-0.006015037593984918,1.734723475976807e-18
46,298,20,loo_oracle,LOO oracle,0.9969924812030074,1.0,-0.0015807854947007538,,,-0.00300751879699257,1.734723475976807e-18
46,298,20,lime,LIME,0.9729323308270676,0.9759398496240601,-0.0015807854947007538,,,-0.003007518796992459,1.734723475976807e-18
46,299,20,shapley_mc,Monte Carlo Shapley,0.5789473684210527,0.5849624060150376,0.0009660800390416391,,,-0.006015037593984918,0.0
46,299,20,loo_oracle,LOO oracle,0.9879699248120299,1.0,0.0003077742534204342,,,-0.012030075187970057,0.0
46,299,20,lime,LIME,0.8661654135338346,0.8992481203007519,0.0003077742534204342,,,-0.03308270676691727,0.0
46,300,20,shapley_mc,Monte Carlo Shapley,0.6195488721804511,0.6240601503759398,2.1386547033042103e-05,,,-0.004511278195488688,2.168404344971009e-19
46,300,20,loo_oracle,LOO oracle,0.9097744360902256,1.0,-0.00045999886373304655,,,-0.09022556390977443,2.168404344971009e-19
46,300,20,lime,LIME,0.6766917293233082,0.806015037593985,-0.00045245964614704093,,,-0.12932330827067673,2.168404344971009e-19
46,301,20,shapley_mc,Monte Carlo Shapley,0.7518796992481201,0.7518796992481201,0.001846033179743356,,,0.0,6.938893903907228e-18
46,301,20,loo_oracle,LOO oracle,1.0,1.0,0.001846033179743356,,,0.0,6.938893903907228e-18
46,301,20,lime,LIME,0.9744360902255638,0.9744360902255638,0.001846033179743356,,,0.0,6.938893903907228e-18
46,302,20,shapley_mc,Monte Carlo Shapley,0.6676691729323309,0.5894736842105263,-0.0001522576787746921,,,0.0781954887218046,4.336808689942018e-19
46,302,20,loo_oracle,LOO oracle,0.9308270676691727,1.0,-0.0001522576787746921,,,-0.06917293233082733,4.336808689942018e-19
46,302,20,lime,LIME,0.8616541353383457,0.9142857142857143,-0.0001522576787746921,,,-0.052631578947368585,4.336808689942018e-19
46,303,12,shapley_mc,Monte Carlo Shapley,0.5174825174825175,0.39860139860139865,0.00013854929678558392,,,0.11888111888111885,0.0
46,303,12,loo_oracle,LOO oracle,0.9300699300699302,1.0,0.00013854929678558392,,,-0.06993006993006978,0.0
46,303,12,lime,LIME,0.9020979020979022,0.9790209790209792,0.00013854929678558392,,,-0.07692307692307698,0.0
46,304,20,shapley_mc,Monte Carlo Shapley,0.724812030075188,0.7097744360902255,0.00046075629791236805,,,0.015037593984962516,8.673617379884035e-19
46,304,20,loo_oracle,LOO oracle,0.9488721804511278,1.0,-0.0007453217256755407,,,-0.051127819548872244,8.673617379884035e-19
46,304,20,lime,LIME,0.8330827067669173,0.9067669172932331,-0.0007453217256755407,,,-0.0736842105263158,8.673617379884035e-19
46,305,20,shapley_mc,Monte Carlo Shapley,0.793984962406015,0.8120300751879698,-0.0012269358328161895,,,-0.018045112781954753,0.0
46,305,20,loo_oracle,LOO oracle,0.9819548872180449,1.0,-0.0012269358328161895,,,-0.018045112781955086,0.0
46,305,20,lime,LIME,0.9293233082706768,0.9233082706766916,-0.0012269358328161895,,,0.00601503759398514,0.0
46,306,20,shapley_mc,Monte Carlo Shapley,0.9067669172932331,0.9067669172932331,-0.0012708759216780718,,,0.0,1.734723475976807e-18
46,306,20,loo_oracle,LOO oracle,1.0,1.0,-0.0012708759216780718,,,0.0,1.734723475976807e-18
46,306,20,lime,LIME,0.9578947368421054,0.9578947368421054,-0.0012708759216780718,,,0.0,1.734723475976807e-18
46,307,20,shapley_mc,Monte Carlo Shapley,0.675187969924812,0.6165413533834586,-0.000626983478658194,,,0.05864661654135339,0.0
46,307,20,loo_oracle,LOO oracle,0.9819548872180449,1.0,-0.000626983478658194,,,-0.018045112781955086,0.0
46,307,20,lime,LIME,0.78796992481203,0.7984962406015037,-0.000626983478658194,,,-0.010526315789473717,0.0
46,308,20,shapley_mc,Monte Carlo Shapley,0.8721804511278194,0.863157894736842,0.0012729977518289304,,,0.009022556390977376,0.0
46,308,20,loo_oracle,LOO oracle,0.9984962406015038,1.0,0.0012729977518289304,,,-0.0015037593984962294,0.0
46,308,20,lime,LIME,0.9759398496240601,0.9699248120300751,0.0012729977518289304,,,0.006015037593985029,0.0
46,309,20,shapley_mc,Monte Carlo Shapley,0.8992481203007519,0.8947368421052632,0.005036299082000761,,,0.004511278195488688,1.0408340855860843e-17
46,309,20,loo_oracle,LOO oracle,0.9984962406015038,1.0,0.005036299082000761,,,-0.0015037593984962294,1.0408340855860843e-17
46,309,20,lime,LIME,0.9879699248120299,0.9894736842105262,0.005036299082000761,,,-0.0015037593984962294,1.0408340855860843e-17
46,310,15,shapley_mc,Monte Carlo Shapley,0.7678571428571428,0.7642857142857141,-0.006561186526584772,,,0.0035714285714286698,1.3877787807814457e-17
46,310,15,loo_oracle,LOO oracle,0.9964285714285712,1.0,-0.006561186526584772,,,-0.003571428571428781,1.3877787807814457e-17
46,310,15,lime,LIME,0.9678571428571429,0.9714285714285713,-0.006561186526584772,,,-0.0035714285714284477,1.3877787807814457e-17
46,311,20,shapley_mc,Monte Carlo Shapley,0.8947368421052632,0.8947368421052632,0.0019052956092667217,,,0.0,3.469446951953614e-18
46,311,20,loo_oracle,LOO oracle,1.0,1.0,0.0019052956092667217,,,0.0,3.469446951953614e-18
46,311,20,lime,LIME,0.9684210526315788,0.9684210526315788,0.0019052956092667217,,,0.0,3.469446951953614e-18
46,312,18,shapley_mc,Monte Carlo Shapley,0.9071207430340558,0.9071207430340558,-0.004928825993029462,,,0.0,3.469446951953614e-18
46,312,18,loo_oracle,LOO oracle,1.0,1.0,-0.004928825993029462,,,0.0,3.469446951953614e-18
46,312,18,lime,LIME,0.9731682146542827,0.9731682146542827,-0.004928825993029462,,,0.0,3.469446951953614e-18
46,313,20,shapley_mc,Monte Carlo Shapley,0.6631578947368421,0.6616541353383457,0.0019743251875560253,,,0.0015037593984963404,3.469446951953614e-18
46,313,20,loo_oracle,LOO oracle,0.9969924812030074,1.0,0.0020318323880255673,,,-0.00300751879699257,3.469446951953614e-18
46,313,20,lime,LIME,0.9759398496240601,0.9789473684210527,0.0020318323880255673,,,-0.00300751879699257,3.469446951953614e-18
46,314,13,shapley_mc,Monte Carlo Shapley,0.8681318681318682,0.8516483516483516,0.0027587381998575577,,,0.016483516483516536,0.0
46,314,13,loo_oracle,LOO oracle,0.9945054945054945,1.0,0.0027587381998575577,,,-0.005494505494505475,0.0
46,314,13,lime,LIME,0.9945054945054945,0.9835164835164836,0.0027587381998575577,,,0.01098901098901095,0.0
46,315,20,shapley_mc,Monte Carlo Shapley,0.8120300751879698,0.7819548872180451,0.00038818741289192715,,,0.0300751879699247,4.336808689942018e-19
46,315,20,loo_oracle,LOO oracle,0.9609022556390976,1.0,-0.0004132317388237938,,,-0.03909774436090241,4.336808689942018e-19
46,315,20,lime,LIME,0.7714285714285714,0.882706766917293,-0.00035246789892456887,,,-0.11127819548872164,4.336808689942018e-19
46,316,14,shapley_mc,Monte Carlo Shapley,0.8857142857142857,0.8769230769230769,-1.8356376324024648e-05,,,0.00879120879120876,8.673617379884035e-19
46,316,14,loo_oracle,LOO oracle,0.9824175824175824,1.0,-1.8356376324024648e-05,,,-0.01758241758241763,8.673617379884035e-19
46,316,14,lime,LIME,0.8945054945054945,0.9208791208791209,-1.8356376324024648e-05,,,-0.02637362637362639,8.673617379884035e-19
46,317,14,shapley_mc,Monte Carlo Shapley,0.7362637362637363,0.7098901098901099,0.0009747884973432264,,,0.02637362637362639,3.469446951953614e-18
46,317,14,loo_oracle,LOO oracle,0.9956043956043955,1.0,0.0012466571386249847,,,-0.004395604395604491,3.469446951953614e-18
46,317,14,lime,LIME,0.9472527472527472,0.9384615384615385,0.00010054444994650469,,,0.00879120879120876,3.469446951953614e-18
46,318,20,shapley_mc,Monte Carlo Shapley,0.8345864661654135,0.793984962406015,0.0008917835181333489,,,0.04060150375939853,4.336808689942018e-19
46,318,20,loo_oracle,LOO oracle,0.9789473684210527,1.0,1.7333368746430544e-05,,,-0.021052631578947323,4.336808689942018e-19
46,318,20,lime,LIME,0.9338345864661652,0.9609022556390976,1.7333368746430544e-05,,,-0.02706766917293235,4.336808689942018e-19
46,319,16,shapley_mc,Monte Carlo Shapley,0.8705882352941177,0.8705882352941177,0.006014589056906827,,,0.0,2.0816681711721685e-17
46,319,16,loo_oracle,LOO oracle,1.0,1.0,0.006200338005651007,,,0.0,2.0816681711721685e-17
46,319,16,lime,LIME,0.9441176470588234,0.9441176470588234,0.006200338005651007,,,0.0,2.0816681711721685e-17
46,320,20,shapley_mc,Monte Carlo Shapley,0.8706766917293233,0.8766917293233082,-0.0036850542692259403,,,-0.006015037593984918,6.938893903907228e-18
46,320,20,loo_oracle,LOO oracle,0.9984962406015038,1.0,-0.0036850542692259403,,,-0.0015037593984962294,6.938893903907228e-18
46,320,20,lime,LIME,0.9654135338345864,0.9578947368421054,-0.0036850542692259403,,,0.007518796992481036,6.938893903907228e-18
46,321,20,shapley_mc,Monte Carlo Shapley,0.8842105263157894,0.8842105263157894,-0.0013615125805823691,,,0.0,1.3010426069826053e-18
46,321,20,loo_oracle,LOO oracle,1.0,1.0,-0.0002971877340045559,,,0.0,1.3010426069826053e-18
46,321,20,lime,LIME,0.9699248120300751,0.9699248120300751,-0.0013615125805823691,,,0.0,1.3010426069826053e-18
46,322,20,shapley_mc,Monte Carlo Shapley,0.8872180451127819,0.8872180451127819,0.001206968779780826,,,0.0,1.734723475976807e-18
46,322,20,loo_oracle,LOO oracle,1.0,1.0,0.001206968779780826,,,0.0,1.734723475976807e-18
46,322,20,lime,LIME,0.9593984962406013,0.9593984962406013,0.0012052183503578062,,,0.0,1.734723475976807e-18
46,323,20,shapley_mc,Monte Carlo Shapley,0.7293233082706766,0.7398496240601502,-9.769222942046518e-06,,,-0.010526315789473606,6.505213034913027e-19
46,323,20,loo_oracle,LOO oracle,0.9879699248120299,1.0,-9.769222942046518e-06,,,-0.012030075187970057,6.505213034913027e-19
46,323,20,lime,LIME,0.9759398496240601,0.9789473684210527,-9.769222942046518e-06,,,-0.00300751879699257,6.505213034913027e-19
46,324,20,shapley_mc,Monte Carlo Shapley,0.7563909774436091,0.7699248120300751,-0.0005844674661883986,,,-0.013533834586466065,1.0842021724855044e-19
46,324,20,loo_oracle,LOO oracle,0.8947368421052632,1.0,-0.0005605053469463495,,,-0.10526315789473684,1.0842021724855044e-19
46,324,20,lime,LIME,0.77593984962406,0.8721804511278194,-0.0005844674661883986,,,-0.09624060150375935,1.0842021724855044e-19
46,325,20,shapley_mc,Monte Carlo Shapley,0.5624060150375939,0.5624060150375939,0.001896955804693401,,,0.0,0.0
46,325,20,loo_oracle,LOO oracle,1.0,1.0,0.001896955804693401,,,0.0,0.0
46,325,20,lime,LIME,0.9729323308270676,0.9729323308270676,0.001896955804693401,,,0.0,0.0
46,326,20,shapley_mc,Monte Carlo Shapley,0.8571428571428572,0.7593984962406014,0.0007147889291002629,,,0.0977443609022558,0.0
46,326,20,loo_oracle,LOO oracle,0.9518796992481202,1.0,0.00016896553777506762,,,-0.048120300751879785,0.0
46,326,20,lime,LIME,0.8225563909774435,0.8616541353383457,0.00016896553777506762,,,-0.03909774436090219,0.0
46,327,15,shapley_mc,Monte Carlo Shapley,0.8678571428571429,0.8678571428571429,0.0034708114737364015,,,0.0,2.0816681711721685e-17
46,327,15,loo_oracle,LOO oracle,1.0,1.0,0.0035652115136365348,,,0.0,2.0816681711721685e-17
46,327,15,lime,LIME,0.9714285714285713,0.9714285714285713,0.00034229789144513134,,,0.0,2.0816681711721685e-17
46,328,20,shapley_mc,Monte Carlo Shapley,0.6992481203007518,0.706766917293233,0.00020224094875576082,,,-0.007518796992481258,0.0
46,328,20,loo_oracle,LOO oracle,0.993984962406015,1.0,0.00020224094875576082,,,-0.006015037593985029,0.0
46,328,20,lime,LIME,0.8360902255639097,0.8481203007518796,0.00020224094875576082,,,-0.012030075187969946,0.0
46,329,20,shapley_mc,Monte Carlo Shapley,0.8451127819548873,0.8466165413533834,0.001511430547019632,,,-0.0015037593984961184,8.673617379884035e-19
46,329,20,loo_oracle,LOO oracle,0.9984962406015038,1.0,0.001511430547019632,,,-0.0015037593984962294,8.673617379884035e-19
46,329,20,lime,LIME,0.9518796992481202,0.9488721804511278,0.001511430547019632,,,0.003007518796992459,8.673617379884035e-19
46,330,20,shapley_mc,Monte Carlo Shapley,0.8345864661654135,0.7834586466165413,0.00010549725948494348,,,0.051127819548872244,8.673617379884035e-19
46,330,20,loo_oracle,LOO oracle,0.9759398496240601,1.0,0.00010549725948494348,,,-0.024060150375939893,8.673617379884035e-19
46,330,20,lime,LIME,0.8526315789473683,0.9368421052631578,0.00010549725948494348,,,-0.08421052631578951,8.673617379884035e-19
46,331,20,shapley_mc,Monte Carlo Shapley,0.8105263157894737,0.8105263157894737,0.003679769554514656,,,0.0,0.0
46,331,20,loo_oracle,LOO oracle,1.0,1.0,0.002039100886325973,,,0.0,0.0
46,331,20,lime,LIME,0.9593984962406013,0.9593984962406013,0.002039100886325973,,,0.0,0.0
46,332,20,shapley_mc,Monte Carlo Shapley,0.8902255639097743,0.8736842105263156,0.00217664515433752,,,0.016541353383458635,0.0
46,332,20,loo_oracle,LOO oracle,0.9954887218045112,1.0,0.0025037340419061804,,,-0.004511278195488799,0.0
46,332,20,lime,LIME,0.9578947368421054,0.9729323308270676,0.0025037340419061804,,,-0.015037593984962294,0.0
46,333,20,shapley_mc,Monte Carlo Shapley,0.8766917293233082,0.8781954887218045,-0.0002841652207936085,,,-0.0015037593984963404,1.0842021724855044e-19
46,333,20,loo_oracle,LOO oracle,0.9699248120300751,1.0,-0.0007853564869675922,,,-0.03007518796992492,1.0842021724855044e-19
46,333,20,lime,LIME,0.8075187969924811,0.8691729323308269,-0.000753065465019298,,,-0.06165413533834585,1.0842021724855044e-19
46,334,20,shapley_mc,Monte Carlo Shapley,0.8210526315789473,0.8330827067669173,0.002357248146395763,,,-0.012030075187970057,3.469446951953614e-18
46,334,20,loo_oracle,LOO oracle,0.9969924812030074,1.0,0.002357248146395763,,,-0.00300751879699257,3.469446951953614e-18
46,334,20,lime,LIME,0.9834586466165413,0.9879699248120299,0.002357248146395763,,,-0.004511278195488688,3.469446951953614e-18
46,335,20,shapley_mc,Monte Carlo Shapley,0.793984962406015,0.7744360902255639,-0.0008972679000466277,,,0.019548872180451093,6.505213034913027e-19
46,335,20,loo_oracle,LOO oracle,0.9894736842105262,1.0,-0.0009714132185245639,,,-0.010526315789473828,6.505213034913027e-19
46,335,20,lime,LIME,0.9293233082706768,0.9157894736842105,-0.0008972679000466277,,,0.013533834586466287,6.505213034913027e-19
46,336,20,shapley_mc,Monte Carlo Shapley,0.813533834586466,0.806015037593985,6.562273127108664e-05,,,0.007518796992481036,2.168404344971009e-19
46,336,20,loo_oracle,LOO oracle,0.9954887218045112,1.0,-0.0006615628993326128,,,-0.004511278195488799,2.168404344971009e-19
46,336,20,lime,LIME,0.9714285714285714,0.9714285714285714,-0.0005915594652221579,,,0.0,2.168404344971009e-19
46,337,20,shapley_mc,Monte Carlo Shapley,0.7774436090225564,0.7969924812030074,0.000625107927122226,,,-0.019548872180450982,1.3010426069826053e-18
46,337,20,loo_oracle,LOO oracle,0.9834586466165413,1.0,-1.557386275757855e-05,,,-0.016541353383458746,1.3010426069826053e-18
46,337,20,lime,LIME,0.9263157894736842,0.9548872180451128,-1.557386275757855e-05,,,-0.02857142857142858,1.3010426069826053e-18
46,338,20,shapley_mc,Monte Carlo Shapley,0.8390977443609022,0.8300751879699247,0.0007175479775800575,,,0.009022556390977488,8.673617379884035e-19
46,338,20,loo_oracle,LOO oracle,0.9969924812030074,1.0,-1.1953123150332257e-05,,,-0.00300751879699257,8.673617379884035e-19
46,338,20,lime,LIME,0.9112781954887217,0.918796992481203,-1.1953123150332257e-05,,,-0.007518796992481258,8.673617379884035e-19
46,339,20,shapley_mc,Monte Carlo Shapley,0.732330827067669,0.7293233082706766,0.0007656841615216181,,,0.003007518796992459,8.673617379884035e-19
46,339,20,loo_oracle,LOO oracle,0.9969924812030074,1.0,9.47242213745203e-05,,,-0.00300751879699257,8.673617379884035e-19
46,339,20,lime,LIME,0.9578947368421054,0.9714285714285714,9.47242213745203e-05,,,-0.013533834586466065,8.673617379884035e-19
46,340,13,shapley_mc,Monte Carlo Shapley,0.8406593406593407,0.8461538461538461,-0.002869255974981333,,,-0.005494505494505475,3.469446951953614e-18
46,340,13,loo_oracle,LOO oracle,0.9945054945054945,1.0,-0.002869255974981333,,,-0.005494505494505475,3.469446951953614e-18
46,340,13,lime,LIME,0.967032967032967,0.9725274725274725,-0.002869255974981333,,,-0.005494505494505475,3.469446951953614e-18
46,341,20,shapley_mc,Monte Carlo Shapley,0.6165413533834586,0.6451127819548872,0.0024217109225478928,,,-0.02857142857142858,3.469446951953614e-18
46,341,20,loo_oracle,LOO oracle,0.9954887218045112,1.0,0.0024217109225478928,,,-0.004511278195488799,3.469446951953614e-18
46,341,20,lime,LIME,0.9759398496240601,0.9804511278195487,0.0024217109225478928,,,-0.004511278195488577,3.469446951953614e-18
46,342,20,shapley_mc,Monte Carlo Shapley,0.8977443609022555,0.8917293233082706,0.002268538982816981,,,0.006015037593984918,1.734723475976807e-18
46,342,20,loo_oracle,LOO oracle,0.9969924812030074,1.0,0.002268538982816981,,,-0.00300751879699257,1.734723475976807e-18
46,342,20,lime,LIME,0.9729323308270676,0.9729323308270676,0.002268538982816981,,,0.0,1.734723475976807e-18
46,343,20,shapley_mc,Monte Carlo Shapley,0.8390977443609022,0.8390977443609022,0.0028789240215862377,,,0.0,3.469446951953614e-18
46,343,20,loo_oracle,LOO oracle,1.0,1.0,0.0029234566938422524,,,0.0,3.469446951953614e-18
46,343,20,lime,LIME,0.993984962406015,0.993984962406015,0.0029234566938422524,,,0.0,3.469446951953614e-18
46,344,18,shapley_mc,Monte Carlo Shapley,0.890608875128999,0.8926728586171312,-0.0011530774005884536,,,-0.002063983488132193,1.734723475976807e-18
46,344,18,loo_oracle,LOO oracle,0.9979360165118679,1.0,-0.0011530774005884536,,,-0.0020639834881320818,1.734723475976807e-18
46,344,18,lime,LIME,0.9731682146542827,0.9669762641898865,-0.0011530774005884536,,,0.006191950464396245,1.734723475976807e-18
46,345,20,shapley_mc,Monte Carlo Shapley,0.7714285714285714,0.724812030075188,0.0008476539782256709,,,0.046616541353383334,0.0
46,345,20,loo_oracle,LOO oracle,0.9804511278195487,1.0,5.2206085032091565e-05,,,-0.019548872180451315,0.0
46,345,20,lime,LIME,0.9443609022556391,0.9383458646616539,5.2206085032091565e-05,,,0.00601503759398514,0.0
46,346,20,shapley_mc,Monte Carlo Shapley,0.9082706766917292,0.9082706766917292,0.002291454561418549,,,0.0,6.938893903907228e-18
46,346,20,loo_oracle,LOO oracle,1.0,1.0,0.002291454561418549,,,0.0,6.938893903907228e-18
46,346,20,lime,LIME,0.9684210526315788,0.9684210526315788,0.0022452057352538857,,,0.0,6.938893903907228e-18
46,347,20,shapley_mc,Monte Carlo Shapley,0.6556390977443608,0.6075187969924812,0.00041803177946214687,,,0.04812030075187956,0.0
46,347,20,loo_oracle,LOO oracle,0.9789473684210527,1.0,0.0001350781292456249,,,-0.021052631578947323,0.0
46,347,20,lime,LIME,0.8781954887218045,0.8812030075187969,0.0001472149574590631,,,-0.003007518796992348,0.0
46,348,20,shapley_mc,Monte Carlo Shapley,0.837593984962406,0.8180451127819548,0.0022579696554867468,,,0.019548872180451204,3.469446951953614e-18
46,348,20,loo_oracle,LOO oracle,0.993984962406015,1.0,0.00126327291562367,,,-0.006015037593985029,3.469446951953614e-18
46,348,20,lime,LIME,0.9248120300751879,0.9428571428571428,0.00126327291562367,,,-0.018045112781954975,3.469446951953614e-18
46,349,20,shapley_mc,Monte Carlo Shapley,0.8390977443609022,0.8210526315789473,0.00028359626858454057,,,0.018045112781954975,0.0
46,349,20,loo_oracle,LOO oracle,0.9969924812030074,1.0,0.00028359626858454057,,,-0.00300751879699257,0.0
46,349,20,lime,LIME,0.9699248120300751,0.9804511278195487,0.00028359626858454057,,,-0.010526315789473606,0.0
46,350,20,shapley_mc,Monte Carlo Shapley,0.26917293233082706,0.26315789473684204,0.00042277310741706264,,,0.006015037593985029,4.336808689942018e-19
46,350,20,loo_oracle,LOO oracle,0.9834586466165413,1.0,2.4144550750837546e-05,,,-0.016541353383458746,4.336808689942018e-19
46,350,20,lime,LIME,0.5398496240601504,0.5909774436090225,0.00010720577598921643,,,-0.05112781954887213,4.336808689942018e-19
46,351,20,shapley_mc,Monte Carlo Shapley,0.4270676691729323,0.4451127819548871,-0.0006451987543358295,,,-0.01804511278195481,1.3010426069826053e-18
46,351,20,loo_oracle,LOO oracle,0.9097744360902256,1.0,-0.0006766527532923727,,,-0.09022556390977443,1.3010426069826053e-18
46,351,20,lime,LIME,0.7172932330827068,0.7654135338345864,-0.0006451987543358295,,,-0.048120300751879674,1.3010426069826053e-18
46,352,15,shapley_mc,Monte Carlo Shapley,0.7928571428571427,0.7928571428571427,-0.0028019777889761732,,,0.0,0.0
46,352,15,loo_oracle,LOO oracle,1.0,1.0,6.301371125216892e-05,,,0.0,0.0
46,352,15,lime,LIME,0.9892857142857142,0.9892857142857142,6.301371125216892e-05,,,0.0,0.0
46,353,20,shapley_mc,Monte Carlo Shapley,0.7924812030075187,0.7924812030075187,0.0026205101878189474,,,0.0,1.3877787807814457e-17
46,353,20,loo_oracle,LOO oracle,1.0,1.0,0.0026205101878189474,,,0.0,1.3877787807814457e-17
46,353,20,lime,LIME,0.9849624060150375,0.9849624060150375,0.0026205101878189474,,,0.0,1.3877787807814457e-17
46,354,20,shapley_mc,Monte Carlo Shapley,0.7984962406015037,0.8105263157894737,0.0017550372111239665,,,-0.012030075187969946,0.0
46,354,20,loo_oracle,LOO oracle,0.9984962406015038,1.0,0.0017550372111239665,,,-0.0015037593984962294,0.0
46,354,20,lime,LIME,0.9714285714285714,0.9699248120300751,0.0017550372111239665,,,0.0015037593984963404,0.0
46,355,17,shapley_mc,Monte Carlo Shapley,0.6151960784313726,0.5955882352941178,0.0016976837213978913,,,0.019607843137254832,1.734723475976807e-18
46,355,17,loo_oracle,LOO oracle,0.9901960784313727,1.0,0.0015905624395508577,,,-0.009803921568627305,1.734723475976807e-18
46,355,17,lime,LIME,0.7892156862745099,0.7647058823529413,0.0015905624395508577,,,0.02450980392156854,1.734723475976807e-18
46,356,20,shapley_mc,Monte Carlo Shapley,0.41353383458646614,0.4060150375939849,0.0014913743365787546,,,0.007518796992481258,0.0
46,356,20,loo_oracle,LOO oracle,0.9969924812030074,1.0,0.0008498461568480775,,,-0.00300751879699257,0.0
46,356,20,lime,LIME,0.9067669172932331,0.9067669172932331,0.0008498461568480775,,,0.0,0.0
46,357,20,shapley_mc,Monte Carlo Shapley,0.8210526315789473,0.8436090225563909,0.00020932308588555992,,,-0.022556390977443663,8.673617379884035e-19
46,357,20,loo_oracle,LOO oracle,0.9879699248120299,1.0,0.00020932308588555992,,,-0.012030075187970057,8.673617379884035e-19
46,357,20,lime,LIME,0.837593984962406,0.8691729323308269,0.00020932308588555992,,,-0.03157894736842093,8.673617379884035e-19
46,358,20,shapley_mc,Monte Carlo Shapley,0.6902255639097743,0.6812030075187969,0.0015272107380678301,,,0.009022556390977376,1.734723475976807e-18
46,358,20,loo_oracle,LOO oracle,0.9984962406015038,1.0,0.0015272107380678301,,,-0.0015037593984962294,1.734723475976807e-18
46,358,20,lime,LIME,0.9548872180451128,0.9578947368421054,0.0005163540496199159,,,-0.00300751879699257,1.734723475976807e-18
46,359,20,shapley_mc,Monte Carlo Shapley,0.8962406015037594,0.8962406015037594,-0.0007867892981231472,,,0.0,4.336808689942018e-19
46,359,20,loo_oracle,LOO oracle,1.0,1.0,-0.0007774619931124604,,,0.0,4.336808689942018e-19
46,359,20,lime,LIME,0.9759398496240601,0.9759398496240601,-0.0007736102438633541,,,0.0,4.336808689942018e-19
46,360,14,shapley_mc,Monte Carlo Shapley,0.7934065934065934,0.7934065934065934,0.004429591019890877,,,0.0,3.469446951953614e-18
46,360,14,loo_oracle,LOO oracle,1.0,1.0,0.0022543831909728196,,,0.0,3.469446951953614e-18
46,360,14,lime,LIME,0.9956043956043955,0.9956043956043955,0.0022543831909728196,,,0.0,3.469446951953614e-18
46,361,20,shapley_mc,Monte Carlo Shapley,0.8210526315789473,0.7924812030075187,0.002018208799951182,,,0.02857142857142858,0.0
46,361,20,loo_oracle,LOO oracle,0.9969924812030074,1.0,0.002018208799951182,,,-0.00300751879699257,0.0
46,361,20,lime,LIME,0.9729323308270676,0.9804511278195487,0.002018208799951182,,,-0.007518796992481036,0.0
46,362,20,shapley_mc,Monte Carlo Shapley,0.6827067669172932,0.6631578947368421,0.0012485692456976616,,,0.019548872180451093,0.0
46,362,20,loo_oracle,LOO oracle,0.9954887218045112,1.0,9.469608263323881e-05,,,-0.004511278195488799,0.0
46,362,20,lime,LIME,0.9624060150375938,0.9654135338345864,9.469608263323881e-05,,,-0.00300751879699257,0.0
46,363,13,shapley_mc,Monte Carlo Shapley,0.48901098901098894,0.48901098901098894,0.003249071606613696,,,0.0,3.469446951953614e-18
46,363,13,loo_oracle,LOO oracle,1.0,1.0,0.0020953914175739774,,,0.0,3.469446951953614e-18
46,363,13,lime,LIME,0.8241758241758241,0.8241758241758241,0.0020953914175739774,,,0.0,3.469446951953614e-18
46,364,18,shapley_mc,Monte Carlo Shapley,0.7543859649122806,0.7688338493292053,-0.002585616463294582,,,-0.014447884416924683,1.734723475976807e-18
46,364,18,loo_oracle,LOO oracle,0.9958720330237358,1.0,-0.002585616463294582,,,-0.0041279669762641635,1.734723475976807e-18
46,364,18,lime,LIME,0.869969040247678,0.8864809081527348,-0.002585616463294582,,,-0.016511867905056876,1.734723475976807e-18
46,365,20,shapley_mc,Monte Carlo Shapley,0.8691729323308269,0.849624060150376,0.0009012021444725904,,,0.019548872180450982,6.071532165918825e-18
46,365,20,loo_oracle,LOO oracle,0.9849624060150375,1.0,0.0007922853547887021,,,-0.015037593984962516,6.071532165918825e-18
46,365,20,lime,LIME,0.7849624060150376,0.8436090225563909,0.0007922853547887021,,,-0.05864661654135328,6.071532165918825e-18
46,366,20,shapley_mc,Monte Carlo Shapley,0.6285714285714286,0.5714285714285714,0.000449873383014221,,,0.05714285714285716,0.0
46,366,20,loo_oracle,LOO oracle,0.9864661654135337,1.0,-0.0005975175206241468,,,-0.013533834586466287,0.0
46,366,20,lime,LIME,0.9609022556390976,0.9639097744360902,-0.0005975175206241468,,,-0.00300751879699257,0.0
46,367,20,shapley_mc,Monte Carlo Shapley,0.7473684210526315,0.801503759398496,-0.00019826280725038226,,,-0.05413533834586459,0.0
46,367,20,loo_oracle,LOO oracle,0.9518796992481202,1.0,-9.360049685530614e-05,,,-0.048120300751879785,0.0
46,367,20,lime,LIME,0.8541353383458646,0.8977443609022555,-0.0006911988882121745,,,-0.043609022556390875,0.0
46,368,20,shapley_mc,Monte Carlo Shapley,0.7744360902255639,0.7563909774436091,0.0015429332632097004,,,0.018045112781954864,2.6020852139652106e-18
46,368,20,loo_oracle,LOO oracle,0.9909774436090225,1.0,0.0015429332632097004,,,-0.009022556390977488,2.6020852139652106e-18
46,368,20,lime,LIME,0.9774436090225563,0.9729323308270676,0.0015429332632097004,,,0.004511278195488688,2.6020852139652106e-18
46,369,20,shapley_mc,Monte Carlo Shapley,0.6285714285714286,0.6285714285714286,0.0015803227774689454,,,0.0,6.938893903907228e-18
46,369,20,loo_oracle,LOO oracle,1.0,1.0,0.00017365002866337464,,,0.0,6.938893903907228e-18
46,369,20,lime,LIME,0.9759398496240601,0.9759398496240601,0.00017365002866337464,,,0.0,6.938893903907228e-18
46,370,20,shapley_mc,Monte Carlo Shapley,0.8691729323308269,0.8661654135338346,0.001520391799096299,,,0.003007518796992348,3.469446951953614e-18
46,370,20,loo_oracle,LOO oracle,0.9984962406015038,1.0,0.0002798053082015417,,,-0.0015037593984962294,3.469446951953614e-18
46,370,20,lime,LIME,0.9849624060150375,0.9834586466165413,0.0002798053082015417,,,0.0015037593984962294,3.469446951953614e-18
46,371,20,shapley_mc,Monte Carlo Shapley,0.33233082706766914,0.32631578947368417,0.0007689472491343996,,,0.006015037593984973,0.0
46,371,20,loo_oracle,LOO oracle,0.993984962406015,1.0,0.0007689472491343996,,,-0.006015037593985029,0.0
46,371,20,lime,LIME,0.7263157894736841,0.7609022556390977,3.1505371656082026e-05,,,-0.03458646616541361,0.0
46,372,11,shapley_mc,Monte Carlo Shapley,0.4000000000000001,0.4000000000000001,-0.0020534141491445057,,,0.0,0.0
46,372,11,loo_oracle,LOO oracle,1.0,1.0,0.00238504228589409,,,0.0,0.0
46,372,11,lime,LIME,0.9818181818181818,0.9818181818181818,0.00238504228589409,,,0.0,0.0
46,373,20,shapley_mc,Monte Carlo Shapley,0.6766917293233082,0.6556390977443608,0.0017058255426983249,,,0.021052631578947434,1.734723475976807e-18
46,373,20,loo_oracle,LOO oracle,0.9909774436090225,1.0,0.0009459114604282726,,,-0.009022556390977488,1.734723475976807e-18
46,373,20,lime,LIME,0.9669172932330825,0.9774436090225563,0.0009652301686159936,,,-0.010526315789473828,1.734723475976807e-18
46,374,20,shapley_mc,Monte Carlo Shapley,0.8345864661654135,0.8330827067669173,-5.1175073295772755e-05,,,0.0015037593984962294,0.0
46,374,20,loo_oracle,LOO oracle,0.9984962406015038,1.0,-5.1175073295772755e-05,,,-0.0015037593984962294,0.0
46,374,20,lime,LIME,0.9458646616541352,0.9473684210526315,-5.1175073295772755e-05,,,-0.0015037593984963404,0.0
46,375,20,shapley_mc,Monte Carlo Shapley,0.5864661654135337,0.5864661654135337,-0.0003808616129457043,,,0.0,0.0
46,375,20,loo_oracle,LOO oracle,1.0,1.0,-0.0005592596303515274,,,0.0,0.0
46,375,20,lime,LIME,0.882706766917293,0.882706766917293,-0.0005592596303515274,,,0.0,0.0
46,376,20,shapley_mc,Monte Carlo Shapley,0.9052631578947368,0.9052631578947368,0.0016838686393949032,,,0.0,5.204170427930421e-18
46,376,20,loo_oracle,LOO oracle,1.0,1.0,0.0018039462207636303,,,0.0,5.204170427930421e-18
46,376,20,lime,LIME,0.9804511278195487,0.9804511278195487,0.0018039462207636303,,,0.0,5.204170427930421e-18
46,377,20,shapley_mc,Monte Carlo Shapley,0.9293233082706768,0.9293233082706768,-0.00012871500260935864,,,0.0,0.0
46,377,20,loo_oracle,LOO oracle,1.0,1.0,-7.966007048565427e-05,,,0.0,0.0
46,377,20,lime,LIME,0.9548872180451128,0.9548872180451128,-7.966007048565427e-05,,,0.0,0.0
46,378,20,shapley_mc,Monte Carlo Shapley,0.6962406015037594,0.5969924812030075,0.00011940030270723989,,,0.09924812030075192,2.168404344971009e-19
46,378,20,loo_oracle,LOO oracle,0.9533834586466164,1.0,0.00011940030270723989,,,-0.046616541353383556,2.168404344971009e-19
46,378,20,lime,LIME,0.8872180451127819,0.9218045112781955,0.00022167962490604598,,,-0.03458646616541361,2.168404344971009e-19
46,379,20,shapley_mc,Monte Carlo Shapley,0.7082706766917292,0.6857142857142857,0.0008991089560672627,,,0.02255639097744344,0.0
46,379,20,loo_oracle,LOO oracle,0.993984962406015,1.0,0.0009373838452815253,,,-0.006015037593985029,0.0
46,379,20,lime,LIME,0.9609022556390976,0.9548872180451128,0.0009373838452815253,,,0.006015037593984807,0.0
46,380,20,shapley_mc,Monte Carlo Shapley,0.9203007518796992,0.9097744360902256,0.0026250498458091354,,,0.010526315789473606,3.469446951953614e-18
46,380,20,loo_oracle,LOO oracle,0.9984962406015038,1.0,0.0026250498458091354,,,-0.0015037593984962294,3.469446951953614e-18
46,380,20,lime,LIME,0.9834586466165413,0.9789473684210527,0.0026250498458091354,,,0.004511278195488577,3.469446951953614e-18
46,381,20,shapley_mc,Monte Carlo Shapley,0.8075187969924811,0.7999999999999999,0.0015602611988129733,,,0.007518796992481147,0.0
46,381,20,loo_oracle,LOO oracle,0.9984962406015038,1.0,0.0015602611988129733,,,-0.0015037593984962294,0.0
46,381,20,lime,LIME,0.9669172932330825,0.9744360902255638,0.0015602611988129733,,,-0.007518796992481258,0.0
46,382,12,shapley_mc,Monte Carlo Shapley,0.9020979020979022,0.9020979020979022,-2.0167187329556135e-05,,,0.0,1.734723475976807e-18
46,382,12,loo_oracle,LOO oracle,1.0,1.0,-2.0167187329556135e-05,,,0.0,1.734723475976807e-18
46,382,12,lime,LIME,0.9440559440559443,0.9440559440559443,-2.0167187329556135e-05,,,0.0,1.734723475976807e-18
46,383,11,shapley_mc,Monte Carlo Shapley,0.7727272727272727,0.8272727272727273,-0.0012635327569149313,,,-0.054545454545454564,5.204170427930421e-18
46,383,11,loo_oracle,LOO oracle,0.990909090909091,1.0,-0.001136942985551892,,,-0.009090909090909038,5.204170427930421e-18
46,383,11,lime,LIME,0.8909090909090911,0.9272727272727275,-0.002524192042236195,,,-0.036363636363636376,5.204170427930421e-18
46,384,20,shapley_mc,Monte Carlo Shapley,0.7443609022556391,0.7443609022556391,0.0016385340011759175,,,0.0,0.0
46,384,20,loo_oracle,LOO oracle,1.0,1.0,0.0016385340011759175,,,0.0,0.0
46,384,20,lime,LIME,0.9909774436090225,0.9909774436090225,0.0016385340011759175,,,0.0,0.0
46,385,20,shapley_mc,Monte Carlo Shapley,0.7473684210526315,0.7533834586466165,-0.0027839644202707348,,,-0.006015037593985029,0.0
46,385,20,loo_oracle,LOO oracle,0.9984962406015038,1.0,-0.0027839644202707348,,,-0.0015037593984962294,0.0
46,385,20,lime,LIME,0.9368421052631578,0.9383458646616539,-0.0027839644202707348,,,-0.0015037593984961184,0.0
46,386,20,shapley_mc,Monte Carlo Shapley,0.8451127819548873,0.8451127819548873,0.001108260105185832,,,0.0,0.0
46,386,20,loo_oracle,LOO oracle,1.0,1.0,0.0003484657545213543,,,0.0,0.0
46,386,20,lime,LIME,0.9639097744360902,0.9639097744360902,0.0003484657545213543,,,0.0,0.0
46,387,20,shapley_mc,Monte Carlo Shapley,0.6180451127819548,0.5157894736842105,8.809587433411536e-05,,,0.10225563909774438,0.0
46,387,20,loo_oracle,LOO oracle,0.9804511278195487,1.0,8.809587433411536e-05,,,-0.019548872180451315,0.0
46,387,20,lime,LIME,0.8812030075187969,0.9037593984962405,8.809587433411536e-05,,,-0.022556390977443663,0.0
46,388,20,shapley_mc,Monte Carlo Shapley,0.5969924812030075,0.5699248120300752,-5.5695587332316165e-05,,,0.02706766917293235,8.673617379884035e-19
46,388,20,loo_oracle,LOO oracle,0.9714285714285714,1.0,-5.5695587332316165e-05,,,-0.02857142857142858,8.673617379884035e-19
46,388,20,lime,LIME,0.9218045112781955,0.9699248120300751,-5.5695587332316165e-05,,,-0.04812030075187956,8.673617379884035e-19
46,389,20,shapley_mc,Monte Carlo Shapley,0.9022556390977443,0.9022556390977443,0.0022202492197088697,,,0.0,3.469446951953614e-18
46,389,20,loo_oracle,LOO oracle,1.0,1.0,0.0022202492197088697,,,0.0,3.469446951953614e-18
46,389,20,lime,LIME,0.9894736842105262,0.9894736842105262,0.0022202492197088697,,,0.0,3.469446951953614e-18
46,390,20,shapley_mc,Monte Carlo Shapley,0.8150375939849623,0.7999999999999999,-0.0002227970758502673,,,0.015037593984962405,6.505213034913027e-19
46,390,20,loo_oracle,LOO oracle,0.9819548872180449,1.0,-0.0007268112624758682,,,-0.018045112781955086,6.505213034913027e-19
46,390,20,lime,LIME,0.8421052631578947,0.9037593984962405,-0.0007076702538495461,,,-0.06165413533834585,6.505213034913027e-19
46,391,20,shapley_mc,Monte Carlo Shapley,0.7804511278195487,0.7578947368421052,0.0010073326002180139,,,0.022556390977443552,1.734723475976807e-18
46,391,20,loo_oracle,LOO oracle,0.993984962406015,1.0,1.3457128792082607e-05,,,-0.006015037593985029,1.734723475976807e-18
46,391,20,lime,LIME,0.9909774436090225,0.9924812030075187,1.3457128792082607e-05,,,-0.0015037593984962294,1.734723475976807e-18
46,392,20,shapley_mc,Monte Carlo Shapley,0.6,0.5473684210526315,0.0004517543307127059,,,0.052631578947368474,0.0
46,392,20,loo_oracle,LOO oracle,0.9744360902255638,1.0,6.300543407167236e-06,,,-0.025563909774436233,0.0
46,392,20,lime,LIME,0.8240601503759398,0.8556390977443609,6.300543407167236e-06,,,-0.03157894736842104,0.0
46,393,9,shapley_mc,Monte Carlo Shapley,0.6666666666666667,0.6333333333333333,0.0031134621483448477,,,0.03333333333333344,3.469446951953614e-18
46,393,9,loo_oracle,LOO oracle,0.9833333333333333,1.0,0.00042345713202873725,,,-0.01666666666666672,3.469446951953614e-18
46,393,9,lime,LIME,0.9833333333333333,0.9666666666666667,0.0031134621483448477,,,0.016666666666666607,3.469446951953614e-18
46,394,11,shapley_mc,Monte Carlo Shapley,0.7363636363636363,0.7363636363636363,0.0005638160748579479,,,0.0,3.469446951953614e-18
46,394,11,loo_oracle,LOO oracle,1.0,1.0,0.0005638160748579479,,,0.0,3.469446951953614e-18
46,394,11,lime,LIME,0.9818181818181818,0.9818181818181818,0.0005638160748579479,,,0.0,3.469446951953614e-18
46,395,20,shapley_mc,Monte Carlo Shapley,0.8781954887218045,0.875187969924812,0.0007591021893804117,,,0.00300751879699257,0.0
46,395,20,loo_oracle,LOO oracle,0.9984962406015038,1.0,6.123149035996978e-05,,,-0.0015037593984962294,0.0
46,395,20,lime,LIME,0.8977443609022555,0.9127819548872179,9.639489202789564e-05,,,-0.015037593984962405,0.0
46,396,20,shapley_mc,Monte Carlo Shapley,0.6240601503759398,0.6240601503759398,0.0019154900153824372,,,0.0,0.0
46,396,20,loo_oracle,LOO oracle,1.0,1.0,0.0003707457378954726,,,0.0,0.0
46,396,20,lime,LIME,0.9954887218045112,0.9954887218045112,0.0003707457378954726,,,0.0,0.0
46,397,20,shapley_mc,Monte Carlo Shapley,0.8451127819548873,0.8345864661654135,0.00224015507872366,,,0.010526315789473717,6.938893903907228e-18
46,397,20,loo_oracle,LOO oracle,0.9984962406015038,1.0,0.00224015507872366,,,-0.0015037593984962294,6.938893903907228e-18
46,397,20,lime,LIME,0.9849624060150375,0.9879699248120299,0.00224015507872366,,,-0.003007518796992459,6.938893903907228e-18
46,398,20,shapley_mc,Monte Carlo Shapley,0.8451127819548873,0.8451127819548873,0.0029051571718768376,,,0.0,3.469446951953614e-18
46,398,20,loo_oracle,LOO oracle,1.0,1.0,0.0029051571718768376,,,0.0,3.469446951953614e-18
46,398,20,lime,LIME,0.9714285714285714,0.9714285714285714,0.0029051571718768376,,,0.0,3.469446951953614e-18
46,399,20,shapley_mc,Monte Carlo Shapley,0.6872180451127818,0.6556390977443608,0.000938281116698858,,,0.03157894736842104,1.734723475976807e-18
46,399,20,loo_oracle,LOO oracle,0.9864661654135337,1.0,0.000938281116698858,,,-0.013533834586466287,1.734723475976807e-18
46,399,20,lime,LIME,0.9548872180451128,0.9654135338345864,0.000938281116698858,,,-0.010526315789473606,1.734723475976807e-18
46,400,20,shapley_mc,Monte Carlo Shapley,0.7999999999999999,0.7999999999999999,0.0028699582541805713,,,0.0,0.0
46,400,20,loo_oracle,LOO oracle,1.0,1.0,0.0029646347764075154,,,0.0,0.0
46,400,20,lime,LIME,0.9593984962406013,0.9593984962406013,0.0029646347764075154,,,0.0,0.0
46,401,20,shapley_mc,Monte Carlo Shapley,0.8075187969924811,0.801503759398496,-3.597447767772488e-05,,,0.006015037593985029,1.3010426069826053e-18
46,401,20,loo_oracle,LOO oracle,0.9819548872180449,1.0,-0.0008175187790507299,,,-0.018045112781955086,1.3010426069826053e-18
46,401,20,lime,LIME,0.7804511278195487,0.8285714285714285,-0.0007270108083816118,,,-0.048120300751879785,1.3010426069826053e-18
46,402,20,shapley_mc,Monte Carlo Shapley,0.806015037593985,0.806015037593985,-0.00011387869235068848,,,0.0,8.673617379884035e-19
46,402,20,loo_oracle,LOO oracle,0.9894736842105262,1.0,-0.0006866265964619034,,,-0.010526315789473828,8.673617379884035e-19
46,402,20,lime,LIME,0.8917293233082706,0.8932330827067668,-0.0006866265964619034,,,-0.0015037593984962294,8.673617379884035e-19
46,403,20,shapley_mc,Monte Carlo Shapley,0.7984962406015037,0.7639097744360903,0.0011967163314803853,,,0.03458646616541339,1.734723475976807e-18
46,403,20,loo_oracle,LOO oracle,0.9804511278195487,1.0,0.0011967163314803853,,,-0.019548872180451315,1.734723475976807e-18
46,403,20,lime,LIME,0.9503759398496241,0.9699248120300751,0.0011967163314803853,,,-0.019548872180450982,1.734723475976807e-18
46,404,20,shapley_mc,Monte Carlo Shapley,0.8812030075187969,0.8706766917293233,0.0017430274803236778,,,0.010526315789473606,3.469446951953614e-18
46,404,20,loo_oracle,LOO oracle,0.9954887218045112,1.0,0.0017430274803236778,,,-0.004511278195488799,3.469446951953614e-18
46,404,20,lime,LIME,0.9368421052631578,0.9308270676691727,0.0017430274803236778,,,0.00601503759398514,3.469446951953614e-18
46,405,20,shapley_mc,Monte Carlo Shapley,0.8571428571428572,0.825563909774436,0.0014471623827872482,,,0.03157894736842115,1.734723475976807e-18
46,405,20,loo_oracle,LOO oracle,0.9894736842105262,1.0,0.0014471623827872482,,,-0.010526315789473828,1.734723475976807e-18
46,405,20,lime,LIME,0.9864661654135337,0.9879699248120299,0.0003173163047678895,,,-0.0015037593984962294,1.734723475976807e-18
46,406,15,shapley_mc,Monte Carlo Shapley,0.5964285714285712,0.5964285714285712,0.002173822750348553,,,0.0,0.0
46,406,15,loo_oracle,LOO oracle,1.0,1.0,-6.996971329070734e-05,,,0.0,0.0
46,406,15,lime,LIME,0.982142857142857,0.982142857142857,-6.996971329070734e-05,,,0.0,0.0
46,407,20,shapley_mc,Monte Carlo Shapley,0.7518796992481201,0.7203007518796991,0.00089356936051882,,,0.03157894736842104,0.0
46,407,20,loo_oracle,LOO oracle,0.993984962406015,1.0,0.0002439256785487509,,,-0.006015037593985029,0.0
46,407,20,lime,LIME,0.9473684210526315,0.956390977443609,0.00025398389353226136,,,-0.009022556390977488,0.0
46,408,20,shapley_mc,Monte Carlo Shapley,0.6270676691729322,0.6,2.7653337077326867e-05,,,0.02706766917293224,0.0
46,408,20,loo_oracle,LOO oracle,0.9654135338345864,1.0,2.7653337077326867e-05,,,-0.03458646616541361,0.0
46,408,20,lime,LIME,0.9458646616541352,0.9548872180451128,2.7653337077326867e-05,,,-0.009022556390977599,0.0
46,409,20,shapley_mc,Monte Carlo Shapley,0.6812030075187969,0.6360902255639098,3.1274626977217945e-05,,,0.045112781954887105,0.0
46,409,20,loo_oracle,LOO oracle,0.9834586466165413,1.0,3.1274626977217945e-05,,,-0.016541353383458746,0.0
46,409,20,lime,LIME,0.9308270676691727,0.9383458646616539,3.1274626977217945e-05,,,-0.007518796992481258,0.0
46,410,20,shapley_mc,Monte Carlo Shapley,0.9022556390977443,0.882706766917293,0.002741410393559185,,,0.019548872180451315,1.734723475976807e-18
46,410,20,loo_oracle,LOO oracle,0.993984962406015,1.0,0.002741410393559185,,,-0.006015037593985029,1.734723475976807e-18
46,410,20,lime,LIME,0.9744360902255638,0.9759398496240601,0.002741410393559185,,,-0.0015037593984963404,1.734723475976807e-18
46,411,20,shapley_mc,Monte Carlo Shapley,0.875187969924812,0.8646616541353382,0.0009664043939042188,,,0.010526315789473717,3.469446951953614e-18
46,411,20,loo_oracle,LOO oracle,0.9909774436090225,1.0,0.00014797889718615176,,,-0.009022556390977488,3.469446951953614e-18
46,411,20,lime,LIME,0.9353383458646616,0.9578947368421054,0.00014797889718615176,,,-0.022556390977443774,3.469446951953614e-18
46,412,20,shapley_mc,Monte Carlo Shapley,0.7969924812030074,0.7924812030075187,0.0008213132071234752,,,0.004511278195488688,8.673617379884035e-19
46,412,20,loo_oracle,LOO oracle,0.9909774436090225,1.0,8.98943862672752e-05,,,-0.009022556390977488,8.673617379884035e-19
46,412,20,lime,LIME,0.9368421052631578,0.9518796992481202,8.98943862672752e-05,,,-0.015037593984962405,8.673617379884035e-19
46,413,18,shapley_mc,Monte Carlo Shapley,0.8286893704850361,0.8286893704850361,-0.005222061951191348,,,0.0,1.3877787807814457e-17
46,413,18,loo_oracle,LOO oracle,1.0,1.0,-0.005222061951191348,,,0.0,1.3877787807814457e-17
46,413,18,lime,LIME,0.9731682146542827,0.9731682146542827,-0.005222061951191348,,,0.0,1.3877787807814457e-17
46,414,20,shapley_mc,Monte Carlo Shapley,0.7864661654135338,0.7894736842105263,0.0010206279845379473,,,-0.00300751879699257,1.734723475976807e-18
46,414,20,loo_oracle,LOO oracle,0.993984962406015,1.0,0.000327019658297123,,,-0.006015037593985029,1.734723475976807e-18
46,414,20,lime,LIME,0.9097744360902256,0.9293233082706768,0.000327019658297123,,,-0.019548872180451204,1.734723475976807e-18
46,415,20,shapley_mc,Monte Carlo Shapley,0.8345864661654135,0.8962406015037594,-0.0015910460703343343,,,-0.06165413533834585,0.0
46,415,20,loo_oracle,LOO oracle,0.9819548872180449,1.0,-0.0004076822638240385,,,-0.018045112781955086,0.0
46,415,20,lime,LIME,0.9142857142857143,0.9037593984962405,-0.0015910460703343343,,,0.010526315789473717,0.0
46,416,12,shapley_mc,Monte Carlo Shapley,0.7832167832167832,0.7832167832167832,0.002117395772045172,,,0.0,0.0
46,416,12,loo_oracle,LOO oracle,1.0,1.0,0.0005988110250800815,,,0.0,0.0
46,416,12,lime,LIME,0.9860139860139862,0.9860139860139862,0.0005988110250800815,,,0.0,0.0
46,417,20,shapley_mc,Monte Carlo Shapley,0.9067669172932331,0.9067669172932331,-0.003630046818011712,,,0.0,0.0
46,417,20,loo_oracle,LOO oracle,1.0,1.0,-0.003630046818011712,,,0.0,0.0
46,417,20,lime,LIME,0.9639097744360902,0.9639097744360902,-0.003630046818011712,,,0.0,0.0
46,418,20,shapley_mc,Monte Carlo Shapley,0.825563909774436,0.825563909774436,-0.0013131275244935292,,,0.0,1.734723475976807e-18
46,418,20,loo_oracle,LOO oracle,1.0,1.0,-0.0006179312435052875,,,0.0,1.734723475976807e-18
46,418,20,lime,LIME,0.9428571428571428,0.9428571428571428,-0.0006179312435052875,,,0.0,1.734723475976807e-18
46,419,20,shapley_mc,Monte Carlo Shapley,0.5233082706766917,0.5669172932330826,0.0006385511606481487,,,-0.043609022556390875,2.168404344971009e-19
46,419,20,loo_oracle,LOO oracle,0.9909774436090225,1.0,5.852592462851636e-05,,,-0.009022556390977488,2.168404344971009e-19
46,419,20,lime,LIME,0.8992481203007519,0.9293233082706768,5.852592462851636e-05,,,-0.03007518796992492,2.168404344971009e-19
46,420,15,shapley_mc,Monte Carlo Shapley,0.7678571428571428,0.7321428571428571,0.00020039476040001336,,,0.0357142857142857,3.469446951953614e-18
46,420,15,loo_oracle,LOO oracle,0.9928571428571428,1.0,0.00020039476040001336,,,-0.0071428571428572285,3.469446951953614e-18
46,420,15,lime,LIME,0.95,0.9642857142857141,0.00020039476040001336,,,-0.014285714285714124,3.469446951953614e-18
46,421,20,shapley_mc,Monte Carlo Shapley,0.8105263157894737,0.8105263157894737,0.00010945937934725425,,,0.0,2.168404344971009e-19
46,421,20,loo_oracle,LOO oracle,1.0,1.0,0.00010945937934725425,,,0.0,2.168404344971009e-19
46,421,20,lime,LIME,0.8661654135338346,0.8661654135338346,0.00010945937934725425,,,0.0,2.168404344971009e-19
46,422,14,shapley_mc,Monte Carlo Shapley,0.5208791208791209,0.432967032967033,0.0015680808046619754,,,0.08791208791208793,0.0
46,422,14,loo_oracle,LOO oracle,0.9736263736263736,1.0,0.0007552587989450021,,,-0.02637362637362639,0.0
46,422,14,lime,LIME,0.9824175824175824,0.9472527472527472,0.0007552587989450021,,,0.03516483516483515,0.0
46,423,20,shapley_mc,Monte Carlo Shapley,0.8150375939849623,0.7954887218045112,-0.00028098037281459876,,,0.019548872180451093,4.336808689942018e-19
46,423,20,loo_oracle,LOO oracle,0.9518796992481202,1.0,-0.0009135147628263618,,,-0.048120300751879785,4.336808689942018e-19
46,423,20,lime,LIME,0.8872180451127819,0.9127819548872179,-0.0009135147628263618,,,-0.02556390977443601,4.336808689942018e-19
46,424,20,shapley_mc,Monte Carlo Shapley,0.8225563909774435,0.825563909774436,0.00010599907320218982,,,-0.00300751879699257,8.673617379884035e-19
46,424,20,loo_oracle,LOO oracle,0.9954887218045112,1.0,0.00010599907320218982,,,-0.004511278195488799,8.673617379884035e-19
46,424,20,lime,LIME,0.9473684210526315,0.9578947368421054,0.00010599907320218982,,,-0.010526315789473828,8.673617379884035e-19
46,425,20,shapley_mc,Monte Carlo Shapley,0.7503759398496239,0.7488721804511278,0.0008864645647619906,,,0.0015037593984961184,1.734723475976807e-18
46,425,20,loo_oracle,LOO oracle,0.9894736842105262,1.0,0.0009727393840856524,,,-0.010526315789473828,1.734723475976807e-18
46,425,20,lime,LIME,0.8481203007518796,0.8646616541353382,0.00020352410380880537,,,-0.016541353383458635,1.734723475976807e-18
46,426,20,shapley_mc,Monte Carlo Shapley,0.6827067669172932,0.6496240601503759,0.0013602285990438334,,,0.03308270676691727,3.469446951953614e-18
46,426,20,loo_oracle,LOO oracle,0.993984962406015,1.0,6.863393506439941e-05,,,-0.006015037593985029,3.469446951953614e-18
46,426,20,lime,LIME,0.9624060150375938,0.9714285714285714,6.863393506439941e-05,,,-0.009022556390977599,3.469446951953614e-18
46,427,20,shapley_mc,Monte Carlo Shapley,0.7172932330827068,0.7172932330827068,0.0018630529166526189,,,0.0,0.0
46,427,20,loo_oracle,LOO oracle,1.0,1.0,0.0001694671471350051,,,0.0,0.0
46,427,20,lime,LIME,0.9804511278195487,0.9804511278195487,0.0001694671471350051,,,0.0,0.0
46,428,20,shapley_mc,Monte Carlo Shapley,0.77593984962406,0.7789473684210525,0.0019386894017435208,,,-0.003007518796992459,3.469446951953614e-18
46,428,20,loo_oracle,LOO oracle,0.9984962406015038,1.0,0.0019386894017435208,,,-0.0015037593984962294,3.469446951953614e-18
46,428,20,lime,LIME,0.9428571428571428,0.9398496240601503,0.0019386894017435208,,,0.00300751879699257,3.469446951953614e-18
46,429,20,shapley_mc,Monte Carlo Shapley,0.7082706766917292,0.6736842105263157,0.0006295294226523751,,,0.0345864661654135,0.0
46,429,20,loo_oracle,LOO oracle,0.9909774436090225,1.0,-4.677259287155788e-06,,,-0.009022556390977488,0.0
46,429,20,lime,LIME,0.9518796992481202,0.9729323308270676,-0.000622638974669576,,,-0.021052631578947434,0.0
46,430,20,shapley_mc,Monte Carlo Shapley,0.6827067669172932,0.6827067669172932,-0.001592307795021286,,,0.0,0.0
46,430,20,loo_oracle,LOO oracle,1.0,1.0,-0.001592307795021286,,,0.0,0.0
46,430,20,lime,LIME,0.9864661654135337,0.9864661654135337,-0.001592307795021286,,,0.0,0.0
46,431,20,shapley_mc,Monte Carlo Shapley,0.6406015037593984,0.6466165413533834,0.0007766007497845284,,,-0.006015037593985029,8.673617379884035e-19
46,431,20,loo_oracle,LOO oracle,0.993984962406015,1.0,1.2185768795747176e-05,,,-0.006015037593985029,8.673617379884035e-19
46,431,20,lime,LIME,0.9338345864661652,0.9473684210526315,1.2185768795747176e-05,,,-0.013533834586466287,8.673617379884035e-19
46,432,20,shapley_mc,Monte Carlo Shapley,0.7142857142857143,0.6586466165413534,0.0009516617054273202,,,0.05563909774436093,6.938893903907228e-18
46,432,20,loo_oracle,LOO oracle,0.9909774436090225,1.0,0.0009516617054273202,,,-0.009022556390977488,6.938893903907228e-18
46,432,20,lime,LIME,0.993984962406015,0.9909774436090225,0.0009516617054273202,,,0.003007518796992459,6.938893903907228e-18
46,433,20,shapley_mc,Monte Carlo Shapley,0.631578947368421,0.631578947368421,0.00087754349305319,,,0.0,8.673617379884035e-19
46,433,20,loo_oracle,LOO oracle,0.9789473684210527,1.0,6.644756404217134e-05,,,-0.021052631578947323,8.673617379884035e-19
46,433,20,lime,LIME,0.900751879699248,0.956390977443609,6.644756404217134e-05,,,-0.055639097744361043,8.673617379884035e-19
46,434,20,shapley_mc,Monte Carlo Shapley,0.7338345864661654,0.7563909774436091,0.0009902981681137457,,,-0.022556390977443663,8.673617379884035e-19
46,434,20,loo_oracle,LOO oracle,0.9924812030075187,1.0,0.0009902981681137457,,,-0.007518796992481258,8.673617379884035e-19
46,434,20,lime,LIME,0.9127819548872179,0.9127819548872179,0.00025809374895219284,,,0.0,8.673617379884035e-19
46,435,20,shapley_mc,Monte Carlo Shapley,0.7187969924812029,0.7037593984962407,9.571918297945903e-05,,,0.015037593984962183,8.673617379884035e-19
46,435,20,loo_oracle,LOO oracle,0.9909774436090225,1.0,9.571918297945903e-05,,,-0.009022556390977488,8.673617379884035e-19
46,435,20,lime,LIME,0.9729323308270676,0.9774436090225563,9.571918297945903e-05,,,-0.004511278195488688,8.673617379884035e-19
46,436,20,shapley_mc,Monte Carlo Shapley,0.5263157894736841,0.5263157894736841,0.0006114699350092123,,,0.0,0.0
46,436,20,loo_oracle,LOO oracle,1.0,1.0,7.650907817413621e-05,,,0.0,0.0
46,436,20,lime,LIME,0.9639097744360902,0.9639097744360902,7.650907817413621e-05,,,0.0,0.0
46,437,20,shapley_mc,Monte Carlo Shapley,0.7714285714285714,0.7834586466165413,0.0015342436652657776,,,-0.012030075187969946,3.469446951953614e-18
46,437,20,loo_oracle,LOO oracle,0.9969924812030074,1.0,0.0015342436652657776,,,-0.00300751879699257,3.469446951953614e-18
46,437,20,lime,LIME,0.9849624060150375,0.9849624060150375,0.0015342436652657776,,,0.0,3.469446951953614e-18
46,438,20,shapley_mc,Monte Carlo Shapley,0.613533834586466,0.613533834586466,0.0006706835389740928,,,0.0,0.0
46,438,20,loo_oracle,LOO oracle,1.0,1.0,0.00020545638866353855,,,0.0,0.0
46,438,20,lime,LIME,0.9834586466165413,0.9834586466165413,0.00020545638866353855,,,0.0,0.0
46,439,15,shapley_mc,Monte Carlo Shapley,0.7535714285714286,0.7535714285714286,0.001887145450212735,,,0.0,3.469446951953614e-18
46,439,15,loo_oracle,LOO oracle,1.0,1.0,0.0002008552249059825,,,0.0,3.469446951953614e-18
46,439,15,lime,LIME,0.9678571428571429,0.9678571428571429,0.0002008552249059825,,,0.0,3.469446951953614e-18
46,440,20,shapley_mc,Monte Carlo Shapley,0.8466165413533834,0.8511278195488721,-0.0026479289169381026,,,-0.004511278195488688,0.0
46,440,20,loo_oracle,LOO oracle,0.9984962406015038,1.0,-0.0026479289169381026,,,-0.0015037593984962294,0.0
46,440,20,lime,LIME,0.9909774436090225,0.9924812030075187,-0.0026479289169381026,,,-0.0015037593984962294,0.0
46,441,20,shapley_mc,Monte Carlo Shapley,0.8992481203007519,0.8857142857142858,0.00014252638411338392,,,0.013533834586466065,1.734723475976807e-18
46,441,20,loo_oracle,LOO oracle,0.9834586466165413,1.0,0.00010372389844370833,,,-0.016541353383458746,1.734723475976807e-18
46,441,20,lime,LIME,0.9052631578947368,0.9233082706766916,0.00014252638411338392,,,-0.018045112781954864,1.734723475976807e-18
46,442,20,shapley_mc,Monte Carlo Shapley,0.6842105263157895,0.6736842105263157,0.0007067052979898292,,,0.010526315789473828,1.734723475976807e-18
46,442,20,loo_oracle,LOO oracle,0.9984962406015038,1.0,0.0008276874315160665,,,-0.0015037593984962294,1.734723475976807e-18
46,442,20,lime,LIME,0.9308270676691727,0.932330827067669,0.0008276874315160665,,,-0.0015037593984963404,1.734723475976807e-18
46,443,20,shapley_mc,Monte Carlo Shapley,0.801503759398496,0.7849624060150376,0.00016362531263686142,,,0.016541353383458413,8.673617379884035e-19
46,443,20,loo_oracle,LOO oracle,0.9969924812030074,1.0,0.00014345206328342242,,,-0.00300751879699257,8.673617379884035e-19
46,443,20,lime,LIME,0.8691729323308269,0.8812030075187969,0.00014345206328342242,,,-0.012030075187969946,8.673617379884035e-19
46,444,20,shapley_mc,Monte Carlo Shapley,0.8766917293233082,0.8781954887218045,0.001266851551205317,,,-0.0015037593984963404,0.0
46,444,20,loo_oracle,LOO oracle,0.9984962406015038,1.0,0.001266851551205317,,,-0.0015037593984962294,0.0
46,444,20,lime,LIME,0.9804511278195487,0.9819548872180449,0.001266851551205317,,,-0.0015037593984962294,0.0
46,445,20,shapley_mc,Monte Carlo Shapley,0.7729323308270677,0.7218045112781954,0.0009219832791843574,,,0.051127819548872244,0.0
46,445,20,loo_oracle,LOO oracle,0.9864661654135337,1.0,0.0009219832791843574,,,-0.013533834586466287,0.0
46,445,20,lime,LIME,0.9037593984962405,0.9203007518796992,0.0009219832791843574,,,-0.016541353383458635,0.0
46,446,20,shapley_mc,Monte Carlo Shapley,0.8887218045112781,0.8706766917293233,-0.00017829905567406934,,,0.018045112781954864,4.336808689942018e-19
46,446,20,loo_oracle,LOO oracle,0.9954887218045112,1.0,1.3295825138703865e-05,,,-0.004511278195488799,4.336808689942018e-19
46,446,20,lime,LIME,0.9097744360902256,0.9097744360902256,1.3295825138703865e-05,,,0.0,4.336808689942018e-19
46,447,10,shapley_mc,Monte Carlo Shapley,0.9030303030303028,0.9030303030303028,0.0023693104673163656,,,0.0,1.734723475976807e-18
46,447,10,loo_oracle,LOO oracle,0.9999999999999999,0.9999999999999999,0.00025371858806438885,,,0.0,1.734723475976807e-18
46,447,10,lime,LIME,0.9999999999999999,0.9999999999999999,0.00025371858806438885,,,0.0,1.734723475976807e-18
46,448,20,shapley_mc,Monte Carlo Shapley,0.41353383458646614,0.4195488721804511,0.00029981895685082804,,,-0.006015037593984973,0.0
46,448,20,loo_oracle,LOO oracle,0.9744360902255638,1.0,0.0006355031649482035,,,-0.025563909774436233,0.0
46,448,20,lime,LIME,0.9278195488721804,0.9248120300751879,5.53475153450278e-05,,,0.00300751879699257,0.0
46,449,20,shapley_mc,Monte Carlo Shapley,0.875187969924812,0.8736842105263156,-0.0014518128629456006,,,0.0015037593984963404,0.0
46,449,20,loo_oracle,LOO oracle,0.9984962406015038,1.0,-0.0014518128629456006,,,-0.0015037593984962294,0.0
46,449,20,lime,LIME,0.9729323308270676,0.9744360902255638,-0.0014518128629456006,,,-0.0015037593984961184,0.0
46,450,20,shapley_mc,Monte Carlo Shapley,0.6601503759398496,0.7007518796992479,0.00017384256936175957,,,-0.040601503759398305,4.336808689942018e-19
46,450,20,loo_oracle,LOO oracle,0.9864661654135337,1.0,0.00017384256936175957,,,-0.013533834586466287,4.336808689942018e-19
46,450,20,lime,LIME,0.8646616541353382,0.9037593984962405,0.00017384256936175957,,,-0.0390977443609023,4.336808689942018e-19
46,451,20,shapley_mc,Monte Carlo Shapley,0.5383458646616541,0.43458646616541347,0.00042374822544527513,,,0.10375939849624066,4.336808689942018e-19
46,451,20,loo_oracle,LOO oracle,0.9654135338345864,1.0,4.2488332304913e-05,,,-0.03458646616541361,4.336808689942018e-19
46,451,20,lime,LIME,0.6406015037593984,0.7127819548872181,4.2488332304913e-05,,,-0.07218045112781968,4.336808689942018e-19
46,452,20,shapley_mc,Monte Carlo Shapley,0.7368421052631579,0.7338345864661654,0.001217325870363939,,,0.003007518796992459,3.469446951953614e-18
46,452,20,loo_oracle,LOO oracle,0.9954887218045112,1.0,0.001325299178089101,,,-0.004511278195488799,3.469446951953614e-18
46,452,20,lime,LIME,0.9714285714285714,0.9669172932330825,0.0012895786314994218,,,0.00451127819548891,3.469446951953614e-18
46,453,20,shapley_mc,Monte Carlo Shapley,0.45112781954887216,0.4421052631578947,-1.3236824482842913e-05,,,0.009022556390977432,0.0
46,453,20,loo_oracle,LOO oracle,0.9864661654135337,1.0,-0.0006993662051456018,,,-0.013533834586466287,0.0
46,453,20,lime,LIME,0.8526315789473683,0.8721804511278194,-0.0006993662051456018,,,-0.019548872180451093,0.0
46,454,19,shapley_mc,Monte Carlo Shapley,0.8456140350877193,0.8456140350877193,0.003090653730220494,,,0.0,0.0
46,454,19,loo_oracle,LOO oracle,1.0,1.0,0.003090653730220494,,,0.0,0.0
46,454,19,lime,LIME,0.9473684210526316,0.9473684210526316,0.003090653730220494,,,0.0,0.0
46,455,20,shapley_mc,Monte Carlo Shapley,0.9488721804511278,0.9458646616541352,9.82444634550772e-05,,,0.00300751879699257,4.336808689942018e-19
46,455,20,loo_oracle,LOO oracle,0.9984962406015038,1.0,6.054879507494393e-05,,,-0.0015037593984962294,4.336808689942018e-19
46,455,20,lime,LIME,0.9819548872180449,0.9864661654135337,6.054879507494393e-05,,,-0.004511278195488799,4.336808689942018e-19
46,456,20,shapley_mc,Monte Carlo Shapley,0.5714285714285714,0.4285714285714286,-9.68465649625605e-05,,,0.1428571428571428,1.734723475976807e-18
46,456,20,loo_oracle,LOO oracle,0.9699248120300751,1.0,-0.0005894777976224175,,,-0.03007518796992492,1.734723475976807e-18
46,456,20,lime,LIME,0.9428571428571428,0.9729323308270676,-0.0005894777976224175,,,-0.03007518796992481,1.734723475976807e-18
46,457,18,shapley_mc,Monte Carlo Shapley,0.696594427244582,0.696594427244582,0.001751462722546393,,,0.0,3.469446951953614e-18
46,457,18,loo_oracle,LOO oracle,1.0,1.0,0.001751462722546393,,,0.0,3.469446951953614e-18
46,457,18,lime,LIME,0.9401444788441692,0.9401444788441692,0.0007468697382316258,,,0.0,3.469446951953614e-18
46,458,16,shapley_mc,Monte Carlo Shapley,0.8911764705882352,0.9029411764705882,0.0002893939373610488,,,-0.01176470588235301,8.673617379884035e-19
46,458,16,loo_oracle,LOO oracle,0.9852941176470588,1.0,0.0002893939373610488,,,-0.014705882352941235,8.673617379884035e-19
46,458,16,lime,LIME,0.9441176470588234,0.9529411764705882,0.0002893939373610488,,,-0.008823529411764786,8.673617379884035e-19
46,459,20,shapley_mc,Monte Carlo Shapley,0.8947368421052632,0.8932330827067668,0.001254763688160132,,,0.0015037593984963404,0.0
46,459,20,loo_oracle,LOO oracle,0.9984962406015038,1.0,0.0004358492288879523,,,-0.0015037593984962294,0.0
46,459,20,lime,LIME,0.9548872180451128,0.9609022556390976,0.00044903526080541933,,,-0.006015037593984807,0.0
46,460,20,shapley_mc,Monte Carlo Shapley,0.8451127819548873,0.793984962406015,0.001912206313171294,,,0.051127819548872244,5.204170427930421e-18
46,460,20,loo_oracle,LOO oracle,0.9789473684210527,1.0,0.001142271892127955,,,-0.021052631578947323,5.204170427930421e-18
46,460,20,lime,LIME,0.9383458646616539,0.9699248120300751,0.001142271892127955,,,-0.03157894736842115,5.204170427930421e-18
46,461,20,shapley_mc,Monte Carlo Shapley,0.8541353383458646,0.8330827067669173,-1.5559536054698953e-05,,,0.021052631578947323,8.673617379884035e-19
46,461,20,loo_oracle,LOO oracle,0.9022556390977443,1.0,-0.0005207074690405378,,,-0.09774436090225569,8.673617379884035e-19
46,461,20,lime,LIME,0.8105263157894737,0.9097744360902256,-0.0005207074690405378,,,-0.09924812030075192,8.673617379884035e-19
46,462,20,shapley_mc,Monte Carlo Shapley,0.9203007518796992,0.9052631578947368,-4.2815222789815977e-05,,,0.015037593984962405,8.673617379884035e-19
46,462,20,loo_oracle,LOO oracle,0.9849624060150375,1.0,-4.2815222789815977e-05,,,-0.015037593984962516,8.673617379884035e-19
46,462,20,lime,LIME,0.932330827067669,0.9624060150375938,-4.2815222789815977e-05,,,-0.03007518796992481,8.673617379884035e-19
46,463,20,shapley_mc,Monte Carlo Shapley,0.8541353383458646,0.8541353383458646,-0.0038699812850172544,,,0.0,1.3877787807814457e-17
46,463,20,loo_oracle,LOO oracle,1.0,1.0,-0.0038699812850172544,,,0.0,1.3877787807814457e-17
46,463,20,lime,LIME,0.9729323308270676,0.9729323308270676,-0.0038699812850172544,,,0.0,1.3877787807814457e-17
46,464,20,shapley_mc,Monte Carlo Shapley,0.8526315789473683,0.813533834586466,0.0016168939046724562,,,0.0390977443609023,0.0
46,464,20,loo_oracle,LOO oracle,0.9909774436090225,1.0,0.002000565779757435,,,-0.009022556390977488,0.0
46,464,20,lime,LIME,0.9278195488721804,0.9488721804511278,0.002000565779757435,,,-0.021052631578947323,0.0
46,465,20,shapley_mc,Monte Carlo Shapley,0.41804511278195483,0.4030075187969925,0.0009641802156333257,,,0.01503759398496235,0.0
46,465,20,loo_oracle,LOO oracle,0.993984962406015,1.0,0.000498603802272457,,,-0.006015037593985029,0.0
46,465,20,lime,LIME,0.8872180451127819,0.8977443609022555,0.000498603802272457,,,-0.010526315789473606,0.0
46,466,20,shapley_mc,Monte Carlo Shapley,0.8165413533834586,0.8285714285714285,-0.003030374366837507,,,-0.012030075187969946,5.204170427930421e-18
46,466,20,loo_oracle,LOO oracle,0.9864661654135337,1.0,-0.003030374366837507,,,-0.013533834586466287,5.204170427930421e-18
46,466,20,lime,LIME,0.9639097744360902,0.9714285714285714,-0.003030374366837507,,,-0.007518796992481258,5.204170427930421e-18
46,467,14,shapley_mc,Monte Carlo Shapley,0.6351648351648352,0.6351648351648352,-0.005830580065428248,,,0.0,2.0816681711721685e-17
46,467,14,loo_oracle,LOO oracle,1.0,1.0,-0.005830580065428248,,,0.0,2.0816681711721685e-17
46,467,14,lime,LIME,0.9032967032967033,0.9032967032967033,-0.005830580065428248,,,0.0,2.0816681711721685e-17
46,468,20,shapley_mc,Monte Carlo Shapley,0.8902255639097743,0.8902255639097743,0.0028262363235507237,,,0.0,3.469446951953614e-18
46,468,20,loo_oracle,LOO oracle,1.0,1.0,0.0028262363235507237,,,0.0,3.469446951953614e-18
46,468,20,lime,LIME,0.9533834586466164,0.9533834586466164,0.0028262363235507237,,,0.0,3.469446951953614e-18
46,469,20,shapley_mc,Monte Carlo Shapley,0.6075187969924812,0.5052631578947367,-4.87884380231951e-05,,,0.10225563909774449,8.673617379884035e-19
46,469,20,loo_oracle,LOO oracle,0.9503759398496241,1.0,-8.584257445659604e-05,,,-0.049624060150375904,8.673617379884035e-19
46,469,20,lime,LIME,0.9248120300751879,0.9488721804511278,-4.87884380231951e-05,,,-0.024060150375939893,8.673617379884035e-19
46,470,20,shapley_mc,Monte Carlo Shapley,0.801503759398496,0.7684210526315788,-0.00018335439498567974,,,0.03308270676691727,8.673617379884035e-19
46,470,20,loo_oracle,LOO oracle,0.9924812030075187,1.0,-0.0006599749874969807,,,-0.007518796992481258,8.673617379884035e-19
46,470,20,lime,LIME,0.9609022556390976,0.9669172932330825,-3.3564239963257414e-05,,,-0.006015037593984918,8.673617379884035e-19
46,471,20,shapley_mc,Monte Carlo Shapley,0.8571428571428572,0.8571428571428572,0.002004207547410042,,,0.0,6.938893903907228e-18
46,471,20,loo_oracle,LOO oracle,1.0,1.0,0.0021780096633351453,,,0.0,6.938893903907228e-18
46,471,20,lime,LIME,0.9879699248120299,0.9879699248120299,0.0021780096633351453,,,0.0,6.938893903907228e-18
46,472,20,shapley_mc,Monte Carlo Shapley,0.7924812030075187,0.7684210526315788,0.0005076289785304056,,,0.024060150375939893,5.421010862427522e-19
46,472,20,loo_oracle,LOO oracle,0.9909774436090225,1.0,2.135862561541968e-05,,,-0.009022556390977488,5.421010862427522e-19
46,472,20,lime,LIME,0.8932330827067668,0.9082706766917292,2.135862561541968e-05,,,-0.015037593984962405,5.421010862427522e-19
46,473,20,shapley_mc,Monte Carlo Shapley,0.7999999999999999,0.7849624060150376,-5.680595533030797e-05,,,0.015037593984962294,0.0
46,473,20,loo_oracle,LOO oracle,0.9819548872180449,1.0,-0.000681543431452214,,,-0.018045112781955086,0.0
46,473,20,lime,LIME,0.8601503759398496,0.8872180451127819,-5.680595533030797e-05,,,-0.02706766917293235,0.0
46,474,20,shapley_mc,Monte Carlo Shapley,0.7999999999999999,0.8390977443609022,0.00038274496577805905,,,-0.0390977443609023,5.421010862427522e-19
46,474,20,loo_oracle,LOO oracle,0.9714285714285714,1.0,0.0008430606861728474,,,-0.02857142857142858,5.421010862427522e-19
46,474,20,lime,LIME,0.8240601503759398,0.900751879699248,0.00038274496577805905,,,-0.07669172932330814,5.421010862427522e-19
46,475,20,shapley_mc,Monte Carlo Shapley,0.5819548872180451,0.5789473684210527,0.0010340851476381419,,,0.003007518796992459,3.469446951953614e-18
46,475,20,loo_oracle,LOO oracle,0.9984962406015038,1.0,0.0010340851476381419,,,-0.0015037593984962294,3.469446951953614e-18
46,475,20,lime,LIME,0.7503759398496239,0.7609022556390977,0.0010340851476381419,,,-0.010526315789473828,3.469446951953614e-18
46,476,20,shapley_mc,Monte Carlo Shapley,0.819548872180451,0.7578947368421052,1.7306083883728007e-06,,,0.06165413533834585,0.0
46,476,20,loo_oracle,LOO oracle,0.9112781954887217,1.0,-0.0006039918509065934,,,-0.08872180451127831,0.0
46,476,20,lime,LIME,0.6541353383458646,0.8240601503759398,-0.0006039918509065934,,,-0.16992481203007526,0.0
46,477,20,shapley_mc,Monte Carlo Shapley,0.6766917293233082,0.6766917293233082,0.0026108624293260663,,,0.0,0.0
46,477,20,loo_oracle,LOO oracle,1.0,1.0,0.0006113612607463459,,,0.0,0.0
46,477,20,lime,LIME,0.9654135338345864,0.9654135338345864,0.0006113612607463459,,,0.0,0.0
46,478,20,shapley_mc,Monte Carlo Shapley,0.7684210526315788,0.7624060150375939,0.0010352138597308769,,,0.006015037593984918,8.673617379884035e-19
46,478,20,loo_oracle,LOO oracle,0.9984962406015038,1.0,0.0010352138597308769,,,-0.0015037593984962294,8.673617379884035e-19
46,478,20,lime,LIME,0.9639097744360902,0.9624060150375938,0.0009774166960482833,,,0.0015037593984963404,8.673617379884035e-19
46,479,20,shapley_mc,Monte Carlo Shapley,0.819548872180451,0.8090225563909773,0.004027623895958177,,,0.010526315789473717,0.0
46,479,20,loo_oracle,LOO oracle,0.9984962406015038,1.0,0.004027623895958177,,,-0.0015037593984962294,0.0
46,479,20,lime,LIME,0.9864661654135337,0.9894736842105262,0.004027623895958177,,,-0.003007518796992459,0.0
46,480,20,shapley_mc,Monte Carlo Shapley,0.7729323308270677,0.7864661654135338,0.0003271707282082037,,,-0.013533834586466065,8.673617379884035e-19
46,480,20,loo_oracle,LOO oracle,0.9954887218045112,1.0,0.0003271707282082037,,,-0.004511278195488799,8.673617379884035e-19
46,480,20,lime,LIME,0.8075187969924811,0.8270676691729323,0.0003271707282082037,,,-0.019548872180451204,8.673617379884035e-19
46,481,20,shapley_mc,Monte Carlo Shapley,0.7308270676691728,0.6947368421052631,0.0018560829753698216,,,0.03609022556390973,1.734723475976807e-18
46,481,20,loo_oracle,LOO oracle,0.9954887218045112,1.0,0.0018560829753698216,,,-0.004511278195488799,1.734723475976807e-18
46,481,20,lime,LIME,0.9473684210526315,0.9518796992481202,0.0018560829753698216,,,-0.004511278195488688,1.734723475976807e-18
46,482,9,shapley_mc,Monte Carlo Shapley,0.8166666666666667,0.8166666666666667,-0.0017611629959769504,,,0.0,0.0
46,482,9,loo_oracle,LOO oracle,1.0,1.0,-0.0004422394502318072,,,0.0,0.0
46,482,9,lime,LIME,0.9,0.9,-0.0017611629959769504,,,0.0,0.0
46,483,20,shapley_mc,Monte Carlo Shapley,0.9157894736842105,0.9172932330827066,-0.004788810419260492,,,-0.0015037593984961184,6.938893903907228e-18
46,483,20,loo_oracle,LOO oracle,0.9984962406015038,1.0,-0.004788810419260492,,,-0.0015037593984962294,6.938893903907228e-18
46,483,20,lime,LIME,0.9609022556390976,0.956390977443609,-0.004788810419260492,,,0.004511278195488577,6.938893903907228e-18
46,484,20,shapley_mc,Monte Carlo Shapley,0.7428571428571428,0.7428571428571428,0.001688844670671763,,,0.0,5.204170427930421e-18
46,484,20,loo_oracle,LOO oracle,1.0,1.0,0.0007398727693691542,,,0.0,5.204170427930421e-18
46,484,20,lime,LIME,0.9879699248120299,0.9879699248120299,0.0007398727693691542,,,0.0,5.204170427930421e-18
46,485,20,shapley_mc,Monte Carlo Shapley,0.7353383458646616,0.7308270676691728,0.000807210497045241,,,0.004511278195488799,0.0
46,485,20,loo_oracle,LOO oracle,0.9984962406015038,1.0,0.00012253300420256297,,,-0.0015037593984962294,0.0
46,485,20,lime,LIME,0.9759398496240601,0.9774436090225563,0.00012253300420256297,,,-0.0015037593984962294,0.0
46,486,20,shapley_mc,Monte Carlo Shapley,0.8721804511278194,0.8721804511278194,0.0013572675108610155,,,0.0,8.673617379884035e-19
46,486,20,loo_oracle,LOO oracle,1.0,1.0,0.0013572675108610155,,,0.0,8.673617379884035e-19
46,486,20,lime,LIME,0.9699248120300751,0.9699248120300751,0.0013572675108610155,,,0.0,8.673617379884035e-19
46,487,11,shapley_mc,Monte Carlo Shapley,0.8454545454545455,0.8454545454545455,-0.004551142662308716,,,0.0,1.3877787807814457e-17
46,487,11,loo_oracle,LOO oracle,1.0,1.0,-0.004551142662308716,,,0.0,1.3877787807814457e-17
46,487,11,lime,LIME,0.9,0.9,-0.004551142662308716,,,0.0,1.3877787807814457e-17
46,488,10,shapley_mc,Monte Carlo Shapley,0.6848484848484848,0.6848484848484848,-0.007851306982885609,,,0.0,1.3877787807814457e-17
46,488,10,loo_oracle,LOO oracle,0.9999999999999999,0.9999999999999999,-0.007851306982885609,,,0.0,1.3877787807814457e-17
46,488,10,lime,LIME,0.9878787878787878,0.9878787878787878,-0.007851306982885609,,,0.0,1.3877787807814457e-17
46,489,20,shapley_mc,Monte Carlo Shapley,0.7699248120300751,0.6466165413533834,0.0005146374577416069,,,0.1233082706766917,2.168404344971009e-19
46,489,20,loo_oracle,LOO oracle,0.9578947368421054,1.0,-5.4164796034095186e-05,,,-0.042105263157894646,2.168404344971009e-19
46,489,20,lime,LIME,0.6766917293233082,0.7112781954887217,-5.89445452792714e-05,,,-0.0345864661654135,2.168404344971009e-19
46,490,13,shapley_mc,Monte Carlo Shapley,0.8076923076923077,0.8076923076923077,-0.0027007199044103425,,,0.0,1.3877787807814457e-17
46,490,13,loo_oracle,LOO oracle,1.0,1.0,-0.000830078557306102,,,0.0,1.3877787807814457e-17
46,490,13,lime,LIME,0.9725274725274725,0.9725274725274725,-0.000830078557306102,,,0.0,1.3877787807814457e-17
46,491,20,shapley_mc,Monte Carlo Shapley,0.9022556390977443,0.9022556390977443,-0.00301552290408047,,,0.0,6.938893903907228e-18
46,491,20,loo_oracle,LOO oracle,1.0,1.0,-0.00301552290408047,,,0.0,6.938893903907228e-18
46,491,20,lime,LIME,0.9849624060150375,0.9849624060150375,-0.00301552290408047,,,0.0,6.938893903907228e-18
46,492,20,shapley_mc,Monte Carlo Shapley,0.724812030075188,0.7338345864661654,0.0010780465647917126,,,-0.009022556390977376,0.0
46,492,20,loo_oracle,LOO oracle,0.9789473684210527,1.0,0.00020655945644548757,,,-0.021052631578947323,0.0
46,492,20,lime,LIME,0.8120300751879698,0.8541353383458646,0.00020655945644548757,,,-0.04210526315789487,0.0
46,493,20,shapley_mc,Monte Carlo Shapley,0.7819548872180451,0.7699248120300751,0.0004059765274783689,,,0.012030075187969946,0.0
46,493,20,loo_oracle,LOO oracle,0.9894736842105262,1.0,-0.0005825319361257297,,,-0.010526315789473828,0.0
46,493,20,lime,LIME,0.7984962406015037,0.8451127819548873,-0.0005825319361257297,,,-0.046616541353383556,0.0
46,494,20,shapley_mc,Monte Carlo Shapley,0.7548872180451127,0.7548872180451127,0.0014693388815897879,,,0.0,0.0
46,494,20,loo_oracle,LOO oracle,1.0,1.0,0.0014693388815897879,,,0.0,0.0
46,494,20,lime,LIME,0.9609022556390976,0.9609022556390976,0.0014693388815897879,,,0.0,0.0
46,495,20,shapley_mc,Monte Carlo Shapley,0.7338345864661654,0.6796992481203006,0.001999634748564405,,,0.054135338345864814,0.0
46,495,20,loo_oracle,LOO oracle,0.9924812030075187,1.0,0.001999634748564405,,,-0.007518796992481258,0.0
46,495,20,lime,LIME,0.9699248120300751,0.9774436090225563,0.001999634748564405,,,-0.007518796992481258,0.0
46,496,14,shapley_mc,Monte Carlo Shapley,0.8725274725274725,0.8945054945054945,-0.0023708091980135793,,,-0.02197802197802201,0.0
46,496,14,loo_oracle,LOO oracle,0.9956043956043955,1.0,-0.0010185446221343541,,,-0.004395604395604491,0.0
46,496,14,lime,LIME,0.8593406593406594,0.8637362637362638,-0.0023708091980135793,,,-0.00439560439560438,0.0
46,497,20,shapley_mc,Monte Carlo Shapley,0.7639097744360903,0.7413533834586465,0.000959751787075025,,,0.022556390977443774,0.0
46,497,20,loo_oracle,LOO oracle,0.9894736842105262,1.0,-3.770905632971555e-05,,,-0.010526315789473828,0.0
46,497,20,lime,LIME,0.9714285714285714,0.9804511278195487,-3.770905632971555e-05,,,-0.009022556390977265,0.0
46,498,20,shapley_mc,Monte Carlo Shapley,0.7609022556390977,0.7263157894736841,0.0007331036777214472,,,0.03458646616541361,8.673617379884035e-19
46,498,20,loo_oracle,LOO oracle,0.9759398496240601,1.0,-0.000891423211016984,,,-0.024060150375939893,8.673617379884035e-19
46,498,20,lime,LIME,0.9413533834586465,0.9473684210526315,-0.000891423211016984,,,-0.006015037593985029,8.673617379884035e-19
46,499,20,shapley_mc,Monte Carlo Shapley,0.6977443609022556,0.7127819548872181,0.0011053806715950465,,,-0.015037593984962516,0.0
46,499,20,loo_oracle,LOO oracle,0.9969924812030074,1.0,0.0011053806715950465,,,-0.00300751879699257,0.0
46,499,20,lime,LIME,0.956390977443609,0.9669172932330825,0.0011053806715950465,,,-0.010526315789473495,0.0
