mask,scenario,utility,improvement,relevance,relevance_delta,provider_disparity,fatigue,cost,intervention_stats
0,nominal,0.36953783749266045,0.0,0.6443234782124422,0.0,0.1630015432098766,0.49104686146278503,0.0,"{'repeat_cap_removed': 0, 'injection_noop': 0}"
1,nominal,0.6768372287261892,0.3072993912335288,0.6067586564882921,-0.0375648217241501,0.11633487654320995,0.0,0.05,"{'repeat_cap_removed': 21583, 'injection_noop': 0}"
2,nominal,0.2993174141295406,-0.07022042336311984,0.6384004394607812,-0.005923038751661003,0.15123456790123457,0.4545312331464334,0.1,"{'repeat_cap_removed': 0, 'injection_noop': 0}"
3,nominal,0.5749054090666118,0.20536757157395136,0.6028739161122585,-0.04144956210018369,0.10945216049382722,0.0,0.15000000000000002,"{'repeat_cap_removed': 19794, 'injection_noop': 0}"
4,nominal,0.31808368593638753,-0.05145415155627292,0.6408626118484717,-0.0034608663639704718,0.14516975308641977,0.45901818722079935,0.08,"{'repeat_cap_removed': 0, 'injection_noop': 0}"
5,nominal,0.5980604620293924,0.228522624536732,0.6073432052029589,-0.036980273009483255,0.10827160493827148,0.0,0.13,"{'repeat_cap_removed': 19822, 'injection_noop': 0}"
6,nominal,0.25356961223131874,-0.1159682252613417,0.6364948484369503,-0.007828629775491924,0.1261651234567902,0.4138233456777357,0.18,"{'repeat_cap_removed': 0, 'injection_noop': 0}"
7,nominal,0.49615092486491874,0.1266130873722583,0.6039160648436149,-0.04040741336882725,0.10645833333333332,0.0,0.23,"{'repeat_cap_removed': 17915, 'injection_noop': 0}"
8,nominal,0.3108356490741182,-0.058702188418542245,0.64374250058616,-0.0005809776262821753,0.158179012345679,0.48961044133949305,0.06,"{'repeat_cap_removed': 0, 'injection_noop': 0}"
9,nominal,0.6166361640983455,0.2470983266056851,0.6059309817151755,-0.038392496497266726,0.11499999999999999,0.0,0.11,"{'repeat_cap_removed': 21569, 'injection_noop': 0}"
10,nominal,0.2314771130096344,-0.13806072448302606,0.6405728298785244,-0.0037506483339178054,0.1533179012345678,0.4645983039226619,0.16,"{'repeat_cap_removed': 0, 'injection_noop': 0}"
11,nominal,0.5153792610593357,0.1458414235666753,0.6043347141516898,-0.03998876406075236,0.10998456790123456,0.0,0.21000000000000002,"{'repeat_cap_removed': 20362, 'injection_noop': 0}"
12,nominal,0.2502059292571324,-0.11933190823552803,0.642983014309193,-0.001340463903249156,0.15521604938271594,0.4683996345990081,0.14,"{'repeat_cap_removed': 0, 'injection_noop': 0}"
13,nominal,0.5378790872556485,0.16834124976298803,0.6080772496894469,-0.036246228522995305,0.10685185185185175,0.0,0.19,"{'repeat_cap_removed': 20359, 'injection_noop': 0}"
14,nominal,0.1771921463345044,-0.19234569115815606,0.6378869465853626,-0.006436531627079578,0.13929012345679004,0.4333103533473186,0.24000000000000002,"{'repeat_cap_removed': 0, 'injection_noop': 0}"
15,nominal,0.4365203544609655,0.06698251696830504,0.6053512431187745,-0.03897223509366765,0.10055555555555551,0.0,0.29000000000000004,"{'repeat_cap_removed': 18903, 'injection_noop': 0}"
16,nominal,0.29631141535450906,-0.07322642213815139,0.6257010427949341,-0.018622435417508076,0.2068827160493827,0.4622765418675156,0.08,"{'repeat_cap_removed': 0, 'injection_noop': 0}"
17,nominal,0.5839205457949693,0.21438270830230888,0.5937907578373168,-0.05053272037512535,0.1218055555555555,0.0,0.13,"{'repeat_cap_removed': 20838, 'injection_noop': 0}"
18,nominal,0.22741245812505956,-0.1421253793676009,0.6237570447655131,-0.0205664334469291,0.19304783950617277,0.4234147339694936,0.18,"{'repeat_cap_removed': 0, 'injection_noop': 0}"
19,nominal,0.4824698531298518,0.11293201563719135,0.5922019655253972,-0.05212151268704501,0.11944444444444446,0.0,0.23,"{'repeat_cap_removed': 19021, 'injection_noop': 0}"
20,nominal,0.24959477308583936,-0.11994306440682109,0.6242561636035349,-0.020067314608907316,0.20640432098765427,0.42360993648899237,0.16,"{'repeat_cap_removed': 0, 'injection_noop': 0}"
21,nominal,0.5054793971476437,0.13594155965498322,0.5959477393901286,-0.04837573882231361,0.11848765432098762,0.0,0.21000000000000002,"{'repeat_cap_removed': 19097, 'injection_noop': 0}"
22,nominal,0.16397230896833576,-0.2055655285243247,0.6303094773477232,-0.014014000864718934,0.16336419753086417,0.41501888479907195,0.26,"{'repeat_cap_removed': 0, 'injection_noop': 1440}"
23,nominal,0.40971495130497004,0.040177113812309595,0.6015831640587872,-0.04274031415365498,0.10418209876543205,0.0,0.31000000000000005,"{'repeat_cap_removed': 18425, 'injection_noop': 1440}"
24,nominal,0.23710536051851577,-0.13243247697414468,0.6293706891805169,-0.014952789031925318,0.18799382716049373,0.46801560913384516,0.14,"{'repeat_cap_removed': 0, 'injection_noop': 0}"
25,nominal,0.5274023758044686,0.15786453831180813,0.5973330981303134,-0.046990380082128747,0.1148148148148147,0.0,0.19,"{'repeat_cap_removed': 20948, 'injection_noop': 0}"
26,nominal,0.16406249720696406,-0.2054753402856964,0.6272513976410136,-0.017072080571428616,0.17975308641975296,0.435016850353155,0.24000000000000002,"{'repeat_cap_removed': 0, 'injection_noop': 0}"
27,nominal,0.4266877015983741,0.057149864105713655,0.5977171227242615,-0.046606355488180706,0.1129706790123457,0.0,0.29000000000000004,"{'repeat_cap_removed': 19454, 'injection_noop': 0}"
28,nominal,0.18015211799894676,-0.1893857194937137,0.6281030742083024,-0.01622040400413982,0.18381172839506177,0.43828822529447803,0.22000000000000003,"{'repeat_cap_removed': 0, 'injection_noop': 0}"
29,nominal,0.44775717653974656,0.07821933904708611,0.5984570287288695,-0.04586644948357266,0.11250771604938259,0.0,0.27,"{'repeat_cap_removed': 19564, 'injection_noop': 0}"
30,nominal,0.09116811661975321,-0.27836972087290723,0.6326781361046092,-0.011645342107832968,0.16130401234567904,0.43280693135685283,0.32000000000000006,"{'repeat_cap_removed': 0, 'injection_noop': 1440}"
31,nominal,0.3519311090559011,-0.017606728436759367,0.6036573585373408,-0.040666119675101364,0.10637345679012333,0.0,0.37,"{'repeat_cap_removed': 19129, 'injection_noop': 1440}"
32,nominal,0.25183135743500684,-0.1177064800576536,0.643049058334718,-0.0012744198777241422,0.048179012345678895,0.4871154123913272,0.12,"{'repeat_cap_removed': 0, 'injection_noop': 0}"
33,nominal,0.5564644622770727,0.18692662478441224,0.6066396221144239,-0.037683856098018276,0.06321759259259263,0.0,0.16999999999999998,"{'repeat_cap_removed': 21578, 'injection_noop': 0}"
34,nominal,0.17606444636811416,-0.19347339112454628,0.640108191358201,-0.004215286854241218,0.047739197530864086,0.45897997575905247,0.22,"{'repeat_cap_removed': 0, 'injection_noop': 0}"
35,nominal,0.45593177137705543,0.08639393388439498,0.6049325671816436,-0.039390911030798614,0.05915895061728382,0.0,0.27,"{'repeat_cap_removed': 20284, 'injection_noop': 0}"
36,nominal,0.19211477783118375,-0.1774230596614767,0.6416677986654999,-0.0026556795469422356,0.061751543209876525,0.4655677935484455,0.2,"{'repeat_cap_removed': 0, 'injection_noop': 0}"
37,nominal,0.4778253551331664,0.10828751764050593,0.6084591677548692,-0.03586431045757299,0.06900462962962961,0.0,0.25,"{'repeat_cap_removed': 20513, 'injection_noop': 0}"
38,nominal,0.12221244897122285,-0.2473253885214376,0.6383604854056227,-0.005962992806819445,0.0540432098765431,0.42804756480902584,0.30000000000000004,"{'repeat_cap_removed': 0, 'injection_noop': 0}"
39,nominal,0.3760885387704521,0.006550701277791671,0.6046844336912931,-0.03963904452114908,0.07405092592592588,0.0,0.35,"{'repeat_cap_removed': 18896, 'injection_noop': 0}"
40,nominal,0.19562163283933726,-0.1739162046533232,0.6434552815969742,-0.0008681966154679976,0.04918981481481488,0.4834985495980135,0.18,"{'repeat_cap_removed': 0, 'injection_noop': 0}"
41,nominal,0.49674958611827447,0.12721174862561402,0.6070137489071987,-0.037309729305243455,0.06280864197530867,0.0,0.22999999999999998,"{'repeat_cap_removed': 21553, 'injection_noop': 0}"
42,nominal,0.1143878747456375,-0.25514996274702295,0.6411060361709847,-0.0032174420414574634,0.050138888888888955,0.4607841683786877,0.28,"{'repeat_cap_removed': 0, 'injection_noop': 0}"
43,nominal,0.3954960705048437,0.02595823301218325,0.604453208428475,-0.03987026978396713,0.060694444444444384,0.0,0.32999999999999996,"{'repeat_cap_removed': 20449, 'injection_noop': 0}"
44,nominal,0.1314861276831346,-0.23805170980952584,0.6418036540464923,-0.002519824165949869,0.053070987654320945,0.46598268047200664,0.26,"{'repeat_cap_removed': 0, 'injection_noop': 0}"
45,nominal,0.4179766157196921,0.04843877822703163,0.6088676051381283,-0.03545587307431386,0.06720679012345676,0.0,0.31,"{'repeat_cap_removed': 20488, 'injection_noop': 0}"
46,nominal,0.05726885104919771,-0.31226898644346274,0.6365867629924229,-0.007736715220019286,0.05587962962962956,0.4335072163656649,0.36,"{'repeat_cap_removed': 0, 'injection_noop': 0}"
47,nominal,0.31627539365567314,-0.053262443836987305,0.6058758196999213,-0.038447658512520855,0.06770833333333326,0.0,0.41000000000000003,"{'repeat_cap_removed': 19235, 'injection_noop': 0}"
48,nominal,0.18227453808858346,-0.187263299404077,0.6341715195158222,-0.01015195869662,0.058140432098765515,0.4648438964356528,0.2,"{'repeat_cap_removed': 0, 'injection_noop': 0}"
49,nominal,0.46758478426785255,0.0980469467751921,0.5974137027919427,-0.046909775420499455,0.060239197530864264,0.0,0.25,"{'repeat_cap_removed': 20915, 'injection_noop': 0}"
50,nominal,0.11373175234035726,-0.2558060851523032,0.6305738976038822,-0.01374958060856002,0.05557870370370366,0.42586487237946125,0.30000000000000004,"{'repeat_cap_removed': 0, 'injection_noop': 0}"
51,nominal,0.36661749949348343,-0.002920337999177014,0.5945533105864614,-0.049770167625980744,0.055763888888888946,0.0,0.35,"{'repeat_cap_removed': 19185, 'injection_noop': 0}"
52,nominal,0.11902801640937105,-0.2505098210832894,0.630075404409501,-0.01424807380294113,0.07260030864197531,0.44165930358188993,0.28,"{'repeat_cap_removed': 0, 'injection_noop': 0}"
53,nominal,0.38670302972486786,0.017165192232207416,0.5969914866214124,-0.04733199159102974,0.0656944444444445,0.0,0.33,"{'repeat_cap_removed': 19959, 'injection_noop': 0}"
54,nominal,0.0332863276334876,-0.33625150985917285,0.6333914918240998,-0.010931986388342363,0.0589043209876543,0.4315461506736928,0.38,"{'repeat_cap_removed': 0, 'injection_noop': 1440}"
55,nominal,0.29081386054448977,-0.07872397694817068,0.6016852774719295,-0.04263820074051272,0.06452932098765429,0.0,0.43000000000000005,"{'repeat_cap_removed': 19255, 'injection_noop': 1440}"
56,nominal,0.12371245541768217,-0.24582538207497828,0.6341515034665463,-0.010171974745895929,0.056180555555555456,0.4638801860959009,0.26,"{'repeat_cap_removed': 0, 'injection_noop': 0}"
57,nominal,0.40931151423764095,0.0397736767449805,0.5993937217886679,-0.04492975642377428,0.06064043209876546,0.0,0.31,"{'repeat_cap_removed': 20999, 'injection_noop': 0}"
58,nominal,0.04724593413767053,-0.3222919033549899,0.6314273632196852,-0.012896114992757002,0.05939814814814803,0.43593130470974245,0.36,"{'repeat_cap_removed': 0, 'injection_noop': 0}"
59,nominal,0.3084175706055707,-0.06112026688708977,0.5988466781777336,-0.04547680003470855,0.06066358024691354,0.0,0.41,"{'repeat_cap_removed': 19600, 'injection_noop': 0}"
60,nominal,0.06568615677737694,-0.3038516807152835,0.6307474153285251,-0.013576062883917106,0.06057870370370377,0.43600828650218076,0.34,"{'repeat_cap_removed': 0, 'injection_noop': 0}"
61,nominal,0.3284405210795819,-0.041097316413078566,0.5993285479626304,-0.044994930249811826,0.06286265432098759,0.0,0.39,"{'repeat_cap_removed': 19878, 'injection_noop': 0}"
62,nominal,-0.02692945981559236,-0.3964672973082528,0.6347684603715898,-0.009555017840852331,0.055208333333333304,0.43244295080778117,0.44,"{'repeat_cap_removed': 0, 'injection_noop': 1440}"
63,nominal,0.23243237272117578,-0.13710546477148466,0.6031917051668835,-0.041131773045558706,0.05979166666666669,0.0,0.49,"{'repeat_cap_removed': 19451, 'injection_noop': 1440}"
64,nominal,0.29953783749266044,-0.07,0.6443234782124422,0.0,0.1630015432098766,0.49104686146278503,0.07,"{'repeat_cap_removed': 0, 'injection_noop': 0, 'session_cap_demoted': 12773}"
65,nominal,0.6068372287261893,0.23729939123352883,0.6067586564882921,-0.0375648217241501,0.11633487654320995,0.0,0.12000000000000001,"{'repeat_cap_removed': 21583, 'injection_noop': 0, 'session_cap_demoted': 9158}"
66,nominal,0.22931741412954063,-0.14022042336311982,0.6384004394607813,-0.005923038751660892,0.15123456790123457,0.4545312331464334,0.17,"{'repeat_cap_removed': 0, 'injection_noop': 0, 'session_cap_demoted': 11513}"
67,nominal,0.5049054090666116,0.13536757157395118,0.6028739161122585,-0.04144956210018369,0.10945216049382722,0.0,0.22000000000000003,"{'repeat_cap_removed': 19794, 'injection_noop': 0, 'session_cap_demoted': 8138}"
68,nominal,0.24808368593638752,-0.12145415155627293,0.6408626118484717,-0.0034608663639704718,0.14516975308641977,0.45901818722079935,0.15000000000000002,"{'repeat_cap_removed': 0, 'injection_noop': 0, 'session_cap_demoted': 11682}"
69,nominal,0.5280604620293925,0.15852262453673205,0.6073432052029588,-0.036980273009483366,0.10827160493827148,0.0,0.2,"{'repeat_cap_removed': 19822, 'injection_noop': 0, 'session_cap_demoted': 8277}"
70,nominal,0.18356961223131874,-0.1859682252613417,0.6364948484369503,-0.007828629775491924,0.1261651234567902,0.4138233456777357,0.25,"{'repeat_cap_removed': 0, 'injection_noop': 0, 'session_cap_demoted': 10462}"
71,nominal,0.4261509248649188,0.05661308737225834,0.6039160648436149,-0.04040741336882725,0.10645833333333332,0.0,0.30000000000000004,"{'repeat_cap_removed': 17915, 'injection_noop': 0, 'session_cap_demoted': 7298}"
72,nominal,0.2408356490741182,-0.12870218841854225,0.64374250058616,-0.0005809776262821753,0.158179012345679,0.48961044133949305,0.13,"{'repeat_cap_removed': 0, 'injection_noop': 0, 'session_cap_demoted': 12699}"
73,nominal,0.5466361640983455,0.17709832660568503,0.6059309817151753,-0.03839249649726684,0.11499999999999999,0.0,0.18,"{'repeat_cap_removed': 21569, 'injection_noop': 0, 'session_cap_demoted': 9043}"
74,nominal,0.16147711300963438,-0.20806072448302607,0.6405728298785244,-0.0037506483339178054,0.1533179012345678,0.4645983039226619,0.23,"{'repeat_cap_removed': 0, 'injection_noop': 0, 'session_cap_demoted': 11738}"
75,nominal,0.4453792610593357,0.07584142356667523,0.6043347141516898,-0.03998876406075236,0.10998456790123456,0.0,0.28,"{'repeat_cap_removed': 20362, 'injection_noop': 0, 'session_cap_demoted': 8329}"
76,nominal,0.1802059292571324,-0.18933190823552803,0.642983014309193,-0.001340463903249156,0.15521604938271594,0.4683996345990081,0.21000000000000002,"{'repeat_cap_removed': 0, 'injection_noop': 0, 'session_cap_demoted': 11896}"
77,nominal,0.4678790872556484,0.09834124976298797,0.608077249689447,-0.036246228522995194,0.10685185185185175,0.0,0.26,"{'repeat_cap_removed': 20359, 'injection_noop': 0, 'session_cap_demoted': 8455}"
78,nominal,0.10719214633450436,-0.2623456911581561,0.6378869465853625,-0.006436531627079689,0.13929012345679004,0.4333103533473186,0.31000000000000005,"{'repeat_cap_removed': 0, 'injection_noop': 0, 'session_cap_demoted': 10822}"
79,nominal,0.36652035446096554,-0.003017483031694912,0.6053512431187745,-0.03897223509366765,0.10055555555555551,0.0,0.36,"{'repeat_cap_removed': 18903, 'injection_noop': 0, 'session_cap_demoted': 7634}"
80,nominal,0.22631141535450905,-0.1432264221381514,0.6257010427949341,-0.018622435417508076,0.2068827160493827,0.4622765418675156,0.15000000000000002,"{'repeat_cap_removed': 0, 'injection_noop': 0, 'session_cap_demoted': 12445}"
81,nominal,0.5139205457949694,0.14438270830230893,0.5937907578373168,-0.05053272037512535,0.1218055555555555,0.0,0.2,"{'repeat_cap_removed': 20838, 'injection_noop': 0, 'session_cap_demoted': 8888}"
82,nominal,0.15741245812505955,-0.2121253793676009,0.6237570447655131,-0.0205664334469291,0.19304783950617277,0.4234147339694936,0.25,"{'repeat_cap_removed': 0, 'injection_noop': 0, 'session_cap_demoted': 11207}"
83,nominal,0.41246985312985174,0.04293201563719129,0.5922019655253972,-0.05212151268704501,0.11944444444444446,0.0,0.30000000000000004,"{'repeat_cap_removed': 19021, 'injection_noop': 0, 'session_cap_demoted': 7927}"
84,nominal,0.17959477308583932,-0.18994306440682113,0.6242561636035349,-0.020067314608907316,0.20640432098765427,0.42360993648899237,0.23000000000000004,"{'repeat_cap_removed': 0, 'injection_noop': 0, 'session_cap_demoted': 11300}"
85,nominal,0.4354793971476437,0.06594155965498327,0.5959477393901286,-0.04837573882231361,0.11848765432098762,0.0,0.28,"{'repeat_cap_removed': 19097, 'injection_noop': 0, 'session_cap_demoted': 8135}"
86,nominal,0.0939723089683357,-0.27556552852432475,0.6303094773477232,-0.014014000864718934,0.16336419753086417,0.41501888479907195,0.33000000000000007,"{'repeat_cap_removed': 0, 'injection_noop': 1440, 'session_cap_demoted': 10812}"
87,nominal,0.3397149513049701,-0.029822886187690356,0.6015831640587872,-0.04274031415365498,0.10418209876543205,0.0,0.38,"{'repeat_cap_removed': 18425, 'injection_noop': 1440, 'session_cap_demoted': 7704}"
88,nominal,0.16710536051851577,-0.20243247697414468,0.6293706891805169,-0.014952789031925318,0.18799382716049373,0.46801560913384516,0.21000000000000002,"{'repeat_cap_removed': 0, 'injection_noop': 0, 'session_cap_demoted': 12432}"
89,nominal,0.4574023758044685,0.08786453831180807,0.5973330981303134,-0.046990380082128747,0.1148148148148147,0.0,0.26,"{'repeat_cap_removed': 20948, 'injection_noop': 0, 'session_cap_demoted': 8821}"
90,nominal,0.09406249720696414,-0.2754753402856963,0.6272513976410136,-0.017072080571428616,0.17975308641975296,0.435016850353155,0.31000000000000005,"{'repeat_cap_removed': 0, 'injection_noop': 0, 'session_cap_demoted': 11308}"
91,nominal,0.3566877015983741,-0.012850135894286352,0.5977171227242615,-0.046606355488180706,0.1129706790123457,0.0,0.36000000000000004,"{'repeat_cap_removed': 19454, 'injection_noop': 0, 'session_cap_demoted': 8018}"
92,nominal,0.11015211799894675,-0.2593857194937137,0.6281030742083024,-0.01622040400413982,0.18381172839506177,0.43828822529447803,0.29000000000000004,"{'repeat_cap_removed': 0, 'injection_noop': 0, 'session_cap_demoted': 11703}"
93,nominal,0.37775717653974633,0.008219339047085883,0.5984570287288695,-0.04586644948357266,0.11250771604938259,0.0,0.34,"{'repeat_cap_removed': 19564, 'injection_noop': 0, 'session_cap_demoted': 8158}"
94,nominal,0.021168116619753208,-0.34836972087290724,0.6326781361046092,-0.011645342107832968,0.16130401234567904,0.43280693135685283,0.39000000000000007,"{'repeat_cap_removed': 0, 'injection_noop': 1440, 'session_cap_demoted': 11179}"
95,nominal,0.281931109055901,-0.08760672843675943,0.6036573585373407,-0.040666119675101475,0.10637345679012333,0.0,0.44000000000000006,"{'repeat_cap_removed': 19129, 'injection_noop': 1440, 'session_cap_demoted': 7882}"
96,nominal,0.18183135743500684,-0.1877064800576536,0.643049058334718,-0.0012744198777241422,0.048179012345678895,0.4871154123913272,0.19,"{'repeat_cap_removed': 0, 'injection_noop': 0, 'session_cap_demoted': 12607}"
97,nominal,0.48646446227707285,0.1169266247844124,0.6066396221144239,-0.037683856098018276,0.06321759259259263,0.0,0.24,"{'repeat_cap_removed': 21578, 'injection_noop': 0, 'session_cap_demoted': 9003}"
98,nominal,0.10606444636811413,-0.2634733911245463,0.6401081913582011,-0.004215286854241107,0.047739197530864086,0.45897997575905247,0.29000000000000004,"{'repeat_cap_removed': 0, 'injection_noop': 0, 'session_cap_demoted': 11586}"
99,nominal,0.3859317713770555,0.01639393388439503,0.6049325671816436,-0.039390911030798614,0.05915895061728382,0.0,0.33999999999999997,"{'repeat_cap_removed': 20284, 'injection_noop': 0, 'session_cap_demoted': 8295}"
100,nominal,0.12211477783118374,-0.2474230596614767,0.6416677986654999,-0.0026556795469422356,0.061751543209876525,0.4655677935484455,0.27,"{'repeat_cap_removed': 0, 'injection_noop': 0, 'session_cap_demoted': 11890}"
101,nominal,0.40782535513316637,0.03828751764050592,0.6084591677548693,-0.03586431045757288,0.06900462962962961,0.0,0.32,"{'repeat_cap_removed': 20513, 'injection_noop': 0, 'session_cap_demoted': 8555}"
102,nominal,0.0522124489712229,-0.31732538852143755,0.6383604854056228,-0.005962992806819334,0.0540432098765431,0.42804756480902584,0.37,"{'repeat_cap_removed': 0, 'injection_noop': 0, 'session_cap_demoted': 10741}"
103,nominal,0.30608853877045206,-0.06344929872220839,0.6046844336912931,-0.03963904452114908,0.07405092592592588,0.0,0.42000000000000004,"{'repeat_cap_removed': 18896, 'injection_noop': 0, 'session_cap_demoted': 7717}"
104,nominal,0.12562163283933725,-0.2439162046533232,0.6434552815969742,-0.0008681966154679976,0.04918981481481488,0.4834985495980135,0.25,"{'repeat_cap_removed': 0, 'injection_noop': 0, 'session_cap_demoted': 12506}"
105,nominal,0.42674958611827446,0.05721174862561401,0.6070137489071987,-0.037309729305243455,0.06280864197530867,0.0,0.3,"{'repeat_cap_removed': 21553, 'injection_noop': 0, 'session_cap_demoted': 8876}"
106,nominal,0.044387874745637546,-0.3251499627470229,0.6411060361709847,-0.0032174420414574634,0.050138888888888955,0.4607841683786877,0.35,"{'repeat_cap_removed': 0, 'injection_noop': 0, 'session_cap_demoted': 11605}"
107,nominal,0.3254960705048437,-0.044041766987816755,0.6044532084284749,-0.03987026978396724,0.060694444444444384,0.0,0.39999999999999997,"{'repeat_cap_removed': 20449, 'injection_noop': 0, 'session_cap_demoted': 8277}"
108,nominal,0.061486127683134606,-0.30805170980952584,0.6418036540464923,-0.002519824165949869,0.053070987654320945,0.46598268047200664,0.33,"{'repeat_cap_removed': 0, 'injection_noop': 0, 'session_cap_demoted': 11812}"
109,nominal,0.3479766157196921,-0.021561221772968375,0.6088676051381283,-0.03545587307431386,0.06720679012345676,0.0,0.38,"{'repeat_cap_removed': 20488, 'injection_noop': 0, 'session_cap_demoted': 8406}"
110,nominal,-0.012731148950802296,-0.38226898644346274,0.6365867629924231,-0.007736715220019064,0.05587962962962956,0.4335072163656649,0.43,"{'repeat_cap_removed': 0, 'injection_noop': 0, 'session_cap_demoted': 10796}"
111,nominal,0.2462753936556732,-0.12326244383698726,0.6058758196999213,-0.038447658512520855,0.06770833333333326,0.0,0.48,"{'repeat_cap_removed': 19235, 'injection_noop': 0, 'session_cap_demoted': 7708}"
112,nominal,0.11227453808858345,-0.257263299404077,0.6341715195158222,-0.01015195869662,0.058140432098765515,0.4648438964356528,0.27,"{'repeat_cap_removed': 0, 'injection_noop': 0, 'session_cap_demoted': 12324}"
113,nominal,0.39758478426785254,0.028046946775192094,0.5974137027919427,-0.046909775420499455,0.060239197530864264,0.0,0.32,"{'repeat_cap_removed': 20915, 'injection_noop': 0, 'session_cap_demoted': 8825}"
114,nominal,0.04373175234035742,-0.325806085152303,0.6305738976038822,-0.01374958060856002,0.05557870370370366,0.42586487237946125,0.37,"{'repeat_cap_removed': 0, 'injection_noop': 0, 'session_cap_demoted': 11113}"
115,nominal,0.2966174994934834,-0.07292033799917702,0.5945533105864614,-0.049770167625980744,0.055763888888888946,0.0,0.42,"{'repeat_cap_removed': 19185, 'injection_noop': 0, 'session_cap_demoted': 7877}"
116,nominal,0.049028016409371045,-0.3205098210832894,0.6300754044095009,-0.014248073802941241,0.07260030864197531,0.44165930358188993,0.35000000000000003,"{'repeat_cap_removed': 0, 'injection_noop': 0, 'session_cap_demoted': 11802}"
117,nominal,0.31670302972486786,-0.05283480776779259,0.5969914866214124,-0.04733199159102974,0.0656944444444445,0.0,0.4,"{'repeat_cap_removed': 19959, 'injection_noop': 0, 'session_cap_demoted': 8352}"
118,nominal,-0.036713672366512407,-0.40625150985917285,0.6333914918240998,-0.010931986388342363,0.0589043209876543,0.4315461506736928,0.45,"{'repeat_cap_removed': 0, 'injection_noop': 1440, 'session_cap_demoted': 11173}"
119,nominal,0.22081386054448982,-0.14872397694817063,0.6016852774719295,-0.04263820074051272,0.06452932098765429,0.0,0.5,"{'repeat_cap_removed': 19255, 'injection_noop': 1440, 'session_cap_demoted': 8045}"
120,nominal,0.05371245541768216,-0.3158253820749783,0.6341515034665463,-0.010171974745895929,0.056180555555555456,0.4638801860959009,0.33,"{'repeat_cap_removed': 0, 'injection_noop': 0, 'session_cap_demoted': 12240}"
121,nominal,0.33931151423764094,-0.030226323255019505,0.5993937217886679,-0.04492975642377428,0.06064043209876546,0.0,0.38,"{'repeat_cap_removed': 20999, 'injection_noop': 0, 'session_cap_demoted': 8696}"
122,nominal,-0.02275406586232953,-0.39229190335499,0.6314273632196852,-0.012896114992757002,0.05939814814814803,0.43593130470974245,0.43000000000000005,"{'repeat_cap_removed': 0, 'injection_noop': 0, 'session_cap_demoted': 11210}"
123,nominal,0.23841757060557062,-0.13112026688708983,0.5988466781777336,-0.04547680003470855,0.06066358024691354,0.0,0.48000000000000004,"{'repeat_cap_removed': 19600, 'injection_noop': 0, 'session_cap_demoted': 7999}"
124,nominal,-0.0043138432226230705,-0.3738516807152835,0.6307474153285251,-0.013576062883917106,0.06057870370370377,0.43600828650218076,0.41000000000000003,"{'repeat_cap_removed': 0, 'injection_noop': 0, 'session_cap_demoted': 11526}"
125,nominal,0.2584405210795819,-0.11109731641307857,0.5993285479626304,-0.044994930249811826,0.06286265432098759,0.0,0.46,"{'repeat_cap_removed': 19878, 'injection_noop': 0, 'session_cap_demoted': 8203}"
126,nominal,-0.09692945981559237,-0.4664672973082528,0.6347684603715898,-0.009555017840852331,0.055208333333333304,0.43244295080778117,0.51,"{'repeat_cap_removed': 0, 'injection_noop': 1440, 'session_cap_demoted': 11153}"
127,nominal,0.16243237272117572,-0.20710546477148473,0.6031917051668835,-0.041131773045558706,0.05979166666666669,0.0,0.56,"{'repeat_cap_removed': 19451, 'injection_noop': 1440, 'session_cap_demoted': 7929}"
128,nominal,0.34901164928196904,-0.02052618821069141,0.6336366492219775,-0.010686828990464692,0.15635802469135807,0.40521452184910195,0.09,"{'repeat_cap_removed': 0, 'injection_noop': 0, 'freshness_quota': 2880}"
129,nominal,0.585879431252159,0.21634159375949857,0.6051410460382546,-0.0391824321741876,0.12274691358024681,0.0,0.14,"{'repeat_cap_removed': 20677, 'injection_noop': 0, 'freshness_quota': 2880}"
130,nominal,0.2844157871886241,-0.08512205030403636,0.6282423780801459,-0.016081100132296244,0.14471450617283943,0.360229639241105,0.19,"{'repeat_cap_removed': 0, 'injection_noop': 0, 'freshness_quota': 2880}"
131,nominal,0.48469684263197665,0.1151590051393162,0.6022693581408624,-0.042054120071579826,0.11786265432098753,0.0,0.24000000000000002,"{'repeat_cap_removed': 19038, 'injection_noop': 0, 'freshness_quota': 2880}"
132,nominal,0.29747842440203365,-0.0720594130906268,0.6314336704689352,-0.012889807743507009,0.16030864197530859,0.3709489954627155,0.16999999999999998,"{'repeat_cap_removed': 0, 'injection_noop': 0, 'freshness_quota': 2880}"
133,nominal,0.5076535057278516,0.13811566823519117,0.6077475509429803,-0.036575927269461905,0.10646604938271609,0.0,0.21999999999999997,"{'repeat_cap_removed': 19254, 'injection_noop': 0, 'freshness_quota': 2880}"
134,nominal,0.23397003944346306,-0.13556779804919739,0.6252748276072334,-0.019048650605208772,0.15045524691358025,0.3249772570952771,0.27,"{'repeat_cap_removed': 0, 'injection_noop': 0, 'freshness_quota': 2880}"
135,nominal,0.405930909415822,0.036393071923161546,0.6046169718799632,-0.039706506332478964,0.10955246913580252,0.0,0.31999999999999995,"{'repeat_cap_removed': 17554, 'injection_noop': 0, 'freshness_quota': 2880}"
136,nominal,0.29288078964593056,-0.07665704784672989,0.6339232297406725,-0.01040024847176968,0.15513888888888894,0.40119995546059606,0.15,"{'repeat_cap_removed': 0, 'injection_noop': 0, 'freshness_quota': 2880}"
137,nominal,0.5259245907917467,0.15638675329908625,0.6055714771305628,-0.03875200108187937,0.11624999999999996,0.0,0.2,"{'repeat_cap_removed': 20418, 'injection_noop': 0, 'freshness_quota': 2880}"
138,nominal,0.22288113706003632,-0.14665670043262413,0.6293839851445282,-0.014939493067913978,0.13846450617283956,0.3637284014017199,0.25,"{'repeat_cap_removed': 0, 'injection_noop': 0, 'freshness_quota': 2880}"
139,nominal,0.4249013213258699,0.05536348383320944,0.6030361700408899,-0.04128730817155224,0.11510030864197529,0.0,0.30000000000000004,"{'repeat_cap_removed': 19197, 'injection_noop': 0, 'freshness_quota': 2880}"
140,nominal,0.23795697375778171,-0.13158086373487873,0.6336812094548875,-0.010642268757554696,0.14094135802469143,0.3718191411435988,0.23,"{'repeat_cap_removed': 0, 'injection_noop': 0, 'freshness_quota': 2880}"
141,nominal,0.4474320023666548,0.07789416487399436,0.6075081256901986,-0.03681535252224355,0.10682098765432091,0.0,0.28,"{'repeat_cap_removed': 19328, 'injection_noop': 0, 'freshness_quota': 2880}"
142,nominal,0.16967409669908212,-0.19986374079357833,0.6265542550760648,-0.01776922313637741,0.13077160493827167,0.33113484390540776,0.33,"{'repeat_cap_removed': 0, 'injection_noop': 0, 'freshness_quota': 2880}"
143,nominal,0.3457707242108482,-0.023767113281812247,0.6055331159352886,-0.0387903622771536,0.10425154320987651,0.0,0.38,"{'repeat_cap_removed': 17748, 'injection_noop': 0, 'freshness_quota': 2880}"
144,nominal,0.27779270451619675,-0.0917451329764637,0.6264072392401824,-0.0179162389722598,0.17149691358024688,0.3876015495763532,0.16999999999999998,"{'repeat_cap_removed': 0, 'injection_noop': 0, 'freshness_quota': 2880}"
145,nominal,0.5017545185948549,0.13221668110219442,0.6016760349888187,-0.04264744322362346,0.11705246913580236,0.0,0.21999999999999997,"{'repeat_cap_removed': 20037, 'injection_noop': 0, 'freshness_quota': 2880}"
146,nominal,0.2149280513443772,-0.15460978614828325,0.6219886862680244,-0.022334791944417787,0.16099537037037037,0.34195651208307,0.27,"{'repeat_cap_removed': 0, 'injection_noop': 0, 'freshness_quota': 2880}"
147,nominal,0.40143292059758884,0.03189508310492839,0.6003036683838232,-0.04401980982861897,0.11999999999999988,0.0,0.31999999999999995,"{'repeat_cap_removed': 18376, 'injection_noop': 0, 'freshness_quota': 2880}"
148,nominal,0.22668763395754293,-0.14285020353511751,0.6254211688158626,-0.018902309396579553,0.16471450617283945,0.35303654817632923,0.25,"{'repeat_cap_removed': 0, 'injection_noop': 0, 'freshness_quota': 2880}"
149,nominal,0.4238608138228324,0.05432297633017197,0.6039045461765506,-0.04041893203589153,0.10361882716049386,0.0,0.3,"{'repeat_cap_removed': 18607, 'injection_noop': 0, 'freshness_quota': 2880}"
150,nominal,0.1425194387711925,-0.22701839872146795,0.6243743565103368,-0.019949121702105388,0.16526234567901232,0.3354967118688747,0.35,"{'repeat_cap_removed': 0, 'injection_noop': 1440, 'freshness_quota': 2880}"
151,nominal,0.3239164822333528,-0.04562135525930766,0.6041886641455501,-0.04013481406689212,0.10303240740740738,0.0,0.4,"{'repeat_cap_removed': 18022, 'injection_noop': 1440, 'freshness_quota': 2880}"
152,nominal,0.22265858657210355,-0.1468792509205569,0.623936080740092,-0.02038739747235019,0.16140432098765434,0.37895299989652187,0.23,"{'repeat_cap_removed': 0, 'injection_noop': 0, 'freshness_quota': 2880}"
153,nominal,0.44049706054740867,0.07095922305474822,0.6013326340960301,-0.042990844116412075,0.11604938271604937,0.0,0.28,"{'repeat_cap_removed': 19746, 'injection_noop': 0, 'freshness_quota': 2880}"
154,nominal,0.15513900175147022,-0.21439883574119023,0.622234795277383,-0.022088682935059167,0.1382947530864198,0.3403927900821806,0.33,"{'repeat_cap_removed': 0, 'injection_noop': 0, 'freshness_quota': 2880}"
155,nominal,0.3407986165207883,-0.028739220971872148,0.5989224079468938,-0.045401070265548404,0.10976080246913589,0.0,0.37999999999999995,"{'repeat_cap_removed': 18307, 'injection_noop': 0, 'freshness_quota': 2880}"
156,nominal,0.16727968538386162,-0.20225815210879883,0.6210819336465887,-0.023241544565853478,0.1595447530864198,0.3482033396325974,0.31,"{'repeat_cap_removed': 0, 'injection_noop': 0, 'freshness_quota': 2880}"
157,nominal,0.3608156380470643,-0.008722199445596157,0.6006522962813896,-0.04367118193105257,0.1044521604938271,0.0,0.36,"{'repeat_cap_removed': 18518, 'injection_noop': 0, 'freshness_quota': 2880}"
158,nominal,0.08106731822913282,-0.2884705192635276,0.6229989129044369,-0.021324565308005305,0.15192129629629636,0.33573119693430276,0.41,"{'repeat_cap_removed': 0, 'injection_noop': 1440, 'freshness_quota': 2880}"
159,nominal,0.26331954528763624,-0.10621829220502421,0.6041910838185214,-0.0401323943939208,0.11057098765432105,0.0,0.45999999999999996,"{'repeat_cap_removed': 18071, 'injection_noop': 1440, 'freshness_quota': 2880}"
160,nominal,0.23298289318752716,-0.1365549443051333,0.6350280147226739,-0.009295463489768285,0.04433641975308644,0.40005139126405775,0.21,"{'repeat_cap_removed': 0, 'injection_noop': 0, 'freshness_quota': 2880}"
161,nominal,0.4660882220809499,0.09655038458828946,0.6059642958882194,-0.03835918232422275,0.07873456790123456,0.0,0.26,"{'repeat_cap_removed': 20481, 'injection_noop': 0, 'freshness_quota': 2880}"
162,nominal,0.16758957512510475,-0.2019482623675557,0.6321878705265565,-0.01213560768588573,0.035787037037037006,0.3572472454956398,0.31,"{'repeat_cap_removed': 0, 'injection_noop': 0, 'freshness_quota': 2880}"
163,nominal,0.3653444370657737,-0.004193400426886762,0.6046092528287761,-0.03971422538366609,0.05817129629629636,0.0,0.36,"{'repeat_cap_removed': 19279, 'injection_noop': 0, 'freshness_quota': 2880}"
164,nominal,0.1747857652347129,-0.19475207225794755,0.6349204888914879,-0.009402989320954291,0.04343364197530852,0.3742350670646555,0.29,"{'repeat_cap_removed': 0, 'injection_noop': 0, 'freshness_quota': 2880}"
165,nominal,0.3871136785956094,0.017575841102948964,0.6083096439390984,-0.036013834273343814,0.07791666666666663,0.0,0.33999999999999997,"{'repeat_cap_removed': 19716, 'injection_noop': 0, 'freshness_quota': 2880}"
166,nominal,0.110598209704723,-0.25893962778793744,0.6296524333840753,-0.014671044828366897,0.04419753086419753,0.32836275142275745,0.39,"{'repeat_cap_removed': 0, 'injection_noop': 0, 'freshness_quota': 2880}"
167,nominal,0.28558828613841963,-0.08394955135424081,0.605181868288201,-0.039141609924241205,0.07571759259259259,0.0,0.44,"{'repeat_cap_removed': 18000, 'injection_noop': 0, 'freshness_quota': 2880}"
168,nominal,0.17717810495484976,-0.1923597325378107,0.6335168865702655,-0.010806591642176677,0.04375771604938272,0.39476163492212213,0.27,"{'repeat_cap_removed': 0, 'injection_noop': 0, 'freshness_quota': 2880}"
169,nominal,0.4061410168714528,0.03660317937879237,0.6061263846237241,-0.038197093588718034,0.0792515432098766,0.0,0.32,"{'repeat_cap_removed': 20356, 'injection_noop': 0, 'freshness_quota': 2880}"
170,nominal,0.10298674638873251,-0.26655109110392794,0.6302051158902309,-0.014118362322211309,0.042831790123456726,0.36283911478053915,0.37,"{'repeat_cap_removed': 0, 'injection_noop': 0, 'freshness_quota': 2880}"
171,nominal,0.30515255423878,-0.06438528325388043,0.6044923317119865,-0.039831146500455716,0.06795524691358024,0.0,0.42,"{'repeat_cap_removed': 19325, 'injection_noop': 0, 'freshness_quota': 2880}"
172,nominal,0.11795252159854486,-0.2515853158941156,0.6331057702219568,-0.011217707990485382,0.04846450617283948,0.3710067563566822,0.35,"{'repeat_cap_removed': 0, 'injection_noop': 0, 'freshness_quota': 2880}"
173,nominal,0.32717629624661304,-0.04236154124604741,0.607249183319529,-0.03707429489291314,0.07718364197530869,0.0,0.4,"{'repeat_cap_removed': 19546, 'injection_noop': 0, 'freshness_quota': 2880}"
174,nominal,0.04678164483925695,-0.3227561926534035,0.6301446547409868,-0.014178823471455382,0.048719135802469005,0.33422487270235984,0.45,"{'repeat_cap_removed': 0, 'injection_noop': 0, 'freshness_quota': 2880}"
175,nominal,0.22574296773684843,-0.14379486975581202,0.605280152893954,-0.0390433253184882,0.07273919753086422,0.0,0.5,"{'repeat_cap_removed': 18135, 'injection_noop': 0, 'freshness_quota': 2880}"
176,nominal,0.163174896506951,-0.20636294098570945,0.629964823431332,-0.014358654781110203,0.04665895061728387,0.38083074757192087,0.29,"{'repeat_cap_removed': 0, 'injection_noop': 0, 'freshness_quota': 2880}"
177,nominal,0.3818484362443597,0.012310598751699264,0.602718522088127,-0.04160495612431514,0.07218364197530858,0.0,0.33999999999999997,"{'repeat_cap_removed': 19915, 'injection_noop': 0, 'freshness_quota': 2880}"
178,nominal,0.09860609330317749,-0.27093174418948296,0.627065195676979,-0.017258282535463132,0.04104938271604941,0.3375085904106344,0.39,"{'repeat_cap_removed': 0, 'injection_noop': 0, 'freshness_quota': 2880}"
179,nominal,0.281711155079082,-0.08782668241357844,0.6000340668421079,-0.044289411370334264,0.06464506172839513,0.0,0.44,"{'repeat_cap_removed': 18378, 'injection_noop': 0, 'freshness_quota': 2880}"
180,nominal,0.1035340152354573,-0.26600382225720315,0.6271856920209159,-0.017137786191526283,0.06260802469135807,0.3548532104378986,0.37000000000000005,"{'repeat_cap_removed': 0, 'injection_noop': 0, 'freshness_quota': 2880}"
181,nominal,0.30190744878444414,-0.0676303887082163,0.6026403254972232,-0.04168315271521894,0.07237654320987641,0.0,0.42,"{'repeat_cap_removed': 19039, 'injection_noop': 0, 'freshness_quota': 2880}"
182,nominal,0.021264832641926856,-0.3482730048507336,0.6278565086498868,-0.016466969562555334,0.04908950617283958,0.33640698014672776,0.47000000000000003,"{'repeat_cap_removed': 0, 'injection_noop': 1440, 'freshness_quota': 2880}"
183,nominal,0.203541619823013,-0.16599621766964745,0.6047788209909425,-0.03954465722149969,0.07036265432098765,0.0,0.52,"{'repeat_cap_removed': 18317, 'injection_noop': 1440, 'freshness_quota': 2880}"
184,nominal,0.1071026843292816,-0.26243515316337884,0.6265274652473666,-0.017796012965075603,0.056983024691358075,0.37529308119449156,0.35,"{'repeat_cap_removed': 0, 'injection_noop': 0, 'freshness_quota': 2880}"
185,nominal,0.32067025715449005,-0.0488675803381704,0.6005634861494393,-0.04375999206300285,0.07497685185185188,0.0,0.4,"{'repeat_cap_removed': 19761, 'injection_noop': 0, 'freshness_quota': 2880}"
186,nominal,0.03458823781453957,-0.3349495996781209,0.6232400517749456,-0.02108342643749661,0.04753086419753094,0.34047628971570887,0.45000000000000007,"{'repeat_cap_removed': 0, 'injection_noop': 0, 'freshness_quota': 2880}"
187,nominal,0.22072844726810137,-0.14880939022455908,0.5995416702197766,-0.04478180799266562,0.06184413580246906,0.0,0.5000000000000001,"{'repeat_cap_removed': 18382, 'injection_noop': 0, 'freshness_quota': 2880}"
188,nominal,0.04727321746686902,-0.3222646200257914,0.6243135838482691,-0.02000989436417311,0.06092592592592583,0.3495748120967657,0.43000000000000005,"{'repeat_cap_removed': 0, 'injection_noop': 0, 'freshness_quota': 2880}"
189,nominal,0.24097164368012153,-0.12856619381253892,0.6016429921850986,-0.042680486027343534,0.06981481481481477,0.0,0.48000000000000004,"{'repeat_cap_removed': 18667, 'injection_noop': 0, 'freshness_quota': 2880}"
190,nominal,-0.04099275545385489,-0.41053059294651534,0.6260369359462707,-0.018286542266171435,0.05139660493827147,0.3384694829286414,0.53,"{'repeat_cap_removed': 0, 'injection_noop': 1440, 'freshness_quota': 2880}"
191,nominal,0.14276420813298407,-0.22677362935967638,0.603181275277444,-0.04114220293499815,0.07278549382716037,0.0,0.5800000000000001,"{'repeat_cap_removed': 18354, 'injection_noop': 1440, 'freshness_quota': 2880}"
192,nominal,0.3055621875360588,-0.06397564995660165,0.6330628846049022,-0.011260593607539948,0.1483179012345679,0.3723234403844035,0.16,"{'repeat_cap_removed': 0, 'injection_noop': 0, 'session_cap_demoted': 10527, 'freshness_quota': 2880}"
193,nominal,0.5165629155622868,0.1470250780696264,0.6064713381638123,-0.03785214004862991,0.11900462962962965,0.0,0.21000000000000002,"{'repeat_cap_removed': 20585, 'injection_noop': 0, 'session_cap_demoted': 8583, 'freshness_quota': 2880}"
194,nominal,0.2430698201369501,-0.12646801735571034,0.6279170761603798,-0.01640640205206234,0.14444444444444438,0.32499553801417347,0.26,"{'repeat_cap_removed': 0, 'injection_noop': 0, 'session_cap_demoted': 9300, 'freshness_quota': 2880}"
195,nominal,0.41507365611728386,0.045535818624623414,0.6047409115411281,-0.0395825666713141,0.10526234567901227,0.0,0.31000000000000005,"{'repeat_cap_removed': 18898, 'injection_noop': 0, 'session_cap_demoted': 7553, 'freshness_quota': 2880}"
196,nominal,0.2631467031793421,-0.10639113431331837,0.6301480476063125,-0.01417543060612969,0.14555555555555544,0.32825379884664985,0.24000000000000002,"{'repeat_cap_removed': 0, 'injection_noop': 0, 'session_cap_demoted': 9382, 'freshness_quota': 2880}"
197,nominal,0.43789179575853393,0.06835395826587348,0.6076167972418414,-0.036706680970600813,0.10559413580246901,0.0,0.29,"{'repeat_cap_removed': 19040, 'injection_noop': 0, 'session_cap_demoted': 7778, 'freshness_quota': 2880}"
198,nominal,0.19844070623958238,-0.17109713125307807,0.6226339222305531,-0.02168955598188904,0.1428549382716049,0.28252375122251666,0.34,"{'repeat_cap_removed': 0, 'injection_noop': 0, 'session_cap_demoted': 8260, 'freshness_quota': 2880}"
199,nominal,0.3362359745318927,-0.03330186296076776,0.6044620035119103,-0.03986147470053192,0.1049537037037036,0.0,0.39,"{'repeat_cap_removed': 17063, 'injection_noop': 0, 'session_cap_demoted': 6430, 'freshness_quota': 2880}"
200,nominal,0.2508545511695789,-0.11868328632308156,0.6317002932532251,-0.012623184959217104,0.15679783950617288,0.3664744928953774,0.22,"{'repeat_cap_removed': 0, 'injection_noop': 0, 'session_cap_demoted': 10415, 'freshness_quota': 2880}"
201,nominal,0.45643467497572665,0.0868968374830662,0.6059436337428,-0.038379844469642155,0.11583333333333323,0.0,0.27,"{'repeat_cap_removed': 20294, 'injection_noop': 0, 'session_cap_demoted': 8212, 'freshness_quota': 2880}"
202,nominal,0.17836451777914164,-0.1911733197135188,0.6271133111894842,-0.017210167022957967,0.1439351851851851,0.33154007545963743,0.32,"{'repeat_cap_removed': 0, 'injection_noop': 0, 'session_cap_demoted': 9449, 'freshness_quota': 2880}"
203,nominal,0.35542806546150396,-0.014109772031156487,0.6030718384033854,-0.04125163980905677,0.11059413580246913,0.0,0.37,"{'repeat_cap_removed': 19029, 'injection_noop': 0, 'session_cap_demoted': 7518, 'freshness_quota': 2880}"
204,nominal,0.19455956345777098,-0.17497827403488947,0.6304175326832673,-0.013905945529174901,0.14629629629629637,0.3383967276592237,0.30000000000000004,"{'repeat_cap_removed': 0, 'injection_noop': 0, 'session_cap_demoted': 9653, 'freshness_quota': 2880}"
205,nominal,0.37796804391728667,0.008430206424626219,0.6081101849944163,-0.03621329321802591,0.10446759259259264,0.0,0.35,"{'repeat_cap_removed': 19144, 'injection_noop': 0, 'session_cap_demoted': 7684, 'freshness_quota': 2880}"
206,nominal,0.12700383638434964,-0.2425340011083108,0.6260804450636323,-0.01824303314880993,0.14367283950617282,0.2983333736614707,0.4,"{'repeat_cap_removed': 0, 'injection_noop': 0, 'session_cap_demoted': 8608, 'freshness_quota': 2880}"
207,nominal,0.276656900150463,-0.09288093734219743,0.6047961041669675,-0.039527374045474684,0.1084722222222223,0.0,0.45,"{'repeat_cap_removed': 17585, 'injection_noop': 0, 'session_cap_demoted': 6804, 'freshness_quota': 2880}"
208,nominal,0.23311560104507442,-0.13642223644758603,0.6233776440195146,-0.020945834192927615,0.1763117283950617,0.35192615750224693,0.24000000000000002,"{'repeat_cap_removed': 0, 'injection_noop': 0, 'session_cap_demoted': 10339, 'freshness_quota': 2880}"
209,nominal,0.4290311139294088,0.059493276436748344,0.599629495210404,-0.044693983002038196,0.12074074074074082,0.0,0.29,"{'repeat_cap_removed': 19800, 'injection_noop': 0, 'session_cap_demoted': 8403, 'freshness_quota': 2880}"
210,nominal,0.17135027773421635,-0.1981875597584441,0.6170138971302318,-0.027309581082210377,0.1719753086419753,0.304462022275415,0.34,"{'repeat_cap_removed': 0, 'injection_noop': 0, 'session_cap_demoted': 9114, 'freshness_quota': 2880}"
211,nominal,0.32830674469062177,-0.04123109280203868,0.5977462619828402,-0.04657721622960198,0.11911265432098772,0.0,0.38999999999999996,"{'repeat_cap_removed': 18034, 'injection_noop': 0, 'session_cap_demoted': 7285, 'freshness_quota': 2880}"
212,nominal,0.19197823379758855,-0.1775596036950719,0.6203947466127823,-0.023928731599659914,0.1700462962962963,0.3063152578356563,0.32,"{'repeat_cap_removed': 0, 'injection_noop': 0, 'session_cap_demoted': 9170, 'freshness_quota': 2880}"
213,nominal,0.3504690362922397,-0.01906880120042076,0.6009526760726717,-0.043370802139770515,0.10868055555555545,0.0,0.37,"{'repeat_cap_removed': 18182, 'injection_noop': 0, 'session_cap_demoted': 7534, 'freshness_quota': 2880}"
214,nominal,0.10595051954860041,-0.26358731794406004,0.6202020236415837,-0.024121454570858458,0.16060185185185172,0.29231463206361424,0.42,"{'repeat_cap_removed': 0, 'injection_noop': 1440, 'session_cap_demoted': 8660, 'freshness_quota': 2880}"
215,nominal,0.25256076263889216,-0.11697707485376829,0.6021947253097024,-0.04212875290273976,0.10675925925925922,0.0,0.47,"{'repeat_cap_removed': 17539, 'injection_noop': 1440, 'session_cap_demoted': 6930, 'freshness_quota': 2880}"
216,nominal,0.17706413638831575,-0.1924737011043447,0.6237143543055483,-0.020609123906893845,0.16299382716049382,0.349718638800703,0.30000000000000004,"{'repeat_cap_removed': 0, 'injection_noop': 0, 'session_cap_demoted': 10256, 'freshness_quota': 2880}"
217,nominal,0.370407962513002,0.0008701250203415611,0.6011552319899355,-0.0431682462225067,0.11712962962962958,0.0,0.35,"{'repeat_cap_removed': 19642, 'injection_noop': 0, 'session_cap_demoted': 8140, 'freshness_quota': 2880}"
218,nominal,0.10794537743389798,-0.26159246005876247,0.6197285603809692,-0.02459491783147294,0.15838734567901236,0.31131002434917965,0.4,"{'repeat_cap_removed': 0, 'injection_noop': 0, 'session_cap_demoted': 9171, 'freshness_quota': 2880}"
219,nominal,0.26977697270843576,-0.09976086478422469,0.598814329742288,-0.04550914847015419,0.11757716049382716,0.0,0.45,"{'repeat_cap_removed': 18120, 'injection_noop': 0, 'session_cap_demoted': 7279, 'freshness_quota': 2880}"
220,nominal,0.1248623589952288,-0.24467547849743165,0.6211135641212069,-0.023209914091235295,0.1631404320987655,0.3151621278354329,0.38,"{'repeat_cap_removed': 0, 'injection_noop': 0, 'session_cap_demoted': 9397, 'freshness_quota': 2880}"
221,nominal,0.2911369150454433,-0.07840092244721714,0.6020432888316556,-0.04228018938078659,0.10609567901234573,0.0,0.43,"{'repeat_cap_removed': 18313, 'injection_noop': 0, 'session_cap_demoted': 7496, 'freshness_quota': 2880}"
222,nominal,0.03790030953263962,-0.33163752796002083,0.6235838780000631,-0.020739600212379083,0.15029320987654327,0.30374352486563183,0.48000000000000004,"{'repeat_cap_removed': 0, 'injection_noop': 1440, 'session_cap_demoted': 8902, 'freshness_quota': 2880}"
223,nominal,0.19336135130161947,-0.17617648619104098,0.6035625241797344,-0.04076095403270774,0.10856481481481484,0.0,0.53,"{'repeat_cap_removed': 17826, 'injection_noop': 1440, 'session_cap_demoted': 7109, 'freshness_quota': 2880}"
224,nominal,0.19038384117073603,-0.1791539963219244,0.6345569339395158,-0.009766544272926336,0.04594135802469124,0.36642417262782,0.28,"{'repeat_cap_removed': 0, 'injection_noop': 0, 'session_cap_demoted': 10385, 'freshness_quota': 2880}"
225,nominal,0.39645865075312897,0.026920813260468524,0.6065353063326873,-0.03778817187975492,0.08476851851851852,0.0,0.33,"{'repeat_cap_removed': 20343, 'injection_noop': 0, 'session_cap_demoted': 8234, 'freshness_quota': 2880}"
226,nominal,0.12162654195137346,-0.247911295541287,0.6300671427047062,-0.014256335507735973,0.040995370370370265,0.32752573659833295,0.38,"{'repeat_cap_removed': 0, 'injection_noop': 0, 'session_cap_demoted': 9375, 'freshness_quota': 2880}"
227,nominal,0.2955907655854341,-0.07394707190722632,0.6049002809107547,-0.03942319730168753,0.06270833333333337,0.0,0.43,"{'repeat_cap_removed': 19135, 'injection_noop': 0, 'session_cap_demoted': 7642, 'freshness_quota': 2880}"
228,nominal,0.1345013997569905,-0.23503643773566996,0.6334401141601165,-0.010883364052325706,0.0447067901234568,0.3382194026092008,0.36,"{'repeat_cap_removed': 0, 'injection_noop': 0, 'session_cap_demoted': 9640, 'freshness_quota': 2880}"
229,nominal,0.3174545611041272,-0.05208327638853327,0.6083284535716563,-0.035995024640785855,0.08130401234567897,0.0,0.41000000000000003,"{'repeat_cap_removed': 19532, 'injection_noop': 0, 'session_cap_demoted': 7955, 'freshness_quota': 2880}"
230,nominal,0.07069664112557178,-0.29884119636708867,0.6294629058620228,-0.014860572350419377,0.040856481481481355,0.292684804603407,0.46,"{'repeat_cap_removed': 0, 'injection_noop': 0, 'session_cap_demoted': 8511, 'freshness_quota': 2880}"
231,nominal,0.2160359389920472,-0.15350189850061324,0.6064755286641984,-0.037847949548243776,0.07672067901234558,0.0,0.51,"{'repeat_cap_removed': 17775, 'injection_noop': 0, 'session_cap_demoted': 6957, 'freshness_quota': 2880}"
232,nominal,0.13469850416555917,-0.23483933332710127,0.6335977221307075,-0.01072575608173465,0.045208333333333295,0.3616265869043328,0.33999999999999997,"{'repeat_cap_removed': 0, 'injection_noop': 0, 'session_cap_demoted': 10316, 'freshness_quota': 2880}"
233,nominal,0.33654161408932787,-0.03299622340333258,0.606731188122986,-0.03759229008945619,0.08482253086419744,0.0,0.38999999999999996,"{'repeat_cap_removed': 20150, 'injection_noop': 0, 'session_cap_demoted': 8048, 'freshness_quota': 2880}"
234,nominal,0.05920827560987363,-0.3103295618827868,0.6305709418223605,-0.013752536390081671,0.0405092592592593,0.3307398868962291,0.43999999999999995,"{'repeat_cap_removed': 0, 'injection_noop': 0, 'session_cap_demoted': 9459, 'freshness_quota': 2880}"
235,nominal,0.23561803893942385,-0.1339197985532366,0.604501866207236,-0.039821612005206175,0.07130401234567896,0.0,0.48999999999999994,"{'repeat_cap_removed': 19075, 'injection_noop': 0, 'session_cap_demoted': 7515, 'freshness_quota': 2880}"
236,nominal,0.07534981898703691,-0.29418801850562354,0.6322851913565511,-0.012038286855891034,0.045925925925925926,0.33698228098493727,0.42,"{'repeat_cap_removed': 0, 'injection_noop': 0, 'session_cap_demoted': 9699, 'freshness_quota': 2880}"
237,nominal,0.25758082667487625,-0.1119570108177842,0.6083814168279372,-0.03594206138450495,0.08203703703703691,0.0,0.47,"{'repeat_cap_removed': 19300, 'injection_noop': 0, 'session_cap_demoted': 7719, 'freshness_quota': 2880}"
238,nominal,0.005140495776823406,-0.36439734171583704,0.6309708379671496,-0.01335264024529259,0.03913580246913573,0.30011269761056664,0.5199999999999999,"{'repeat_cap_removed': 0, 'injection_noop': 0, 'session_cap_demoted': 8671, 'freshness_quota': 2880}"
239,nominal,0.15618386403850526,-0.2133539734541552,0.606404757262258,-0.037918720950184226,0.07858796296296289,0.0,0.57,"{'repeat_cap_removed': 17858, 'injection_noop': 0, 'session_cap_demoted': 6922, 'freshness_quota': 2880}"
240,nominal,0.11597398680589155,-0.2535638506867689,0.6266326021203383,-0.017690876092103847,0.04743055555555542,0.35110403967404114,0.36,"{'repeat_cap_removed': 0, 'injection_noop': 0, 'session_cap_demoted': 10255, 'freshness_quota': 2880}"
241,nominal,0.3105964956249948,-0.05894134186766564,0.6006837694909601,-0.04363970872148204,0.07870370370370372,0.0,0.41000000000000003,"{'repeat_cap_removed': 19701, 'injection_noop': 0, 'session_cap_demoted': 8219, 'freshness_quota': 2880}"
242,nominal,0.053890906765643676,-0.3156469307270168,0.6209480952703551,-0.023375382942087075,0.047345679012345654,0.30361031803161415,0.4600000000000001,"{'repeat_cap_removed': 0, 'injection_noop': 0, 'session_cap_demoted': 9027, 'freshness_quota': 2880}"
243,nominal,0.20952334810281714,-0.1600144893898433,0.598757117258544,-0.04556636095389821,0.06336419753086409,0.0,0.5100000000000001,"{'repeat_cap_removed': 18106, 'injection_noop': 0, 'session_cap_demoted': 7317, 'freshness_quota': 2880}"
244,nominal,0.06024636167252362,-0.30929147582013683,0.6243133826345975,-0.020010095577844722,0.05452160493827152,0.32084288129232863,0.44000000000000006,"{'repeat_cap_removed': 0, 'injection_noop': 0, 'session_cap_demoted': 9577, 'freshness_quota': 2880}"
245,nominal,0.2304884558063896,-0.13904938168627085,0.6011823675009699,-0.04314111071147231,0.07720679012345677,0.0,0.49000000000000005,"{'repeat_cap_removed': 18765, 'injection_noop': 0, 'session_cap_demoted': 7819, 'freshness_quota': 2880}"
246,nominal,-0.019922328921902377,-0.3894601664145628,0.6260152119057767,-0.01830826630666549,0.04709104938271613,0.3007358631028312,0.54,"{'repeat_cap_removed': 0, 'injection_noop': 1440, 'session_cap_demoted': 8831, 'freshness_quota': 2880}"
247,nominal,0.13244302278702613,-0.23709481470563432,0.6040148475868945,-0.04030863062554768,0.07411265432098757,0.0,0.5900000000000001,"{'repeat_cap_removed': 18051, 'injection_noop': 1440, 'session_cap_demoted': 7274, 'freshness_quota': 2880}"
248,nominal,0.059809085518988114,-0.30972875197367233,0.6261292622300263,-0.018194215982415884,0.050416666666666554,0.34700724608516337,0.42,"{'repeat_cap_removed': 0, 'injection_noop': 0, 'session_cap_demoted': 10198, 'freshness_quota': 2880}"
249,nominal,0.2508091088390114,-0.11872872865364903,0.6007357298918167,-0.04358774832062551,0.07539351851851839,0.0,0.47,"{'repeat_cap_removed': 19534, 'injection_noop': 0, 'session_cap_demoted': 7982, 'freshness_quota': 2880}"
250,nominal,-0.010136929453011922,-0.37967476694567237,0.6237598946484967,-0.020563583563945498,0.04009259259259257,0.30922127030713,0.52,"{'repeat_cap_removed': 0, 'injection_noop': 0, 'session_cap_demoted': 9187, 'freshness_quota': 2880}"
251,nominal,0.1504153817311371,-0.21912245576152334,0.6005769523817697,-0.04374652583067251,0.06815586419753084,0.0,0.5700000000000001,"{'repeat_cap_removed': 18188, 'injection_noop': 0, 'session_cap_demoted': 7259, 'freshness_quota': 2880}"
252,nominal,0.0036208715467801467,-0.3659169659458803,0.6238758486396885,-0.0204476295727537,0.04946759259259248,0.3179156911125675,0.5,"{'repeat_cap_removed': 0, 'injection_noop': 0, 'session_cap_demoted': 9516, 'freshness_quota': 2880}"
253,nominal,0.1711467280393253,-0.19839110945333516,0.6014381518231393,-0.04288532638930287,0.07475308641975298,0.0,0.55,"{'repeat_cap_removed': 18478, 'injection_noop': 0, 'session_cap_demoted': 7487, 'freshness_quota': 2880}"
254,nominal,-0.08350694341644338,-0.45304478090910383,0.6257723638016727,-0.01855111441076951,0.042592592592592515,0.30469674695410875,0.6,"{'repeat_cap_removed': 0, 'injection_noop': 1440, 'session_cap_demoted': 9014, 'freshness_quota': 2880}"
255,nominal,0.07324547582403118,-0.29629236166862927,0.6030023769630709,-0.04132110124937127,0.07325617283950625,0.0,0.65,"{'repeat_cap_removed': 18062, 'injection_noop': 1440, 'session_cap_demoted': 7173, 'freshness_quota': 2880}"
0,fatigue_stress,0.36704725006249866,0.0,0.6397068888330837,0.0,0.22534722222222214,0.492758111834193,0.0,"{'repeat_cap_removed': 0, 'injection_noop': 0}"
1,fatigue_stress,0.6801163525813363,0.3130691025188376,0.6067733494420398,-0.03293353939104393,0.13654320987654311,0.0,0.05,"{'repeat_cap_removed': 21596, 'injection_noop': 0}"
2,fatigue_stress,0.29628763635916255,-0.07075961370333611,0.6319073701626587,-0.007799518670424943,0.21756172839506172,0.45869019290566704,0.1,"{'repeat_cap_removed': 0, 'injection_noop': 0}"
3,fatigue_stress,0.5785620148099869,0.21151476474748826,0.6055944224151232,-0.03411246641796051,0.1475540123456789,0.0,0.15000000000000002,"{'repeat_cap_removed': 19795, 'injection_noop': 0}"
4,fatigue_stress,0.31793087597841213,-0.049116374084086534,0.6372958951093455,-0.0024109937237382084,0.21877314814814808,0.4580386560381777,0.08,"{'repeat_cap_removed': 0, 'injection_noop': 0}"
5,fatigue_stress,0.6022028528923667,0.23515560282986808,0.6123218610118648,-0.027385027821218877,0.1309027777777778,0.0,0.13,"{'repeat_cap_removed': 19925, 'injection_noop': 0}"
6,fatigue_stress,0.2519769240664203,-0.11507032599607836,0.6308056806371691,-0.008901208195914556,0.21010030864197526,0.41531915557894444,0.18,"{'repeat_cap_removed': 0, 'injection_noop': 0}"
7,fatigue_stress,0.4997845391816216,0.13273728911912291,0.6076784464232121,-0.03202844240987157,0.126766975308642,0.0,0.23,"{'repeat_cap_removed': 17935, 'injection_noop': 0}"
8,fatigue_stress,0.31329289561533674,-0.05375435444716192,0.6415015110937485,0.0017946222606648465,0.2461033950617284,0.4855478891479333,0.06,"{'repeat_cap_removed': 0, 'injection_noop': 0}"
9,fatigue_stress,0.6198998881111372,0.2528526380486385,0.6074446133378116,-0.03226227549527205,0.13659722222222226,0.0,0.11,"{'repeat_cap_removed': 21561, 'injection_noop': 0}"
10,fatigue_stress,0.23296228429221724,-0.13408496577028142,0.6356787383493764,-0.0040281504837073046,0.2338888888888888,0.4615369425322474,0.16,"{'repeat_cap_removed': 0, 'injection_noop': 0}"
11,fatigue_stress,0.5188407367392192,0.1517934866767205,0.605635817690092,-0.03407107114299168,0.13304783950617272,0.0,0.21000000000000002,"{'repeat_cap_removed': 20325, 'injection_noop': 0}"
12,fatigue_stress,0.2525502112085553,-0.11449703885394336,0.6386736748830303,-0.001033213950053402,0.23942901234567904,0.4636907576108642,0.14,"{'repeat_cap_removed': 0, 'injection_noop': 0}"
13,fatigue_stress,0.5421514888974963,0.17510423883499765,0.613015782462486,-0.026691106370597684,0.13649691358024696,0.0,0.19,"{'repeat_cap_removed': 20452, 'injection_noop': 0}"
14,fatigue_stress,0.17895209888371136,-0.1880951511787873,0.6341547584227639,-0.005552130410319767,0.22679012345679017,0.4309631699084993,0.24000000000000002,"{'repeat_cap_removed': 0, 'injection_noop': 0}"
15,fatigue_stress,0.4402167256815528,0.07316947561905413,0.6086089406968808,-0.031097948136202924,0.12996913580246905,0.0,0.29000000000000004,"{'repeat_cap_removed': 18941, 'injection_noop': 0}"
16,fatigue_stress,0.2874184289489136,-0.07962882111358505,0.6153434375775897,-0.024363451255493995,0.31774691358024687,0.4708963318136204,0.08,"{'repeat_cap_removed': 0, 'injection_noop': 0}"
17,fatigue_stress,0.5864112700491418,0.21936401998664318,0.5936210308662428,-0.04608585796684084,0.19100308641975317,0.0,0.13,"{'repeat_cap_removed': 21120, 'injection_noop': 0}"
18,fatigue_stress,0.22047969107170368,-0.146567558990795,0.6080935392466611,-0.03161334958642259,0.3093518518518519,0.4299919455947753,0.18,"{'repeat_cap_removed': 0, 'injection_noop': 0}"
19,fatigue_stress,0.4855969195363936,0.11854966947389495,0.5938218324782246,-0.045885056354859066,0.18429783950617273,0.0,0.23,"{'repeat_cap_removed': 19267, 'injection_noop': 0}"
20,fatigue_stress,0.24041150077810022,-0.12663574928439844,0.6123810762759097,-0.027325812557174034,0.31829475308641975,0.43204314842271185,0.16,"{'repeat_cap_removed': 0, 'injection_noop': 0}"
21,fatigue_stress,0.5088636053194691,0.1418163552569704,0.5978626383626712,-0.041844250470412514,0.17932870370370368,0.0,0.21000000000000002,"{'repeat_cap_removed': 19490, 'injection_noop': 0}"
22,fatigue_stress,0.1451239840551926,-0.22192326600730605,0.6122542895153168,-0.02745259931776689,0.2947608024691357,0.428650551451011,0.26,"{'repeat_cap_removed': 0, 'injection_noop': 1440}"
23,fatigue_stress,0.4107131392830764,0.043665889220577736,0.5973701683658355,-0.042336720467248234,0.16334876543209864,0.0,0.31000000000000005,"{'repeat_cap_removed': 18968, 'injection_noop': 1440}"
24,fatigue_stress,0.23438573656317674,-0.13266151349932193,0.6249595962461617,-0.014747292586921978,0.3090277777777777,0.46972888786066547,0.14,"{'repeat_cap_removed': 0, 'injection_noop': 0}"
25,fatigue_stress,0.5312494145846907,0.164202164522192,0.5986275867567056,-0.04107930207637811,0.175486111111111,0.0,0.19,"{'repeat_cap_removed': 21130, 'injection_noop': 0}"
26,fatigue_stress,0.15922692647262157,-0.2078203235898771,0.6193589119825825,-0.02034797685050116,0.3043287037037037,0.43950350851425496,0.24000000000000002,"{'repeat_cap_removed': 0, 'injection_noop': 0}"
27,fatigue_stress,0.430232163059431,0.06318491299693235,0.5990115983911884,-0.04069529044189524,0.17095679012345677,0.0,0.29000000000000004,"{'repeat_cap_removed': 19692, 'injection_noop': 0}"
28,fatigue_stress,0.17386000558853137,-0.1931872444739673,0.6189286079805707,-0.020778280852512987,0.315270061728395,0.4434807030025221,0.22000000000000003,"{'repeat_cap_removed': 0, 'injection_noop': 0}"
29,fatigue_stress,0.45192455310933966,0.08487730304684099,0.6014239027102501,-0.03828298612283354,0.17891203703703695,0.0,0.27,"{'repeat_cap_removed': 20021, 'injection_noop': 0}"
30,fatigue_stress,0.08126169967194435,-0.2857855503905543,0.6214235155120202,-0.018283373321063445,0.29814814814814805,0.4382154896894196,0.32000000000000006,"{'repeat_cap_removed': 0, 'injection_noop': 1440}"
31,fatigue_stress,0.35325205710896224,-0.013795192953536428,0.5996550448423518,-0.04005184399073192,0.168094135802469,0.0,0.37,"{'repeat_cap_removed': 19716, 'injection_noop': 1440}"
32,fatigue_stress,0.25380785859847477,-0.1132393914640239,0.637664488018219,-0.002042400814864731,0.06326388888888879,0.48768509779970226,0.12,"{'repeat_cap_removed': 0, 'injection_noop': 0}"
33,fatigue_stress,0.560270439531741,0.19322318946924238,0.6077997797733022,-0.03190710905978145,0.07398919753086419,0.0,0.16999999999999998,"{'repeat_cap_removed': 21579, 'injection_noop': 0}"
34,fatigue_stress,0.17481485809671662,-0.19223239196578204,0.6316519958711896,-0.0080548929618941,0.06114969135802473,0.4612908576113661,0.22,"{'repeat_cap_removed': 0, 'injection_noop': 0}"
35,fatigue_stress,0.4591576373570968,0.09211038729459814,0.6051774064918432,-0.034529482341240536,0.06148919753086424,0.0,0.27,"{'repeat_cap_removed': 20265, 'injection_noop': 0}"
36,fatigue_stress,0.18509676451900892,-0.18195048554348975,0.6365230532018333,-0.0031838356312503535,0.07371913580246914,0.4746774639521282,0.2,"{'repeat_cap_removed': 0, 'injection_noop': 0}"
37,fatigue_stress,0.4816789314488441,0.11463168138634544,0.6107865454492943,-0.02892034338378935,0.08354938271604939,0.0,0.25,"{'repeat_cap_removed': 20839, 'injection_noop': 0}"
38,fatigue_stress,0.11405991006007377,-0.2529873400024249,0.6312633401319424,-0.008443548701141279,0.06817129629629637,0.4380976101852597,0.30000000000000004,"{'repeat_cap_removed': 0, 'injection_noop': 0}"
39,fatigue_stress,0.3798416659982957,0.012794415935797054,0.6083795198930574,-0.0313273689400263,0.07756172839506181,0.0,0.35,"{'repeat_cap_removed': 19341, 'injection_noop': 0}"
40,fatigue_stress,0.19945065668459644,-0.16759659337790223,0.6377370186887162,-0.001969870144367447,0.06459876543209875,0.4809325465057688,0.18,"{'repeat_cap_removed': 0, 'injection_noop': 0}"
41,fatigue_stress,0.5001395542194567,0.133092304156958,0.6075506841236591,-0.032156204709424596,0.07189043209876544,0.0,0.22999999999999998,"{'repeat_cap_removed': 21552, 'injection_noop': 0}"
42,fatigue_stress,0.11434720358215983,-0.25270004648033884,0.6344422133950482,-0.005264675438035438,0.06339506172839493,0.4627654800960649,0.28,"{'repeat_cap_removed': 0, 'injection_noop': 0}"
43,fatigue_stress,0.3991175674732149,0.032070317410716254,0.6062977300542579,-0.033409158778825776,0.06403549382716056,0.0,0.32999999999999996,"{'repeat_cap_removed': 20481, 'injection_noop': 0}"
44,fatigue_stress,0.1285312065671328,-0.23851604349536587,0.6355187389520196,-0.004188149881064085,0.06972993827160501,0.47023578710822217,0.26,"{'repeat_cap_removed': 0, 'injection_noop': 0}"
45,fatigue_stress,0.42153058843786145,0.05448333837536279,0.6111581797684467,-0.028548709064637023,0.08060956790123464,0.0,0.31,"{'repeat_cap_removed': 20769, 'injection_noop': 0}"
46,fatigue_stress,0.053050135960715894,-0.31399711410178277,0.6318451405999705,-0.007861748233113142,0.06487654320987657,0.4402105418990686,0.36,"{'repeat_cap_removed': 0, 'injection_noop': 0}"
47,fatigue_stress,0.31992390007610627,-0.04712334998639239,0.6091638798462427,-0.030543008986841036,0.07773919753086411,0.0,0.41000000000000003,"{'repeat_cap_removed': 19354, 'injection_noop': 0}"
48,fatigue_stress,0.1806428891975756,-0.18640436086492307,0.6283244999627241,-0.011382388870359583,0.06800925925925916,0.4728911700616153,0.2,"{'repeat_cap_removed': 0, 'injection_noop': 0}"
49,fatigue_stress,0.47445311261981815,0.10740586255731949,0.6003871837015352,-0.03931970513154848,0.07174382716049377,0.0,0.25,"{'repeat_cap_removed': 21095, 'injection_noop': 0}"
50,fatigue_stress,0.10828919781143498,-0.2587580522510637,0.622067290079974,-0.01763959875310972,0.06031635802469126,0.4378585791865165,0.30000000000000004,"{'repeat_cap_removed': 0, 'injection_noop': 0}"
51,fatigue_stress,0.37363868771390096,0.006591437651402299,0.5989656306223875,-0.040741258210696185,0.07332561728395048,0.0,0.35,"{'repeat_cap_removed': 19470, 'injection_noop': 0}"
52,fatigue_stress,0.10840929353440298,-0.2586379565280957,0.6216660851076822,-0.01804080372540151,0.08770061728395051,0.45861162663322547,0.28,"{'repeat_cap_removed': 0, 'injection_noop': 0}"
53,fatigue_stress,0.3917895146012497,0.024742264538751058,0.5979943211995706,-0.041712567633513054,0.08699845679012341,0.0,0.33,"{'repeat_cap_removed': 20614, 'injection_noop': 0}"
54,fatigue_stress,0.018370734049830972,-0.3486765160126677,0.6205310839335264,-0.01917580489955728,0.07920524691358022,0.44827228489318643,0.38,"{'repeat_cap_removed': 0, 'injection_noop': 1440}"
55,fatigue_stress,0.2932925289558296,-0.07375472110666909,0.5977658297262262,-0.041941059106857526,0.08195216049382714,0.0,0.43000000000000005,"{'repeat_cap_removed': 20137, 'injection_noop': 1440}"
56,fatigue_stress,0.12173339573146502,-0.24531385433103364,0.628694271269182,-0.011012617563901705,0.06837962962962951,0.4711962355821535,0.26,"{'repeat_cap_removed': 0, 'injection_noop': 0}"
57,fatigue_stress,0.41500323360253194,0.047955983540033276,0.601257045549468,-0.03844984328361567,0.07614197530864186,0.0,0.31,"{'repeat_cap_removed': 21131, 'injection_noop': 0}"
58,fatigue_stress,0.046215955193497305,-0.32083129486900136,0.6255096753281728,-0.014197213504910877,0.0657716049382715,0.4410881927265759,0.36,"{'repeat_cap_removed': 0, 'injection_noop': 0}"
59,fatigue_stress,0.31360781798678733,-0.053439432075711335,0.5991239598745426,-0.0405829289585411,0.0757330246913579,0.0,0.41,"{'repeat_cap_removed': 19786, 'injection_noop': 0}"
60,fatigue_stress,0.05322369964577656,-0.3138235504167221,0.6256945270498447,-0.014012361783238947,0.07652006172839498,0.455755153044539,0.34,"{'repeat_cap_removed': 0, 'injection_noop': 0}"
61,fatigue_stress,0.3345763511195833,-0.03247089894291538,0.6015128376386636,-0.0381940511944201,0.08092592592592585,0.0,0.39,"{'repeat_cap_removed': 20405, 'injection_noop': 0}"
62,fatigue_stress,-0.04049940840873639,-0.40754665847123506,0.6249253878127976,-0.01478150102028608,0.07104938271604944,0.4491607010993689,0.44,"{'repeat_cap_removed': 0, 'injection_noop': 1440}"
63,fatigue_stress,0.23510393099548232,-0.13194331906701634,0.6013660412717136,-0.03834084756137013,0.0797685185185184,0.0,0.49,"{'repeat_cap_removed': 20087, 'injection_noop': 1440}"
64,fatigue_stress,0.29704725006249866,-0.07,0.6397068888330837,0.0,0.22534722222222214,0.492758111834193,0.07,"{'repeat_cap_removed': 0, 'injection_noop': 0, 'session_cap_demoted': 12793}"
65,fatigue_stress,0.6101163525813363,0.24306910251883768,0.6067733494420398,-0.03293353939104393,0.13654320987654311,0.0,0.12000000000000001,"{'repeat_cap_removed': 21596, 'injection_noop': 0, 'session_cap_demoted': 9195}"
66,fatigue_stress,0.22628763635916252,-0.14075961370333614,0.6319073701626587,-0.007799518670424943,0.21756172839506172,0.45869019290566704,0.17,"{'repeat_cap_removed': 0, 'injection_noop': 0, 'session_cap_demoted': 11525}"
67,fatigue_stress,0.508562014809987,0.1415147647474883,0.6055944224151232,-0.03411246641796051,0.1475540123456789,0.0,0.22000000000000003,"{'repeat_cap_removed': 19795, 'injection_noop': 0, 'session_cap_demoted': 8160}"
68,fatigue_stress,0.24793087597841212,-0.11911637408408654,0.6372958951093456,-0.0024109937237380974,0.21877314814814808,0.4580386560381777,0.15000000000000002,"{'repeat_cap_removed': 0, 'injection_noop': 0, 'session_cap_demoted': 11720}"
69,fatigue_stress,0.5322028528923668,0.16515560282986813,0.6123218610118648,-0.027385027821218877,0.1309027777777778,0.0,0.2,"{'repeat_cap_removed': 19925, 'injection_noop': 0, 'session_cap_demoted': 8327}"
70,fatigue_stress,0.1819769240664203,-0.18507032599607837,0.6308056806371691,-0.008901208195914556,0.21010030864197526,0.41531915557894444,0.25,"{'repeat_cap_removed': 0, 'injection_noop': 0, 'session_cap_demoted': 10448}"
71,fatigue_stress,0.4297845391816215,0.06273728911912285,0.6076784464232121,-0.03202844240987157,0.126766975308642,0.0,0.30000000000000004,"{'repeat_cap_removed': 17935, 'injection_noop': 0, 'session_cap_demoted': 7296}"
72,fatigue_stress,0.24329289561533674,-0.12375435444716193,0.6415015110937485,0.0017946222606648465,0.2461033950617284,0.4855478891479333,0.13,"{'repeat_cap_removed': 0, 'injection_noop': 0, 'session_cap_demoted': 12687}"
73,fatigue_stress,0.5498998881111372,0.18285263804863855,0.6074446133378116,-0.03226227549527205,0.13659722222222226,0.0,0.18,"{'repeat_cap_removed': 21561, 'injection_noop': 0, 'session_cap_demoted': 9038}"
74,fatigue_stress,0.16296228429221724,-0.20408496577028143,0.6356787383493764,-0.0040281504837073046,0.2338888888888888,0.4615369425322474,0.23,"{'repeat_cap_removed': 0, 'injection_noop': 0, 'session_cap_demoted': 11688}"
75,fatigue_stress,0.44884073673921887,0.0817934866767202,0.605635817690092,-0.03407107114299168,0.13304783950617272,0.0,0.28,"{'repeat_cap_removed': 20325, 'injection_noop': 0, 'session_cap_demoted': 8363}"
76,fatigue_stress,0.1825502112085553,-0.18449703885394336,0.6386736748830304,-0.001033213950053291,0.23942901234567904,0.4636907576108642,0.21000000000000002,"{'repeat_cap_removed': 0, 'injection_noop': 0, 'session_cap_demoted': 11865}"
77,fatigue_stress,0.47215148889749636,0.1051042388349977,0.6130157824624859,-0.026691106370597795,0.13649691358024696,0.0,0.26,"{'repeat_cap_removed': 20452, 'injection_noop': 0, 'session_cap_demoted': 8460}"
78,fatigue_stress,0.10895209888371121,-0.25809515117878745,0.6341547584227639,-0.005552130410319767,0.22679012345679017,0.4309631699084993,0.31000000000000005,"{'repeat_cap_removed': 0, 'injection_noop': 0, 'session_cap_demoted': 10794}"
79,fatigue_stress,0.3702167256815526,0.003169475619053952,0.6086089406968808,-0.031097948136202924,0.12996913580246905,0.0,0.36,"{'repeat_cap_removed': 18941, 'injection_noop': 0, 'session_cap_demoted': 7645}"
80,fatigue_stress,0.2174184289489136,-0.14962882111358505,0.6153434375775897,-0.024363451255493995,0.31774691358024687,0.4708963318136204,0.15000000000000002,"{'repeat_cap_removed': 0, 'injection_noop': 0, 'session_cap_demoted': 12553}"
81,fatigue_stress,0.5164112700491419,0.14936401998664323,0.593621030866243,-0.046085857966840726,0.19100308641975317,0.0,0.2,"{'repeat_cap_removed': 21120, 'injection_noop': 0, 'session_cap_demoted': 8946}"
82,fatigue_stress,0.15047969107170367,-0.216567558990795,0.6080935392466609,-0.03161334958642281,0.3093518518518519,0.4299919455947753,0.25,"{'repeat_cap_removed': 0, 'injection_noop': 0, 'session_cap_demoted': 11282}"
83,fatigue_stress,0.41559691953639355,0.048549669473894885,0.5938218324782246,-0.045885056354859066,0.18429783950617273,0.0,0.30000000000000004,"{'repeat_cap_removed': 19267, 'injection_noop': 0, 'session_cap_demoted': 7964}"
84,fatigue_stress,0.1704115007781002,-0.19663574928439848,0.6123810762759097,-0.027325812557174034,0.31829475308641975,0.43204314842271185,0.23000000000000004,"{'repeat_cap_removed': 0, 'injection_noop': 0, 'session_cap_demoted': 11342}"
85,fatigue_stress,0.438863605319469,0.07181635525697033,0.5978626383626712,-0.041844250470412514,0.17932870370370368,0.0,0.28,"{'repeat_cap_removed': 19490, 'injection_noop': 0, 'session_cap_demoted': 8159}"
86,fatigue_stress,0.07512398405519277,-0.2919232660073059,0.6122542895153168,-0.02745259931776689,0.2947608024691357,0.428650551451011,0.33000000000000007,"{'repeat_cap_removed': 0, 'injection_noop': 1440, 'session_cap_demoted': 11138}"
87,fatigue_stress,0.34071313928307645,-0.026334110779422215,0.5973701683658355,-0.042336720467248234,0.16334876543209864,0.0,0.38,"{'repeat_cap_removed': 18968, 'injection_noop': 1440, 'session_cap_demoted': 7861}"
88,fatigue_stress,0.16438573656317673,-0.20266151349932193,0.6249595962461617,-0.014747292586921978,0.3090277777777777,0.46972888786066547,0.21000000000000002,"{'repeat_cap_removed': 0, 'injection_noop': 0, 'session_cap_demoted': 12464}"
89,fatigue_stress,0.4612494145846906,0.09420216452219193,0.5986275867567056,-0.04107930207637811,0.175486111111111,0.0,0.26,"{'repeat_cap_removed': 21130, 'injection_noop': 0, 'session_cap_demoted': 8849}"
90,fatigue_stress,0.08922692647262154,-0.2778203235898771,0.6193589119825825,-0.02034797685050116,0.3043287037037037,0.43950350851425496,0.31000000000000005,"{'repeat_cap_removed': 0, 'injection_noop': 0, 'session_cap_demoted': 11354}"
91,fatigue_stress,0.360232163059431,-0.006815087003067655,0.5990115983911884,-0.04069529044189524,0.17095679012345677,0.0,0.36000000000000004,"{'repeat_cap_removed': 19692, 'injection_noop': 0, 'session_cap_demoted': 8038}"
92,fatigue_stress,0.10386000558853137,-0.2631872444739673,0.6189286079805707,-0.020778280852512987,0.315270061728395,0.4434807030025221,0.29000000000000004,"{'repeat_cap_removed': 0, 'injection_noop': 0, 'session_cap_demoted': 11772}"
93,fatigue_stress,0.38192455310933965,0.014877303046840984,0.6014239027102501,-0.03828298612283354,0.17891203703703695,0.0,0.34,"{'repeat_cap_removed': 20021, 'injection_noop': 0, 'session_cap_demoted': 8271}"
94,fatigue_stress,0.011261699671944347,-0.3557855503905543,0.6214235155120202,-0.018283373321063445,0.29814814814814805,0.4382154896894196,0.39000000000000007,"{'repeat_cap_removed': 0, 'injection_noop': 1440, 'session_cap_demoted': 11391}"
95,fatigue_stress,0.2832520571089622,-0.08379519295353649,0.5996550448423518,-0.04005184399073192,0.168094135802469,0.0,0.44000000000000006,"{'repeat_cap_removed': 19716, 'injection_noop': 1440, 'session_cap_demoted': 8049}"
96,fatigue_stress,0.18380785859847476,-0.1832393914640239,0.637664488018219,-0.002042400814864731,0.06326388888888879,0.48768509779970226,0.19,"{'repeat_cap_removed': 0, 'injection_noop': 0, 'session_cap_demoted': 12595}"
97,fatigue_stress,0.4902704395317411,0.12322318946924243,0.6077997797733022,-0.03190710905978145,0.07398919753086419,0.0,0.24,"{'repeat_cap_removed': 21579, 'injection_noop': 0, 'session_cap_demoted': 8989}"
98,fatigue_stress,0.10481485809671659,-0.2622323919657821,0.6316519958711896,-0.0080548929618941,0.06114969135802473,0.4612908576113661,0.29000000000000004,"{'repeat_cap_removed': 0, 'injection_noop': 0, 'session_cap_demoted': 11554}"
99,fatigue_stress,0.38915763735709685,0.02211038729459819,0.6051774064918432,-0.034529482341240536,0.06148919753086424,0.0,0.33999999999999997,"{'repeat_cap_removed': 20265, 'injection_noop': 0, 'session_cap_demoted': 8323}"
100,fatigue_stress,0.11509676451900891,-0.25195048554348976,0.6365230532018333,-0.0031838356312503535,0.07371913580246914,0.4746774639521282,0.27,"{'repeat_cap_removed': 0, 'injection_noop': 0, 'session_cap_demoted': 12174}"
101,fatigue_stress,0.4116789314488441,0.044631681386345434,0.6107865454492943,-0.02892034338378935,0.08354938271604939,0.0,0.32,"{'repeat_cap_removed': 20839, 'injection_noop': 0, 'session_cap_demoted': 8681}"
102,fatigue_stress,0.044059910060073815,-0.32298734000242485,0.6312633401319424,-0.008443548701141279,0.06817129629629637,0.4380976101852597,0.37,"{'repeat_cap_removed': 0, 'injection_noop': 0, 'session_cap_demoted': 10996}"
103,fatigue_stress,0.30984166599829566,-0.05720558406420301,0.6083795198930574,-0.0313273689400263,0.07756172839506181,0.0,0.42000000000000004,"{'repeat_cap_removed': 19341, 'injection_noop': 0, 'session_cap_demoted': 7802}"
104,fatigue_stress,0.12945065668459643,-0.23759659337790223,0.6377370186887161,-0.001969870144367558,0.06459876543209875,0.4809325465057688,0.25,"{'repeat_cap_removed': 0, 'injection_noop': 0, 'session_cap_demoted': 12464}"
105,fatigue_stress,0.43013955421945665,0.06309230415695799,0.6075506841236591,-0.032156204709424596,0.07189043209876544,0.0,0.3,"{'repeat_cap_removed': 21552, 'injection_noop': 0, 'session_cap_demoted': 8896}"
106,fatigue_stress,0.04434720358215988,-0.3227000464803388,0.6344422133950482,-0.005264675438035438,0.06339506172839493,0.4627654800960649,0.35,"{'repeat_cap_removed': 0, 'injection_noop': 0, 'session_cap_demoted': 11623}"
107,fatigue_stress,0.3291175674732149,-0.03792968258928375,0.6062977300542579,-0.033409158778825776,0.06403549382716056,0.0,0.39999999999999997,"{'repeat_cap_removed': 20481, 'injection_noop': 0, 'session_cap_demoted': 8313}"
108,fatigue_stress,0.05853120656713279,-0.3085160434953659,0.6355187389520196,-0.004188149881064085,0.06972993827160501,0.47023578710822217,0.33,"{'repeat_cap_removed': 0, 'injection_noop': 0, 'session_cap_demoted': 12048}"
109,fatigue_stress,0.35153058843786145,-0.015516661624637218,0.6111581797684467,-0.028548709064637023,0.08060956790123464,0.0,0.38,"{'repeat_cap_removed': 20769, 'injection_noop': 0, 'session_cap_demoted': 8461}"
110,fatigue_stress,-0.016949864039284113,-0.3839971141017828,0.6318451405999704,-0.007861748233113253,0.06487654320987657,0.4402105418990686,0.43,"{'repeat_cap_removed': 0, 'injection_noop': 0, 'session_cap_demoted': 11011}"
111,fatigue_stress,0.24992390007610632,-0.11712334998639234,0.6091638798462428,-0.030543008986840925,0.07773919753086411,0.0,0.48,"{'repeat_cap_removed': 19354, 'injection_noop': 0, 'session_cap_demoted': 7738}"
112,fatigue_stress,0.11064288919757559,-0.2564043608649231,0.6283244999627241,-0.011382388870359583,0.06800925925925916,0.4728911700616153,0.27,"{'repeat_cap_removed': 0, 'injection_noop': 0, 'session_cap_demoted': 12379}"
113,fatigue_stress,0.40445311261981814,0.03740586255731948,0.6003871837015352,-0.03931970513154848,0.07174382716049377,0.0,0.32,"{'repeat_cap_removed': 21095, 'injection_noop': 0, 'session_cap_demoted': 8882}"
114,fatigue_stress,0.03828919781143503,-0.32875805225106364,0.622067290079974,-0.01763959875310972,0.06031635802469126,0.4378585791865165,0.37,"{'repeat_cap_removed': 0, 'injection_noop': 0, 'session_cap_demoted': 11201}"
115,fatigue_stress,0.30363868771390096,-0.06340856234859771,0.5989656306223874,-0.040741258210696296,0.07332561728395048,0.0,0.42,"{'repeat_cap_removed': 19470, 'injection_noop': 0, 'session_cap_demoted': 7981}"
116,fatigue_stress,0.03840929353440298,-0.3286379565280957,0.6216660851076822,-0.01804080372540151,0.08770061728395051,0.45861162663322547,0.35000000000000003,"{'repeat_cap_removed': 0, 'injection_noop': 0, 'session_cap_demoted': 12162}"
117,fatigue_stress,0.3217895146012497,-0.04525773546124895,0.5979943211995706,-0.041712567633513054,0.08699845679012341,0.0,0.4,"{'repeat_cap_removed': 20614, 'injection_noop': 0, 'session_cap_demoted': 8632}"
118,fatigue_stress,-0.051629265950169034,-0.4186765160126677,0.6205310839335264,-0.01917580489955728,0.07920524691358022,0.44827228489318643,0.45,"{'repeat_cap_removed': 0, 'injection_noop': 1440, 'session_cap_demoted': 11714}"
119,fatigue_stress,0.22329252895582963,-0.14375472110666904,0.5977658297262262,-0.041941059106857526,0.08195216049382714,0.0,0.5,"{'repeat_cap_removed': 20137, 'injection_noop': 1440, 'session_cap_demoted': 8295}"
120,fatigue_stress,0.051733395731465015,-0.31531385433103365,0.628694271269182,-0.011012617563901705,0.06837962962962951,0.4711962355821535,0.33,"{'repeat_cap_removed': 0, 'injection_noop': 0, 'session_cap_demoted': 12277}"
121,fatigue_stress,0.34500323360253193,-0.02204401645996673,0.601257045549468,-0.03844984328361567,0.07614197530864186,0.0,0.38,"{'repeat_cap_removed': 21131, 'injection_noop': 0, 'session_cap_demoted': 8751}"
122,fatigue_stress,-0.023784044806502758,-0.3908312948690014,0.6255096753281728,-0.014197213504910877,0.0657716049382715,0.4410881927265759,0.43000000000000005,"{'repeat_cap_removed': 0, 'injection_noop': 0, 'session_cap_demoted': 11282}"
123,fatigue_stress,0.24360781798678716,-0.12343943207571151,0.5991239598745426,-0.0405829289585411,0.0757330246913579,0.0,0.48000000000000004,"{'repeat_cap_removed': 19786, 'injection_noop': 0, 'session_cap_demoted': 7990}"
124,fatigue_stress,-0.01677630035422345,-0.3838235504167221,0.6256945270498447,-0.014012361783238947,0.07652006172839498,0.455755153044539,0.41000000000000003,"{'repeat_cap_removed': 0, 'injection_noop': 0, 'session_cap_demoted': 11902}"
125,fatigue_stress,0.2645763511195833,-0.10247089894291539,0.6015128376386636,-0.0381940511944201,0.08092592592592585,0.0,0.46,"{'repeat_cap_removed': 20405, 'injection_noop': 0, 'session_cap_demoted': 8420}"
126,fatigue_stress,-0.1104994084087364,-0.47754665847123506,0.6249253878127976,-0.01478150102028608,0.07104938271604944,0.4491607010993689,0.51,"{'repeat_cap_removed': 0, 'injection_noop': 1440, 'session_cap_demoted': 11604}"
127,fatigue_stress,0.16510393099548226,-0.2019433190670164,0.6013660412717136,-0.03834084756137013,0.0797685185185184,0.0,0.56,"{'repeat_cap_removed': 20087, 'injection_noop': 1440, 'session_cap_demoted': 8182}"
128,fatigue_stress,0.34703120132394105,-0.020016048738557612,0.6302831507697672,-0.009423738063316534,0.24952932098765435,0.4088151897976108,0.09,"{'repeat_cap_removed': 0, 'injection_noop': 0, 'freshness_quota': 2880}"
129,fatigue_stress,0.589382309837461,0.22233505977496232,0.6074686852511963,-0.03223820358188734,0.14364969135802474,0.0,0.14,"{'repeat_cap_removed': 20704, 'injection_noop': 0, 'freshness_quota': 2880}"
130,fatigue_stress,0.28201629383073995,-0.08503095623175871,0.6230822292523069,-0.016624659580776746,0.23279320987654328,0.36469980139752706,0.19,"{'repeat_cap_removed': 0, 'injection_noop': 0, 'freshness_quota': 2880}"
131,fatigue_stress,0.48809880171296105,0.12105155165046239,0.604702425959556,-0.03500446287352765,0.14406635802469125,0.0,0.24000000000000002,"{'repeat_cap_removed': 18994, 'injection_noop': 0, 'freshness_quota': 2880}"
132,fatigue_stress,0.29514461918414997,-0.0719026308783487,0.6281561642915583,-0.011550724541525392,0.24237654320987656,0.3748481196785265,0.16999999999999998,"{'repeat_cap_removed': 0, 'injection_noop': 0, 'freshness_quota': 2880}"
133,fatigue_stress,0.5117466260706955,0.14469937600819688,0.6125177984690721,-0.027189090364011625,0.13614969135802468,0.0,0.21999999999999997,"{'repeat_cap_removed': 19380, 'injection_noop': 0, 'freshness_quota': 2880}"
134,fatigue_stress,0.22861883169440855,-0.1384284183680901,0.6226044845270908,-0.017102404305992858,0.22957561728395048,0.3318323345471474,0.27,"{'repeat_cap_removed': 0, 'injection_noop': 0, 'freshness_quota': 2880}"
135,fatigue_stress,0.4097029948982366,0.04265574483573792,0.608442376573768,-0.0312645122593157,0.13283950617283957,0.0,0.31999999999999995,"{'repeat_cap_removed': 17531, 'injection_noop': 0, 'freshness_quota': 2880}"
136,fatigue_stress,0.29463508233135516,-0.0724121677311435,0.6329749327039517,-0.006731956129132022,0.2639197530864197,0.3989630855143289,0.15,"{'repeat_cap_removed': 0, 'injection_noop': 0, 'freshness_quota': 2880}"
137,fatigue_stress,0.5297903624417764,0.1627431123792777,0.6076407791070225,-0.032066109726061165,0.14273148148148151,0.0,0.2,"{'repeat_cap_removed': 20439, 'injection_noop': 0, 'freshness_quota': 2880}"
138,fatigue_stress,0.22239237602162976,-0.1446548740408689,0.6274233659987265,-0.012283522834357186,0.2523919753086419,0.36374312726557645,0.25,"{'repeat_cap_removed': 0, 'injection_noop': 0, 'freshness_quota': 2880}"
139,fatigue_stress,0.42871146260568704,0.06166421254318838,0.6064470185916268,-0.033259870241456935,0.13901234567901222,0.0,0.30000000000000004,"{'repeat_cap_removed': 19194, 'injection_noop': 0, 'freshness_quota': 2880}"
140,fatigue_stress,0.24041613234579004,-0.12663111771670862,0.6288724965249032,-0.010834392308180507,0.24672839506172828,0.3679768083354435,0.23,"{'repeat_cap_removed': 0, 'injection_noop': 0, 'freshness_quota': 2880}"
141,fatigue_stress,0.45111465818273966,0.084067408120241,0.6107900746582976,-0.028916814174786087,0.1404012345679011,0.0,0.28,"{'repeat_cap_removed': 19385, 'injection_noop': 0, 'freshness_quota': 2880}"
142,fatigue_stress,0.1709185502655009,-0.19612869979699776,0.6249855602292033,-0.014721328603880424,0.23370370370370375,0.32930081162008584,0.33,"{'repeat_cap_removed': 0, 'injection_noop': 0, 'freshness_quota': 2880}"
143,fatigue_stress,0.3496078598947737,-0.017439390167724944,0.6090761147946326,-0.030630774038451047,0.13428240740740738,0.0,0.38,"{'repeat_cap_removed': 17890, 'injection_noop': 0, 'freshness_quota': 2880}"
144,fatigue_stress,0.27225745735278284,-0.09478979270971583,0.6260231158565174,-0.01368377297656631,0.27304783950617284,0.3970795387406534,0.16999999999999998,"{'repeat_cap_removed': 0, 'injection_noop': 0, 'freshness_quota': 2880}"
145,fatigue_stress,0.5061700901328993,0.1391228400704006,0.6046716391602375,-0.035035249672846214,0.1593209876543209,0.0,0.21999999999999997,"{'repeat_cap_removed': 20269, 'injection_noop': 0, 'freshness_quota': 2880}"
146,fatigue_stress,0.20971159226283498,-0.1573356577996637,0.618406935706089,-0.02129995312699473,0.2525462962962963,0.3494709132890891,0.27,"{'repeat_cap_removed': 0, 'injection_noop': 0, 'freshness_quota': 2880}"
147,fatigue_stress,0.4054034355640662,0.03835618550156755,0.6032987617381311,-0.03640812709495256,0.15876543209876548,0.0,0.31999999999999995,"{'repeat_cap_removed': 18549, 'injection_noop': 0, 'freshness_quota': 2880}"
148,fatigue_stress,0.22129870778476574,-0.14574854227773293,0.6242899925147712,-0.015416896318312445,0.26027777777777783,0.3615402579761532,0.25,"{'repeat_cap_removed': 0, 'injection_noop': 0, 'freshness_quota': 2880}"
149,fatigue_stress,0.4284991440249329,0.06145189396243422,0.6083779591783302,-0.031328929654753535,0.14881172839506163,0.0,0.3,"{'repeat_cap_removed': 18929, 'injection_noop': 0, 'freshness_quota': 2880}"
150,fatigue_stress,0.1303811841353686,-0.23666606592713008,0.6217783401295455,-0.017928548703538216,0.24765432098765428,0.3503904368509467,0.35,"{'repeat_cap_removed': 0, 'injection_noop': 1440, 'freshness_quota': 2880}"
151,fatigue_stress,0.3280642175549625,-0.03898303250753615,0.6076876066567224,-0.0320192821763613,0.14583333333333326,0.0,0.4,"{'repeat_cap_removed': 18518, 'injection_noop': 1440, 'freshness_quota': 2880}"
152,fatigue_stress,0.22028169263103978,-0.1467655574314589,0.6175248013289287,-0.022182087504154957,0.28917438271604934,0.38114759290455547,0.23,"{'repeat_cap_removed': 0, 'injection_noop': 0, 'freshness_quota': 2880}"
153,fatigue_stress,0.444498843478225,0.07745159341572633,0.6025451488657141,-0.0371617399673696,0.16435956790123463,0.0,0.28,"{'repeat_cap_removed': 19964, 'injection_noop': 0, 'freshness_quota': 2880}"
154,fatigue_stress,0.15201817787488908,-0.21502907218760958,0.6163745642382329,-0.023332324594850795,0.28143518518518507,0.3441234507464922,0.33,"{'repeat_cap_removed': 0, 'injection_noop': 0, 'freshness_quota': 2880}"
155,fatigue_stress,0.3442635047798696,-0.022783745282629053,0.6015953029849747,-0.03811158584810903,0.15097222222222229,0.0,0.37999999999999995,"{'repeat_cap_removed': 18440, 'injection_noop': 0, 'freshness_quota': 2880}"
156,fatigue_stress,0.1615903388474495,-0.20545691121504916,0.6162939376289637,-0.023412951204120014,0.29451388888888896,0.3546638234413311,0.31,"{'repeat_cap_removed': 0, 'injection_noop': 0, 'freshness_quota': 2880}"
157,fatigue_stress,0.3650549085693202,-0.001992341493178451,0.6042155972362779,-0.03549129159680575,0.16654320987654314,0.0,0.36,"{'repeat_cap_removed': 18951, 'injection_noop': 0, 'freshness_quota': 2880}"
158,fatigue_stress,0.06779883882197718,-0.2992484112405215,0.6145151048054713,-0.02519178402761235,0.278395061728395,0.34917607396397427,0.41,"{'repeat_cap_removed': 0, 'injection_noop': 1440, 'freshness_quota': 2880}"
159,fatigue_stress,0.26569827009607283,-0.10134897996642583,0.6040466620225139,-0.035660226810569795,0.15764660493827165,0.0,0.45999999999999996,"{'repeat_cap_removed': 18544, 'injection_noop': 1440, 'freshness_quota': 2880}"
160,fatigue_stress,0.23724189096332401,-0.12980535909917465,0.6292203782152106,-0.01048651061787309,0.051435185185185084,0.398394247993159,0.21,"{'repeat_cap_removed': 0, 'injection_noop': 0, 'freshness_quota': 2880}"
161,fatigue_stress,0.46958283056158634,0.10253558049908768,0.6068900303526547,-0.032816858480429034,0.08658950617283945,0.0,0.26,"{'repeat_cap_removed': 20429, 'injection_noop': 0, 'freshness_quota': 2880}"
162,fatigue_stress,0.1664927913845356,-0.20055445867796307,0.6237783616046144,-0.01592852722846927,0.04922839506172827,0.36087965953760925,0.31,"{'repeat_cap_removed': 0, 'injection_noop': 0, 'freshness_quota': 2880}"
163,fatigue_stress,0.36890710467816934,0.0018598546156706752,0.6069886185913145,-0.03271827024176921,0.0713580246913581,0.0,0.36,"{'repeat_cap_removed': 19239, 'injection_noop': 0, 'freshness_quota': 2880}"
164,fatigue_stress,0.17295149533373472,-0.19409575472876395,0.6288336350496538,-0.010873253783429848,0.06058641975308632,0.3792745093766088,0.29,"{'repeat_cap_removed': 0, 'injection_noop': 0, 'freshness_quota': 2880}"
165,fatigue_stress,0.3908597441962579,0.023812494133759243,0.6095643646357102,-0.03014252419737351,0.09046296296296297,0.0,0.33999999999999997,"{'repeat_cap_removed': 19919, 'injection_noop': 0, 'freshness_quota': 2880}"
166,fatigue_stress,0.10584470676871077,-0.2612025432937879,0.6226872775041464,-0.017019611328937256,0.05814814814814806,0.33772420918553187,0.39,"{'repeat_cap_removed': 0, 'injection_noop': 0, 'freshness_quota': 2880}"
167,fatigue_stress,0.2896012038574826,-0.07744604620501605,0.6077173219732339,-0.03198956685984977,0.0813194444444445,0.0,0.44,"{'repeat_cap_removed': 18235, 'injection_noop': 0, 'freshness_quota': 2880}"
168,fatigue_stress,0.18313059657744796,-0.1839166534850507,0.6272708685183452,-0.01243602031473845,0.05756944444444434,0.39065665293045876,0.27,"{'repeat_cap_removed': 0, 'injection_noop': 0, 'freshness_quota': 2880}"
169,fatigue_stress,0.409594388670191,0.042547138607692325,0.6065120027153919,-0.033194886117691835,0.08683641975308642,0.0,0.32,"{'repeat_cap_removed': 20268, 'injection_noop': 0, 'freshness_quota': 2880}"
170,fatigue_stress,0.10596971066764682,-0.26107753939485184,0.6244866294087502,-0.015220259424333471,0.056859567901234476,0.36143638819772506,0.37,"{'repeat_cap_removed': 0, 'injection_noop': 0, 'freshness_quota': 2880}"
171,fatigue_stress,0.30860172712937567,-0.058445522933122995,0.6044653412776666,-0.035241547555417085,0.08330246913580241,0.0,0.42,"{'repeat_cap_removed': 19236, 'injection_noop': 0, 'freshness_quota': 2880}"
172,fatigue_stress,0.11601924719765,-0.25102800286484866,0.6289353961276858,-0.0107714927053979,0.06457561728395067,0.37524673137700365,0.35,"{'repeat_cap_removed': 0, 'injection_noop': 0, 'freshness_quota': 2880}"
173,fatigue_stress,0.33097522785277544,-0.03607202220972322,0.6096891513560267,-0.03001773747705694,0.09119598765432091,0.0,0.4,"{'repeat_cap_removed': 19719, 'injection_noop': 0, 'freshness_quota': 2880}"
174,fatigue_stress,0.04453093916150813,-0.32251631090099053,0.6242731019697392,-0.015433786863344512,0.06251543209876531,0.34013999622600893,0.45,"{'repeat_cap_removed': 0, 'injection_noop': 0, 'freshness_quota': 2880}"
175,fatigue_stress,0.2296318780735831,-0.13741537198891557,0.6073223430727244,-0.03238454576035932,0.08793209876543218,0.0,0.5,"{'repeat_cap_removed': 18291, 'injection_noop': 0, 'freshness_quota': 2880}"
176,fatigue_stress,0.16437650807054593,-0.20267074199195273,0.6229497984912435,-0.016757090341840142,0.05543209876543198,0.38498075477274657,0.29,"{'repeat_cap_removed': 0, 'injection_noop': 0, 'freshness_quota': 2880}"
177,fatigue_stress,0.3864170241726692,0.019369774110170546,0.6031981374240163,-0.0365087514090674,0.08358024691358024,0.0,0.33999999999999997,"{'repeat_cap_removed': 20059, 'injection_noop': 0, 'freshness_quota': 2880}"
178,fatigue_stress,0.09784919525813546,-0.2691980548043632,0.6197071222945575,-0.019999766538526198,0.05457561728395066,0.3433310544552034,0.39,"{'repeat_cap_removed': 0, 'injection_noop': 0, 'freshness_quota': 2880}"
179,fatigue_stress,0.2855254980048109,-0.08152175205768775,0.6021791930516875,-0.03752769578139614,0.07914351851851853,0.0,0.44,"{'repeat_cap_removed': 18393, 'injection_noop': 0, 'freshness_quota': 2880}"
180,fatigue_stress,0.09757270437591758,-0.2694745456865811,0.6211235534032065,-0.018583335429877224,0.08073302469135801,0.36715920436692207,0.37000000000000005,"{'repeat_cap_removed': 0, 'injection_noop': 0, 'freshness_quota': 2880}"
181,fatigue_stress,0.3066494241787638,-0.06039782588373488,0.6041455911687991,-0.03556129766428462,0.09560185185185177,0.0,0.42,"{'repeat_cap_removed': 19477, 'injection_noop': 0, 'freshness_quota': 2880}"
182,fatigue_stress,0.006152294074661835,-0.36089495598783683,0.6173002824785251,-0.0224066063545586,0.07087962962962968,0.3565899688662053,0.47000000000000003,"{'repeat_cap_removed': 0, 'injection_noop': 1440, 'freshness_quota': 2880}"
183,fatigue_stress,0.20642130643405254,-0.16062594362844612,0.6028698150064302,-0.036837073826653466,0.0911574074074073,0.0,0.52,"{'repeat_cap_removed': 19078, 'injection_noop': 1440, 'freshness_quota': 2880}"
184,fatigue_stress,0.10880306402859191,-0.25824418603390675,0.6222946041911247,-0.017412284641958986,0.059614197530864166,0.37816531539212295,0.35,"{'repeat_cap_removed': 0, 'injection_noop': 0, 'freshness_quota': 2880}"
185,fatigue_stress,0.3264944668958579,-0.04055278316664074,0.6035880441246777,-0.036118844708405984,0.08944444444444444,0.0,0.4,"{'repeat_cap_removed': 19902, 'injection_noop': 0, 'freshness_quota': 2880}"
186,fatigue_stress,0.036727880649754685,-0.330319369412744,0.6184002511309831,-0.021306637702100617,0.06254629629629638,0.3436142779998868,0.45000000000000007,"{'repeat_cap_removed': 0, 'injection_noop': 0, 'freshness_quota': 2880}"
187,fatigue_stress,0.22559713990741104,-0.14145011015508763,0.6023368434260982,-0.03737004540698552,0.0891512345679013,0.0,0.5000000000000001,"{'repeat_cap_removed': 18531, 'injection_noop': 0, 'freshness_quota': 2880}"
188,fatigue_stress,0.039359564024640414,-0.32768768603785825,0.6203905714878678,-0.019316317345215883,0.07412037037037034,0.36363415596534115,0.43000000000000005,"{'repeat_cap_removed': 0, 'injection_noop': 0, 'freshness_quota': 2880}"
189,fatigue_stress,0.2463901303407336,-0.12065711972176507,0.6046644852235558,-0.03504240360952793,0.09841049382716038,0.0,0.48000000000000004,"{'repeat_cap_removed': 19220, 'injection_noop': 0, 'freshness_quota': 2880}"
190,fatigue_stress,-0.05242609236463003,-0.4194733424271287,0.6188720906026753,-0.020834798230408347,0.07253086419753085,0.35428281352734775,0.53,"{'repeat_cap_removed': 0, 'injection_noop': 1440, 'freshness_quota': 2880}"
191,fatigue_stress,0.14660369805228923,-0.22044355201020943,0.6038624421122303,-0.03584444672085341,0.09216049382716052,0.0,0.5800000000000001,"{'repeat_cap_removed': 18834, 'injection_noop': 1440, 'freshness_quota': 2880}"
192,fatigue_stress,0.30533199364089014,-0.06171525642160852,0.6295159026884268,-0.010190986144656855,0.23699074074074078,0.3733795013665224,0.16,"{'repeat_cap_removed': 0, 'injection_noop': 0, 'session_cap_demoted': 10519, 'freshness_quota': 2880}"
193,fatigue_stress,0.5198747693087358,0.1528275192462371,0.6071596289800716,-0.0325472598530121,0.13723765432098767,0.0,0.21000000000000002,"{'repeat_cap_removed': 20617, 'injection_noop': 0, 'session_cap_demoted': 8611, 'freshness_quota': 2880}"
194,fatigue_stress,0.24136745300276652,-0.12567979705973215,0.625048210724497,-0.014658678108586676,0.23386574074074074,0.3281184543460541,0.26,"{'repeat_cap_removed': 0, 'injection_noop': 0, 'session_cap_demoted': 9305, 'freshness_quota': 2880}"
195,fatigue_stress,0.41871294368475875,0.05166569362226009,0.6057848219368068,-0.03392206689627686,0.14358796296296283,0.0,0.31000000000000005,"{'repeat_cap_removed': 18869, 'injection_noop': 0, 'session_cap_demoted': 7573, 'freshness_quota': 2880}"
196,fatigue_stress,0.2605274765931137,-0.10651977346938496,0.6296320106039826,-0.010074878229101136,0.22948302469135795,0.33172929968445186,0.24000000000000002,"{'repeat_cap_removed': 0, 'injection_noop': 0, 'session_cap_demoted': 9426, 'freshness_quota': 2880}"
197,fatigue_stress,0.44220336237453756,0.07515611231203889,0.6124904817863548,-0.027216407046728897,0.1344212962962963,0.0,0.29,"{'repeat_cap_removed': 19080, 'injection_noop': 0, 'session_cap_demoted': 7704, 'freshness_quota': 2880}"
198,fatigue_stress,0.19855212951870244,-0.16849512054379623,0.6242318102139015,-0.015475078619182181,0.2127006172839505,0.2839075837750475,0.34,"{'repeat_cap_removed': 0, 'injection_noop': 0, 'session_cap_demoted': 8209, 'freshness_quota': 2880}"
199,fatigue_stress,0.3399125467901142,-0.027134703272384486,0.6091216795237797,-0.030585209309303973,0.1327314814814815,0.0,0.39,"{'repeat_cap_removed': 17114, 'injection_noop': 0, 'session_cap_demoted': 6474, 'freshness_quota': 2880}"
200,fatigue_stress,0.2501847230469333,-0.11686252701556538,0.6303335045756032,-0.009373384257480466,0.24539351851851854,0.3677477733361977,0.22,"{'repeat_cap_removed': 0, 'injection_noop': 0, 'session_cap_demoted': 10494, 'freshness_quota': 2880}"
201,fatigue_stress,0.4599359307810207,0.09288868071852202,0.6074622080113989,-0.032244680821684746,0.13757716049382718,0.0,0.27,"{'repeat_cap_removed': 20339, 'injection_noop': 0, 'session_cap_demoted': 8274, 'freshness_quota': 2880}"
202,fatigue_stress,0.17745796644932016,-0.1895892836131785,0.6254291372861885,-0.014277751546895145,0.23426697530864193,0.332602925702826,0.32,"{'repeat_cap_removed': 0, 'injection_noop': 0, 'session_cap_demoted': 9523, 'freshness_quota': 2880}"
203,fatigue_stress,0.35912177164611025,-0.00792547841638841,0.6072909883035874,-0.03241590052949628,0.1372299382716049,0.0,0.37,"{'repeat_cap_removed': 19002, 'injection_noop': 0, 'session_cap_demoted': 7528, 'freshness_quota': 2880}"
204,fatigue_stress,0.1972459360998191,-0.16980131396267956,0.6278116025363537,-0.011895286296729979,0.23419753086419748,0.3356354894027953,0.30000000000000004,"{'repeat_cap_removed': 0, 'injection_noop': 0, 'session_cap_demoted': 9583, 'freshness_quota': 2880}"
205,fatigue_stress,0.38160004574921624,0.014552795686717579,0.6113856431562594,-0.028321245676824258,0.13826388888888896,0.0,0.35,"{'repeat_cap_removed': 19248, 'injection_noop': 0, 'session_cap_demoted': 7651, 'freshness_quota': 2880}"
206,fatigue_stress,0.12770840231363623,-0.23933884774886244,0.6247215250179667,-0.014985363815116948,0.22717592592592584,0.29658041072537605,0.4,"{'repeat_cap_removed': 0, 'injection_noop': 0, 'session_cap_demoted': 8589, 'freshness_quota': 2880}"
207,fatigue_stress,0.2801007607907146,-0.08694648927178406,0.6100025887936711,-0.0297043000394126,0.1357021604938271,0.0,0.45,"{'repeat_cap_removed': 17649, 'injection_noop': 0, 'session_cap_demoted': 6776, 'freshness_quota': 2880}"
208,fatigue_stress,0.22865598389178307,-0.1383912661707156,0.6181005310334005,-0.02160635779968323,0.28728395061728396,0.35793290820533485,0.24000000000000002,"{'repeat_cap_removed': 0, 'injection_noop': 0, 'session_cap_demoted': 10376, 'freshness_quota': 2880}"
209,fatigue_stress,0.4320578848452094,0.06501063478271074,0.5997037192315868,-0.04000316960149686,0.17969135802469127,0.0,0.29,"{'repeat_cap_removed': 20053, 'injection_noop': 0, 'session_cap_demoted': 8461, 'freshness_quota': 2880}"
210,fatigue_stress,0.16674384169085538,-0.2003034083716433,0.6133373380809006,-0.026369550752183057,0.27322530864197536,0.31093206272188834,0.34,"{'repeat_cap_removed': 0, 'injection_noop': 0, 'session_cap_demoted': 9144, 'freshness_quota': 2880}"
211,fatigue_stress,0.3312425278287177,-0.03580472223378095,0.5999944161284464,-0.03971247270463729,0.17655864197530868,0.0,0.38999999999999996,"{'repeat_cap_removed': 18248, 'injection_noop': 0, 'session_cap_demoted': 7398, 'freshness_quota': 2880}"
212,fatigue_stress,0.1858025574967595,-0.18124469256573916,0.6167109956930459,-0.022995893140037804,0.27435185185185174,0.3139767817039947,0.32,"{'repeat_cap_removed': 0, 'injection_noop': 0, 'session_cap_demoted': 9240, 'freshness_quota': 2880}"
213,fatigue_stress,0.3542570161317843,-0.012790233930714379,0.6038801806253837,-0.03582670820769995,0.16937500000000005,0.0,0.37,"{'repeat_cap_removed': 18448, 'injection_noop': 0, 'session_cap_demoted': 7509, 'freshness_quota': 2880}"
214,fatigue_stress,0.09248026520676506,-0.2745669848557336,0.6152972556937145,-0.02440963313936917,0.26133487654320975,0.30646297088876895,0.42,"{'repeat_cap_removed': 0, 'injection_noop': 1440, 'session_cap_demoted': 8967, 'freshness_quota': 2880}"
215,fatigue_stress,0.2543656457648783,-0.11268160429762036,0.6021861241885775,-0.037520764644506155,0.1561882716049383,0.0,0.47,"{'repeat_cap_removed': 18085, 'injection_noop': 1440, 'session_cap_demoted': 7214, 'freshness_quota': 2880}"
216,fatigue_stress,0.17501767935078527,-0.1920295707117134,0.6202235422009369,-0.019483346632146792,0.28382716049382717,0.35283093914090674,0.30000000000000004,"{'repeat_cap_removed': 0, 'injection_noop': 0, 'session_cap_demoted': 10310, 'freshness_quota': 2880}"
217,fatigue_stress,0.374186167318162,0.007138917255663346,0.601816279993059,-0.03789060884002471,0.1658256172839505,0.0,0.35,"{'repeat_cap_removed': 19784, 'injection_noop': 0, 'session_cap_demoted': 8095, 'freshness_quota': 2880}"
218,fatigue_stress,0.10649829832609492,-0.26054895173640374,0.6156601777977524,-0.024046711035331292,0.2712114197530864,0.3137003676809297,0.4,"{'repeat_cap_removed': 0, 'injection_noop': 0, 'session_cap_demoted': 9258, 'freshness_quota': 2880}"
219,fatigue_stress,0.2730188395872594,-0.09402841047523924,0.5998386877538444,-0.039868201079239274,0.1650848765432098,0.0,0.45,"{'repeat_cap_removed': 18281, 'injection_noop': 0, 'session_cap_demoted': 7305, 'freshness_quota': 2880}"
220,fatigue_stress,0.12166880188024098,-0.24537844818225768,0.6170671742356062,-0.02263971459747749,0.2796219135802469,0.3189632797479274,0.38,"{'repeat_cap_removed': 0, 'injection_noop': 0, 'session_cap_demoted': 9461, 'freshness_quota': 2880}"
221,fatigue_stress,0.294559357545465,-0.07248789251703369,0.6040402377167685,-0.03566665111631517,0.17002314814814823,0.0,0.43,"{'repeat_cap_removed': 18689, 'injection_noop': 0, 'session_cap_demoted': 7538, 'freshness_quota': 2880}"
222,fatigue_stress,0.02824194784201156,-0.3388053022204871,0.6162781485474209,-0.023428740285662775,0.2640046296296297,0.3119096645682056,0.48000000000000004,"{'repeat_cap_removed': 0, 'injection_noop': 1440, 'session_cap_demoted': 9230, 'freshness_quota': 2880}"
223,fatigue_stress,0.19509920391066193,-0.17194804615183673,0.6027000353723087,-0.037006853460775035,0.1623302469135801,0.0,0.53,"{'repeat_cap_removed': 18277, 'injection_noop': 1440, 'session_cap_demoted': 7188, 'freshness_quota': 2880}"
224,fatigue_stress,0.19316371178309455,-0.17388353827940412,0.6267110790168205,-0.012995809816263137,0.05385802469135803,0.36668392482541506,0.28,"{'repeat_cap_removed': 0, 'injection_noop': 0, 'session_cap_demoted': 10391, 'freshness_quota': 2880}"
225,fatigue_stress,0.4000449267028628,0.032997676640364126,0.6067896983147778,-0.03291719051830588,0.09354166666666663,0.0,0.33,"{'repeat_cap_removed': 20224, 'injection_noop': 0, 'session_cap_demoted': 8120, 'freshness_quota': 2880}"
226,fatigue_stress,0.12167944802687436,-0.2453678020356243,0.623610375727198,-0.016096513105885668,0.05308641975308648,0.3303727293601311,0.38,"{'repeat_cap_removed': 0, 'injection_noop': 0, 'session_cap_demoted': 9394, 'freshness_quota': 2880}"
227,fatigue_stress,0.29907092519013606,-0.0679763248723626,0.6052127237049117,-0.03449416512817194,0.07869598765432095,0.0,0.43,"{'repeat_cap_removed': 19001, 'injection_noop': 0, 'session_cap_demoted': 7577, 'freshness_quota': 2880}"
228,fatigue_stress,0.12875893027511243,-0.23828831978738624,0.6283177300193533,-0.011389158813730371,0.06307098765432095,0.3480723163362324,0.36,"{'repeat_cap_removed': 0, 'injection_noop': 0, 'session_cap_demoted': 9876, 'freshness_quota': 2880}"
229,fatigue_stress,0.32117000609375246,-0.045877243968746206,0.6097347287955031,-0.02997216003758063,0.09986111111111118,0.0,0.41000000000000003,"{'repeat_cap_removed': 19782, 'injection_noop': 0, 'session_cap_demoted': 8029, 'freshness_quota': 2880}"
230,fatigue_stress,0.06303264617562748,-0.3040146038868712,0.6227960135981017,-0.016910875234982026,0.055501543209876436,0.30475603532596307,0.46,"{'repeat_cap_removed': 0, 'injection_noop': 0, 'session_cap_demoted': 8792, 'freshness_quota': 2880}"
231,fatigue_stress,0.21976095412212993,-0.14728629594036874,0.6081186382840651,-0.03158825054901859,0.09502314814814805,0.0,0.51,"{'repeat_cap_removed': 17966, 'injection_noop': 0, 'session_cap_demoted': 6992, 'freshness_quota': 2880}"
232,fatigue_stress,0.13706701068748478,-0.22998023937501388,0.627584474596749,-0.012122414236334644,0.058495370370370336,0.36177643214563693,0.33999999999999997,"{'repeat_cap_removed': 0, 'injection_noop': 0, 'session_cap_demoted': 10301, 'freshness_quota': 2880}"
233,fatigue_stress,0.3400070826917165,-0.027040167370782187,0.6067756744663394,-0.03293121436674429,0.09156635802469126,0.0,0.38999999999999996,"{'repeat_cap_removed': 20049, 'injection_noop': 0, 'session_cap_demoted': 8004, 'freshness_quota': 2880}"
234,fatigue_stress,0.06113338242014199,-0.3059138676423567,0.6256158392007636,-0.014091049632320107,0.056404320987654355,0.33140815836640647,0.43999999999999995,"{'repeat_cap_removed': 0, 'injection_noop': 0, 'session_cap_demoted': 9455, 'freshness_quota': 2880}"
235,fatigue_stress,0.23924261580201983,-0.12780463426047883,0.6056263961797353,-0.03408049265334834,0.08690586419753088,0.0,0.48999999999999994,"{'repeat_cap_removed': 19039, 'injection_noop': 0, 'session_cap_demoted': 7462, 'freshness_quota': 2880}"
236,fatigue_stress,0.07280719041025402,-0.29424005965224465,0.6288604768711432,-0.010846411961940472,0.06264660493827168,0.34328167762131334,0.42,"{'repeat_cap_removed': 0, 'injection_noop': 0, 'session_cap_demoted': 9822, 'freshness_quota': 2880}"
237,fatigue_stress,0.2611278271296973,-0.10591942293280138,0.6101621118650489,-0.029544776968034814,0.10010802469135793,0.0,0.47,"{'repeat_cap_removed': 19485, 'injection_noop': 0, 'session_cap_demoted': 7744, 'freshness_quota': 2880}"
238,fatigue_stress,0.0021972341152899366,-0.36485001594720873,0.6236248733273577,-0.016082015505725966,0.059714506172839465,0.30608128616472025,0.5199999999999999,"{'repeat_cap_removed': 0, 'injection_noop': 0, 'session_cap_demoted': 8793, 'freshness_quota': 2880}"
239,fatigue_stress,0.15983515251805647,-0.2072120975444422,0.6084999917553956,-0.03120689707768809,0.09108796296296284,0.0,0.57,"{'repeat_cap_removed': 18024, 'injection_noop': 0, 'session_cap_demoted': 6971, 'freshness_quota': 2880}"
240,fatigue_stress,0.11928676991769022,-0.24776048014480845,0.6213222890722017,-0.018384599760882026,0.05639660493827159,0.35396358040961734,0.36,"{'repeat_cap_removed': 0, 'injection_noop': 0, 'session_cap_demoted': 10236, 'freshness_quota': 2880}"
241,fatigue_stress,0.3165416613449362,-0.050505588717562444,0.6033024979072474,-0.03640439092583625,0.09658950617283946,0.0,0.41000000000000003,"{'repeat_cap_removed': 19837, 'injection_noop': 0, 'session_cap_demoted': 8115, 'freshness_quota': 2880}"
242,fatigue_stress,0.05532206919505478,-0.3117251808674439,0.6162965373813826,-0.023410351451701117,0.05277777777777781,0.3077832903546207,0.4600000000000001,"{'repeat_cap_removed': 0, 'injection_noop': 0, 'session_cap_demoted': 9049, 'freshness_quota': 2880}"
243,fatigue_stress,0.21510557677167907,-0.1519416732908196,0.6014645382429,-0.03824235059018366,0.08469907407407407,0.0,0.5100000000000001,"{'repeat_cap_removed': 18137, 'injection_noop': 0, 'session_cap_demoted': 7212, 'freshness_quota': 2880}"
244,fatigue_stress,0.05139266834139411,-0.31565458172110455,0.6182840157509183,-0.021422873082165395,0.07000000000000006,0.33650475500662,0.44000000000000006,"{'repeat_cap_removed': 0, 'injection_noop': 0, 'session_cap_demoted': 9914, 'freshness_quota': 2880}"
245,fatigue_stress,0.23500502570244491,-0.13204222436005375,0.6022132421136213,-0.037493646719462426,0.10579475308641983,0.0,0.49000000000000005,"{'repeat_cap_removed': 19263, 'injection_noop': 0, 'session_cap_demoted': 7899, 'freshness_quota': 2880}"
246,fatigue_stress,-0.03736889560801826,-0.4044161456705169,0.616080760059198,-0.023626128773885702,0.06377314814814805,0.3230631735458044,0.54,"{'repeat_cap_removed': 0, 'injection_noop': 1440, 'session_cap_demoted': 9488, 'freshness_quota': 2880}"
247,fatigue_stress,0.13561350363509383,-0.23143374642740483,0.6014196527590074,-0.03828723607407625,0.10065586419753081,0.0,0.5900000000000001,"{'repeat_cap_removed': 18736, 'injection_noop': 1440, 'session_cap_demoted': 7524, 'freshness_quota': 2880}"
248,fatigue_stress,0.06150643997137922,-0.30554081009111944,0.6219083909928292,-0.017798497840254446,0.06399691358024695,0.35141932795740716,0.42,"{'repeat_cap_removed': 0, 'injection_noop': 0, 'session_cap_demoted': 10177, 'freshness_quota': 2880}"
249,fatigue_stress,0.2567454827338934,-0.11030176732860525,0.6033228241176407,-0.036384064715442976,0.0969444444444445,0.0,0.47,"{'repeat_cap_removed': 19678, 'injection_noop': 0, 'session_cap_demoted': 7922, 'freshness_quota': 2880}"
250,fatigue_stress,-0.00924066889554176,-0.3762879189580404,0.6180693929435064,-0.021637495889577307,0.06142746913580255,0.31406683976995436,0.52,"{'repeat_cap_removed': 0, 'injection_noop': 0, 'session_cap_demoted': 9204, 'freshness_quota': 2880}"
251,fatigue_stress,0.15571443828807463,-0.21133281177442403,0.6028259644273896,-0.03688092440569413,0.09615740740740741,0.0,0.5700000000000001,"{'repeat_cap_removed': 18326, 'injection_noop': 0, 'session_cap_demoted': 7141, 'freshness_quota': 2880}"
252,fatigue_stress,-0.0029308648677920934,-0.36997811493029076,0.6186634761301348,-0.02104341270294885,0.06931327160493828,0.33008448680614927,0.5,"{'repeat_cap_removed': 0, 'injection_noop': 0, 'session_cap_demoted': 9733, 'freshness_quota': 2880}"
253,fatigue_stress,0.17617250404496754,-0.19087474601753113,0.6041186497360675,-0.03558823909701614,0.10630401234567888,0.0,0.55,"{'repeat_cap_removed': 18899, 'injection_noop': 0, 'session_cap_demoted': 7581, 'freshness_quota': 2880}"
254,fatigue_stress,-0.09701798481323343,-0.4640652348757321,0.6172067603883065,-0.022500128444777223,0.06662037037037027,0.3230925036120043,0.6,"{'repeat_cap_removed': 0, 'injection_noop': 1440, 'session_cap_demoted': 9507, 'freshness_quota': 2880}"
255,fatigue_stress,0.07651262895751099,-0.2905346211049877,0.6035650816048329,-0.03614180722825078,0.10371913580246916,0.0,0.65,"{'repeat_cap_removed': 18653, 'injection_noop': 1440, 'session_cap_demoted': 7415, 'freshness_quota': 2880}"
0,popularity_stress,0.37218960416958613,0.0,0.6444104949414505,0.0,0.292932098765432,0.47935661404881286,0.0,"{'repeat_cap_removed': 0, 'injection_noop': 0}"
1,popularity_stress,0.6707035322461052,0.2985139280765191,0.6002737240950923,-0.04413677084635825,0.19041666666666668,0.0,0.05,"{'repeat_cap_removed': 21537, 'injection_noop': 0}"
2,popularity_stress,0.30029357097887843,-0.0718960331907077,0.6368559500650071,-0.00755454487644347,0.282932098765432,0.4472800190735086,0.1,"{'repeat_cap_removed': 0, 'injection_noop': 0}"
3,popularity_stress,0.5706089697700681,0.198419365600482,0.6011625433130595,-0.04324795162839101,0.19181327160493833,0.0,0.15000000000000002,"{'repeat_cap_removed': 19697, 'injection_noop': 0}"
4,popularity_stress,0.32422891303738177,-0.04796069113220436,0.6380409403797387,-0.006369554561711843,0.26238425925925934,0.4455463991557672,0.08,"{'repeat_cap_removed': 0, 'injection_noop': 0}"
5,popularity_stress,0.5966368324153749,0.22444722824578878,0.6026853026802297,-0.041725192261220845,0.1603858024691358,0.0,0.13,"{'repeat_cap_removed': 19717, 'injection_noop': 0}"
6,popularity_stress,0.2609233998582348,-0.11126620431135131,0.6287518296979386,-0.015658665243511893,0.2645987654320987,0.3984565595725543,0.18,"{'repeat_cap_removed': 0, 'injection_noop': 0}"
7,popularity_stress,0.4952264235116077,0.1230368193420216,0.601187395313954,-0.043223099627496486,0.1562654320987653,0.0,0.23,"{'repeat_cap_removed': 17894, 'injection_noop': 0}"
8,popularity_stress,0.3148025834207724,-0.057387020748813744,0.6393309545906323,-0.005079540350818257,0.3113348765432098,0.47543375433281293,0.06,"{'repeat_cap_removed': 0, 'injection_noop': 0}"
9,popularity_stress,0.6107585646820631,0.238568960512477,0.5986240421235285,-0.04578645281792204,0.2023996913580246,0.0,0.11,"{'repeat_cap_removed': 21465, 'injection_noop': 0}"
10,popularity_stress,0.2361686033898829,-0.13602100077970322,0.6361673888623867,-0.008243106079063867,0.3045679012345679,0.45059803395042825,0.16,"{'repeat_cap_removed': 0, 'injection_noop': 0}"
11,popularity_stress,0.5109125415515836,0.13872293738199748,0.6009421134376326,-0.04346838150381793,0.19158179012345666,0.0,0.21000000000000002,"{'repeat_cap_removed': 20223, 'injection_noop': 0}"
12,popularity_stress,0.25398948955076067,-0.11820011461882546,0.6363914453847385,-0.008019049556712066,0.29574074074074064,0.4548037554023375,0.14,"{'repeat_cap_removed': 0, 'injection_noop': 0}"
13,popularity_stress,0.5352318741493702,0.1630422699797841,0.6028397899756626,-0.041570704965787963,0.17381172839506176,0.0,0.19,"{'repeat_cap_removed': 20320, 'injection_noop': 0}"
14,popularity_stress,0.18307993170586154,-0.1891096724637246,0.6302940443759132,-0.014116450565537342,0.2911574074074075,0.41861680737455864,0.24000000000000002,"{'repeat_cap_removed': 0, 'injection_noop': 0}"
15,popularity_stress,0.4343234153390678,0.06213381116948169,0.6034528659800413,-0.0409576289614092,0.17225308641975312,0.0,0.29000000000000004,"{'repeat_cap_removed': 18848, 'injection_noop': 0}"
16,popularity_stress,0.29251634307021585,-0.07967326109937028,0.6247161038054377,-0.01969439113601279,0.37783950617283946,0.45507274022460276,0.08,"{'repeat_cap_removed': 0, 'injection_noop': 0}"
17,popularity_stress,0.5758144177824253,0.20362481361283913,0.5835240646360493,-0.060886430305401196,0.23968364197530856,0.0,0.13,"{'repeat_cap_removed': 21028, 'injection_noop': 0}"
18,popularity_stress,0.22502265883723377,-0.14716694533235236,0.6177013060040757,-0.02670918893737484,0.3733564814814814,0.41651189037990255,0.18,"{'repeat_cap_removed': 0, 'injection_noop': 0}"
19,popularity_stress,0.4758713109343591,0.10368170676477295,0.5848123850531424,-0.05959810988830816,0.22819444444444437,0.0,0.23,"{'repeat_cap_removed': 19119, 'injection_noop': 0}"
20,popularity_stress,0.24639502843272645,-0.12579457573685968,0.6162899460379568,-0.028120548903493692,0.36898148148148135,0.41532738002176534,0.16,"{'repeat_cap_removed': 0, 'injection_noop': 0}"
21,popularity_stress,0.5009913979735097,0.12880179380392354,0.5858329243883355,-0.05857757055311508,0.21942129629629625,0.0,0.21000000000000002,"{'repeat_cap_removed': 19183, 'injection_noop': 0}"
22,popularity_stress,0.15998309356235818,-0.21220651060722795,0.6177245624909642,-0.026685932450486338,0.3564583333333333,0.4052485557770879,0.26,"{'repeat_cap_removed': 0, 'injection_noop': 1440}"
23,popularity_stress,0.4045716291051761,0.03238202493558995,0.5929741533570332,-0.051436341584417344,0.20924382716049372,0.0,0.31000000000000005,"{'repeat_cap_removed': 18612, 'injection_noop': 1440}"
24,popularity_stress,0.23554256689522812,-0.136647037274358,0.6253846501312696,-0.01902584481018088,0.36969135802469144,0.4583813965405205,0.14,"{'repeat_cap_removed': 0, 'injection_noop': 0}"
25,popularity_stress,0.5204409419104494,0.1482513377408633,0.5888682577011152,-0.05554223724033536,0.2385725308641975,0.0,0.19,"{'repeat_cap_removed': 20957, 'injection_noop': 0}"
26,popularity_stress,0.1590615929229601,-0.21312801124662603,0.6206809809272369,-0.023729514014213637,0.35524691358024696,0.4294214197988467,0.24000000000000002,"{'repeat_cap_removed': 0, 'injection_noop': 0}"
27,popularity_stress,0.42058313773981115,0.04839353357022502,0.5880075538652236,-0.0564029410762269,0.22819444444444437,0.0,0.29000000000000004,"{'repeat_cap_removed': 19435, 'injection_noop': 0}"
28,popularity_stress,0.17351784351188287,-0.19867176065770326,0.6182746054825179,-0.026135889458932637,0.3665895061728395,0.43444995311099616,0.22000000000000003,"{'repeat_cap_removed': 0, 'injection_noop': 0}"
29,popularity_stress,0.44263675259810864,0.07044714842852251,0.5906280498623377,-0.053782445079112784,0.2241743827160494,0.0,0.27,"{'repeat_cap_removed': 19778, 'injection_noop': 0}"
30,popularity_stress,0.08702073030588175,-0.2851688738637044,0.6239387561243405,-0.020471738817110063,0.33753086419753076,0.4271367669707959,0.32000000000000006,"{'repeat_cap_removed': 0, 'injection_noop': 1440}"
31,popularity_stress,0.3461612630840266,-0.026028341085559514,0.5967254173406199,-0.04768507760083063,0.2150154320987654,0.0,0.37,"{'repeat_cap_removed': 19236, 'injection_noop': 1440}"
32,popularity_stress,0.25383727207403023,-0.1183523320955559,0.6432752266628902,-0.001135268278560364,0.07808641975308639,0.47823263657893045,0.12,"{'repeat_cap_removed': 0, 'injection_noop': 0}"
33,popularity_stress,0.5507615440462466,0.17857193987666042,0.5989220201698806,-0.04548847477156992,0.07246913580246916,0.0,0.16999999999999998,"{'repeat_cap_removed': 21490, 'injection_noop': 0}"
34,popularity_stress,0.1767466878510557,-0.19544291631853042,0.6373064210486943,-0.007104073892756246,0.07586419753086426,0.45037875221657997,0.22,"{'repeat_cap_removed': 0, 'injection_noop': 0}"
35,popularity_stress,0.45068898147630687,0.07849937730672074,0.5995315975941065,-0.04487889734734407,0.06839506172839505,0.0,0.27,"{'repeat_cap_removed': 20189, 'injection_noop': 0}"
36,popularity_stress,0.1899719839240384,-0.18221762024554772,0.6403455651358352,-0.004064929805615347,0.09624228395061718,0.46073453981145185,0.2,"{'repeat_cap_removed': 0, 'injection_noop': 0}"
37,popularity_stress,0.4743301768254705,0.10214057265588439,0.6009198953900291,-0.04349059955142143,0.08449845679012347,0.0,0.25,"{'repeat_cap_removed': 20616, 'injection_noop': 0}"
38,popularity_stress,0.11878815268079235,-0.2534014514887938,0.6361541296135659,-0.008256365327884652,0.0810956790123456,0.42554548295719424,0.30000000000000004,"{'repeat_cap_removed': 0, 'injection_noop': 0}"
39,popularity_stress,0.3723802309817834,0.00019062681219728095,0.6001074140631798,-0.04430308087827073,0.08073302469135801,0.0,0.35,"{'repeat_cap_removed': 19096, 'injection_noop': 0}"
40,popularity_stress,0.19824947914537155,-0.17394012502421458,0.641741270471985,-0.002669224469465492,0.08128858024691366,0.4740616914140587,0.18,"{'repeat_cap_removed': 0, 'injection_noop': 0}"
41,popularity_stress,0.49116408014359647,0.11897447597401034,0.5970758302894215,-0.04733466465202907,0.0774999999999999,0.0,0.22999999999999998,"{'repeat_cap_removed': 21411, 'injection_noop': 0}"
42,popularity_stress,0.11595444456732223,-0.2562351596022639,0.6397298069924369,-0.004680687949013662,0.07970679012345672,0.45270635783597296,0.28,"{'repeat_cap_removed': 0, 'injection_noop': 0}"
43,popularity_stress,0.3906688694784819,0.018479265308895765,0.5975398533927776,-0.04687064154867293,0.07681327160493834,0.0,0.32999999999999996,"{'repeat_cap_removed': 20396, 'injection_noop': 0}"
44,popularity_stress,0.13229670233886676,-0.23989290183071937,0.6406754647704929,-0.003735030170957665,0.08692129629629619,0.45831731785368246,0.26,"{'repeat_cap_removed': 0, 'injection_noop': 0}"
45,popularity_stress,0.4141244426296728,0.041934838460086665,0.5996449575760645,-0.04476553736538602,0.07895833333333324,0.0,0.31,"{'repeat_cap_removed': 20664, 'injection_noop': 0}"
46,popularity_stress,0.057151551953307456,-0.3150380522162787,0.6352297687666288,-0.009180726174821685,0.08222993827160496,0.42920295818996573,0.36,"{'repeat_cap_removed': 0, 'injection_noop': 0}"
47,popularity_stress,0.31402973011675195,-0.05815987405283418,0.5978199247097257,-0.04659057023172486,0.07655092592592583,0.0,0.41000000000000003,"{'repeat_cap_removed': 19225, 'injection_noop': 0}"
48,popularity_stress,0.18122160659765424,-0.1909679975719319,0.6309880159632935,-0.01342247897815707,0.10512345679012336,0.46034709629811515,0.2,"{'repeat_cap_removed': 0, 'injection_noop': 0}"
49,popularity_stress,0.4631825223882142,0.0909929182186281,0.5911139972572641,-0.05329649768418643,0.06931327160493828,0.0,0.25,"{'repeat_cap_removed': 20932, 'injection_noop': 0}"
50,popularity_stress,0.10929247023494881,-0.2628971339346373,0.6227678330425719,-0.021642661898878646,0.09649691358024692,0.42581204213521734,0.30000000000000004,"{'repeat_cap_removed': 0, 'injection_noop': 0}"
51,popularity_stress,0.3628709855817712,-0.009318618587814909,0.5917127469194372,-0.052697748022013324,0.06778549382716048,0.0,0.35,"{'repeat_cap_removed': 19359, 'injection_noop': 0}"
52,popularity_stress,0.11740038926611618,-0.25478921490346995,0.6208304787380096,-0.023580016203440968,0.12141203703703707,0.4354844618558542,0.28,"{'repeat_cap_removed': 0, 'injection_noop': 0}"
53,popularity_stress,0.38162926955468285,0.009439665385096718,0.5877507539474369,-0.05665974099401361,0.08815586419753085,0.0,0.33,"{'repeat_cap_removed': 20323, 'injection_noop': 0}"
54,popularity_stress,0.030931387878937122,-0.341258216290649,0.6275690061826618,-0.01684148875878877,0.1082484567901234,0.4265439103378371,0.38,"{'repeat_cap_removed': 0, 'injection_noop': 1440}"
55,popularity_stress,0.28647355299215005,-0.08571605117743608,0.5946385434667679,-0.04977195147468261,0.09027777777777768,0.0,0.43000000000000005,"{'repeat_cap_removed': 19562, 'injection_noop': 1440}"
56,popularity_stress,0.12356645931181132,-0.2486231448577748,0.6310636274569339,-0.013346867484516634,0.10042438271604937,0.45754419803887164,0.26,"{'repeat_cap_removed': 0, 'injection_noop': 0}"
57,popularity_stress,0.40429054154011185,0.03210093737052572,0.5928510129985984,-0.05155948194285209,0.07110339506172836,0.0,0.31,"{'repeat_cap_removed': 21003, 'injection_noop': 0}"
58,popularity_stress,0.0458024671225824,-0.32638713704700373,0.6264385685789039,-0.01797192636254663,0.09772376543209882,0.43101651330005253,0.36,"{'repeat_cap_removed': 0, 'injection_noop': 0}"
59,popularity_stress,0.30433702990532935,-0.06785257426425678,0.5927023916886639,-0.05170810325278663,0.07225308641975303,0.0,0.41,"{'repeat_cap_removed': 19647, 'injection_noop': 0}"
60,popularity_stress,0.05999033893541117,-0.31219926523417496,0.6278512210092739,-0.0165592739321766,0.10761574074074076,0.43672710121519476,0.34,"{'repeat_cap_removed': 0, 'injection_noop': 0}"
61,popularity_stress,0.32472606157328465,-0.04746354259630148,0.5906115923717212,-0.0537989025697293,0.07938271604938274,0.0,0.39,"{'repeat_cap_removed': 20049, 'injection_noop': 0}"
62,popularity_stress,-0.029783189006497346,-0.4019727931760835,0.6297811755087382,-0.014629319432712284,0.0990123456790124,0.42943225848093913,0.44,"{'repeat_cap_removed': 0, 'injection_noop': 1440}"
63,popularity_stress,0.22789012669778852,-0.1442994774717976,0.5951663437520012,-0.04924415118944936,0.0790277777777777,0.0,0.49,"{'repeat_cap_removed': 19592, 'injection_noop': 1440}"
64,popularity_stress,0.3021896041695861,-0.07,0.6444104949414505,0.0,0.292932098765432,0.47935661404881286,0.07,"{'repeat_cap_removed': 0, 'injection_noop': 0, 'session_cap_demoted': 12683}"
65,popularity_stress,0.6007035322461053,0.22851392807651916,0.6002737240950923,-0.04413677084635825,0.19041666666666668,0.0,0.12000000000000001,"{'repeat_cap_removed': 21537, 'injection_noop': 0, 'session_cap_demoted': 9021}"
66,popularity_stress,0.2302935709788784,-0.14189603319070773,0.6368559500650072,-0.007554544876443359,0.282932098765432,0.4472800190735086,0.17,"{'repeat_cap_removed': 0, 'injection_noop': 0, 'session_cap_demoted': 11438}"
67,popularity_stress,0.5006089697700682,0.12841936560048206,0.6011625433130595,-0.04324795162839101,0.19181327160493833,0.0,0.22000000000000003,"{'repeat_cap_removed': 19697, 'injection_noop': 0, 'session_cap_demoted': 8061}"
68,popularity_stress,0.2542289130373819,-0.11796069113220425,0.6380409403797387,-0.006369554561711843,0.26238425925925934,0.4455463991557672,0.15000000000000002,"{'repeat_cap_removed': 0, 'injection_noop': 0, 'session_cap_demoted': 11492}"
69,popularity_stress,0.526636832415375,0.15444722824578883,0.6026853026802297,-0.041725192261220845,0.1603858024691358,0.0,0.2,"{'repeat_cap_removed': 19717, 'injection_noop': 0, 'session_cap_demoted': 8151}"
70,popularity_stress,0.1909233998582346,-0.18126620431135154,0.6287518296979386,-0.015658665243511893,0.2645987654320987,0.3984565595725543,0.25,"{'repeat_cap_removed': 0, 'injection_noop': 0, 'session_cap_demoted': 10199}"
71,popularity_stress,0.42522642351160767,0.053036819342021535,0.601187395313954,-0.043223099627496486,0.1562654320987653,0.0,0.30000000000000004,"{'repeat_cap_removed': 17894, 'injection_noop': 0, 'session_cap_demoted': 7205}"
72,popularity_stress,0.24480258342077238,-0.12738702074881375,0.6393309545906323,-0.005079540350818257,0.3113348765432098,0.47543375433281293,0.13,"{'repeat_cap_removed': 0, 'injection_noop': 0, 'session_cap_demoted': 12608}"
73,popularity_stress,0.5407585646820634,0.16856896051247727,0.5986240421235285,-0.04578645281792204,0.2023996913580246,0.0,0.18,"{'repeat_cap_removed': 21465, 'injection_noop': 0, 'session_cap_demoted': 8920}"
74,popularity_stress,0.166168603389883,-0.20602100077970312,0.6361673888623866,-0.008243106079063978,0.3045679012345679,0.45059803395042825,0.23,"{'repeat_cap_removed': 0, 'injection_noop': 0, 'session_cap_demoted': 11627}"
75,popularity_stress,0.44091254155158366,0.06872293738199753,0.6009421134376325,-0.04346838150381804,0.19158179012345666,0.0,0.28,"{'repeat_cap_removed': 20223, 'injection_noop': 0, 'session_cap_demoted': 8245}"
76,popularity_stress,0.18398948955076067,-0.18820011461882546,0.6363914453847385,-0.008019049556712066,0.29574074074074064,0.4548037554023375,0.21000000000000002,"{'repeat_cap_removed': 0, 'injection_noop': 0, 'session_cap_demoted': 11896}"
77,popularity_stress,0.4652318741493703,0.09304226997978415,0.6028397899756626,-0.041570704965787963,0.17381172839506176,0.0,0.26,"{'repeat_cap_removed': 20320, 'injection_noop': 0, 'session_cap_demoted': 8329}"
78,popularity_stress,0.1130799317058615,-0.2591096724637246,0.6302940443759132,-0.014116450565537342,0.2911574074074075,0.41861680737455864,0.31000000000000005,"{'repeat_cap_removed': 0, 'injection_noop': 0, 'session_cap_demoted': 10727}"
79,popularity_stress,0.36432341533906787,-0.007866188830518261,0.6034528659800413,-0.0409576289614092,0.17225308641975312,0.0,0.36,"{'repeat_cap_removed': 18848, 'injection_noop': 0, 'session_cap_demoted': 7562}"
80,popularity_stress,0.22251634307021584,-0.1496732610993703,0.624716103805438,-0.019694391136012568,0.37783950617283946,0.45507274022460276,0.15000000000000002,"{'repeat_cap_removed': 0, 'injection_noop': 0, 'session_cap_demoted': 12410}"
81,popularity_stress,0.5058144177824253,0.13362481361283918,0.5835240646360493,-0.060886430305401196,0.23968364197530856,0.0,0.2,"{'repeat_cap_removed': 21028, 'injection_noop': 0, 'session_cap_demoted': 8784}"
82,popularity_stress,0.15502265883723376,-0.21716694533235237,0.6177013060040757,-0.02670918893737484,0.3733564814814814,0.41651189037990255,0.25,"{'repeat_cap_removed': 0, 'injection_noop': 0, 'session_cap_demoted': 11181}"
83,popularity_stress,0.405871310934359,0.03368170676477289,0.5848123850531424,-0.05959810988830816,0.22819444444444437,0.0,0.30000000000000004,"{'repeat_cap_removed': 19119, 'injection_noop': 0, 'session_cap_demoted': 7848}"
84,popularity_stress,0.17639502843272642,-0.1957945757368597,0.6162899460379568,-0.028120548903493692,0.36898148148148135,0.41532738002176534,0.23000000000000004,"{'repeat_cap_removed': 0, 'injection_noop': 0, 'session_cap_demoted': 11340}"
85,popularity_stress,0.4309913979735096,0.058801793803923474,0.5858329243883356,-0.058577570553114966,0.21942129629629625,0.0,0.28,"{'repeat_cap_removed': 19183, 'injection_noop': 0, 'session_cap_demoted': 7963}"
86,popularity_stress,0.08998309356235812,-0.282206510607228,0.6177245624909642,-0.026685932450486338,0.3564583333333333,0.4052485557770879,0.33000000000000007,"{'repeat_cap_removed': 0, 'injection_noop': 1440, 'session_cap_demoted': 10826}"
87,popularity_stress,0.3345716291051761,-0.03761797506441,0.5929741533570332,-0.051436341584417344,0.20924382716049372,0.0,0.38,"{'repeat_cap_removed': 18612, 'injection_noop': 1440, 'session_cap_demoted': 7580}"
88,popularity_stress,0.16554256689522812,-0.20664703727435801,0.6253846501312696,-0.01902584481018088,0.36969135802469144,0.4583813965405205,0.21000000000000002,"{'repeat_cap_removed': 0, 'injection_noop': 0, 'session_cap_demoted': 12365}"
89,popularity_stress,0.45044094191044937,0.07825133774086324,0.5888682577011151,-0.05554223724033547,0.2385725308641975,0.0,0.26,"{'repeat_cap_removed': 20957, 'injection_noop': 0, 'session_cap_demoted': 8713}"
90,popularity_stress,0.08906159292296006,-0.28312801124662607,0.6206809809272369,-0.023729514014213637,0.35524691358024696,0.4294214197988467,0.31000000000000005,"{'repeat_cap_removed': 0, 'injection_noop': 0, 'session_cap_demoted': 11275}"
91,popularity_stress,0.35058313773981103,-0.021606466429775095,0.5880075538652236,-0.0564029410762269,0.22819444444444437,0.0,0.36000000000000004,"{'repeat_cap_removed': 19435, 'injection_noop': 0, 'session_cap_demoted': 7868}"
92,popularity_stress,0.10351784351188287,-0.26867176065770326,0.6182746054825179,-0.026135889458932637,0.3665895061728395,0.43444995311099616,0.29000000000000004,"{'repeat_cap_removed': 0, 'injection_noop': 0, 'session_cap_demoted': 11655}"
93,popularity_stress,0.37263675259810863,0.0004471484285225036,0.5906280498623377,-0.053782445079112784,0.2241743827160494,0.0,0.34,"{'repeat_cap_removed': 19778, 'injection_noop': 0, 'session_cap_demoted': 8177}"
94,popularity_stress,0.01702073030588186,-0.35516887386370427,0.6239387561243405,-0.020471738817110063,0.33753086419753076,0.4271367669707959,0.39000000000000007,"{'repeat_cap_removed': 0, 'injection_noop': 1440, 'session_cap_demoted': 11128}"
95,popularity_stress,0.27616126308402655,-0.09602834108555958,0.5967254173406199,-0.04768507760083063,0.2150154320987654,0.0,0.44000000000000006,"{'repeat_cap_removed': 19236, 'injection_noop': 1440, 'session_cap_demoted': 7855}"
96,popularity_stress,0.18383727207403022,-0.1883523320955559,0.6432752266628902,-0.001135268278560364,0.07808641975308639,0.47823263657893045,0.19,"{'repeat_cap_removed': 0, 'injection_noop': 0, 'session_cap_demoted': 12530}"
97,popularity_stress,0.4807615440462465,0.10857193987666036,0.5989220201698806,-0.04548847477156992,0.07246913580246916,0.0,0.24,"{'repeat_cap_removed': 21490, 'injection_noop': 0, 'session_cap_demoted': 8874}"
98,popularity_stress,0.10674668785105568,-0.26544291631853045,0.6373064210486943,-0.007104073892756246,0.07586419753086426,0.45037875221657997,0.29000000000000004,"{'repeat_cap_removed': 0, 'injection_noop': 0, 'session_cap_demoted': 11513}"
99,popularity_stress,0.3806889814763069,0.00849937730672079,0.5995315975941065,-0.04487889734734407,0.06839506172839505,0.0,0.33999999999999997,"{'repeat_cap_removed': 20189, 'injection_noop': 0, 'session_cap_demoted': 8185}"
100,popularity_stress,0.1199719839240384,-0.2522176202455477,0.6403455651358352,-0.004064929805615347,0.09624228395061718,0.46073453981145185,0.27,"{'repeat_cap_removed': 0, 'injection_noop': 0, 'session_cap_demoted': 11895}"
101,popularity_stress,0.4043301768254705,0.03214057265588438,0.600919895390029,-0.04349059955142154,0.08449845679012347,0.0,0.32,"{'repeat_cap_removed': 20616, 'injection_noop': 0, 'session_cap_demoted': 8474}"
102,popularity_stress,0.048788152680792174,-0.32340145148879396,0.6361541296135659,-0.008256365327884652,0.0810956790123456,0.42554548295719424,0.37,"{'repeat_cap_removed': 0, 'injection_noop': 0, 'session_cap_demoted': 10824}"
103,popularity_stress,0.30238023098178335,-0.06980937318780278,0.6001074140631798,-0.04430308087827073,0.08073302469135801,0.0,0.42000000000000004,"{'repeat_cap_removed': 19096, 'injection_noop': 0, 'session_cap_demoted': 7779}"
104,popularity_stress,0.12824947914537155,-0.24394012502421458,0.641741270471985,-0.002669224469465492,0.08128858024691366,0.4740616914140587,0.25,"{'repeat_cap_removed': 0, 'injection_noop': 0, 'session_cap_demoted': 12409}"
105,popularity_stress,0.42116408014359646,0.048974475974010334,0.5970758302894215,-0.04733466465202907,0.0774999999999999,0.0,0.3,"{'repeat_cap_removed': 21411, 'injection_noop': 0, 'session_cap_demoted': 8760}"
106,popularity_stress,0.04595444456732228,-0.32623515960226385,0.6397298069924369,-0.004680687949013662,0.07970679012345672,0.45270635783597296,0.35,"{'repeat_cap_removed': 0, 'injection_noop': 0, 'session_cap_demoted': 11556}"
107,popularity_stress,0.3206688694784819,-0.05152073469110424,0.5975398533927776,-0.04687064154867293,0.07681327160493834,0.0,0.39999999999999997,"{'repeat_cap_removed': 20396, 'injection_noop': 0, 'session_cap_demoted': 8217}"
108,popularity_stress,0.06229670233886675,-0.3098929018307194,0.6406754647704928,-0.003735030170957776,0.08692129629629619,0.45831731785368246,0.33,"{'repeat_cap_removed': 0, 'injection_noop': 0, 'session_cap_demoted': 11888}"
109,popularity_stress,0.3441244426296728,-0.02806516153991334,0.5996449575760645,-0.04476553736538602,0.07895833333333324,0.0,0.38,"{'repeat_cap_removed': 20664, 'injection_noop': 0, 'session_cap_demoted': 8328}"
110,popularity_stress,-0.012848448046692551,-0.3850380522162787,0.6352297687666288,-0.009180726174821685,0.08222993827160496,0.42920295818996573,0.43,"{'repeat_cap_removed': 0, 'injection_noop': 0, 'session_cap_demoted': 10850}"
111,popularity_stress,0.244029730116752,-0.12815987405283413,0.5978199247097257,-0.04659057023172486,0.07655092592592583,0.0,0.48,"{'repeat_cap_removed': 19225, 'injection_noop': 0, 'session_cap_demoted': 7696}"
112,popularity_stress,0.11122160659765423,-0.2609679975719319,0.6309880159632935,-0.01342247897815707,0.10512345679012336,0.46034709629811515,0.27,"{'repeat_cap_removed': 0, 'injection_noop': 0, 'session_cap_demoted': 12266}"
113,popularity_stress,0.3931825223882142,0.020992918218628087,0.5911139972572641,-0.05329649768418643,0.06931327160493828,0.0,0.32,"{'repeat_cap_removed': 20932, 'injection_noop': 0, 'session_cap_demoted': 8711}"
114,popularity_stress,0.03929247023494886,-0.33289713393463727,0.6227678330425718,-0.021642661898878757,0.09649691358024692,0.42581204213521734,0.37,"{'repeat_cap_removed': 0, 'injection_noop': 0, 'session_cap_demoted': 11142}"
115,popularity_stress,0.2928709855817712,-0.07931861858781492,0.5917127469194372,-0.052697748022013324,0.06778549382716048,0.0,0.42,"{'repeat_cap_removed': 19359, 'injection_noop': 0, 'session_cap_demoted': 7864}"
116,popularity_stress,0.04740038926611617,-0.32478921490346996,0.6208304787380096,-0.023580016203440968,0.12141203703703707,0.4354844618558542,0.35000000000000003,"{'repeat_cap_removed': 0, 'injection_noop': 0, 'session_cap_demoted': 11766}"
117,popularity_stress,0.31162926955468284,-0.06056033461490329,0.5877507539474368,-0.05665974099401372,0.08815586419753085,0.0,0.4,"{'repeat_cap_removed': 20323, 'injection_noop': 0, 'session_cap_demoted': 8413}"
118,popularity_stress,-0.039068612121062885,-0.411258216290649,0.6275690061826618,-0.01684148875878877,0.1082484567901234,0.4265439103378371,0.45,"{'repeat_cap_removed': 0, 'injection_noop': 1440, 'session_cap_demoted': 11173}"
119,popularity_stress,0.2164735529921501,-0.15571605117743603,0.5946385434667679,-0.04977195147468261,0.09027777777777768,0.0,0.5,"{'repeat_cap_removed': 19562, 'injection_noop': 1440, 'session_cap_demoted': 7977}"
120,popularity_stress,0.05356645931181131,-0.3186231448577748,0.6310636274569339,-0.013346867484516634,0.10042438271604937,0.45754419803887164,0.33,"{'repeat_cap_removed': 0, 'injection_noop': 0, 'session_cap_demoted': 12192}"
121,popularity_stress,0.33429054154011184,-0.03789906262947429,0.5928510129985983,-0.0515594819428522,0.07110339506172836,0.0,0.38,"{'repeat_cap_removed': 21003, 'injection_noop': 0, 'session_cap_demoted': 8607}"
122,popularity_stress,-0.02419753287741766,-0.3963871370470038,0.6264385685789039,-0.01797192636254663,0.09772376543209882,0.43101651330005253,0.43000000000000005,"{'repeat_cap_removed': 0, 'injection_noop': 0, 'session_cap_demoted': 11212}"
123,popularity_stress,0.23433702990532929,-0.13785257426425684,0.5927023916886639,-0.05170810325278663,0.07225308641975303,0.0,0.48000000000000004,"{'repeat_cap_removed': 19647, 'injection_noop': 0, 'session_cap_demoted': 7942}"
124,popularity_stress,-0.010009661064588837,-0.38219926523417497,0.6278512210092739,-0.0165592739321766,0.10761574074074076,0.43672710121519476,0.41000000000000003,"{'repeat_cap_removed': 0, 'injection_noop': 0, 'session_cap_demoted': 11587}"
125,popularity_stress,0.25472606157328465,-0.11746354259630148,0.5906115923717211,-0.05379890256972941,0.07938271604938274,0.0,0.46,"{'repeat_cap_removed': 20049, 'injection_noop': 0, 'session_cap_demoted': 8222}"
126,popularity_stress,-0.09978318900649735,-0.4719727931760835,0.6297811755087382,-0.014629319432712284,0.0990123456790124,0.42943225848093913,0.51,"{'repeat_cap_removed': 0, 'injection_noop': 1440, 'session_cap_demoted': 11171}"
127,popularity_stress,0.15789012669778846,-0.21429947747179767,0.5951663437520013,-0.04924415118944925,0.0790277777777777,0.0,0.56,"{'repeat_cap_removed': 19592, 'injection_noop': 1440, 'session_cap_demoted': 7968}"
128,popularity_stress,0.34742067776622176,-0.024768926403364366,0.6265988044513705,-0.017811690490080023,0.33179012345679015,0.3955408757529812,0.09,"{'repeat_cap_removed': 0, 'injection_noop': 0, 'freshness_quota': 2880}"
129,popularity_stress,0.5783813351132215,0.2061917309436354,0.5972776114777099,-0.04713288346374067,0.19230709876543206,0.0,0.14,"{'repeat_cap_removed': 20418, 'injection_noop': 0, 'freshness_quota': 2880}"
130,popularity_stress,0.28055410396142383,-0.0916355002081623,0.6260574124831365,-0.01835308245831402,0.30202160493827157,0.35529148453834164,0.19,"{'repeat_cap_removed': 0, 'injection_noop': 0, 'freshness_quota': 2880}"
131,popularity_stress,0.47862009718009224,0.10643049301050611,0.5986388267763453,-0.04577166816510525,0.18498456790123452,0.0,0.24000000000000002,"{'repeat_cap_removed': 18763, 'injection_noop': 0, 'freshness_quota': 2880}"
132,popularity_stress,0.29728677620683025,-0.07490282796275588,0.6261474500660293,-0.018263044875421186,0.29746913580246903,0.3604208212952642,0.16999999999999998,"{'repeat_cap_removed': 0, 'injection_noop': 0, 'freshness_quota': 2880}"
133,popularity_stress,0.5037740752400393,0.13158447107045312,0.6016664438194824,-0.04274405112196811,0.17984567901234572,0.0,0.21999999999999997,"{'repeat_cap_removed': 19093, 'injection_noop': 0, 'freshness_quota': 2880}"
134,popularity_stress,0.23414980121709117,-0.13803980295249496,0.6216630958835014,-0.02274739905794909,0.28031635802469124,0.31505341507739953,0.27,"{'repeat_cap_removed': 0, 'injection_noop': 0, 'freshness_quota': 2880}"
135,popularity_stress,0.4032542324175584,0.031064628247972292,0.5985152972339632,-0.04589519770748729,0.16668209876543205,0.0,0.31999999999999995,"{'repeat_cap_removed': 17200, 'injection_noop': 0, 'freshness_quota': 2880}"
136,popularity_stress,0.291712013266504,-0.08047759090308215,0.6214444578671586,-0.0229660370742919,0.3430632716049382,0.3887629749680393,0.15,"{'repeat_cap_removed': 0, 'injection_noop': 0, 'freshness_quota': 2880}"
137,popularity_stress,0.5185640230154942,0.14637441884590807,0.5975235466677997,-0.04688694827365081,0.20144290123456798,0.0,0.2,"{'repeat_cap_removed': 20166, 'injection_noop': 0, 'freshness_quota': 2880}"
138,popularity_stress,0.22097889043746488,-0.15121071373212125,0.6222731095228279,-0.022137385418622646,0.33297067901234567,0.3536030799847717,0.25,"{'repeat_cap_removed': 0, 'injection_noop': 0, 'freshness_quota': 2880}"
139,popularity_stress,0.4194078113301678,0.04721820716058167,0.5974663805243766,-0.04694411441707391,0.1942283950617283,0.0,0.30000000000000004,"{'repeat_cap_removed': 18905, 'injection_noop': 0, 'freshness_quota': 2880}"
140,popularity_stress,0.23691920732910118,-0.13527039684048495,0.621136614757307,-0.02327388018414356,0.325679012345679,0.35993809616917416,0.23,"{'repeat_cap_removed': 0, 'injection_noop': 0, 'freshness_quota': 2880}"
141,popularity_stress,0.44288913480714465,0.07069953063755852,0.60006635404321,-0.04434414089824057,0.18662808641975315,0.0,0.28,"{'repeat_cap_removed': 19138, 'injection_noop': 0, 'freshness_quota': 2880}"
142,popularity_stress,0.1656912354294871,-0.20649836874009903,0.621212317517707,-0.023198177423743527,0.31377314814814805,0.32431885179167785,0.33,"{'repeat_cap_removed': 0, 'injection_noop': 0, 'freshness_quota': 2880}"
143,popularity_stress,0.3423411162334331,-0.029848487936153023,0.600716515184069,-0.04369397975738154,0.17013888888888884,0.0,0.38,"{'repeat_cap_removed': 17766, 'injection_noop': 0, 'freshness_quota': 2880}"
144,popularity_stress,0.27351660619539636,-0.09867299797418977,0.6226114772854137,-0.021799017656036868,0.34293209876543207,0.38014404128032425,0.16999999999999998,"{'repeat_cap_removed': 0, 'injection_noop': 0, 'freshness_quota': 2880}"
145,popularity_stress,0.4943701949878768,0.12218059081829069,0.5929003682902549,-0.05151012665119559,0.21413580246913577,0.0,0.21999999999999997,"{'repeat_cap_removed': 19867, 'injection_noop': 0, 'freshness_quota': 2880}"
146,popularity_stress,0.20946311060798334,-0.1627264935616028,0.6219916576925031,-0.022418837248947443,0.3217978395061729,0.33679927979330965,0.27,"{'repeat_cap_removed': 0, 'injection_noop': 0, 'freshness_quota': 2880}"
147,popularity_stress,0.3956378672437241,0.023448263074137943,0.5951121825183476,-0.0492983124231029,0.19375771604938263,0.0,0.31999999999999995,"{'repeat_cap_removed': 18187, 'injection_noop': 0, 'freshness_quota': 2880}"
148,popularity_stress,0.22434356057005844,-0.1478460435995277,0.6220880695976236,-0.02232242534382689,0.32246913580246916,0.3435822438946994,0.25,"{'repeat_cap_removed': 0, 'injection_noop': 0, 'freshness_quota': 2880}"
149,popularity_stress,0.42043819756481865,0.04824859339523252,0.5978022801564468,-0.046608214785003765,0.18940586419753092,0.0,0.3,"{'repeat_cap_removed': 18420, 'injection_noop': 0, 'freshness_quota': 2880}"
150,popularity_stress,0.13814400576552194,-0.2340455984040642,0.6226020993867326,-0.02180839555471792,0.30833333333333335,0.32934337178218975,0.35,"{'repeat_cap_removed': 0, 'injection_noop': 1440, 'freshness_quota': 2880}"
151,popularity_stress,0.3195046412972288,-0.052684962872357355,0.6004438474823476,-0.04396664745910295,0.19755401234567893,0.0,0.4,"{'repeat_cap_removed': 18019, 'injection_noop': 1440, 'freshness_quota': 2880}"
152,popularity_stress,0.22028394582737162,-0.1519056583422145,0.6123169737581873,-0.03209352118326325,0.36390432098765424,0.36752589982847106,0.23,"{'repeat_cap_removed': 0, 'injection_noop': 0, 'freshness_quota': 2880}"
153,popularity_stress,0.43288044086371835,0.06069083669413222,0.5919683194066717,-0.05244217553477881,0.22626543209876537,0.0,0.28,"{'repeat_cap_removed': 19555, 'injection_noop': 0, 'freshness_quota': 2880}"
154,popularity_stress,0.14889884964254424,-0.2232907545270419,0.615816245804867,-0.028594249136583483,0.32903549382716046,0.3353303119199147,0.33,"{'repeat_cap_removed': 0, 'injection_noop': 0, 'freshness_quota': 2880}"
155,popularity_stress,0.3345192565590262,-0.03767034761055993,0.5947030044053122,-0.04970749053613832,0.2220061728395062,0.0,0.37999999999999995,"{'repeat_cap_removed': 18170, 'injection_noop': 0, 'freshness_quota': 2880}"
156,popularity_stress,0.15830667755459643,-0.2138829266149897,0.61318954729627,-0.031220947645180575,0.3522608024691358,0.3456947984906796,0.31,"{'repeat_cap_removed': 0, 'injection_noop': 0, 'freshness_quota': 2880}"
157,popularity_stress,0.35541449974440253,-0.016775104425183596,0.5928630799351394,-0.051547415006311104,0.22070216049382707,0.0,0.36,"{'repeat_cap_removed': 18535, 'injection_noop': 0, 'freshness_quota': 2880}"
158,popularity_stress,0.07028000818009356,-0.3019095959894926,0.6169031139634119,-0.02750738097803862,0.33820216049382723,0.3350030598572836,0.41,"{'repeat_cap_removed': 0, 'injection_noop': 1440, 'freshness_quota': 2880}"
159,popularity_stress,0.2567561262173155,-0.11543347795227066,0.5968308250393565,-0.04757966990209406,0.2091898148148148,0.0,0.45999999999999996,"{'repeat_cap_removed': 18104, 'injection_noop': 1440, 'freshness_quota': 2880}"
160,popularity_stress,0.23243044522080183,-0.1397591589487843,0.6280169895325446,-0.01639350540890594,0.07749228395061736,0.389796131513199,0.21,"{'repeat_cap_removed': 0, 'injection_noop': 0, 'freshness_quota': 2880}"
161,popularity_stress,0.45911146807983627,0.08692186391025014,0.594931044576278,-0.04947945036517254,0.08982253086419756,0.0,0.26,"{'repeat_cap_removed': 20091, 'injection_noop': 0, 'freshness_quota': 2880}"
162,popularity_stress,0.1642692028252039,-0.20792040134438222,0.6248152370130993,-0.019595257928351262,0.06871141975308648,0.35162636812014375,0.31,"{'repeat_cap_removed': 0, 'injection_noop': 0, 'freshness_quota': 2880}"
163,popularity_stress,0.35941488565835866,-0.012774718511227467,0.598275647267524,-0.046134847673926505,0.07209876543209881,0.0,0.36,"{'repeat_cap_removed': 18821, 'injection_noop': 0, 'freshness_quota': 2880}"
164,popularity_stress,0.17558797947027843,-0.1966016246993077,0.6258195687119135,-0.018590926229537064,0.08448302469135793,0.3627700038626628,0.29,"{'repeat_cap_removed': 0, 'injection_noop': 0, 'freshness_quota': 2880}"
165,popularity_stress,0.3811529767409335,0.008963372571347383,0.5973481766367909,-0.04706231830465968,0.10182098765432102,0.0,0.33999999999999997,"{'repeat_cap_removed': 19632, 'injection_noop': 0, 'freshness_quota': 2880}"
166,popularity_stress,0.1062222489733326,-0.26596735519625353,0.6205293362710583,-0.0238811586703922,0.07934413580246913,0.3244571320922626,0.39,"{'repeat_cap_removed': 0, 'injection_noop': 0, 'freshness_quota': 2880}"
167,popularity_stress,0.2812862111849945,-0.09090339298459166,0.598661693790711,-0.04574880115073954,0.09263117283950617,0.0,0.44,"{'repeat_cap_removed': 17929, 'injection_noop': 0, 'freshness_quota': 2880}"
168,popularity_stress,0.1807768527914374,-0.19141275137814873,0.630593243212122,-0.013817251729328572,0.0833873456790124,0.38296900731373923,0.27,"{'repeat_cap_removed': 0, 'injection_noop': 0, 'freshness_quota': 2880}"
169,popularity_stress,0.3997686838671613,0.02757907969757517,0.5952862752219911,-0.04912421971945946,0.09371913580246916,0.0,0.32,"{'repeat_cap_removed': 19946, 'injection_noop': 0, 'freshness_quota': 2880}"
170,popularity_stress,0.10250298831031879,-0.26968661585926734,0.6256376595701036,-0.018772835371346885,0.07561728395061729,0.35524879082122107,0.37,"{'repeat_cap_removed': 0, 'injection_noop': 0, 'freshness_quota': 2880}"
171,popularity_stress,0.3000581023584871,-0.07213150181109901,0.5969800260273797,-0.04743046891407088,0.08546296296296285,0.0,0.42,"{'repeat_cap_removed': 18951, 'injection_noop': 0, 'freshness_quota': 2880}"
172,popularity_stress,0.11720131226336405,-0.2549882919062221,0.6288573313314277,-0.015553163610022791,0.08860339506172843,0.36247189956087517,0.35,"{'repeat_cap_removed': 0, 'injection_noop': 0, 'freshness_quota': 2880}"
173,popularity_stress,0.32240843037450195,-0.04978117379508418,0.598808987129986,-0.04560150781146455,0.09383487654320977,0.0,0.4,"{'repeat_cap_removed': 19327, 'injection_noop': 0, 'freshness_quota': 2880}"
174,popularity_stress,0.04716668669078078,-0.32502291747880535,0.6265750325896845,-0.01783546235176603,0.08192901234567906,0.3262950096819689,0.45,"{'repeat_cap_removed': 0, 'injection_noop': 0, 'freshness_quota': 2880}"
175,popularity_stress,0.2223107907372992,-0.14987881343228693,0.5977704742970813,-0.04664002064436923,0.09750771604938269,0.0,0.5,"{'repeat_cap_removed': 17832, 'injection_noop': 0, 'freshness_quota': 2880}"
176,popularity_stress,0.1601877152827869,-0.21200188888679922,0.6202755118412961,-0.024134983100154384,0.09192901234567907,0.3743508387226876,0.29,"{'repeat_cap_removed': 0, 'injection_noop': 0, 'freshness_quota': 2880}"
177,popularity_stress,0.3753155988312761,0.003125994661689946,0.5915226057727947,-0.05288788916865583,0.09054783950617273,0.0,0.33999999999999997,"{'repeat_cap_removed': 19659, 'injection_noop': 0, 'freshness_quota': 2880}"
178,popularity_stress,0.09714612415343576,-0.27504348001615037,0.6150458764943458,-0.029364618447104696,0.08520833333333333,0.33039093194926433,0.39,"{'repeat_cap_removed': 0, 'injection_noop': 0, 'freshness_quota': 2880}"
179,popularity_stress,0.2761777536283209,-0.09601185054126521,0.5932308244811719,-0.0511796704602786,0.08577160493827152,0.0,0.44,"{'repeat_cap_removed': 18078, 'injection_noop': 0, 'freshness_quota': 2880}"
180,popularity_stress,0.09872271975556596,-0.2734668844140202,0.6160415814569518,-0.02836891348449877,0.12001543209876542,0.34997982145309087,0.37000000000000005,"{'repeat_cap_removed': 0, 'injection_noop': 0, 'freshness_quota': 2880}"
181,popularity_stress,0.29536229951830467,-0.07682730465128146,0.5936386769934033,-0.05077181794804719,0.10902777777777772,0.0,0.42,"{'repeat_cap_removed': 18991, 'injection_noop': 0, 'freshness_quota': 2880}"
182,popularity_stress,0.014475517289336881,-0.35771408688024925,0.619427335002615,-0.024983159938835486,0.09924382716049385,0.3346446822693888,0.47000000000000003,"{'repeat_cap_removed': 0, 'injection_noop': 1440, 'freshness_quota': 2880}"
183,popularity_stress,0.19783778892763715,-0.17435181524194898,0.5974545483132008,-0.046955946628249756,0.08815586419753085,0.0,0.52,"{'repeat_cap_removed': 18489, 'injection_noop': 1440, 'freshness_quota': 2880}"
184,popularity_stress,0.10438176615727962,-0.2678078380123065,0.6218024561934263,-0.022608038748024195,0.10058641975308635,0.3693883286374895,0.35,"{'repeat_cap_removed': 0, 'injection_noop': 0, 'freshness_quota': 2880}"
185,popularity_stress,0.3150683232762672,-0.057121280893318915,0.5918750685236148,-0.05253542641783571,0.09492283950617275,0.0,0.4,"{'repeat_cap_removed': 19475, 'injection_noop': 0, 'freshness_quota': 2880}"
186,popularity_stress,0.03283287872156199,-0.33935672544802414,0.6167164570376231,-0.027694037903827406,0.08722993827160486,0.33580900866647717,0.45000000000000007,"{'repeat_cap_removed': 0, 'injection_noop': 0, 'freshness_quota': 2880}"
187,popularity_stress,0.21562695913434127,-0.15656264503524486,0.5932681712933349,-0.05114232364811566,0.08646604938271607,0.0,0.5000000000000001,"{'repeat_cap_removed': 18270, 'injection_noop': 0, 'freshness_quota': 2880}"
188,popularity_stress,0.04102989830625725,-0.3311597058633289,0.6169320683926973,-0.02747842654875321,0.10351851851851857,0.3471195540479106,0.43000000000000005,"{'repeat_cap_removed': 0, 'injection_noop': 0, 'freshness_quota': 2880}"
189,popularity_stress,0.23574393259684018,-0.13644567157274595,0.5935035419578626,-0.05090695298358794,0.10413580246913567,0.0,0.48000000000000004,"{'repeat_cap_removed': 18761, 'injection_noop': 0, 'freshness_quota': 2880}"
190,popularity_stress,-0.04579924634370486,-0.417988850513291,0.621562181244119,-0.022848313697331535,0.09327160493827158,0.3346181105218358,0.53,"{'repeat_cap_removed': 0, 'injection_noop': 1440, 'freshness_quota': 2880}"
191,popularity_stress,0.13809923778276811,-0.23409036638681802,0.5978430829927072,-0.046567411948743365,0.09461419753086409,0.0,0.5800000000000001,"{'repeat_cap_removed': 18214, 'injection_noop': 1440, 'freshness_quota': 2880}"
192,popularity_stress,0.30349403432708477,-0.06869556984250136,0.624520604515519,-0.019889890425931478,0.34026234567901237,0.36333228144762053,0.16,"{'repeat_cap_removed': 0, 'injection_noop': 0, 'session_cap_demoted': 10542, 'freshness_quota': 2880}"
193,popularity_stress,0.5099863554014878,0.13779675123190172,0.5985147634076703,-0.04589573153378024,0.19560956790123463,0.0,0.21000000000000002,"{'repeat_cap_removed': 20330, 'injection_noop': 0, 'session_cap_demoted': 8560, 'freshness_quota': 2880}"
194,popularity_stress,0.23930079956171035,-0.13288880460787578,0.6253910195955654,-0.019019475345885106,0.29517746913580245,0.3197171817421877,0.26,"{'repeat_cap_removed': 0, 'injection_noop': 0, 'session_cap_demoted': 9341, 'freshness_quota': 2880}"
195,popularity_stress,0.4103704347596425,0.03818083059005639,0.5979997630330145,-0.04641073190843603,0.1824382716049382,0.0,0.31000000000000005,"{'repeat_cap_removed': 18618, 'injection_noop': 0, 'session_cap_demoted': 7555, 'freshness_quota': 2880}"
196,popularity_stress,0.26175230156183193,-0.1104373026077542,0.6227431966040774,-0.02166729833737313,0.29439814814814813,0.31906307327991673,0.24000000000000002,"{'repeat_cap_removed': 0, 'injection_noop': 0, 'session_cap_demoted': 9399, 'freshness_quota': 2880}"
197,popularity_stress,0.4356408882920298,0.06345128412244366,0.6023543569800054,-0.04205613796144514,0.16720679012345685,0.0,0.29,"{'repeat_cap_removed': 18796, 'injection_noop': 0, 'session_cap_demoted': 7634, 'freshness_quota': 2880}"
198,popularity_stress,0.1997903008514615,-0.17239930331812464,0.6192123308419646,-0.025198164099485942,0.2706018518518518,0.2725860648931695,0.34,"{'repeat_cap_removed': 0, 'injection_noop': 0, 'session_cap_demoted': 8133, 'freshness_quota': 2880}"
199,popularity_stress,0.33441561413742316,-0.037773990032162974,0.5998517586303649,-0.044558736311085645,0.16250771604938263,0.0,0.39,"{'repeat_cap_removed': 16831, 'injection_noop': 0, 'session_cap_demoted': 6443, 'freshness_quota': 2880}"
200,popularity_stress,0.24809879346444555,-0.12409081070514058,0.6214887170058985,-0.022921777935552057,0.34279320987654316,0.35722703542061707,0.22,"{'repeat_cap_removed': 0, 'injection_noop': 0, 'session_cap_demoted': 10469, 'freshness_quota': 2880}"
201,popularity_stress,0.450280619463854,0.07809101529426787,0.5988793663888058,-0.04553112855264474,0.19383487654320986,0.0,0.27,"{'repeat_cap_removed': 20042, 'injection_noop': 0, 'session_cap_demoted': 8193, 'freshness_quota': 2880}"
202,popularity_stress,0.1757534128157771,-0.19643619135380902,0.6223602201941554,-0.02205027474729515,0.3184876543209876,0.3244698923883689,0.32,"{'repeat_cap_removed': 0, 'injection_noop': 0, 'session_cap_demoted': 9538, 'freshness_quota': 2880}"
203,popularity_stress,0.3503544388292419,-0.021835165340344243,0.5997228539864539,-0.044687640954996666,0.18578703703703692,0.0,0.37,"{'repeat_cap_removed': 18841, 'injection_noop': 0, 'session_cap_demoted': 7593, 'freshness_quota': 2880}"
204,popularity_stress,0.1921159140058788,-0.18007369016370733,0.6222771663898365,-0.022133328551613984,0.3191435185185185,0.33054520372021606,0.30000000000000004,"{'repeat_cap_removed': 0, 'injection_noop': 0, 'session_cap_demoted': 9739, 'freshness_quota': 2880}"
205,popularity_stress,0.374213733034645,0.002024128865058872,0.6020282482988906,-0.04238224664255996,0.18174382716049386,0.0,0.35,"{'repeat_cap_removed': 18999, 'injection_noop': 0, 'session_cap_demoted': 7702, 'freshness_quota': 2880}"
206,popularity_stress,0.12393645342786519,-0.24825315074172094,0.6205386898080001,-0.02387180513345044,0.304591049382716,0.29096211559620944,0.4,"{'repeat_cap_removed': 0, 'injection_noop': 0, 'session_cap_demoted': 8656, 'freshness_quota': 2880}"
207,popularity_stress,0.2735456641118445,-0.09864394005774163,0.6024294768373579,-0.041981018104092604,0.17150462962962965,0.0,0.45,"{'repeat_cap_removed': 17414, 'injection_noop': 0, 'session_cap_demoted': 6773, 'freshness_quota': 2880}"
208,popularity_stress,0.22934565013598887,-0.14284395403359726,0.6162463831407679,-0.02816411180068268,0.3496682098765431,0.3439902457772198,0.24000000000000002,"{'repeat_cap_removed': 0, 'injection_noop': 0, 'session_cap_demoted': 10363, 'freshness_quota': 2880}"
209,popularity_stress,0.42179296333813004,0.049603359168543915,0.5911405304907513,-0.0532699644506992,0.22715277777777776,0.0,0.29,"{'repeat_cap_removed': 19664, 'injection_noop': 0, 'session_cap_demoted': 8409, 'freshness_quota': 2880}"
210,popularity_stress,0.16671636942213525,-0.20547323474745088,0.6159576294702727,-0.02845286547117787,0.3273225308641976,0.2980690568351712,0.34,"{'repeat_cap_removed': 0, 'injection_noop': 0, 'session_cap_demoted': 9115, 'freshness_quota': 2880}"
211,popularity_stress,0.3221520406513602,-0.050037563518225914,0.5938523640221137,-0.05055813091933681,0.21391975308641964,0.0,0.38999999999999996,"{'repeat_cap_removed': 17876, 'injection_noop': 0, 'session_cap_demoted': 7318, 'freshness_quota': 2880}"
212,popularity_stress,0.18899849233186566,-0.18319111183772047,0.615422821128347,-0.02898767381310352,0.31419753086419755,0.29758553479468647,0.32,"{'repeat_cap_removed': 0, 'injection_noop': 0, 'session_cap_demoted': 9173, 'freshness_quota': 2880}"
213,popularity_stress,0.34620186269477793,-0.0259877414748082,0.59404874682538,-0.050361748116070526,0.20224537037037038,0.0,0.37,"{'repeat_cap_removed': 18068, 'injection_noop': 0, 'session_cap_demoted': 7386, 'freshness_quota': 2880}"
214,popularity_stress,0.0975971997939668,-0.2745924043756193,0.6162652742451458,-0.028145220696304762,0.3144212962962962,0.28913478511857105,0.42,"{'repeat_cap_removed': 0, 'injection_noop': 1440, 'session_cap_demoted': 8880, 'freshness_quota': 2880}"
215,popularity_stress,0.24717076915421,-0.12501883501537614,0.5974451027310348,-0.046965392210415735,0.20385802469135794,0.0,0.47,"{'repeat_cap_removed': 17640, 'injection_noop': 1440, 'session_cap_demoted': 7070, 'freshness_quota': 2880}"
216,popularity_stress,0.1742416967075769,-0.19794790746200924,0.6142165464100507,-0.030193948531399784,0.3635570987654322,0.33992448944030274,0.30000000000000004,"{'repeat_cap_removed': 0, 'injection_noop': 0, 'session_cap_demoted': 10263, 'freshness_quota': 2880}"
217,popularity_stress,0.3634090818224115,-0.008780522347174635,0.5924942915733101,-0.0519162033681404,0.22153549382716053,0.0,0.35,"{'repeat_cap_removed': 19493, 'injection_noop': 0, 'session_cap_demoted': 8117, 'freshness_quota': 2880}"
218,popularity_stress,0.10264075662462324,-0.2695488475449629,0.61497904905133,-0.029431445890120478,0.3271219135802468,0.3068779666782854,0.4,"{'repeat_cap_removed': 0, 'injection_noop': 0, 'session_cap_demoted': 9230, 'freshness_quota': 2880}"
219,popularity_stress,0.26369606125436057,-0.10849354291522556,0.5911819953730363,-0.053228499568414245,0.20463734567901226,0.0,0.45,"{'repeat_cap_removed': 17968, 'injection_noop': 0, 'session_cap_demoted': 7307, 'freshness_quota': 2880}"
220,popularity_stress,0.11521992451281948,-0.25696967965676665,0.6129179834221606,-0.03149251151928989,0.3520447530864197,0.31450506606307466,0.38,"{'repeat_cap_removed': 0, 'injection_noop': 0, 'session_cap_demoted': 9597, 'freshness_quota': 2880}"
221,popularity_stress,0.285505341967029,-0.08668426220255715,0.5943274469096489,-0.050083048031801636,0.21006944444444442,0.0,0.43,"{'repeat_cap_removed': 18388, 'injection_noop': 0, 'session_cap_demoted': 7543, 'freshness_quota': 2880}"
222,popularity_stress,0.026789914348088584,-0.34539968982149755,0.6153954354442882,-0.02901505949716232,0.34008487654320985,0.3035678401797041,0.48000000000000004,"{'repeat_cap_removed': 0, 'injection_noop': 1440, 'session_cap_demoted': 9145, 'freshness_quota': 2880}"
223,popularity_stress,0.18724498966014402,-0.1849446145094421,0.5957145369236007,-0.04869595801784987,0.2096913580246913,0.0,0.53,"{'repeat_cap_removed': 17866, 'injection_noop': 1440, 'session_cap_demoted': 7197, 'freshness_quota': 2880}"
224,popularity_stress,0.18914977187236415,-0.18303983229722198,0.6271840267639839,-0.017226468177466647,0.07831018518518507,0.35824381220779206,0.28,"{'repeat_cap_removed': 0, 'injection_noop': 0, 'session_cap_demoted': 10350, 'freshness_quota': 2880}"
225,popularity_stress,0.39055296102437503,0.018363356854788904,0.5978741608424442,-0.04653633409900637,0.10360339506172833,0.0,0.33,"{'repeat_cap_removed': 19846, 'injection_noop': 0, 'session_cap_demoted': 7980, 'freshness_quota': 2880}"
226,popularity_stress,0.1184597427705329,-0.25372986139905324,0.6250316785159334,-0.019378816425517087,0.06706790123456785,0.32215158886344175,0.38,"{'repeat_cap_removed': 0, 'injection_noop': 0, 'session_cap_demoted': 9375, 'freshness_quota': 2880}"
227,popularity_stress,0.2907264875396886,-0.08146311662989753,0.6008656389444663,-0.04354485599698421,0.07503858024691357,0.0,0.43,"{'repeat_cap_removed': 18615, 'injection_noop': 0, 'session_cap_demoted': 7416, 'freshness_quota': 2880}"
228,popularity_stress,0.12905999446513672,-0.2431296097044494,0.6237098345753236,-0.020700660366126944,0.08000771604938262,0.33536732101733147,0.36,"{'repeat_cap_removed': 0, 'injection_noop': 0, 'session_cap_demoted': 9817, 'freshness_quota': 2880}"
229,popularity_stress,0.3130600284111712,-0.05912957575841493,0.6007103341407273,-0.04370016080072325,0.10925925925925917,0.0,0.41000000000000003,"{'repeat_cap_removed': 19325, 'injection_noop': 0, 'session_cap_demoted': 7858, 'freshness_quota': 2880}"
230,popularity_stress,0.06340614804319883,-0.3087834561263873,0.6204154114041877,-0.023995083537262873,0.07037808641975296,0.29290474162190566,0.46,"{'repeat_cap_removed': 0, 'injection_noop': 0, 'session_cap_demoted': 8689, 'freshness_quota': 2880}"
231,popularity_stress,0.21195721347238228,-0.16023239069720385,0.5996431037958486,-0.04476739114560191,0.09730709876543209,0.0,0.51,"{'repeat_cap_removed': 17737, 'injection_noop': 0, 'session_cap_demoted': 7030, 'freshness_quota': 2880}"
232,popularity_stress,0.13486233297234346,-0.23732727119724267,0.6291119324422471,-0.015298562499203472,0.08562500000000006,0.3528306808179862,0.33999999999999997,"{'repeat_cap_removed': 0, 'injection_noop': 0, 'session_cap_demoted': 10303, 'freshness_quota': 2880}"
233,popularity_stress,0.3310334533747667,-0.041156150794819435,0.5985420134595159,-0.045868481481934675,0.10530864197530865,0.0,0.38999999999999996,"{'repeat_cap_removed': 19739, 'injection_noop': 0, 'session_cap_demoted': 7895, 'freshness_quota': 2880}"
234,popularity_stress,0.05601356622473441,-0.3161760379448517,0.623491123650359,-0.02091937129109156,0.0768595679012345,0.32599569358077646,0.43999999999999995,"{'repeat_cap_removed': 0, 'injection_noop': 0, 'session_cap_demoted': 9533, 'freshness_quota': 2880}"
235,popularity_stress,0.230697853493341,-0.14149175067624514,0.5985648999660399,-0.04584559497541063,0.0966435185185186,0.0,0.48999999999999994,"{'repeat_cap_removed': 18752, 'injection_noop': 0, 'session_cap_demoted': 7377, 'freshness_quota': 2880}"
236,popularity_stress,0.07099917145698093,-0.3011904327126052,0.6288156795684987,-0.01559481537295182,0.08219907407407412,0.33383994907990244,0.42,"{'repeat_cap_removed': 0, 'injection_noop': 0, 'session_cap_demoted': 9801, 'freshness_quota': 2880}"
237,popularity_stress,0.2535735541942572,-0.11861604997532893,0.6004146040499887,-0.04399589089146183,0.10655864197530862,0.0,0.47,"{'repeat_cap_removed': 19080, 'injection_noop': 0, 'session_cap_demoted': 7675, 'freshness_quota': 2880}"
238,popularity_stress,0.000363731462900585,-0.37182587270668555,0.6241492260203869,-0.020261268921063613,0.07813271604938277,0.29805859220442427,0.5199999999999999,"{'repeat_cap_removed': 0, 'injection_noop': 0, 'session_cap_demoted': 8855, 'freshness_quota': 2880}"
239,popularity_stress,0.15309518461358385,-0.21909441955600228,0.5983582196225427,-0.046052275318907876,0.09992283950617287,0.0,0.57,"{'repeat_cap_removed': 17541, 'injection_noop': 0, 'session_cap_demoted': 6818, 'freshness_quota': 2880}"
240,popularity_stress,0.11486997034325697,-0.25731963382632916,0.6191868117254477,-0.02522368321600288,0.08358024691358024,0.3436014996869199,0.36,"{'repeat_cap_removed': 0, 'injection_noop': 0, 'session_cap_demoted': 10179, 'freshness_quota': 2880}"
241,popularity_stress,0.3058527626135028,-0.06633684155608333,0.593949799809033,-0.05046069513241758,0.10242283950617281,0.0,0.41000000000000003,"{'repeat_cap_removed': 19397, 'injection_noop': 0, 'session_cap_demoted': 7918, 'freshness_quota': 2880}"
242,popularity_stress,0.05046175802951114,-0.321727846140075,0.6127654819306063,-0.031645013010844214,0.076358024691358,0.2999529463633183,0.4600000000000001,"{'repeat_cap_removed': 0, 'injection_noop': 0, 'session_cap_demoted': 9058, 'freshness_quota': 2880}"
243,popularity_stress,0.20579486636704847,-0.16639473780253766,0.5919263975884049,-0.0524840973530456,0.09831018518518508,0.0,0.5100000000000001,"{'repeat_cap_removed': 17782, 'injection_noop': 0, 'session_cap_demoted': 7123, 'freshness_quota': 2880}"
244,popularity_stress,0.05339649078047298,-0.31879311338911315,0.6135703509343129,-0.030840144007137638,0.09966049382716058,0.3189759242593708,0.44000000000000006,"{'repeat_cap_removed': 0, 'injection_noop': 0, 'session_cap_demoted': 9725, 'freshness_quota': 2880}"
245,popularity_stress,0.22517778355356283,-0.1470118206160233,0.5930533848062587,-0.05135711013519184,0.12102623456790118,0.0,0.49000000000000005,"{'repeat_cap_removed': 18649, 'injection_noop': 0, 'session_cap_demoted': 7659, 'freshness_quota': 2880}"
246,popularity_stress,-0.02928603780998751,-0.40147564197957364,0.6166299961764041,-0.027780498765046402,0.08058641975308634,0.3015133573507178,0.54,"{'repeat_cap_removed': 0, 'injection_noop': 1440, 'session_cap_demoted': 9088, 'freshness_quota': 2880}"
247,popularity_stress,0.1277459667599602,-0.24444363740962594,0.598301696510016,-0.04610879843143456,0.09763888888888883,0.0,0.5900000000000001,"{'repeat_cap_removed': 18068, 'injection_noop': 1440, 'session_cap_demoted': 7287, 'freshness_quota': 2880}"
248,popularity_stress,0.05857169104245141,-0.3136179131271347,0.6194450253717324,-0.024965469569718124,0.09047067901234573,0.34016876877237234,0.42,"{'repeat_cap_removed': 0, 'injection_noop': 0, 'session_cap_demoted': 10165, 'freshness_quota': 2880}"
249,popularity_stress,0.24587829952457407,-0.12631130464501206,0.5927020979896,-0.05170839695185048,0.10929783950617278,0.0,0.47,"{'repeat_cap_removed': 19270, 'injection_noop': 0, 'session_cap_demoted': 7758, 'freshness_quota': 2880}"
250,popularity_stress,-0.01343671161888027,-0.3856263157884664,0.6157804489757538,-0.028630045965696738,0.08355709876543216,0.30629000727832256,0.52,"{'repeat_cap_removed': 0, 'injection_noop': 0, 'session_cap_demoted': 9197, 'freshness_quota': 2880}"
251,popularity_stress,0.14599766670471714,-0.226191937464869,0.59578032395539,-0.048630170986060484,0.10085648148148141,0.0,0.5700000000000001,"{'repeat_cap_removed': 17969, 'injection_noop': 0, 'session_cap_demoted': 7083, 'freshness_quota': 2880}"
252,popularity_stress,-0.006368323937726461,-0.3785579281073126,0.6159320062824157,-0.028478488659034795,0.08939814814814806,0.3205674692269318,0.5,"{'repeat_cap_removed': 0, 'injection_noop': 0, 'session_cap_demoted': 9677, 'freshness_quota': 2880}"
253,popularity_stress,0.16691404032583146,-0.20527556384375467,0.5937161782716581,-0.050694316669792405,0.11601080246913575,0.0,0.55,"{'repeat_cap_removed': 18540, 'injection_noop': 0, 'session_cap_demoted': 7484, 'freshness_quota': 2880}"
254,popularity_stress,-0.0944540420393929,-0.466643646208979,0.6191009599702139,-0.02530953497123667,0.08781635802469134,0.30930030229733213,0.6,"{'repeat_cap_removed': 0, 'injection_noop': 1440, 'session_cap_demoted': 9263, 'freshness_quota': 2880}"
255,popularity_stress,0.06837908756707667,-0.30381051660250946,0.5980773895845546,-0.04633310535689594,0.11132716049382707,0.0,0.65,"{'repeat_cap_removed': 18093, 'injection_noop': 1440, 'session_cap_demoted': 7238, 'freshness_quota': 2880}"
0,mixed_stress,0.3774093508634486,0.0,0.6472066441779593,0.0,0.3277854938271605,0.4807944093466666,0.0,"{'repeat_cap_removed': 0, 'injection_noop': 0}"
1,mixed_stress,0.6759335247627649,0.2985241738993163,0.6118806400502788,-0.0353260041276805,0.22587191358024694,0.0,0.05,"{'repeat_cap_removed': 21564, 'injection_noop': 0}"
2,mixed_stress,0.30578895679455154,-0.07162039406889709,0.64372419006941,-0.0034824541085493044,0.3049845679012346,0.4463159331065533,0.1,"{'repeat_cap_removed': 0, 'injection_noop': 0}"
3,mixed_stress,0.5754776104637284,0.19806825960027974,0.6123875038124516,-0.034819140365507706,0.21927469135802458,0.0,0.15000000000000002,"{'repeat_cap_removed': 19782, 'injection_noop': 0}"
4,mixed_stress,0.32790711357432306,-0.04950223728912556,0.645689963212673,-0.0015166809652862323,0.2931018518518518,0.44630901309673854,0.08,"{'repeat_cap_removed': 0, 'injection_noop': 0}"
5,mixed_stress,0.6010327540943704,0.22362340323092178,0.61797086946855,-0.0292357747094093,0.18110339506172846,0.0,0.13,"{'repeat_cap_removed': 19868, 'injection_noop': 0}"
6,mixed_stress,0.26498260128326584,-0.11242674958018278,0.6404609751533449,-0.006745669024614376,0.26057870370370373,0.4002628373804778,0.18,"{'repeat_cap_removed': 0, 'injection_noop': 0}"
7,mixed_stress,0.49926393351601694,0.12185458265256832,0.614282899077389,-0.03292374510057028,0.1747839506172839,0.0,0.23,"{'repeat_cap_removed': 17940, 'injection_noop': 0}"
8,mixed_stress,0.32148742224002863,-0.05592192862341999,0.6478579262830682,0.0006512821051088968,0.3236419753086419,0.4756607594187584,0.06,"{'repeat_cap_removed': 0, 'injection_noop': 0}"
9,mixed_stress,0.6164302887153293,0.23902093785188072,0.6125484474663153,-0.03465819671164394,0.222608024691358,0.0,0.11,"{'repeat_cap_removed': 21521, 'injection_noop': 0}"
10,mixed_stress,0.24180974737606623,-0.1355996034873824,0.6461078168359388,-0.001098827342020492,0.317199074074074,0.4506499811262112,0.16,"{'repeat_cap_removed': 0, 'injection_noop': 0}"
11,mixed_stress,0.5151767043489086,0.13776735348546,0.6104838882212145,-0.03672275595674479,0.2164197530864198,0.0,0.21000000000000002,"{'repeat_cap_removed': 20308, 'injection_noop': 0}"
12,mixed_stress,0.26060656001624827,-0.11680279084720036,0.6493055309543236,0.0020988867763643837,0.29405092592592585,0.45406171970439757,0.14,"{'repeat_cap_removed': 0, 'injection_noop': 0}"
13,mixed_stress,0.5401254653719361,0.16271611450848744,0.6181975377219925,-0.02900910645596677,0.18891975308641973,0.0,0.19,"{'repeat_cap_removed': 20328, 'injection_noop': 0}"
14,mixed_stress,0.18955978781562818,-0.18784956304782044,0.6442329688080348,-0.0029736753699244334,0.2741975308641975,0.41849977584199355,0.24000000000000002,"{'repeat_cap_removed': 0, 'injection_noop': 0}"
15,mixed_stress,0.43888079222419496,0.06147144136074634,0.6160943971228465,-0.03111224705511273,0.19513888888888897,0.0,0.29000000000000004,"{'repeat_cap_removed': 18812, 'injection_noop': 0}"
16,mixed_stress,0.29791835303203934,-0.07949099783140928,0.6216723538005444,-0.025534290377414837,0.4050694444444445,0.45389473048912493,0.08,"{'repeat_cap_removed': 0, 'injection_noop': 0}"
17,mixed_stress,0.5821630189060808,0.20475366804263218,0.5921958119846635,-0.05501083219329572,0.28248456790123444,0.0,0.13,"{'repeat_cap_removed': 21098, 'injection_noop': 0}"
18,mixed_stress,0.22919133955064874,-0.14821801131279988,0.6182598523476373,-0.028946791830322005,0.3709259259259259,0.41661914996805277,0.18,"{'repeat_cap_removed': 0, 'injection_noop': 0}"
19,mixed_stress,0.4818190473135202,0.10440969645007159,0.5898093378570107,-0.05739730632094853,0.25737654320987646,0.0,0.23,"{'repeat_cap_removed': 19230, 'injection_noop': 0}"
20,mixed_stress,0.25275017342594397,-0.12465917743750465,0.6194754238524162,-0.027731220325543093,0.36599537037037044,0.4140115505922365,0.16,"{'repeat_cap_removed': 0, 'injection_noop': 0}"
21,mixed_stress,0.505829235062133,0.12841988419868433,0.5977754195076731,-0.049431224670286156,0.23203703703703704,0.0,0.21000000000000002,"{'repeat_cap_removed': 19250, 'injection_noop': 0}"
22,mixed_stress,0.15790541934218671,-0.2195039315212619,0.6343390623741264,-0.01286758180383285,0.3332638888888888,0.4147321186848873,0.26,"{'repeat_cap_removed': 0, 'injection_noop': 1440}"
23,mixed_stress,0.410901793068446,0.033492442204997364,0.6085238003738679,-0.03868284380409137,0.2098765432098766,0.0,0.31000000000000005,"{'repeat_cap_removed': 18680, 'injection_noop': 1440}"
24,mixed_stress,0.24193496952245025,-0.13547438134099837,0.6286289910347223,-0.018577653143237005,0.3825694444444445,0.45545564785883774,0.14,"{'repeat_cap_removed': 0, 'injection_noop': 0}"
25,mixed_stress,0.525932292363757,0.14852294150030843,0.5981373993773068,-0.049069244800652445,0.2535108024691357,0.0,0.19,"{'repeat_cap_removed': 21028, 'injection_noop': 0}"
26,mixed_stress,0.17056889030264785,-0.20684046056080077,0.6255218224933964,-0.02168482168456287,0.3501774691358024,0.4207789532006341,0.24000000000000002,"{'repeat_cap_removed': 0, 'injection_noop': 0}"
27,mixed_stress,0.4260943559387146,0.048685005075265964,0.5977959306450727,-0.04941071353288651,0.231520061728395,0.0,0.29000000000000004,"{'repeat_cap_removed': 19543, 'injection_noop': 0}"
28,mixed_stress,0.18011151964029942,-0.1972978312231492,0.6247057032658253,-0.02250094091213395,0.37247685185185175,0.4305187676722423,0.22000000000000003,"{'repeat_cap_removed': 0, 'injection_noop': 0}"
29,mixed_stress,0.44799524889034936,0.07058589802690074,0.6028295014997336,-0.04437714267822568,0.2309182098765432,0.0,0.27,"{'repeat_cap_removed': 19823, 'injection_noop': 0}"
30,mixed_stress,0.08860240875930692,-0.2888069421041417,0.6368870875136482,-0.010319556664311058,0.34087191358024693,0.42897494491469895,0.32000000000000006,"{'repeat_cap_removed': 0, 'injection_noop': 1440}"
31,mixed_stress,0.3524208173875377,-0.0249885334759109,0.6098370793031064,-0.03736956487485288,0.21140432098765438,0.0,0.37,"{'repeat_cap_removed': 19355, 'injection_noop': 1440}"
32,mixed_stress,0.2636472499525413,-0.11376210091090733,0.659468912270506,0.012262268092546713,0.08844135802469144,0.47720240646000545,0.12,"{'repeat_cap_removed': 0, 'injection_noop': 0}"
33,mixed_stress,0.5566726044126518,0.17926325354920314,0.6168703183528202,-0.03033632582513901,0.09752314814814822,0.0,0.16999999999999998,"{'repeat_cap_removed': 21521, 'injection_noop': 0}"
34,mixed_stress,0.18487805680429079,-0.19253129405915784,0.6542417281952346,0.007035084017275373,0.08711419753086425,0.4505229548452763,0.22,"{'repeat_cap_removed': 0, 'injection_noop': 0}"
35,mixed_stress,0.4559765219763321,0.07856717111288347,0.6149063535420298,-0.03230029063592943,0.08887345679012348,0.0,0.27,"{'repeat_cap_removed': 20368, 'injection_noop': 0}"
36,mixed_stress,0.19450641505709737,-0.18290293580635125,0.6567884923370396,0.009581848159080364,0.11373456790123448,0.4644506769556603,0.2,"{'repeat_cap_removed': 0, 'injection_noop': 0}"
37,mixed_stress,0.4794866336910002,0.10207728282755157,0.6194872007262423,-0.027719443451716952,0.10262345679012341,0.0,0.25,"{'repeat_cap_removed': 20767, 'injection_noop': 0}"
38,mixed_stress,0.12410968609099993,-0.2532996647724487,0.6506097270431159,0.0034030828651566702,0.10391975308641976,0.4285840479404733,0.30000000000000004,"{'repeat_cap_removed': 0, 'injection_noop': 0}"
39,mixed_stress,0.3787556251643477,0.001346274300899064,0.6163672162193666,-0.030839427958592625,0.102908950617284,0.0,0.35,"{'repeat_cap_removed': 19067, 'injection_noop': 0}"
40,mixed_stress,0.20711283486716742,-0.1702965159962812,0.660072175864356,0.012865531686396703,0.0875848765432099,0.4718347295628766,0.18,"{'repeat_cap_removed': 0, 'injection_noop': 0}"
41,mixed_stress,0.49647975568569414,0.11907040482224551,0.6168896530149115,-0.030316991163047757,0.10111111111111115,0.0,0.22999999999999998,"{'repeat_cap_removed': 21495, 'injection_noop': 0}"
42,mixed_stress,0.1246230812857087,-0.2527862695777399,0.6561741923809723,0.008967548203013043,0.08254629629629617,0.45096735441270686,0.28,"{'repeat_cap_removed': 0, 'injection_noop': 0}"
43,mixed_stress,0.3964143994830188,0.019005048619570197,0.6162237504822867,-0.03098289369567253,0.09500771604938274,0.0,0.32999999999999996,"{'repeat_cap_removed': 20518, 'injection_noop': 0}"
44,mixed_stress,0.1420940726180262,-0.23531527824542242,0.6583097040698329,0.011103059891873657,0.09966820987654312,0.45542415949504184,0.26,"{'repeat_cap_removed': 0, 'injection_noop': 0}"
45,mixed_stress,0.4189625227121701,0.04155317184872148,0.6194748274649248,-0.027731816713034485,0.09985339506172841,0.0,0.31,"{'repeat_cap_removed': 20689, 'injection_noop': 0}"
46,mixed_stress,0.06507675731428342,-0.3123325935491652,0.6521762472575124,0.0049696030795531865,0.09385802469135807,0.4268871665130553,0.36,"{'repeat_cap_removed': 0, 'injection_noop': 0}"
47,mixed_stress,0.31879077062546113,-0.058618580237987494,0.6194462663847611,-0.027760377793198177,0.10016975308641962,0.0,0.41000000000000003,"{'repeat_cap_removed': 19357, 'injection_noop': 0}"
48,mixed_stress,0.18813705977047535,-0.18927229109297328,0.6494826953193967,0.002276051141437474,0.11374228395061725,0.46371973024976326,0.2,"{'repeat_cap_removed': 0, 'injection_noop': 0}"
49,mixed_stress,0.4699950856272974,0.09258573476384879,0.6092303313415127,-0.037976312836446535,0.0920833333333333,0.0,0.25,"{'repeat_cap_removed': 21134, 'injection_noop': 0}"
50,mixed_stress,0.11754731870979745,-0.25986203215365117,0.6444374985407084,-0.002769145637250836,0.10179012345679017,0.4268896864614772,0.30000000000000004,"{'repeat_cap_removed': 0, 'injection_noop': 0}"
51,mixed_stress,0.3704561302761338,-0.006953220587314846,0.6098445648638211,-0.03736207931413815,0.09675925925925921,0.0,0.35,"{'repeat_cap_removed': 19503, 'injection_noop': 0}"
52,mixed_stress,0.11771311091533398,-0.25969623994811464,0.6416978705143459,-0.005508773663613353,0.14515432098765424,0.4475520553518605,0.28,"{'repeat_cap_removed': 0, 'injection_noop': 0}"
53,mixed_stress,0.38996540886905856,0.012556058005609938,0.6080944758119353,-0.039112168366023936,0.11104938271604925,0.0,0.33,"{'repeat_cap_removed': 20445, 'injection_noop': 0}"
54,mixed_stress,0.026353642241384034,-0.3510557086220646,0.6498642693111301,0.0026576251331708045,0.1276311728395061,0.4425940430640121,0.38,"{'repeat_cap_removed': 0, 'injection_noop': 1440}"
55,mixed_stress,0.2932113646384914,-0.08419798622495722,0.6148898734444207,-0.03231677073353856,0.10063271604938273,0.0,0.43000000000000005,"{'repeat_cap_removed': 19879, 'injection_noop': 1440}"
56,mixed_stress,0.1331908213727605,-0.24421852949068812,0.650494894369769,0.003288250191809783,0.10624228395061719,0.45631473977905973,0.26,"{'repeat_cap_removed': 0, 'injection_noop': 0}"
57,mixed_stress,0.4105179762721782,0.03310862540872955,0.6098709426657493,-0.037335701512209996,0.0990895061728394,0.0,0.31,"{'repeat_cap_removed': 21102, 'injection_noop': 0}"
58,mixed_stress,0.05683423476560967,-0.32057511609783895,0.6438294409190782,-0.003377203258881023,0.104837962962963,0.4272218111830464,0.36,"{'repeat_cap_removed': 0, 'injection_noop': 0}"
59,mixed_stress,0.31009834819515186,-0.06731100266829676,0.6086534584460334,-0.0385531857319259,0.10189814814814802,0.0,0.41,"{'repeat_cap_removed': 19774, 'injection_noop': 0}"
60,mixed_stress,0.06697656082427589,-0.31043279003917273,0.6440752916963203,-0.0031313524816389826,0.1226311728395062,0.4373886584335841,0.34,"{'repeat_cap_removed': 0, 'injection_noop': 0}"
61,mixed_stress,0.3312919597599192,-0.046117391103529415,0.6115869165678472,-0.035619727610112006,0.10492283950617276,0.0,0.39,"{'repeat_cap_removed': 20156, 'injection_noop': 0}"
62,mixed_stress,-0.028871957345077914,-0.40628130820852654,0.6523783280705758,0.005171683892616574,0.10325617283950606,0.43788810041704884,0.44,"{'repeat_cap_removed': 0, 'injection_noop': 1440}"
63,mixed_stress,0.233489692530493,-0.1439196583329556,0.6155479890056265,-0.031658655172332795,0.09958333333333336,0.0,0.49,"{'repeat_cap_removed': 19849, 'injection_noop': 1440}"
64,mixed_stress,0.3074093508634486,-0.07,0.6472066441779593,0.0,0.3277854938271605,0.4807944093466666,0.07,"{'repeat_cap_removed': 0, 'injection_noop': 0, 'session_cap_demoted': 12689}"
65,mixed_stress,0.605933524762765,0.22852417389931634,0.6118806400502788,-0.0353260041276805,0.22587191358024694,0.0,0.12000000000000001,"{'repeat_cap_removed': 21564, 'injection_noop': 0, 'session_cap_demoted': 9081}"
66,mixed_stress,0.2357889567945515,-0.14162039406889712,0.64372419006941,-0.0034824541085493044,0.3049845679012346,0.4463159331065533,0.17,"{'repeat_cap_removed': 0, 'injection_noop': 0, 'session_cap_demoted': 11451}"
67,mixed_stress,0.5054776104637284,0.1280682596002798,0.6123875038124516,-0.034819140365507706,0.21927469135802458,0.0,0.22000000000000003,"{'repeat_cap_removed': 19782, 'injection_noop': 0, 'session_cap_demoted': 8083}"
68,mixed_stress,0.25790711357432305,-0.11950223728912557,0.645689963212673,-0.0015166809652862323,0.2931018518518518,0.44630901309673854,0.15000000000000002,"{'repeat_cap_removed': 0, 'injection_noop': 0, 'session_cap_demoted': 11516}"
69,mixed_stress,0.5310327540943705,0.15362340323092183,0.6179708694685498,-0.029235774709409412,0.18110339506172846,0.0,0.2,"{'repeat_cap_removed': 19868, 'injection_noop': 0, 'session_cap_demoted': 8273}"
70,mixed_stress,0.19498260128326583,-0.1824267495801828,0.6404609751533449,-0.006745669024614376,0.26057870370370373,0.4002628373804778,0.25,"{'repeat_cap_removed': 0, 'injection_noop': 0, 'session_cap_demoted': 10284}"
71,mixed_stress,0.4292639335160169,0.05185458265256826,0.6142828990773889,-0.03292374510057039,0.1747839506172839,0.0,0.30000000000000004,"{'repeat_cap_removed': 17940, 'injection_noop': 0, 'session_cap_demoted': 7213}"
72,mixed_stress,0.2514874222400286,-0.12592192862342,0.6478579262830682,0.0006512821051088968,0.3236419753086419,0.4756607594187584,0.13,"{'repeat_cap_removed': 0, 'injection_noop': 0, 'session_cap_demoted': 12579}"
73,mixed_stress,0.5464302887153294,0.16902093785188077,0.6125484474663152,-0.03465819671164405,0.222608024691358,0.0,0.18,"{'repeat_cap_removed': 21521, 'injection_noop': 0, 'session_cap_demoted': 8920}"
74,mixed_stress,0.17180974737606622,-0.2055996034873824,0.6461078168359388,-0.001098827342020492,0.317199074074074,0.4506499811262112,0.23,"{'repeat_cap_removed': 0, 'injection_noop': 0, 'session_cap_demoted': 11642}"
75,mixed_stress,0.44517670434890866,0.06776735348546004,0.6104838882212145,-0.03672275595674479,0.2164197530864198,0.0,0.28,"{'repeat_cap_removed': 20308, 'injection_noop': 0, 'session_cap_demoted': 8234}"
76,mixed_stress,0.19060656001624826,-0.18680279084720036,0.6493055309543236,0.0020988867763643837,0.29405092592592585,0.45406171970439757,0.21000000000000002,"{'repeat_cap_removed': 0, 'injection_noop': 0, 'session_cap_demoted': 11872}"
77,mixed_stress,0.470125465371936,0.09271611450848738,0.6181975377219925,-0.02900910645596677,0.18891975308641973,0.0,0.26,"{'repeat_cap_removed': 20328, 'injection_noop': 0, 'session_cap_demoted': 8341}"
78,mixed_stress,0.11955978781562815,-0.2578495630478205,0.6442329688080348,-0.0029736753699244334,0.2741975308641975,0.41849977584199355,0.31000000000000005,"{'repeat_cap_removed': 0, 'injection_noop': 0, 'session_cap_demoted': 10731}"
79,mixed_stress,0.368880792224195,-0.008528558639253614,0.6160943971228465,-0.03111224705511273,0.19513888888888897,0.0,0.36,"{'repeat_cap_removed': 18812, 'injection_noop': 0, 'session_cap_demoted': 7593}"
80,mixed_stress,0.22791835303203933,-0.1494909978314093,0.6216723538005444,-0.025534290377414837,0.4050694444444445,0.45389473048912493,0.15000000000000002,"{'repeat_cap_removed': 0, 'injection_noop': 0, 'session_cap_demoted': 12391}"
81,mixed_stress,0.5121630189060808,0.13475366804263222,0.5921958119846636,-0.05501083219329561,0.28248456790123444,0.0,0.2,"{'repeat_cap_removed': 21098, 'injection_noop': 0, 'session_cap_demoted': 8824}"
82,mixed_stress,0.15919133955064874,-0.2182180113127999,0.6182598523476373,-0.028946791830322005,0.3709259259259259,0.41661914996805277,0.25,"{'repeat_cap_removed': 0, 'injection_noop': 0, 'session_cap_demoted': 11171}"
83,mixed_stress,0.41181904731352015,0.034409696450071525,0.5898093378570107,-0.05739730632094853,0.25737654320987646,0.0,0.30000000000000004,"{'repeat_cap_removed': 19230, 'injection_noop': 0, 'session_cap_demoted': 7822}"
84,mixed_stress,0.18275017342594396,-0.19465917743750466,0.6194754238524163,-0.027731220325542982,0.36599537037037044,0.4140115505922365,0.23000000000000004,"{'repeat_cap_removed': 0, 'injection_noop': 0, 'session_cap_demoted': 11247}"
85,mixed_stress,0.4358292350621329,0.05841988419868427,0.5977754195076731,-0.049431224670286156,0.23203703703703704,0.0,0.28,"{'repeat_cap_removed': 19250, 'injection_noop': 0, 'session_cap_demoted': 7955}"
86,mixed_stress,0.08790541934218676,-0.28950393152126186,0.6343390623741264,-0.01286758180383285,0.3332638888888888,0.4147321186848873,0.33000000000000007,"{'repeat_cap_removed': 0, 'injection_noop': 1440, 'session_cap_demoted': 10929}"
87,mixed_stress,0.34090179306844604,-0.03650755779500259,0.6085238003738679,-0.03868284380409137,0.2098765432098766,0.0,0.38,"{'repeat_cap_removed': 18680, 'injection_noop': 1440, 'session_cap_demoted': 7662}"
88,mixed_stress,0.17193496952245024,-0.20547438134099838,0.6286289910347223,-0.018577653143237005,0.3825694444444445,0.45545564785883774,0.21000000000000002,"{'repeat_cap_removed': 0, 'injection_noop': 0, 'session_cap_demoted': 12346}"
89,mixed_stress,0.455932292363757,0.07852294150030836,0.5981373993773068,-0.049069244800652445,0.2535108024691357,0.0,0.26,"{'repeat_cap_removed': 21028, 'injection_noop': 0, 'session_cap_demoted': 8718}"
90,mixed_stress,0.10056889030264782,-0.2768404605608008,0.6255218224933964,-0.02168482168456287,0.3501774691358024,0.4207789532006341,0.31000000000000005,"{'repeat_cap_removed': 0, 'injection_noop': 0, 'session_cap_demoted': 11227}"
91,mixed_stress,0.3560943559387146,-0.021314994924734043,0.5977959306450727,-0.04941071353288651,0.231520061728395,0.0,0.36000000000000004,"{'repeat_cap_removed': 19543, 'injection_noop': 0, 'session_cap_demoted': 7917}"
92,mixed_stress,0.11011151964029942,-0.2672978312231492,0.6247057032658253,-0.02250094091213395,0.37247685185185175,0.4305187676722423,0.29000000000000004,"{'repeat_cap_removed': 0, 'injection_noop': 0, 'session_cap_demoted': 11559}"
93,mixed_stress,0.37799524889034947,0.000585898026900844,0.6028295014997336,-0.04437714267822568,0.2309182098765432,0.0,0.34,"{'repeat_cap_removed': 19823, 'injection_noop': 0, 'session_cap_demoted': 8130}"
94,mixed_stress,0.01860240875930691,-0.3588069421041417,0.6368870875136482,-0.010319556664311058,0.34087191358024693,0.42897494491469895,0.39000000000000007,"{'repeat_cap_removed': 0, 'injection_noop': 1440, 'session_cap_demoted': 11272}"
95,mixed_stress,0.28242081738753766,-0.09498853347591096,0.6098370793031064,-0.03736956487485288,0.21140432098765438,0.0,0.44000000000000006,"{'repeat_cap_removed': 19355, 'injection_noop': 1440, 'session_cap_demoted': 7862}"
96,mixed_stress,0.1936472499525413,-0.18376210091090733,0.659468912270506,0.012262268092546713,0.08844135802469144,0.47720240646000545,0.19,"{'repeat_cap_removed': 0, 'injection_noop': 0, 'session_cap_demoted': 12512}"
97,mixed_stress,0.4866726044126517,0.10926325354920308,0.6168703183528204,-0.0303363258251389,0.09752314814814822,0.0,0.24,"{'repeat_cap_removed': 21521, 'injection_noop': 0, 'session_cap_demoted': 8902}"
98,mixed_stress,0.11487805680429075,-0.26253129405915787,0.6542417281952345,0.0070350840172752616,0.08711419753086425,0.4505229548452763,0.29000000000000004,"{'repeat_cap_removed': 0, 'injection_noop': 0, 'session_cap_demoted': 11566}"
99,mixed_stress,0.38597652197633214,0.00856717111288352,0.6149063535420298,-0.03230029063592943,0.08887345679012348,0.0,0.33999999999999997,"{'repeat_cap_removed': 20368, 'injection_noop': 0, 'session_cap_demoted': 8282}"
100,mixed_stress,0.12450641505709736,-0.25290293580635126,0.6567884923370396,0.009581848159080364,0.11373456790123448,0.4644506769556603,0.27,"{'repeat_cap_removed': 0, 'injection_noop': 0, 'session_cap_demoted': 12122}"
101,mixed_stress,0.4094866336910002,0.03207728282755157,0.6194872007262423,-0.027719443451716952,0.10262345679012341,0.0,0.32,"{'repeat_cap_removed': 20767, 'injection_noop': 0, 'session_cap_demoted': 8542}"
102,mixed_stress,0.05410968609099975,-0.32329966477244887,0.6506097270431159,0.0034030828651566702,0.10391975308641976,0.4285840479404733,0.37,"{'repeat_cap_removed': 0, 'injection_noop': 0, 'session_cap_demoted': 10958}"
103,mixed_stress,0.3087556251643476,-0.068653725699101,0.6163672162193666,-0.030839427958592625,0.102908950617284,0.0,0.42000000000000004,"{'repeat_cap_removed': 19067, 'injection_noop': 0, 'session_cap_demoted': 7690}"
104,mixed_stress,0.1371128348671674,-0.2402965159962812,0.660072175864356,0.012865531686396703,0.0875848765432099,0.4718347295628766,0.25,"{'repeat_cap_removed': 0, 'injection_noop': 0, 'session_cap_demoted': 12427}"
105,mixed_stress,0.42647975568569413,0.049070404822245506,0.6168896530149115,-0.030316991163047757,0.10111111111111115,0.0,0.3,"{'repeat_cap_removed': 21495, 'injection_noop': 0, 'session_cap_demoted': 8840}"
106,mixed_stress,0.05462308128570875,-0.32278626957773987,0.6561741923809723,0.008967548203013043,0.08254629629629617,0.45096735441270686,0.35,"{'repeat_cap_removed': 0, 'injection_noop': 0, 'session_cap_demoted': 11597}"
107,mixed_stress,0.3264143994830188,-0.05099495138042981,0.6162237504822868,-0.03098289369567242,0.09500771604938274,0.0,0.39999999999999997,"{'repeat_cap_removed': 20518, 'injection_noop': 0, 'session_cap_demoted': 8279}"
108,mixed_stress,0.0720940726180262,-0.30531527824542243,0.6583097040698329,0.011103059891873657,0.09966820987654312,0.45542415949504184,0.33,"{'repeat_cap_removed': 0, 'injection_noop': 0, 'session_cap_demoted': 11858}"
109,mixed_stress,0.3489625227121701,-0.028446828151278525,0.6194748274649248,-0.027731816713034485,0.09985339506172841,0.0,0.38,"{'repeat_cap_removed': 20689, 'injection_noop': 0, 'session_cap_demoted': 8389}"
110,mixed_stress,-0.004923242685716589,-0.3823325935491652,0.6521762472575124,0.0049696030795531865,0.09385802469135807,0.4268871665130553,0.43,"{'repeat_cap_removed': 0, 'injection_noop': 0, 'session_cap_demoted': 10938}"
111,mixed_stress,0.24879077062546118,-0.12861858023798745,0.6194462663847611,-0.027760377793198177,0.10016975308641962,0.0,0.48,"{'repeat_cap_removed': 19357, 'injection_noop': 0, 'session_cap_demoted': 7719}"
112,mixed_stress,0.11813705977047534,-0.2592722910929733,0.6494826953193967,0.002276051141437474,0.11374228395061725,0.46371973024976326,0.27,"{'repeat_cap_removed': 0, 'injection_noop': 0, 'session_cap_demoted': 12283}"
113,mixed_stress,0.3999950856272974,0.022585734763848786,0.6092303313415126,-0.037976312836446646,0.0920833333333333,0.0,0.32,"{'repeat_cap_removed': 21134, 'injection_noop': 0, 'session_cap_demoted': 8742}"
114,mixed_stress,0.047547318709797615,-0.329862032153651,0.6444374985407084,-0.002769145637250836,0.10179012345679017,0.4268896864614772,0.37,"{'repeat_cap_removed': 0, 'injection_noop': 0, 'session_cap_demoted': 11125}"
115,mixed_stress,0.30045613027613377,-0.07695322058731485,0.6098445648638211,-0.03736207931413815,0.09675925925925921,0.0,0.42,"{'repeat_cap_removed': 19503, 'injection_noop': 0, 'session_cap_demoted': 7869}"
116,mixed_stress,0.04771311091533398,-0.32969623994811464,0.6416978705143459,-0.005508773663613353,0.14515432098765424,0.4475520553518605,0.35000000000000003,"{'repeat_cap_removed': 0, 'injection_noop': 0, 'session_cap_demoted': 11978}"
117,mixed_stress,0.31996540886905855,-0.05744394199439007,0.6080944758119352,-0.03911216836602405,0.11104938271604925,0.0,0.4,"{'repeat_cap_removed': 20445, 'injection_noop': 0, 'session_cap_demoted': 8417}"
118,mixed_stress,-0.04364635775861597,-0.4210557086220646,0.6498642693111301,0.0026576251331708045,0.1276311728395061,0.4425940430640121,0.45,"{'repeat_cap_removed': 0, 'injection_noop': 1440, 'session_cap_demoted': 11552}"
119,mixed_stress,0.22321136463849145,-0.15419798622495717,0.6148898734444207,-0.03231677073353856,0.10063271604938273,0.0,0.5,"{'repeat_cap_removed': 19879, 'injection_noop': 1440, 'session_cap_demoted': 8076}"
120,mixed_stress,0.0631908213727605,-0.3142185294906881,0.650494894369769,0.003288250191809783,0.10624228395061719,0.45631473977905973,0.33,"{'repeat_cap_removed': 0, 'injection_noop': 0, 'session_cap_demoted': 12171}"
121,mixed_stress,0.34051797627217817,-0.036891374591270454,0.6098709426657493,-0.037335701512209996,0.0990895061728394,0.0,0.38,"{'repeat_cap_removed': 21102, 'injection_noop': 0, 'session_cap_demoted': 8636}"
122,mixed_stress,-0.013165765234390392,-0.390575116097839,0.6438294409190782,-0.003377203258881023,0.104837962962963,0.4272218111830464,0.43000000000000005,"{'repeat_cap_removed': 0, 'injection_noop': 0, 'session_cap_demoted': 11183}"
123,mixed_stress,0.2400983481951518,-0.13731100266829682,0.6086534584460334,-0.0385531857319259,0.10189814814814802,0.0,0.48000000000000004,"{'repeat_cap_removed': 19774, 'injection_noop': 0, 'session_cap_demoted': 7974}"
124,mixed_stress,-0.0030234391757241186,-0.38043279003917274,0.6440752916963203,-0.0031313524816389826,0.1226311728395062,0.4373886584335841,0.41000000000000003,"{'repeat_cap_removed': 0, 'injection_noop': 0, 'session_cap_demoted': 11621}"
125,mixed_stress,0.2612919597599192,-0.11611739110352942,0.6115869165678472,-0.035619727610112006,0.10492283950617276,0.0,0.46,"{'repeat_cap_removed': 20156, 'injection_noop': 0, 'session_cap_demoted': 8237}"
126,mixed_stress,-0.09887195734507792,-0.47628130820852654,0.6523783280705758,0.005171683892616574,0.10325617283950606,0.43788810041704884,0.51,"{'repeat_cap_removed': 0, 'injection_noop': 1440, 'session_cap_demoted': 11378}"
127,mixed_stress,0.16348969253049295,-0.21391965833295568,0.6155479890056264,-0.031658655172332906,0.09958333333333336,0.0,0.56,"{'repeat_cap_removed': 19849, 'injection_noop': 1440, 'session_cap_demoted': 7949}"
128,mixed_stress,0.35161349226249006,-0.025795858600958566,0.6330646623623376,-0.014141981815621651,0.3401157407407407,0.39766216478518196,0.09,"{'repeat_cap_removed': 0, 'injection_noop': 0, 'freshness_quota': 2880}"
129,mixed_stress,0.5842253738859328,0.20681602302248414,0.6073970128271176,-0.0398096313508417,0.22929783950617288,0.0,0.14,"{'repeat_cap_removed': 20474, 'injection_noop': 0, 'freshness_quota': 2880}"
130,mixed_stress,0.28690270447133415,-0.09050664639211448,0.6311698717565386,-0.016036772421420653,0.3190663580246913,0.35497640266673686,0.19,"{'repeat_cap_removed': 0, 'injection_noop': 0, 'freshness_quota': 2880}"
131,mixed_stress,0.48458446266324207,0.10717511179979344,0.6096519826217734,-0.03755466155618581,0.2233873456790123,0.0,0.24000000000000002,"{'repeat_cap_removed': 18854, 'injection_noop': 0, 'freshness_quota': 2880}"
132,mixed_stress,0.30170012434653787,-0.07570922651691075,0.6316032832519529,-0.015603360926006338,0.3167515432098764,0.362484682645748,0.16999999999999998,"{'repeat_cap_removed': 0, 'injection_noop': 0, 'freshness_quota': 2880}"
133,mixed_stress,0.509344529936937,0.1319351790734884,0.6159115313804211,-0.03129511279753816,0.19023919753086416,0.0,0.21999999999999997,"{'repeat_cap_removed': 19084, 'injection_noop': 0, 'freshness_quota': 2880}"
134,mixed_stress,0.23764143730670462,-0.139767913556744,0.6311330616012053,-0.016073582576753953,0.28897376543209874,0.3187236398024914,0.27,"{'repeat_cap_removed': 0, 'injection_noop': 0, 'freshness_quota': 2880}"
135,mixed_stress,0.4080805122467427,0.030671161383294065,0.6163410612648613,-0.030865582913097933,0.1877391975308642,0.0,0.31999999999999995,"{'repeat_cap_removed': 17390, 'injection_noop': 0, 'freshness_quota': 2880}"
136,mixed_stress,0.29655051427726775,-0.08085883658618087,0.6350923541838812,-0.012114289994078042,0.3414043209876543,0.3903159137687092,0.15,"{'repeat_cap_removed': 0, 'injection_noop': 0, 'freshness_quota': 2880}"
137,mixed_stress,0.5241607786254199,0.14675142776197125,0.6088632715103247,-0.038343372667634545,0.2304783950617284,0.0,0.2,"{'repeat_cap_removed': 20219, 'injection_noop': 0, 'freshness_quota': 2880}"
138,mixed_stress,0.2254189067366118,-0.15199044412683682,0.6327021625235291,-0.01450448165443019,0.30626543209876544,0.3553875303682845,0.25,"{'repeat_cap_removed': 0, 'injection_noop': 0, 'freshness_quota': 2880}"
139,mixed_stress,0.4248433680060988,0.047434017142650164,0.6107427494921905,-0.036463894685768716,0.22307870370370364,0.0,0.30000000000000004,"{'repeat_cap_removed': 19052, 'injection_noop': 0, 'freshness_quota': 2880}"
140,mixed_stress,0.2424285270922533,-0.13498082377119533,0.6322321377060053,-0.014974506471953974,0.30594135802469125,0.36100169004980587,0.23,"{'repeat_cap_removed': 0, 'injection_noop': 0, 'freshness_quota': 2880}"
141,mixed_stress,0.4480454264864706,0.07063607562302199,0.6140659641480718,-0.03314068002988746,0.20008487654320994,0.0,0.28,"{'repeat_cap_removed': 19224, 'injection_noop': 0, 'freshness_quota': 2880}"
142,mixed_stress,0.170156150716876,-0.2072532001465726,0.6307794551551235,-0.016427189022835798,0.2888425925925926,0.32625272546384604,0.33,"{'repeat_cap_removed': 0, 'injection_noop': 0, 'freshness_quota': 2880}"
143,mixed_stress,0.34795374726432116,-0.029455603599127467,0.616446543275794,-0.0307601009021653,0.19638117283950618,0.0,0.38,"{'repeat_cap_removed': 17776, 'injection_noop': 0, 'freshness_quota': 2880}"
144,mixed_stress,0.2787056303971212,-0.09870372046632742,0.6253198524150634,-0.021886791762895874,0.36985339506172843,0.3819873457199781,0.16999999999999998,"{'repeat_cap_removed': 0, 'injection_noop': 0, 'freshness_quota': 2880}"
145,mixed_stress,0.500533121615725,0.12312377075227643,0.6029433584686911,-0.044263285709268185,0.24442901234567893,0.0,0.21999999999999997,"{'repeat_cap_removed': 20053, 'injection_noop': 0, 'freshness_quota': 2880}"
146,mixed_stress,0.21412052445007834,-0.16328882641337028,0.6238019482929763,-0.02340469588498295,0.34199074074074076,0.33938030158980537,0.27,"{'repeat_cap_removed': 0, 'injection_noop': 0, 'freshness_quota': 2880}"
147,mixed_stress,0.4011852531208039,0.023775902257355264,0.6053082809053701,-0.04189836327258911,0.2395370370370371,0.0,0.31999999999999995,"{'repeat_cap_removed': 18337, 'injection_noop': 0, 'freshness_quota': 2880}"
148,mixed_stress,0.2296703406406228,-0.14773901022282582,0.6243223647432004,-0.022884279434758903,0.34677469135802474,0.3457545706251296,0.25,"{'repeat_cap_removed': 0, 'injection_noop': 0, 'freshness_quota': 2880}"
149,mixed_stress,0.42564236130391603,0.048233010440467405,0.611148014370222,-0.03605862980773722,0.20493055555555562,0.0,0.3,"{'repeat_cap_removed': 18606, 'injection_noop': 0, 'freshness_quota': 2880}"
150,mixed_stress,0.13913743982372684,-0.23827191103972178,0.6290233798677217,-0.018183264310237535,0.3277006172839505,0.33678950498617155,0.35,"{'repeat_cap_removed': 0, 'injection_noop': 1440, 'freshness_quota': 2880}"
151,mixed_stress,0.3259246866792518,-0.05148466418419684,0.6135397886464955,-0.03366685553146376,0.19344907407407397,0.0,0.4,"{'repeat_cap_removed': 18148, 'injection_noop': 1440, 'freshness_quota': 2880}"
152,mixed_stress,0.2232969906070957,-0.15411236025635291,0.6218799875511983,-0.025326656626760924,0.36006944444444433,0.37119292270622756,0.23,"{'repeat_cap_removed': 0, 'injection_noop': 0, 'freshness_quota': 2880}"
153,mixed_stress,0.43869443325505664,0.061285082391608015,0.6011121955707264,-0.046094448607232885,0.24402777777777773,0.0,0.28,"{'repeat_cap_removed': 19682, 'injection_noop': 0, 'freshness_quota': 2880}"
154,mixed_stress,0.1550807480082032,-0.22232860285524542,0.6238411917005195,-0.023365452477439708,0.33739197530864184,0.33550644148453557,0.33,"{'repeat_cap_removed': 0, 'injection_noop': 0, 'freshness_quota': 2880}"
155,mixed_stress,0.3396705640479984,-0.03773878681545023,0.6033913146271674,-0.043815329550791815,0.22719135802469137,0.0,0.37999999999999995,"{'repeat_cap_removed': 18258, 'injection_noop': 0, 'freshness_quota': 2880}"
156,mixed_stress,0.167147528423786,-0.21026182243966263,0.6231158415936546,-0.024090802584304627,0.3381404320987653,0.3438522770965859,0.31,"{'repeat_cap_removed': 0, 'injection_noop': 0, 'freshness_quota': 2880}"
157,mixed_stress,0.36091115721469247,-0.016498193648756154,0.607076284307886,-0.040130359870073296,0.22273148148148136,0.0,0.36,"{'repeat_cap_removed': 18608, 'injection_noop': 0, 'freshness_quota': 2880}"
158,mixed_stress,0.0739623457405838,-0.3034470051228648,0.6303343696537823,-0.016872274524176945,0.3231249999999999,0.33965221212155783,0.41,"{'repeat_cap_removed': 0, 'injection_noop': 1440, 'freshness_quota': 2880}"
159,mixed_stress,0.26339237524666814,-0.11401697561678048,0.6129704071421854,-0.03423623703577383,0.20878086419753084,0.0,0.45999999999999996,"{'repeat_cap_removed': 18246, 'injection_noop': 1440, 'freshness_quota': 2880}"
160,mixed_stress,0.24067617287651286,-0.13673317798693577,0.6487450962848437,0.0015384521068844137,0.0767824074074075,0.3913021032950874,0.21,"{'repeat_cap_removed': 0, 'injection_noop': 0, 'freshness_quota': 2880}"
161,mixed_stress,0.4648724658622343,0.08746311499878567,0.6132663704080392,-0.03394027376992004,0.12164351851851851,0.0,0.26,"{'repeat_cap_removed': 20183, 'injection_noop': 0, 'freshness_quota': 2880}"
162,mixed_stress,0.16882565193875282,-0.2085836989246958,0.6422996938556003,-0.004906950322358994,0.07378086419753083,0.3563387212126022,0.31,"{'repeat_cap_removed': 0, 'injection_noop': 0, 'freshness_quota': 2880}"
163,mixed_stress,0.3655899563408145,-0.011819394522634141,0.6135718691444709,-0.03363477503348833,0.0984722222222223,0.0,0.36,"{'repeat_cap_removed': 19103, 'injection_noop': 0, 'freshness_quota': 2880}"
164,mixed_stress,0.17675073266350333,-0.2006586181999453,0.6474271258042198,0.00022048162626053802,0.0904552469135802,0.37358155324236186,0.29,"{'repeat_cap_removed': 0, 'injection_noop': 0, 'freshness_quota': 2880}"
165,mixed_stress,0.3873019801833113,0.009892629319862678,0.6163957991321585,-0.030810845045800783,0.13212191358024694,0.0,0.33999999999999997,"{'repeat_cap_removed': 19680, 'injection_noop': 0, 'freshness_quota': 2880}"
166,mixed_stress,0.10795012512111041,-0.2694592257423382,0.6412445469978475,-0.005962097180111758,0.09346450617283941,0.33418617184996185,0.39,"{'repeat_cap_removed': 0, 'injection_noop': 0, 'freshness_quota': 2880}"
167,mixed_stress,0.28648139024662195,-0.09092796061682668,0.6140115894478992,-0.033195054730060014,0.11782407407407414,0.0,0.44,"{'repeat_cap_removed': 18189, 'injection_noop': 0, 'freshness_quota': 2880}"
168,mixed_stress,0.1866057747199994,-0.19080357614344923,0.6459798855713098,-0.0012267586066494474,0.08364197530864192,0.38290508431457754,0.27,"{'repeat_cap_removed': 0, 'injection_noop': 0, 'freshness_quota': 2880}"
169,mixed_stress,0.4053167785146859,0.02790742765123727,0.6145136366908035,-0.032693007487155756,0.12370370370370365,0.0,0.32,"{'repeat_cap_removed': 20019, 'injection_noop': 0, 'freshness_quota': 2880}"
170,mixed_stress,0.10853792462263956,-0.26887142624080906,0.640350223352194,-0.006856420825765208,0.07476080246913575,0.3555922869325283,0.37,"{'repeat_cap_removed': 0, 'injection_noop': 0, 'freshness_quota': 2880}"
171,mixed_stress,0.3052761638045826,-0.07213318705886601,0.6137302206720934,-0.03347642350586588,0.1207021604938272,0.0,0.42,"{'repeat_cap_removed': 19061, 'injection_noop': 0, 'freshness_quota': 2880}"
172,mixed_stress,0.1223181955103273,-0.2550911553531213,0.6435864167625227,-0.00362022741543655,0.08846450617283952,0.3650343124406254,0.35,"{'repeat_cap_removed': 0, 'injection_noop': 0, 'freshness_quota': 2880}"
173,mixed_stress,0.32777219627805876,-0.049637154585389864,0.6169487562861556,-0.030257887891803614,0.12179783950617273,0.0,0.4,"{'repeat_cap_removed': 19304, 'injection_noop': 0, 'freshness_quota': 2880}"
174,mixed_stress,0.04709757269774201,-0.3303117781657066,0.640066523646285,-0.007140120531674232,0.08966820987654311,0.3334590477458027,0.45,"{'repeat_cap_removed': 0, 'injection_noop': 0, 'freshness_quota': 2880}"
175,mixed_stress,0.22739613183803442,-0.1500132190254142,0.6174336101978835,-0.029773033980075803,0.11914351851851857,0.0,0.5,"{'repeat_cap_removed': 18124, 'injection_noop': 0, 'freshness_quota': 2880}"
176,mixed_stress,0.1695804192998855,-0.20782893156356314,0.6422107975307615,-0.004995846647197766,0.08829475308641976,0.3753460579512451,0.29,"{'repeat_cap_removed': 0, 'injection_noop': 0, 'freshness_quota': 2880}"
177,mixed_stress,0.38180732216956204,0.004397971306113413,0.6086526967791532,-0.03855394739880602,0.12368055555555557,0.0,0.33999999999999997,"{'repeat_cap_removed': 19897, 'injection_noop': 0, 'freshness_quota': 2880}"
178,mixed_stress,0.10142756114997309,-0.27598178971347553,0.6374014150093716,-0.009805229168587615,0.08962191358024696,0.33617451356531275,0.39,"{'repeat_cap_removed': 0, 'injection_noop': 0, 'freshness_quota': 2880}"
179,mixed_stress,0.2822706821082342,-0.09513866875521443,0.6093284410138204,-0.03787820316413881,0.12241512345679006,0.0,0.44,"{'repeat_cap_removed': 18363, 'injection_noop': 0, 'freshness_quota': 2880}"
180,mixed_stress,0.10279914829889558,-0.27461020256455304,0.635585162655504,-0.011621481522455235,0.11344135802469135,0.3579200701554719,0.37000000000000005,"{'repeat_cap_removed': 0, 'injection_noop': 0, 'freshness_quota': 2880}"
181,mixed_stress,0.3027716341910495,-0.0746377166723991,0.6094012406882514,-0.037805403489707845,0.1374305555555555,0.0,0.42,"{'repeat_cap_removed': 19239, 'injection_noop': 0, 'freshness_quota': 2880}"
182,mixed_stress,0.013433290769863326,-0.3639760600935853,0.6426687711815581,-0.004537872996401182,0.10686728395061729,0.3492215288730251,0.47000000000000003,"{'repeat_cap_removed': 0, 'injection_noop': 1440, 'freshness_quota': 2880}"
183,mixed_stress,0.20481125093001118,-0.17259809993343744,0.6136371670112515,-0.03356947716670777,0.13532407407407399,0.0,0.52,"{'repeat_cap_removed': 18819, 'injection_noop': 1440, 'freshness_quota': 2880}"
184,mixed_stress,0.11310135902326712,-0.2643079918401815,0.6401798010778879,-0.0070268431000714004,0.08630401234567908,0.36917949903935326,0.35,"{'repeat_cap_removed': 0, 'injection_noop': 0, 'freshness_quota': 2880}"
185,mixed_stress,0.32142080654076655,-0.05598854432268208,0.608452459639669,-0.03875418453829027,0.12915123456790112,0.0,0.4,"{'repeat_cap_removed': 19642, 'injection_noop': 0, 'freshness_quota': 2880}"
186,mixed_stress,0.04017661801032735,-0.3372327328531213,0.635570524995511,-0.011636119182448224,0.08902006172839494,0.33597631346273704,0.45000000000000007,"{'repeat_cap_removed': 0, 'injection_noop': 0, 'freshness_quota': 2880}"
187,mixed_stress,0.2213228238619096,-0.15608652700153902,0.6094399749120715,-0.03776666926588779,0.1211033950617284,0.0,0.5000000000000001,"{'repeat_cap_removed': 18356, 'injection_noop': 0, 'freshness_quota': 2880}"
188,mixed_stress,0.04861918327435544,-0.3287901675890932,0.6348305238555035,-0.01237612032245572,0.09796296296296303,0.3487063518816811,0.43000000000000005,"{'repeat_cap_removed': 0, 'injection_noop': 0, 'freshness_quota': 2880}"
189,mixed_stress,0.24165689579410304,-0.13575245506934558,0.6098800781879115,-0.0373265659900478,0.13121141975308648,0.0,0.48000000000000004,"{'repeat_cap_removed': 18850, 'injection_noop': 0, 'freshness_quota': 2880}"
190,mixed_stress,-0.04250794524483764,-0.41991729610828626,0.6396295194247731,-0.007577124753186171,0.09234567901234558,0.34151138030517775,0.53,"{'repeat_cap_removed': 0, 'injection_noop': 1440, 'freshness_quota': 2880}"
191,mixed_stress,0.14350538673616664,-0.23390396412728198,0.6144402940845287,-0.03276635009343054,0.13033179012345686,0.0,0.5800000000000001,"{'repeat_cap_removed': 18532, 'injection_noop': 1440, 'freshness_quota': 2880}"
192,mixed_stress,0.30813415032910674,-0.06927520053434189,0.6330639886487224,-0.01414265552923688,0.3473070987654321,0.36577346169841934,0.16,"{'repeat_cap_removed': 0, 'injection_noop': 0, 'session_cap_demoted': 10544, 'freshness_quota': 2880}"
193,mixed_stress,0.5153767185274174,0.13796736766396878,0.6097985551882584,-0.03740808898970083,0.22949074074074072,0.0,0.21000000000000002,"{'repeat_cap_removed': 20400, 'injection_noop': 0, 'session_cap_demoted': 8518, 'freshness_quota': 2880}"
194,mixed_stress,0.24502224693770913,-0.1323871039257395,0.6293381111094779,-0.01786853306848135,0.3242283950617284,0.3207826502043867,0.26,"{'repeat_cap_removed': 0, 'injection_noop': 0, 'session_cap_demoted': 9331, 'freshness_quota': 2880}"
195,mixed_stress,0.4150216322197071,0.03761228135625849,0.6097242198763935,-0.037482424301565787,0.22008487654320996,0.0,0.31000000000000005,"{'repeat_cap_removed': 18720, 'injection_noop': 0, 'session_cap_demoted': 7563, 'freshness_quota': 2880}"
196,mixed_stress,0.26668087919328065,-0.11072847167016797,0.631310423369236,-0.015896220808723216,0.31246913580246916,0.321176410936577,0.24000000000000002,"{'repeat_cap_removed': 0, 'injection_noop': 0, 'session_cap_demoted': 9401, 'freshness_quota': 2880}"
197,mixed_stress,0.4402649191587196,0.062855568295271,0.6170892658923979,-0.03011737828556138,0.1856712962962963,0.0,0.29,"{'repeat_cap_removed': 18928, 'injection_noop': 0, 'session_cap_demoted': 7745, 'freshness_quota': 2880}"
198,mixed_stress,0.20301726594474429,-0.17439208491870434,0.6286002141096928,-0.018606430068266455,0.29198302469135795,0.27557848878507585,0.34,"{'repeat_cap_removed': 0, 'injection_noop': 0, 'session_cap_demoted': 8185, 'freshness_quota': 2880}"
199,mixed_stress,0.3391213892578995,-0.03828796160554915,0.614628092002889,-0.03257855217507022,0.17695216049382712,0.0,0.39,"{'repeat_cap_removed': 16921, 'injection_noop': 0, 'session_cap_demoted': 6502, 'freshness_quota': 2880}"
200,mixed_stress,0.25258252552427507,-0.12482682533917355,0.6357485784428168,-0.011458065735142409,0.3383101851851851,0.3596049144501854,0.22,"{'repeat_cap_removed': 0, 'injection_noop': 0, 'session_cap_demoted': 10482, 'freshness_quota': 2880}"
201,mixed_stress,0.4554714160686575,0.07806206520520886,0.6106603344198155,-0.03654630975814377,0.22479166666666672,0.0,0.27,"{'repeat_cap_removed': 20167, 'injection_noop': 0, 'session_cap_demoted': 8219, 'freshness_quota': 2880}"
202,mixed_stress,0.17872844732604887,-0.19868090353739976,0.6317040938889056,-0.015502550289053674,0.322662037037037,0.32733922962163853,0.32,"{'repeat_cap_removed': 0, 'injection_noop': 0, 'session_cap_demoted': 9560, 'freshness_quota': 2880}"
203,mixed_stress,0.35555366816795264,-0.02185568269549598,0.6104864000696267,-0.03672024410833252,0.20950617283950623,0.0,0.37,"{'repeat_cap_removed': 18843, 'injection_noop': 0, 'session_cap_demoted': 7534, 'freshness_quota': 2880}"
204,mixed_stress,0.1980252267525971,-0.17938412411085153,0.6316318264155184,-0.015574817762440851,0.3184104938271606,0.32941055119795876,0.30000000000000004,"{'repeat_cap_removed': 0, 'injection_noop': 0, 'session_cap_demoted': 9705, 'freshness_quota': 2880}"
205,mixed_stress,0.3792907403147102,0.0018813894512615947,0.6160952793615225,-0.031111364816436726,0.19219135802469123,0.0,0.35,"{'repeat_cap_removed': 19020, 'injection_noop': 0, 'session_cap_demoted': 7624, 'freshness_quota': 2880}"
206,mixed_stress,0.12959083360513712,-0.2478185172583115,0.6301594546241082,-0.017047189553851094,0.2884027777777778,0.2908926392200237,0.4,"{'repeat_cap_removed': 0, 'injection_noop': 0, 'session_cap_demoted': 8615, 'freshness_quota': 2880}"
207,mixed_stress,0.27865257375022695,-0.09875677711322167,0.6159207337066641,-0.03128591047129514,0.1883024691358024,0.0,0.45,"{'repeat_cap_removed': 17512, 'injection_noop': 0, 'session_cap_demoted': 6848, 'freshness_quota': 2880}"
208,mixed_stress,0.23363916263083448,-0.14377018823261414,0.6188480058312071,-0.02835863834675212,0.3846141975308641,0.3456001145680093,0.24000000000000002,"{'repeat_cap_removed': 0, 'injection_noop': 0, 'session_cap_demoted': 10368, 'freshness_quota': 2880}"
209,mixed_stress,0.4273926211194317,0.04998327025598309,0.5988448139530926,-0.04836183022486662,0.2550154320987654,0.0,0.29,"{'repeat_cap_removed': 19801, 'injection_noop': 0, 'session_cap_demoted': 8353, 'freshness_quota': 2880}"
210,mixed_stress,0.170531115976931,-0.20687823488651763,0.6184001063290195,-0.028806537848939717,0.3622685185185186,0.3014734283946739,0.34,"{'repeat_cap_removed': 0, 'injection_noop': 0, 'session_cap_demoted': 9134, 'freshness_quota': 2880}"
211,mixed_stress,0.32780382844792594,-0.049605522415522685,0.6016348871110277,-0.045571757066931506,0.2402006172839506,0.0,0.38999999999999996,"{'repeat_cap_removed': 18033, 'injection_noop': 0, 'session_cap_demoted': 7264, 'freshness_quota': 2880}"
212,mixed_stress,0.19152054796656454,-0.1858888028968841,0.6197088663183159,-0.027497777859643358,0.35121141975308645,0.3023410570160615,0.32,"{'repeat_cap_removed': 0, 'injection_noop': 0, 'session_cap_demoted': 9253, 'freshness_quota': 2880}"
213,mixed_stress,0.3515804366260272,-0.025828914237421396,0.6065055430969907,-0.04070110108096858,0.21131172839506163,0.0,0.37,"{'repeat_cap_removed': 18209, 'injection_noop': 0, 'session_cap_demoted': 7431, 'freshness_quota': 2880}"
214,mixed_stress,0.10072978538185257,-0.27667956548159606,0.6262402313961071,-0.020966412781852184,0.32588734567901234,0.2949891211124541,0.42,"{'repeat_cap_removed': 0, 'injection_noop': 1440, 'session_cap_demoted': 8848, 'freshness_quota': 2880}"
215,mixed_stress,0.2543713148601461,-0.12303803600330254,0.6119515929054818,-0.03525505127247741,0.2024845679012346,0.0,0.47,"{'repeat_cap_removed': 17707, 'injection_noop': 1440, 'session_cap_demoted': 6991, 'freshness_quota': 2880}"
216,mixed_stress,0.176985013150886,-0.20042433771256263,0.6236648311110823,-0.02354181306687697,0.3568055555555556,0.34343644705150955,0.30000000000000004,"{'repeat_cap_removed': 0, 'injection_noop': 0, 'session_cap_demoted': 10313, 'freshness_quota': 2880}"
217,mixed_stress,0.3690401123771865,-0.008369238486262143,0.6032160882517725,-0.043990555926186725,0.23932098765432097,0.0,0.35,"{'repeat_cap_removed': 19620, 'injection_noop': 0, 'session_cap_demoted': 8081, 'freshness_quota': 2880}"
218,mixed_stress,0.10830935818663501,-0.2690999926768136,0.6226346340109125,-0.0245720101670468,0.34358024691358025,0.30624886881270186,0.4,"{'repeat_cap_removed': 0, 'injection_noop': 0, 'session_cap_demoted': 9239, 'freshness_quota': 2880}"
219,mixed_stress,0.2691529515509083,-0.10825639931254033,0.6037286354092939,-0.043478008768665366,0.24063271604938263,0.0,0.45,"{'repeat_cap_removed': 18145, 'injection_noop': 0, 'session_cap_demoted': 7238, 'freshness_quota': 2880}"
220,mixed_stress,0.12356152453812719,-0.25384782632532144,0.6214188666832459,-0.025787777494713393,0.342986111111111,0.3106980646067812,0.38,"{'repeat_cap_removed': 0, 'injection_noop': 0, 'session_cap_demoted': 9489, 'freshness_quota': 2880}"
221,mixed_stress,0.2914371026712284,-0.08597224819222021,0.6064846081815184,-0.040722035996440864,0.21655864197530872,0.0,0.43,"{'repeat_cap_removed': 18431, 'injection_noop': 0, 'session_cap_demoted': 7467, 'freshness_quota': 2880}"
222,mixed_stress,0.031726589720778076,-0.34568276114267055,0.6285972419887248,-0.01860940218923446,0.3278858024691358,0.30493464979880425,0.48000000000000004,"{'repeat_cap_removed': 0, 'injection_noop': 1440, 'session_cap_demoted': 9159, 'freshness_quota': 2880}"
223,mixed_stress,0.19395290984243962,-0.183456441021009,0.6114155674197467,-0.03579107675821258,0.2102932098765431,0.0,0.53,"{'repeat_cap_removed': 18081, 'injection_noop': 1440, 'session_cap_demoted': 7160, 'freshness_quota': 2880}"
224,mixed_stress,0.19830143043734483,-0.1791079204261038,0.6480076721757841,0.000801027997824888,0.0795910493827161,0.35789663688971607,0.28,"{'repeat_cap_removed': 0, 'injection_noop': 0, 'session_cap_demoted': 10371, 'freshness_quota': 2880}"
225,mixed_stress,0.39612616263847583,0.01871681177502721,0.6139540799459988,-0.033252564231960435,0.13173611111111105,0.0,0.33,"{'repeat_cap_removed': 19941, 'injection_noop': 0, 'session_cap_demoted': 7975, 'freshness_quota': 2880}"
226,mixed_stress,0.12440547152749148,-0.25300387933595714,0.6411228913909525,-0.006083752787006791,0.07493827160493827,0.32479958591112357,0.38,"{'repeat_cap_removed': 0, 'injection_noop': 0, 'session_cap_demoted': 9495, 'freshness_quota': 2880}"
227,mixed_stress,0.29677921322251827,-0.08063013764093035,0.6150019877348638,-0.03220465644309545,0.09972222222222227,0.0,0.43,"{'repeat_cap_removed': 18894, 'injection_noop': 0, 'session_cap_demoted': 7472, 'freshness_quota': 2880}"
228,mixed_stress,0.13283240161437215,-0.24457694924907647,0.6449262228165416,-0.002280421361417706,0.0891126543209877,0.3410819160185007,0.36,"{'repeat_cap_removed': 0, 'injection_noop': 0, 'session_cap_demoted': 9906, 'freshness_quota': 2880}"
229,mixed_stress,0.3181360379207585,-0.059273312942690115,0.6162978412937911,-0.030908802884168196,0.13687500000000008,0.0,0.41000000000000003,"{'repeat_cap_removed': 19518, 'injection_noop': 0, 'session_cap_demoted': 7818, 'freshness_quota': 2880}"
230,mixed_stress,0.06637900735623886,-0.31103034350720976,0.638048477686809,-0.00915816649115031,0.08441358024691348,0.2988449385698046,0.46,"{'repeat_cap_removed': 0, 'injection_noop': 0, 'session_cap_demoted': 8763, 'freshness_quota': 2880}"
231,mixed_stress,0.21735222178933822,-0.1600571290741104,0.6144210094697365,-0.03278563470822271,0.12495370370370362,0.0,0.51,"{'repeat_cap_removed': 17900, 'injection_noop': 0, 'session_cap_demoted': 6939, 'freshness_quota': 2880}"
232,mixed_stress,0.141693451282479,-0.2357158995809696,0.647161806920299,-4.4837257660246266e-05,0.08295524691358014,0.35258640604433195,0.33999999999999997,"{'repeat_cap_removed': 0, 'injection_noop': 0, 'session_cap_demoted': 10319, 'freshness_quota': 2880}"
233,mixed_stress,0.3363017415161553,-0.04110760934729335,0.6143753254937309,-0.032831318684228394,0.13365740740740728,0.0,0.38999999999999996,"{'repeat_cap_removed': 19808, 'injection_noop': 0, 'session_cap_demoted': 7842, 'freshness_quota': 2880}"
234,mixed_stress,0.06401917281305813,-0.3133901780503905,0.6400845996791805,-0.007122044498778735,0.07856481481481481,0.3246856764439851,0.43999999999999995,"{'repeat_cap_removed': 0, 'injection_noop': 0, 'session_cap_demoted': 9525, 'freshness_quota': 2880}"
235,mixed_stress,0.23591191434726294,-0.14149743651618568,0.6139142531047348,-0.03329239107322446,0.12623456790123444,0.0,0.48999999999999994,"{'repeat_cap_removed': 18827, 'injection_noop': 0, 'session_cap_demoted': 7398, 'freshness_quota': 2880}"
236,mixed_stress,0.07747739964456057,-0.29993195121888805,0.6440684311821001,-0.0031382129958591465,0.0858333333333332,0.3339315920887315,0.42,"{'repeat_cap_removed': 0, 'injection_noop': 0, 'session_cap_demoted': 9819, 'freshness_quota': 2880}"
237,mixed_stress,0.2588991979094225,-0.11851015295402612,0.6174436525862097,-0.029762991591749555,0.13653549382716057,0.0,0.47,"{'repeat_cap_removed': 19132, 'injection_noop': 0, 'session_cap_demoted': 7514, 'freshness_quota': 2880}"
238,mixed_stress,0.0027935950971791357,-0.3746157557662695,0.639439511548297,-0.007767132629662221,0.08167438271604932,0.30205303908885556,0.5199999999999999,"{'repeat_cap_removed': 0, 'injection_noop': 0, 'session_cap_demoted': 8882, 'freshness_quota': 2880}"
239,mixed_stress,0.15835091119444988,-0.21905843966899874,0.617246447366235,-0.029960196811724238,0.11972993827160483,0.0,0.57,"{'repeat_cap_removed': 17754, 'injection_noop': 0, 'session_cap_demoted': 6776, 'freshness_quota': 2880}"
240,mixed_stress,0.12268619576397227,-0.25472315509947635,0.6382706546732015,-0.008935989504757713,0.0899537037037037,0.34567366303011643,0.36,"{'repeat_cap_removed': 0, 'injection_noop': 0, 'session_cap_demoted': 10274, 'freshness_quota': 2880}"
241,mixed_stress,0.3120241731910117,-0.0653851776724369,0.6096995665643813,-0.037507077613577966,0.13135802469135793,0.0,0.41000000000000003,"{'repeat_cap_removed': 19633, 'injection_noop': 0, 'session_cap_demoted': 7892, 'freshness_quota': 2880}"
242,mixed_stress,0.05483549868411852,-0.3225738521793301,0.6339290050745081,-0.013277639103451144,0.08201388888888883,0.305879364980929,0.4600000000000001,"{'repeat_cap_removed': 0, 'injection_noop': 0, 'session_cap_demoted': 9110, 'freshness_quota': 2880}"
243,mixed_stress,0.2122123756307751,-0.16519697523267352,0.6110699506480117,-0.03613669352994753,0.11859567901234569,0.0,0.5100000000000001,"{'repeat_cap_removed': 18135, 'injection_noop': 0, 'session_cap_demoted': 7123, 'freshness_quota': 2880}"
244,mixed_stress,0.05534865224538349,-0.32206069861806513,0.6333828829747474,-0.013823761203211826,0.1047145061728394,0.3287734369133748,0.44000000000000006,"{'repeat_cap_removed': 0, 'injection_noop': 0, 'session_cap_demoted': 9840, 'freshness_quota': 2880}"
245,mixed_stress,0.2321943218102362,-0.14521502905321243,0.6095672265137951,-0.03763941766416412,0.14449074074074075,0.0,0.49000000000000005,"{'repeat_cap_removed': 19021, 'injection_noop': 0, 'session_cap_demoted': 7632, 'freshness_quota': 2880}"
246,mixed_stress,-0.0335526948485535,-0.4109620457120021,0.6394468278331006,-0.007759816344858672,0.09905864197530856,0.3184222115118677,0.54,"{'repeat_cap_removed': 0, 'injection_noop': 1440, 'session_cap_demoted': 9386, 'freshness_quota': 2880}"
247,mixed_stress,0.13431823593433556,-0.24309111492911306,0.6141674145474111,-0.03303922963054817,0.13905092592592583,0.0,0.5900000000000001,"{'repeat_cap_removed': 18592, 'injection_noop': 1440, 'session_cap_demoted': 7347, 'freshness_quota': 2880}"
248,mixed_stress,0.06572294613309448,-0.31168640473035414,0.6381083078197805,-0.009098336358178805,0.08208333333333329,0.34014409941944235,0.42,"{'repeat_cap_removed': 0, 'injection_noop': 0, 'session_cap_demoted': 10213, 'freshness_quota': 2880}"
249,mixed_stress,0.2521384917909546,-0.12527085907249402,0.609436300954818,-0.03777034322314121,0.13500771604938278,0.0,0.47,"{'repeat_cap_removed': 19400, 'injection_noop': 0, 'session_cap_demoted': 7778, 'freshness_quota': 2880}"
250,mixed_stress,-0.006959905481525697,-0.3843692563449743,0.6359035733522302,-0.011303070825729011,0.08130401234567897,0.3073172046629509,0.52,"{'repeat_cap_removed': 0, 'injection_noop': 0, 'session_cap_demoted': 9248, 'freshness_quota': 2880}"
251,mixed_stress,0.15159084193518302,-0.2258185089282656,0.6091024959958332,-0.03810414818212604,0.12432870370370375,0.0,0.5700000000000001,"{'repeat_cap_removed': 18062, 'injection_noop': 0, 'session_cap_demoted': 7058, 'freshness_quota': 2880}"
252,mixed_stress,0.001082843871660688,-0.37632650699178793,0.6344700260312328,-0.012736618146726442,0.08692129629629619,0.32084178766174665,0.5,"{'repeat_cap_removed': 0, 'injection_noop': 0, 'session_cap_demoted': 9709, 'freshness_quota': 2880}"
253,mixed_stress,0.17307936488650832,-0.2043299859769403,0.6119854133022152,-0.035221230875744025,0.13551697530864204,0.0,0.55,"{'repeat_cap_removed': 18598, 'injection_noop': 0, 'session_cap_demoted': 7401, 'freshness_quota': 2880}"
254,mixed_stress,-0.09061284206911258,-0.4680221929325612,0.6385579681637605,-0.00864867601419872,0.08543209876543201,0.3140415759914508,0.6,"{'repeat_cap_removed': 0, 'injection_noop': 1440, 'session_cap_demoted': 9409, 'freshness_quota': 2880}"
255,mixed_stress,0.07503616239307043,-0.3023731884703782,0.6151207517381758,-0.03208589243978344,0.1302237654320988,0.0,0.65,"{'repeat_cap_removed': 18252, 'injection_noop': 1440, 'session_cap_demoted': 7124, 'freshness_quota': 2880}"
