user_id,hit,ndcg,model,seed
1,0,0.0,popularity,-1
2,0,0.0,popularity,-1
3,0,0.0,popularity,-1
4,0,0.0,popularity,-1
5,0,0.0,popularity,-1
6,0,0.0,popularity,-1
7,0,0.0,popularity,-1
8,0,0.0,popularity,-1
9,0,0.0,popularity,-1
10,0,0.0,popularity,-1
11,0,0.0,popularity,-1
12,0,0.0,popularity,-1
13,0,0.0,popularity,-1
14,0,0.0,popularity,-1
15,0,0.0,popularity,-1
16,0,0.0,popularity,-1
17,1,0.38685280723454163,popularity,-1
18,0,0.0,popularity,-1
19,0,0.0,popularity,-1
20,0,0.0,popularity,-1
21,0,0.0,popularity,-1
22,0,0.0,popularity,-1
23,0,0.0,popularity,-1
24,0,0.0,popularity,-1
25,0,0.0,popularity,-1
26,0,0.0,popularity,-1
27,0,0.0,popularity,-1
28,0,0.0,popularity,-1
29,0,0.0,popularity,-1
30,0,0.0,popularity,-1
31,0,0.0,popularity,-1
32,0,0.0,popularity,-1
33,0,0.0,popularity,-1
34,0,0.0,popularity,-1
35,0,0.0,popularity,-1
36,0,0.0,popularity,-1
37,0,0.0,popularity,-1
38,0,0.0,popularity,-1
39,0,0.0,popularity,-1
40,0,0.0,popularity,-1
41,0,0.0,popularity,-1
42,0,0.0,popularity,-1
43,1,1.0,popularity,-1
44,0,0.0,popularity,-1
45,0,0.0,popularity,-1
47,0,0.0,popularity,-1
48,0,0.0,popularity,-1
49,1,1.0,popularity,-1
50,0,0.0,popularity,-1
51,0,0.0,popularity,-1
52,0,0.0,popularity,-1
53,0,0.0,popularity,-1
54,0,0.0,popularity,-1
55,0,0.0,popularity,-1
56,0,0.0,popularity,-1
57,0,0.0,popularity,-1
58,0,0.0,popularity,-1
59,0,0.0,popularity,-1
60,0,0.0,popularity,-1
61,0,0.0,popularity,-1
62,0,0.0,popularity,-1
63,0,0.0,popularity,-1
64,1,1.0,popularity,-1
65,0,0.0,popularity,-1
66,0,0.0,popularity,-1
67,0,0.0,popularity,-1
68,0,0.0,popularity,-1
69,0,0.0,popularity,-1
70,0,0.0,popularity,-1
71,0,0.0,popularity,-1
72,0,0.0,popularity,-1
73,0,0.0,popularity,-1
74,0,0.0,popularity,-1
75,0,0.0,popularity,-1
76,0,0.0,popularity,-1
77,0,0.0,popularity,-1
78,0,0.0,popularity,-1
79,0,0.0,popularity,-1
80,0,0.0,popularity,-1
81,0,0.0,popularity,-1
82,0,0.0,popularity,-1
83,0,0.0,popularity,-1
84,1,1.0,popularity,-1
85,0,0.0,popularity,-1
86,0,0.0,popularity,-1
87,0,0.0,popularity,-1
88,0,0.0,popularity,-1
89,0,0.0,popularity,-1
90,0,0.0,popularity,-1
91,0,0.0,popularity,-1
92,0,0.0,popularity,-1
93,0,0.0,popularity,-1
94,0,0.0,popularity,-1
95,0,0.0,popularity,-1
96,0,0.0,popularity,-1
97,0,0.0,popularity,-1
98,1,0.2890648263178879,popularity,-1
99,0,0.0,popularity,-1
100,0,0.0,popularity,-1
101,0,0.0,popularity,-1
102,0,0.0,popularity,-1
103,0,0.0,popularity,-1
104,0,0.0,popularity,-1
105,0,0.0,popularity,-1
106,0,0.0,popularity,-1
107,0,0.0,popularity,-1
108,0,0.0,popularity,-1
109,0,0.0,popularity,-1
110,0,0.0,popularity,-1
111,0,0.0,popularity,-1
112,0,0.0,popularity,-1
113,0,0.0,popularity,-1
114,0,0.0,popularity,-1
115,0,0.0,popularity,-1
116,0,0.0,popularity,-1
117,0,0.0,popularity,-1
118,0,0.0,popularity,-1
119,0,0.0,popularity,-1
120,0,0.0,popularity,-1
121,0,0.0,popularity,-1
122,0,0.0,popularity,-1
123,0,0.0,popularity,-1
124,0,0.0,popularity,-1
125,0,0.0,popularity,-1
126,0,0.0,popularity,-1
127,0,0.0,popularity,-1
128,0,0.0,popularity,-1
129,0,0.0,popularity,-1
130,0,0.0,popularity,-1
131,0,0.0,popularity,-1
132,0,0.0,popularity,-1
133,0,0.0,popularity,-1
134,0,0.0,popularity,-1
135,0,0.0,popularity,-1
136,0,0.0,popularity,-1
137,0,0.0,popularity,-1
138,0,0.0,popularity,-1
139,0,0.0,popularity,-1
140,1,0.6309297535714575,popularity,-1
141,0,0.0,popularity,-1
142,0,0.0,popularity,-1
143,0,0.0,popularity,-1
144,0,0.0,popularity,-1
145,0,0.0,popularity,-1
146,0,0.0,popularity,-1
147,0,0.0,popularity,-1
148,0,0.0,popularity,-1
149,0,0.0,popularity,-1
150,0,0.0,popularity,-1
151,0,0.0,popularity,-1
152,0,0.0,popularity,-1
153,0,0.0,popularity,-1
154,0,0.0,popularity,-1
155,0,0.0,popularity,-1
156,0,0.0,popularity,-1
157,0,0.0,popularity,-1
158,0,0.0,popularity,-1
159,0,0.0,popularity,-1
160,0,0.0,popularity,-1
161,0,0.0,popularity,-1
162,0,0.0,popularity,-1
163,0,0.0,popularity,-1
164,0,0.0,popularity,-1
165,0,0.0,popularity,-1
166,0,0.0,popularity,-1
167,0,0.0,popularity,-1
168,0,0.0,popularity,-1
169,0,0.0,popularity,-1
170,0,0.0,popularity,-1
171,0,0.0,popularity,-1
172,0,0.0,popularity,-1
173,0,0.0,popularity,-1
174,0,0.0,popularity,-1
175,0,0.0,popularity,-1
176,0,0.0,popularity,-1
177,0,0.0,popularity,-1
178,0,0.0,popularity,-1
179,1,0.38685280723454163,popularity,-1
180,0,0.0,popularity,-1
181,0,0.0,popularity,-1
182,1,0.3562071871080222,popularity,-1
183,0,0.0,popularity,-1
184,0,0.0,popularity,-1
185,0,0.0,popularity,-1
186,0,0.0,popularity,-1
187,0,0.0,popularity,-1
188,0,0.0,popularity,-1
189,0,0.0,popularity,-1
190,0,0.0,popularity,-1
191,0,0.0,popularity,-1
192,0,0.0,popularity,-1
193,0,0.0,popularity,-1
194,0,0.0,popularity,-1
195,0,0.0,popularity,-1
196,0,0.0,popularity,-1
197,1,1.0,popularity,-1
198,0,0.0,popularity,-1
199,0,0.0,popularity,-1
200,0,0.0,popularity,-1
201,0,0.0,popularity,-1
202,0,0.0,popularity,-1
203,0,0.0,popularity,-1
204,0,0.0,popularity,-1
205,1,0.2890648263178879,popularity,-1
206,0,0.0,popularity,-1
207,0,0.0,popularity,-1
208,0,0.0,popularity,-1
209,0,0.0,popularity,-1
210,0,0.0,popularity,-1
211,0,0.0,popularity,-1
212,0,0.0,popularity,-1
213,0,0.0,popularity,-1
214,0,0.0,popularity,-1
215,0,0.0,popularity,-1
216,0,0.0,popularity,-1
217,0,0.0,popularity,-1
218,0,0.0,popularity,-1
219,1,0.3333333333333333,popularity,-1
220,0,0.0,popularity,-1
221,0,0.0,popularity,-1
222,0,0.0,popularity,-1
223,0,0.0,popularity,-1
224,0,0.0,popularity,-1
225,0,0.0,popularity,-1
226,0,0.0,popularity,-1
227,0,0.0,popularity,-1
228,0,0.0,popularity,-1
229,0,0.0,popularity,-1
230,0,0.0,popularity,-1
231,0,0.0,popularity,-1
232,0,0.0,popularity,-1
233,0,0.0,popularity,-1
234,0,0.0,popularity,-1
235,0,0.0,popularity,-1
236,0,0.0,popularity,-1
237,0,0.0,popularity,-1
238,0,0.0,popularity,-1
239,0,0.0,popularity,-1
240,0,0.0,popularity,-1
241,0,0.0,popularity,-1
242,0,0.0,popularity,-1
243,0,0.0,popularity,-1
244,0,0.0,popularity,-1
245,0,0.0,popularity,-1
246,0,0.0,popularity,-1
247,0,0.0,popularity,-1
248,0,0.0,popularity,-1
249,0,0.0,popularity,-1
250,0,0.0,popularity,-1
251,0,0.0,popularity,-1
252,0,0.0,popularity,-1
253,0,0.0,popularity,-1
254,0,0.0,popularity,-1
255,0,0.0,popularity,-1
256,0,0.0,popularity,-1
257,0,0.0,popularity,-1
258,0,0.0,popularity,-1
259,0,0.0,popularity,-1
260,0,0.0,popularity,-1
261,0,0.0,popularity,-1
262,0,0.0,popularity,-1
263,1,0.38685280723454163,popularity,-1
264,0,0.0,popularity,-1
265,0,0.0,popularity,-1
266,0,0.0,popularity,-1
267,0,0.0,popularity,-1
268,0,0.0,popularity,-1
269,0,0.0,popularity,-1
270,0,0.0,popularity,-1
271,0,0.0,popularity,-1
272,0,0.0,popularity,-1
273,0,0.0,popularity,-1
274,0,0.0,popularity,-1
275,0,0.0,popularity,-1
276,0,0.0,popularity,-1
277,0,0.0,popularity,-1
278,0,0.0,popularity,-1
279,0,0.0,popularity,-1
280,0,0.0,popularity,-1
281,0,0.0,popularity,-1
282,0,0.0,popularity,-1
283,1,0.43067655807339306,popularity,-1
284,0,0.0,popularity,-1
285,0,0.0,popularity,-1
286,0,0.0,popularity,-1
287,0,0.0,popularity,-1
288,0,0.0,popularity,-1
289,0,0.0,popularity,-1
290,0,0.0,popularity,-1
291,0,0.0,popularity,-1
292,1,1.0,popularity,-1
293,0,0.0,popularity,-1
294,0,0.0,popularity,-1
295,0,0.0,popularity,-1
296,0,0.0,popularity,-1
297,0,0.0,popularity,-1
298,0,0.0,popularity,-1
299,0,0.0,popularity,-1
300,0,0.0,popularity,-1
301,0,0.0,popularity,-1
302,0,0.0,popularity,-1
303,0,0.0,popularity,-1
304,0,0.0,popularity,-1
305,0,0.0,popularity,-1
306,0,0.0,popularity,-1
307,0,0.0,popularity,-1
308,0,0.0,popularity,-1
309,0,0.0,popularity,-1
310,0,0.0,popularity,-1
311,1,0.5,popularity,-1
312,0,0.0,popularity,-1
313,0,0.0,popularity,-1
314,0,0.0,popularity,-1
315,0,0.0,popularity,-1
316,0,0.0,popularity,-1
317,0,0.0,popularity,-1
318,0,0.0,popularity,-1
319,0,0.0,popularity,-1
320,0,0.0,popularity,-1
321,1,1.0,popularity,-1
322,0,0.0,popularity,-1
323,0,0.0,popularity,-1
324,0,0.0,popularity,-1
325,0,0.0,popularity,-1
326,0,0.0,popularity,-1
327,0,0.0,popularity,-1
328,0,0.0,popularity,-1
329,0,0.0,popularity,-1
330,0,0.0,popularity,-1
331,0,0.0,popularity,-1
332,0,0.0,popularity,-1
333,0,0.0,popularity,-1
334,0,0.0,popularity,-1
335,0,0.0,popularity,-1
336,0,0.0,popularity,-1
337,0,0.0,popularity,-1
338,0,0.0,popularity,-1
339,0,0.0,popularity,-1
340,0,0.0,popularity,-1
341,0,0.0,popularity,-1
342,0,0.0,popularity,-1
343,0,0.0,popularity,-1
344,0,0.0,popularity,-1
345,0,0.0,popularity,-1
346,0,0.0,popularity,-1
347,0,0.0,popularity,-1
348,0,0.0,popularity,-1
349,0,0.0,popularity,-1
350,0,0.0,popularity,-1
351,0,0.0,popularity,-1
352,0,0.0,popularity,-1
353,0,0.0,popularity,-1
354,0,0.0,popularity,-1
355,0,0.0,popularity,-1
356,0,0.0,popularity,-1
357,0,0.0,popularity,-1
358,0,0.0,popularity,-1
359,0,0.0,popularity,-1
360,1,0.2890648263178879,popularity,-1
361,0,0.0,popularity,-1
362,0,0.0,popularity,-1
363,0,0.0,popularity,-1
364,0,0.0,popularity,-1
365,1,0.3010299956639812,popularity,-1
366,0,0.0,popularity,-1
367,0,0.0,popularity,-1
368,0,0.0,popularity,-1
369,0,0.0,popularity,-1
370,0,0.0,popularity,-1
371,0,0.0,popularity,-1
372,0,0.0,popularity,-1
373,0,0.0,popularity,-1
374,0,0.0,popularity,-1
375,0,0.0,popularity,-1
376,1,0.3562071871080222,popularity,-1
377,0,0.0,popularity,-1
378,0,0.0,popularity,-1
379,0,0.0,popularity,-1
380,0,0.0,popularity,-1
381,0,0.0,popularity,-1
382,0,0.0,popularity,-1
383,0,0.0,popularity,-1
384,0,0.0,popularity,-1
385,0,0.0,popularity,-1
386,0,0.0,popularity,-1
387,0,0.0,popularity,-1
388,0,0.0,popularity,-1
389,0,0.0,popularity,-1
390,0,0.0,popularity,-1
391,0,0.0,popularity,-1
392,0,0.0,popularity,-1
393,0,0.0,popularity,-1
394,0,0.0,popularity,-1
395,0,0.0,popularity,-1
396,0,0.0,popularity,-1
397,0,0.0,popularity,-1
398,0,0.0,popularity,-1
399,0,0.0,popularity,-1
400,0,0.0,popularity,-1
401,0,0.0,popularity,-1
402,0,0.0,popularity,-1
403,0,0.0,popularity,-1
404,0,0.0,popularity,-1
405,0,0.0,popularity,-1
406,0,0.0,popularity,-1
407,0,0.0,popularity,-1
408,0,0.0,popularity,-1
409,0,0.0,popularity,-1
410,0,0.0,popularity,-1
411,0,0.0,popularity,-1
412,0,0.0,popularity,-1
413,0,0.0,popularity,-1
414,1,0.31546487678572877,popularity,-1
415,0,0.0,popularity,-1
416,0,0.0,popularity,-1
417,0,0.0,popularity,-1
418,1,0.3562071871080222,popularity,-1
419,0,0.0,popularity,-1
420,0,0.0,popularity,-1
421,0,0.0,popularity,-1
422,0,0.0,popularity,-1
423,0,0.0,popularity,-1
424,1,0.5,popularity,-1
425,0,0.0,popularity,-1
426,0,0.0,popularity,-1
427,0,0.0,popularity,-1
428,0,0.0,popularity,-1
429,0,0.0,popularity,-1
430,0,0.0,popularity,-1
431,0,0.0,popularity,-1
432,0,0.0,popularity,-1
433,0,0.0,popularity,-1
434,0,0.0,popularity,-1
435,0,0.0,popularity,-1
436,0,0.0,popularity,-1
437,0,0.0,popularity,-1
438,0,0.0,popularity,-1
439,0,0.0,popularity,-1
440,0,0.0,popularity,-1
441,0,0.0,popularity,-1
442,0,0.0,popularity,-1
443,0,0.0,popularity,-1
444,0,0.0,popularity,-1
445,0,0.0,popularity,-1
446,0,0.0,popularity,-1
447,0,0.0,popularity,-1
448,0,0.0,popularity,-1
449,0,0.0,popularity,-1
450,0,0.0,popularity,-1
451,0,0.0,popularity,-1
452,0,0.0,popularity,-1
453,0,0.0,popularity,-1
454,0,0.0,popularity,-1
455,0,0.0,popularity,-1
456,0,0.0,popularity,-1
457,0,0.0,popularity,-1
458,0,0.0,popularity,-1
459,0,0.0,popularity,-1
460,0,0.0,popularity,-1
461,0,0.0,popularity,-1
462,0,0.0,popularity,-1
463,0,0.0,popularity,-1
464,1,0.3333333333333333,popularity,-1
465,0,0.0,popularity,-1
466,0,0.0,popularity,-1
467,1,0.2890648263178879,popularity,-1
468,0,0.0,popularity,-1
469,0,0.0,popularity,-1
470,0,0.0,popularity,-1
471,0,0.0,popularity,-1
472,0,0.0,popularity,-1
473,0,0.0,popularity,-1
474,0,0.0,popularity,-1
475,0,0.0,popularity,-1
476,0,0.0,popularity,-1
477,0,0.0,popularity,-1
478,0,0.0,popularity,-1
479,0,0.0,popularity,-1
480,0,0.0,popularity,-1
481,0,0.0,popularity,-1
482,0,0.0,popularity,-1
483,0,0.0,popularity,-1
484,1,0.3333333333333333,popularity,-1
485,0,0.0,popularity,-1
486,0,0.0,popularity,-1
487,0,0.0,popularity,-1
488,0,0.0,popularity,-1
489,0,0.0,popularity,-1
490,0,0.0,popularity,-1
491,0,0.0,popularity,-1
492,0,0.0,popularity,-1
493,0,0.0,popularity,-1
494,0,0.0,popularity,-1
495,0,0.0,popularity,-1
496,0,0.0,popularity,-1
497,0,0.0,popularity,-1
498,0,0.0,popularity,-1
499,0,0.0,popularity,-1
500,0,0.0,popularity,-1
501,0,0.0,popularity,-1
502,1,0.38685280723454163,popularity,-1
503,0,0.0,popularity,-1
504,0,0.0,popularity,-1
505,0,0.0,popularity,-1
506,0,0.0,popularity,-1
507,0,0.0,popularity,-1
508,0,0.0,popularity,-1
509,0,0.0,popularity,-1
510,0,0.0,popularity,-1
511,0,0.0,popularity,-1
512,0,0.0,popularity,-1
513,1,0.6309297535714575,popularity,-1
514,0,0.0,popularity,-1
515,0,0.0,popularity,-1
516,0,0.0,popularity,-1
517,0,0.0,popularity,-1
518,0,0.0,popularity,-1
519,0,0.0,popularity,-1
520,0,0.0,popularity,-1
521,0,0.0,popularity,-1
522,0,0.0,popularity,-1
523,0,0.0,popularity,-1
524,0,0.0,popularity,-1
525,0,0.0,popularity,-1
526,0,0.0,popularity,-1
527,0,0.0,popularity,-1
528,0,0.0,popularity,-1
529,0,0.0,popularity,-1
530,0,0.0,popularity,-1
531,0,0.0,popularity,-1
532,0,0.0,popularity,-1
533,0,0.0,popularity,-1
534,0,0.0,popularity,-1
535,0,0.0,popularity,-1
536,0,0.0,popularity,-1
537,0,0.0,popularity,-1
538,0,0.0,popularity,-1
539,0,0.0,popularity,-1
540,0,0.0,popularity,-1
541,0,0.0,popularity,-1
542,0,0.0,popularity,-1
543,0,0.0,popularity,-1
544,0,0.0,popularity,-1
545,0,0.0,popularity,-1
546,0,0.0,popularity,-1
547,0,0.0,popularity,-1
548,0,0.0,popularity,-1
549,0,0.0,popularity,-1
550,0,0.0,popularity,-1
551,0,0.0,popularity,-1
552,0,0.0,popularity,-1
553,0,0.0,popularity,-1
554,0,0.0,popularity,-1
555,0,0.0,popularity,-1
556,0,0.0,popularity,-1
557,0,0.0,popularity,-1
558,1,0.38685280723454163,popularity,-1
559,1,0.31546487678572877,popularity,-1
560,0,0.0,popularity,-1
561,0,0.0,popularity,-1
562,0,0.0,popularity,-1
563,0,0.0,popularity,-1
564,0,0.0,popularity,-1
565,0,0.0,popularity,-1
566,0,0.0,popularity,-1
567,0,0.0,popularity,-1
568,0,0.0,popularity,-1
569,0,0.0,popularity,-1
570,0,0.0,popularity,-1
571,0,0.0,popularity,-1
572,0,0.0,popularity,-1
573,0,0.0,popularity,-1
574,0,0.0,popularity,-1
575,0,0.0,popularity,-1
576,0,0.0,popularity,-1
577,0,0.0,popularity,-1
578,0,0.0,popularity,-1
579,1,0.5,popularity,-1
580,0,0.0,popularity,-1
581,0,0.0,popularity,-1
582,0,0.0,popularity,-1
583,0,0.0,popularity,-1
584,0,0.0,popularity,-1
585,0,0.0,popularity,-1
586,0,0.0,popularity,-1
587,0,0.0,popularity,-1
588,0,0.0,popularity,-1
589,0,0.0,popularity,-1
590,0,0.0,popularity,-1
591,0,0.0,popularity,-1
592,0,0.0,popularity,-1
593,0,0.0,popularity,-1
594,0,0.0,popularity,-1
595,0,0.0,popularity,-1
596,0,0.0,popularity,-1
597,0,0.0,popularity,-1
598,0,0.0,popularity,-1
599,0,0.0,popularity,-1
600,0,0.0,popularity,-1
601,0,0.0,popularity,-1
602,0,0.0,popularity,-1
603,0,0.0,popularity,-1
604,0,0.0,popularity,-1
605,0,0.0,popularity,-1
606,0,0.0,popularity,-1
607,0,0.0,popularity,-1
608,0,0.0,popularity,-1
609,0,0.0,popularity,-1
610,0,0.0,popularity,-1
611,0,0.0,popularity,-1
612,0,0.0,popularity,-1
613,0,0.0,popularity,-1
614,0,0.0,popularity,-1
615,0,0.0,popularity,-1
616,0,0.0,popularity,-1
617,0,0.0,popularity,-1
618,0,0.0,popularity,-1
619,0,0.0,popularity,-1
620,0,0.0,popularity,-1
621,0,0.0,popularity,-1
622,0,0.0,popularity,-1
623,0,0.0,popularity,-1
624,0,0.0,popularity,-1
625,0,0.0,popularity,-1
626,0,0.0,popularity,-1
627,0,0.0,popularity,-1
628,0,0.0,popularity,-1
629,0,0.0,popularity,-1
630,0,0.0,popularity,-1
631,0,0.0,popularity,-1
632,0,0.0,popularity,-1
633,0,0.0,popularity,-1
634,0,0.0,popularity,-1
635,0,0.0,popularity,-1
636,0,0.0,popularity,-1
637,0,0.0,popularity,-1
638,0,0.0,popularity,-1
639,0,0.0,popularity,-1
640,1,0.31546487678572877,popularity,-1
641,0,0.0,popularity,-1
642,1,0.3010299956639812,popularity,-1
643,0,0.0,popularity,-1
644,0,0.0,popularity,-1
645,0,0.0,popularity,-1
646,0,0.0,popularity,-1
647,0,0.0,popularity,-1
648,0,0.0,popularity,-1
649,0,0.0,popularity,-1
650,0,0.0,popularity,-1
651,0,0.0,popularity,-1
652,0,0.0,popularity,-1
653,0,0.0,popularity,-1
654,0,0.0,popularity,-1
655,0,0.0,popularity,-1
656,0,0.0,popularity,-1
657,0,0.0,popularity,-1
658,0,0.0,popularity,-1
659,0,0.0,popularity,-1
660,0,0.0,popularity,-1
661,0,0.0,popularity,-1
662,0,0.0,popularity,-1
663,0,0.0,popularity,-1
664,0,0.0,popularity,-1
665,0,0.0,popularity,-1
666,0,0.0,popularity,-1
667,0,0.0,popularity,-1
668,0,0.0,popularity,-1
669,0,0.0,popularity,-1
670,0,0.0,popularity,-1
671,0,0.0,popularity,-1
672,0,0.0,popularity,-1
673,0,0.0,popularity,-1
674,1,0.38685280723454163,popularity,-1
675,0,0.0,popularity,-1
676,0,0.0,popularity,-1
677,0,0.0,popularity,-1
678,0,0.0,popularity,-1
679,0,0.0,popularity,-1
680,0,0.0,popularity,-1
681,0,0.0,popularity,-1
682,0,0.0,popularity,-1
683,0,0.0,popularity,-1
684,0,0.0,popularity,-1
685,0,0.0,popularity,-1
686,0,0.0,popularity,-1
687,0,0.0,popularity,-1
688,0,0.0,popularity,-1
689,0,0.0,popularity,-1
690,0,0.0,popularity,-1
691,0,0.0,popularity,-1
692,0,0.0,popularity,-1
693,0,0.0,popularity,-1
694,1,1.0,popularity,-1
695,0,0.0,popularity,-1
696,0,0.0,popularity,-1
697,0,0.0,popularity,-1
698,0,0.0,popularity,-1
699,0,0.0,popularity,-1
700,0,0.0,popularity,-1
701,0,0.0,popularity,-1
702,0,0.0,popularity,-1
703,0,0.0,popularity,-1
704,0,0.0,popularity,-1
705,0,0.0,popularity,-1
706,0,0.0,popularity,-1
707,0,0.0,popularity,-1
708,0,0.0,popularity,-1
709,0,0.0,popularity,-1
710,0,0.0,popularity,-1
711,0,0.0,popularity,-1
712,0,0.0,popularity,-1
713,0,0.0,popularity,-1
714,0,0.0,popularity,-1
715,0,0.0,popularity,-1
716,0,0.0,popularity,-1
717,0,0.0,popularity,-1
718,0,0.0,popularity,-1
719,0,0.0,popularity,-1
720,0,0.0,popularity,-1
721,0,0.0,popularity,-1
722,0,0.0,popularity,-1
723,0,0.0,popularity,-1
724,0,0.0,popularity,-1
725,0,0.0,popularity,-1
726,0,0.0,popularity,-1
727,0,0.0,popularity,-1
728,1,1.0,popularity,-1
729,0,0.0,popularity,-1
730,0,0.0,popularity,-1
731,0,0.0,popularity,-1
732,0,0.0,popularity,-1
733,0,0.0,popularity,-1
734,0,0.0,popularity,-1
735,0,0.0,popularity,-1
736,0,0.0,popularity,-1
737,0,0.0,popularity,-1
738,0,0.0,popularity,-1
739,1,0.43067655807339306,popularity,-1
740,0,0.0,popularity,-1
741,0,0.0,popularity,-1
742,0,0.0,popularity,-1
743,0,0.0,popularity,-1
744,1,0.43067655807339306,popularity,-1
745,0,0.0,popularity,-1
746,0,0.0,popularity,-1
747,0,0.0,popularity,-1
748,0,0.0,popularity,-1
749,0,0.0,popularity,-1
750,0,0.0,popularity,-1
751,0,0.0,popularity,-1
752,0,0.0,popularity,-1
753,0,0.0,popularity,-1
754,0,0.0,popularity,-1
755,0,0.0,popularity,-1
756,0,0.0,popularity,-1
757,0,0.0,popularity,-1
758,0,0.0,popularity,-1
759,0,0.0,popularity,-1
760,0,0.0,popularity,-1
761,0,0.0,popularity,-1
762,0,0.0,popularity,-1
763,0,0.0,popularity,-1
764,0,0.0,popularity,-1
765,0,0.0,popularity,-1
766,0,0.0,popularity,-1
767,0,0.0,popularity,-1
768,0,0.0,popularity,-1
769,0,0.0,popularity,-1
770,0,0.0,popularity,-1
771,0,0.0,popularity,-1
772,0,0.0,popularity,-1
773,0,0.0,popularity,-1
774,0,0.0,popularity,-1
775,0,0.0,popularity,-1
776,0,0.0,popularity,-1
777,0,0.0,popularity,-1
778,0,0.0,popularity,-1
779,0,0.0,popularity,-1
780,0,0.0,popularity,-1
781,0,0.0,popularity,-1
782,0,0.0,popularity,-1
783,0,0.0,popularity,-1
784,0,0.0,popularity,-1
785,0,0.0,popularity,-1
786,0,0.0,popularity,-1
787,0,0.0,popularity,-1
788,0,0.0,popularity,-1
789,0,0.0,popularity,-1
790,1,0.38685280723454163,popularity,-1
791,0,0.0,popularity,-1
792,0,0.0,popularity,-1
793,0,0.0,popularity,-1
794,0,0.0,popularity,-1
795,0,0.0,popularity,-1
796,0,0.0,popularity,-1
797,0,0.0,popularity,-1
798,0,0.0,popularity,-1
799,0,0.0,popularity,-1
800,0,0.0,popularity,-1
801,0,0.0,popularity,-1
802,0,0.0,popularity,-1
803,0,0.0,popularity,-1
804,0,0.0,popularity,-1
805,0,0.0,popularity,-1
806,0,0.0,popularity,-1
807,0,0.0,popularity,-1
808,0,0.0,popularity,-1
809,0,0.0,popularity,-1
810,0,0.0,popularity,-1
811,1,1.0,popularity,-1
812,0,0.0,popularity,-1
813,0,0.0,popularity,-1
814,0,0.0,popularity,-1
815,0,0.0,popularity,-1
816,0,0.0,popularity,-1
817,0,0.0,popularity,-1
818,0,0.0,popularity,-1
819,0,0.0,popularity,-1
820,0,0.0,popularity,-1
821,0,0.0,popularity,-1
822,0,0.0,popularity,-1
823,0,0.0,popularity,-1
824,0,0.0,popularity,-1
825,0,0.0,popularity,-1
826,0,0.0,popularity,-1
827,0,0.0,popularity,-1
828,0,0.0,popularity,-1
829,0,0.0,popularity,-1
830,0,0.0,popularity,-1
831,0,0.0,popularity,-1
832,0,0.0,popularity,-1
833,1,1.0,popularity,-1
834,0,0.0,popularity,-1
835,0,0.0,popularity,-1
836,0,0.0,popularity,-1
837,0,0.0,popularity,-1
838,0,0.0,popularity,-1
839,0,0.0,popularity,-1
840,0,0.0,popularity,-1
841,0,0.0,popularity,-1
842,0,0.0,popularity,-1
843,0,0.0,popularity,-1
844,0,0.0,popularity,-1
845,0,0.0,popularity,-1
846,0,0.0,popularity,-1
847,0,0.0,popularity,-1
848,0,0.0,popularity,-1
849,0,0.0,popularity,-1
850,0,0.0,popularity,-1
851,0,0.0,popularity,-1
852,0,0.0,popularity,-1
853,0,0.0,popularity,-1
854,0,0.0,popularity,-1
855,0,0.0,popularity,-1
856,0,0.0,popularity,-1
857,0,0.0,popularity,-1
858,0,0.0,popularity,-1
859,0,0.0,popularity,-1
860,0,0.0,popularity,-1
861,1,0.2890648263178879,popularity,-1
862,0,0.0,popularity,-1
863,0,0.0,popularity,-1
864,0,0.0,popularity,-1
865,0,0.0,popularity,-1
866,1,0.6309297535714575,popularity,-1
867,0,0.0,popularity,-1
868,0,0.0,popularity,-1
869,0,0.0,popularity,-1
870,0,0.0,popularity,-1
871,0,0.0,popularity,-1
872,0,0.0,popularity,-1
873,0,0.0,popularity,-1
874,0,0.0,popularity,-1
875,0,0.0,popularity,-1
876,0,0.0,popularity,-1
877,0,0.0,popularity,-1
878,0,0.0,popularity,-1
879,0,0.0,popularity,-1
880,0,0.0,popularity,-1
881,0,0.0,popularity,-1
882,0,0.0,popularity,-1
883,0,0.0,popularity,-1
884,0,0.0,popularity,-1
885,0,0.0,popularity,-1
886,0,0.0,popularity,-1
887,1,0.31546487678572877,popularity,-1
888,0,0.0,popularity,-1
889,0,0.0,popularity,-1
890,0,0.0,popularity,-1
891,0,0.0,popularity,-1
892,1,0.38685280723454163,popularity,-1
893,0,0.0,popularity,-1
894,0,0.0,popularity,-1
895,0,0.0,popularity,-1
896,0,0.0,popularity,-1
897,0,0.0,popularity,-1
898,0,0.0,popularity,-1
899,0,0.0,popularity,-1
900,0,0.0,popularity,-1
901,0,0.0,popularity,-1
902,0,0.0,popularity,-1
903,0,0.0,popularity,-1
904,0,0.0,popularity,-1
905,0,0.0,popularity,-1
906,0,0.0,popularity,-1
907,0,0.0,popularity,-1
908,1,0.31546487678572877,popularity,-1
909,0,0.0,popularity,-1
910,0,0.0,popularity,-1
911,0,0.0,popularity,-1
912,0,0.0,popularity,-1
913,0,0.0,popularity,-1
914,0,0.0,popularity,-1
915,0,0.0,popularity,-1
916,0,0.0,popularity,-1
917,1,0.43067655807339306,popularity,-1
918,0,0.0,popularity,-1
919,0,0.0,popularity,-1
920,0,0.0,popularity,-1
921,0,0.0,popularity,-1
922,0,0.0,popularity,-1
923,0,0.0,popularity,-1
924,0,0.0,popularity,-1
925,0,0.0,popularity,-1
926,0,0.0,popularity,-1
927,0,0.0,popularity,-1
928,0,0.0,popularity,-1
929,0,0.0,popularity,-1
930,0,0.0,popularity,-1
931,0,0.0,popularity,-1
932,0,0.0,popularity,-1
933,0,0.0,popularity,-1
934,0,0.0,popularity,-1
935,0,0.0,popularity,-1
936,1,0.3010299956639812,popularity,-1
937,0,0.0,popularity,-1
938,0,0.0,popularity,-1
939,0,0.0,popularity,-1
940,0,0.0,popularity,-1
941,0,0.0,popularity,-1
942,0,0.0,popularity,-1
943,0,0.0,popularity,-1
944,1,0.31546487678572877,popularity,-1
945,0,0.0,popularity,-1
946,0,0.0,popularity,-1
947,0,0.0,popularity,-1
948,0,0.0,popularity,-1
949,0,0.0,popularity,-1
950,0,0.0,popularity,-1
951,0,0.0,popularity,-1
952,0,0.0,popularity,-1
953,0,0.0,popularity,-1
954,0,0.0,popularity,-1
955,0,0.0,popularity,-1
956,0,0.0,popularity,-1
957,0,0.0,popularity,-1
958,0,0.0,popularity,-1
959,0,0.0,popularity,-1
960,0,0.0,popularity,-1
961,0,0.0,popularity,-1
962,0,0.0,popularity,-1
963,0,0.0,popularity,-1
964,0,0.0,popularity,-1
965,0,0.0,popularity,-1
966,0,0.0,popularity,-1
967,0,0.0,popularity,-1
968,0,0.0,popularity,-1
969,0,0.0,popularity,-1
970,0,0.0,popularity,-1
971,0,0.0,popularity,-1
972,0,0.0,popularity,-1
973,0,0.0,popularity,-1
974,0,0.0,popularity,-1
975,0,0.0,popularity,-1
976,0,0.0,popularity,-1
977,0,0.0,popularity,-1
978,0,0.0,popularity,-1
979,0,0.0,popularity,-1
980,0,0.0,popularity,-1
981,0,0.0,popularity,-1
982,0,0.0,popularity,-1
983,0,0.0,popularity,-1
984,0,0.0,popularity,-1
985,0,0.0,popularity,-1
986,0,0.0,popularity,-1
987,0,0.0,popularity,-1
988,0,0.0,popularity,-1
989,0,0.0,popularity,-1
990,0,0.0,popularity,-1
991,0,0.0,popularity,-1
992,0,0.0,popularity,-1
993,0,0.0,popularity,-1
994,0,0.0,popularity,-1
995,0,0.0,popularity,-1
996,0,0.0,popularity,-1
997,0,0.0,popularity,-1
998,0,0.0,popularity,-1
999,0,0.0,popularity,-1
1000,0,0.0,popularity,-1
1001,0,0.0,popularity,-1
1,0,0.0,torch_bpr_mf_bias,42
2,0,0.0,torch_bpr_mf_bias,42
3,0,0.0,torch_bpr_mf_bias,42
4,0,0.0,torch_bpr_mf_bias,42
5,0,0.0,torch_bpr_mf_bias,42
6,1,0.38685280723454163,torch_bpr_mf_bias,42
7,0,0.0,torch_bpr_mf_bias,42
8,0,0.0,torch_bpr_mf_bias,42
9,0,0.0,torch_bpr_mf_bias,42
10,0,0.0,torch_bpr_mf_bias,42
11,0,0.0,torch_bpr_mf_bias,42
12,0,0.0,torch_bpr_mf_bias,42
13,0,0.0,torch_bpr_mf_bias,42
14,0,0.0,torch_bpr_mf_bias,42
15,0,0.0,torch_bpr_mf_bias,42
16,0,0.0,torch_bpr_mf_bias,42
17,1,0.6309297535714575,torch_bpr_mf_bias,42
18,0,0.0,torch_bpr_mf_bias,42
19,0,0.0,torch_bpr_mf_bias,42
20,0,0.0,torch_bpr_mf_bias,42
21,0,0.0,torch_bpr_mf_bias,42
22,0,0.0,torch_bpr_mf_bias,42
23,0,0.0,torch_bpr_mf_bias,42
24,0,0.0,torch_bpr_mf_bias,42
25,0,0.0,torch_bpr_mf_bias,42
26,0,0.0,torch_bpr_mf_bias,42
27,0,0.0,torch_bpr_mf_bias,42
28,0,0.0,torch_bpr_mf_bias,42
29,0,0.0,torch_bpr_mf_bias,42
30,0,0.0,torch_bpr_mf_bias,42
31,0,0.0,torch_bpr_mf_bias,42
32,0,0.0,torch_bpr_mf_bias,42
33,0,0.0,torch_bpr_mf_bias,42
34,0,0.0,torch_bpr_mf_bias,42
35,0,0.0,torch_bpr_mf_bias,42
36,0,0.0,torch_bpr_mf_bias,42
37,0,0.0,torch_bpr_mf_bias,42
38,0,0.0,torch_bpr_mf_bias,42
39,1,0.3562071871080222,torch_bpr_mf_bias,42
40,0,0.0,torch_bpr_mf_bias,42
41,0,0.0,torch_bpr_mf_bias,42
42,0,0.0,torch_bpr_mf_bias,42
43,1,0.38685280723454163,torch_bpr_mf_bias,42
44,0,0.0,torch_bpr_mf_bias,42
45,0,0.0,torch_bpr_mf_bias,42
47,0,0.0,torch_bpr_mf_bias,42
48,0,0.0,torch_bpr_mf_bias,42
49,0,0.0,torch_bpr_mf_bias,42
50,0,0.0,torch_bpr_mf_bias,42
51,0,0.0,torch_bpr_mf_bias,42
52,0,0.0,torch_bpr_mf_bias,42
53,0,0.0,torch_bpr_mf_bias,42
54,0,0.0,torch_bpr_mf_bias,42
55,1,0.31546487678572877,torch_bpr_mf_bias,42
56,0,0.0,torch_bpr_mf_bias,42
57,0,0.0,torch_bpr_mf_bias,42
58,0,0.0,torch_bpr_mf_bias,42
59,0,0.0,torch_bpr_mf_bias,42
60,0,0.0,torch_bpr_mf_bias,42
61,0,0.0,torch_bpr_mf_bias,42
62,0,0.0,torch_bpr_mf_bias,42
63,0,0.0,torch_bpr_mf_bias,42
64,0,0.0,torch_bpr_mf_bias,42
65,0,0.0,torch_bpr_mf_bias,42
66,0,0.0,torch_bpr_mf_bias,42
67,0,0.0,torch_bpr_mf_bias,42
68,0,0.0,torch_bpr_mf_bias,42
69,0,0.0,torch_bpr_mf_bias,42
70,0,0.0,torch_bpr_mf_bias,42
71,1,0.3333333333333333,torch_bpr_mf_bias,42
72,0,0.0,torch_bpr_mf_bias,42
73,0,0.0,torch_bpr_mf_bias,42
74,0,0.0,torch_bpr_mf_bias,42
75,0,0.0,torch_bpr_mf_bias,42
76,0,0.0,torch_bpr_mf_bias,42
77,0,0.0,torch_bpr_mf_bias,42
78,0,0.0,torch_bpr_mf_bias,42
79,1,0.3562071871080222,torch_bpr_mf_bias,42
80,1,0.6309297535714575,torch_bpr_mf_bias,42
81,0,0.0,torch_bpr_mf_bias,42
82,0,0.0,torch_bpr_mf_bias,42
83,0,0.0,torch_bpr_mf_bias,42
84,0,0.0,torch_bpr_mf_bias,42
85,0,0.0,torch_bpr_mf_bias,42
86,0,0.0,torch_bpr_mf_bias,42
87,1,0.5,torch_bpr_mf_bias,42
88,0,0.0,torch_bpr_mf_bias,42
89,0,0.0,torch_bpr_mf_bias,42
90,0,0.0,torch_bpr_mf_bias,42
91,1,0.38685280723454163,torch_bpr_mf_bias,42
92,0,0.0,torch_bpr_mf_bias,42
93,0,0.0,torch_bpr_mf_bias,42
94,0,0.0,torch_bpr_mf_bias,42
95,0,0.0,torch_bpr_mf_bias,42
96,0,0.0,torch_bpr_mf_bias,42
97,0,0.0,torch_bpr_mf_bias,42
98,0,0.0,torch_bpr_mf_bias,42
99,0,0.0,torch_bpr_mf_bias,42
100,1,0.38685280723454163,torch_bpr_mf_bias,42
101,0,0.0,torch_bpr_mf_bias,42
102,0,0.0,torch_bpr_mf_bias,42
103,0,0.0,torch_bpr_mf_bias,42
104,0,0.0,torch_bpr_mf_bias,42
105,0,0.0,torch_bpr_mf_bias,42
106,0,0.0,torch_bpr_mf_bias,42
107,0,0.0,torch_bpr_mf_bias,42
108,0,0.0,torch_bpr_mf_bias,42
109,1,1.0,torch_bpr_mf_bias,42
110,1,0.31546487678572877,torch_bpr_mf_bias,42
111,0,0.0,torch_bpr_mf_bias,42
112,0,0.0,torch_bpr_mf_bias,42
113,0,0.0,torch_bpr_mf_bias,42
114,0,0.0,torch_bpr_mf_bias,42
115,0,0.0,torch_bpr_mf_bias,42
116,0,0.0,torch_bpr_mf_bias,42
117,0,0.0,torch_bpr_mf_bias,42
118,0,0.0,torch_bpr_mf_bias,42
119,0,0.0,torch_bpr_mf_bias,42
120,1,0.2890648263178879,torch_bpr_mf_bias,42
121,0,0.0,torch_bpr_mf_bias,42
122,0,0.0,torch_bpr_mf_bias,42
123,0,0.0,torch_bpr_mf_bias,42
124,0,0.0,torch_bpr_mf_bias,42
125,0,0.0,torch_bpr_mf_bias,42
126,0,0.0,torch_bpr_mf_bias,42
127,0,0.0,torch_bpr_mf_bias,42
128,1,0.43067655807339306,torch_bpr_mf_bias,42
129,0,0.0,torch_bpr_mf_bias,42
130,0,0.0,torch_bpr_mf_bias,42
131,0,0.0,torch_bpr_mf_bias,42
132,0,0.0,torch_bpr_mf_bias,42
133,0,0.0,torch_bpr_mf_bias,42
134,0,0.0,torch_bpr_mf_bias,42
135,0,0.0,torch_bpr_mf_bias,42
136,0,0.0,torch_bpr_mf_bias,42
137,0,0.0,torch_bpr_mf_bias,42
138,1,0.38685280723454163,torch_bpr_mf_bias,42
139,0,0.0,torch_bpr_mf_bias,42
140,0,0.0,torch_bpr_mf_bias,42
141,0,0.0,torch_bpr_mf_bias,42
142,0,0.0,torch_bpr_mf_bias,42
143,0,0.0,torch_bpr_mf_bias,42
144,0,0.0,torch_bpr_mf_bias,42
145,1,0.2890648263178879,torch_bpr_mf_bias,42
146,0,0.0,torch_bpr_mf_bias,42
147,0,0.0,torch_bpr_mf_bias,42
148,0,0.0,torch_bpr_mf_bias,42
149,0,0.0,torch_bpr_mf_bias,42
150,0,0.0,torch_bpr_mf_bias,42
151,0,0.0,torch_bpr_mf_bias,42
152,0,0.0,torch_bpr_mf_bias,42
153,0,0.0,torch_bpr_mf_bias,42
154,0,0.0,torch_bpr_mf_bias,42
155,0,0.0,torch_bpr_mf_bias,42
156,0,0.0,torch_bpr_mf_bias,42
157,0,0.0,torch_bpr_mf_bias,42
158,0,0.0,torch_bpr_mf_bias,42
159,1,0.6309297535714575,torch_bpr_mf_bias,42
160,0,0.0,torch_bpr_mf_bias,42
161,0,0.0,torch_bpr_mf_bias,42
162,0,0.0,torch_bpr_mf_bias,42
163,0,0.0,torch_bpr_mf_bias,42
164,0,0.0,torch_bpr_mf_bias,42
165,0,0.0,torch_bpr_mf_bias,42
166,0,0.0,torch_bpr_mf_bias,42
167,0,0.0,torch_bpr_mf_bias,42
168,0,0.0,torch_bpr_mf_bias,42
169,0,0.0,torch_bpr_mf_bias,42
170,0,0.0,torch_bpr_mf_bias,42
171,0,0.0,torch_bpr_mf_bias,42
172,0,0.0,torch_bpr_mf_bias,42
173,0,0.0,torch_bpr_mf_bias,42
174,0,0.0,torch_bpr_mf_bias,42
175,0,0.0,torch_bpr_mf_bias,42
176,0,0.0,torch_bpr_mf_bias,42
177,0,0.0,torch_bpr_mf_bias,42
178,0,0.0,torch_bpr_mf_bias,42
179,0,0.0,torch_bpr_mf_bias,42
180,0,0.0,torch_bpr_mf_bias,42
181,0,0.0,torch_bpr_mf_bias,42
182,1,0.5,torch_bpr_mf_bias,42
183,0,0.0,torch_bpr_mf_bias,42
184,1,0.3010299956639812,torch_bpr_mf_bias,42
185,0,0.0,torch_bpr_mf_bias,42
186,0,0.0,torch_bpr_mf_bias,42
187,0,0.0,torch_bpr_mf_bias,42
188,0,0.0,torch_bpr_mf_bias,42
189,0,0.0,torch_bpr_mf_bias,42
190,0,0.0,torch_bpr_mf_bias,42
191,0,0.0,torch_bpr_mf_bias,42
192,0,0.0,torch_bpr_mf_bias,42
193,0,0.0,torch_bpr_mf_bias,42
194,0,0.0,torch_bpr_mf_bias,42
195,0,0.0,torch_bpr_mf_bias,42
196,0,0.0,torch_bpr_mf_bias,42
197,1,1.0,torch_bpr_mf_bias,42
198,0,0.0,torch_bpr_mf_bias,42
199,0,0.0,torch_bpr_mf_bias,42
200,0,0.0,torch_bpr_mf_bias,42
201,0,0.0,torch_bpr_mf_bias,42
202,0,0.0,torch_bpr_mf_bias,42
203,0,0.0,torch_bpr_mf_bias,42
204,0,0.0,torch_bpr_mf_bias,42
205,0,0.0,torch_bpr_mf_bias,42
206,0,0.0,torch_bpr_mf_bias,42
207,0,0.0,torch_bpr_mf_bias,42
208,0,0.0,torch_bpr_mf_bias,42
209,0,0.0,torch_bpr_mf_bias,42
210,0,0.0,torch_bpr_mf_bias,42
211,0,0.0,torch_bpr_mf_bias,42
212,0,0.0,torch_bpr_mf_bias,42
213,0,0.0,torch_bpr_mf_bias,42
214,0,0.0,torch_bpr_mf_bias,42
215,0,0.0,torch_bpr_mf_bias,42
216,0,0.0,torch_bpr_mf_bias,42
217,0,0.0,torch_bpr_mf_bias,42
218,0,0.0,torch_bpr_mf_bias,42
219,1,0.38685280723454163,torch_bpr_mf_bias,42
220,0,0.0,torch_bpr_mf_bias,42
221,0,0.0,torch_bpr_mf_bias,42
222,0,0.0,torch_bpr_mf_bias,42
223,0,0.0,torch_bpr_mf_bias,42
224,0,0.0,torch_bpr_mf_bias,42
225,0,0.0,torch_bpr_mf_bias,42
226,0,0.0,torch_bpr_mf_bias,42
227,0,0.0,torch_bpr_mf_bias,42
228,0,0.0,torch_bpr_mf_bias,42
229,0,0.0,torch_bpr_mf_bias,42
230,0,0.0,torch_bpr_mf_bias,42
231,1,0.31546487678572877,torch_bpr_mf_bias,42
232,0,0.0,torch_bpr_mf_bias,42
233,0,0.0,torch_bpr_mf_bias,42
234,0,0.0,torch_bpr_mf_bias,42
235,0,0.0,torch_bpr_mf_bias,42
236,0,0.0,torch_bpr_mf_bias,42
237,0,0.0,torch_bpr_mf_bias,42
238,0,0.0,torch_bpr_mf_bias,42
239,0,0.0,torch_bpr_mf_bias,42
240,0,0.0,torch_bpr_mf_bias,42
241,0,0.0,torch_bpr_mf_bias,42
242,0,0.0,torch_bpr_mf_bias,42
243,1,0.3562071871080222,torch_bpr_mf_bias,42
244,0,0.0,torch_bpr_mf_bias,42
245,0,0.0,torch_bpr_mf_bias,42
246,0,0.0,torch_bpr_mf_bias,42
247,0,0.0,torch_bpr_mf_bias,42
248,0,0.0,torch_bpr_mf_bias,42
249,0,0.0,torch_bpr_mf_bias,42
250,0,0.0,torch_bpr_mf_bias,42
251,0,0.0,torch_bpr_mf_bias,42
252,0,0.0,torch_bpr_mf_bias,42
253,0,0.0,torch_bpr_mf_bias,42
254,0,0.0,torch_bpr_mf_bias,42
255,0,0.0,torch_bpr_mf_bias,42
256,0,0.0,torch_bpr_mf_bias,42
257,0,0.0,torch_bpr_mf_bias,42
258,0,0.0,torch_bpr_mf_bias,42
259,0,0.0,torch_bpr_mf_bias,42
260,0,0.0,torch_bpr_mf_bias,42
261,0,0.0,torch_bpr_mf_bias,42
262,0,0.0,torch_bpr_mf_bias,42
263,0,0.0,torch_bpr_mf_bias,42
264,0,0.0,torch_bpr_mf_bias,42
265,0,0.0,torch_bpr_mf_bias,42
266,0,0.0,torch_bpr_mf_bias,42
267,0,0.0,torch_bpr_mf_bias,42
268,0,0.0,torch_bpr_mf_bias,42
269,1,0.31546487678572877,torch_bpr_mf_bias,42
270,0,0.0,torch_bpr_mf_bias,42
271,0,0.0,torch_bpr_mf_bias,42
272,0,0.0,torch_bpr_mf_bias,42
273,0,0.0,torch_bpr_mf_bias,42
274,0,0.0,torch_bpr_mf_bias,42
275,0,0.0,torch_bpr_mf_bias,42
276,0,0.0,torch_bpr_mf_bias,42
277,0,0.0,torch_bpr_mf_bias,42
278,0,0.0,torch_bpr_mf_bias,42
279,0,0.0,torch_bpr_mf_bias,42
280,0,0.0,torch_bpr_mf_bias,42
281,0,0.0,torch_bpr_mf_bias,42
282,0,0.0,torch_bpr_mf_bias,42
283,1,0.5,torch_bpr_mf_bias,42
284,0,0.0,torch_bpr_mf_bias,42
285,0,0.0,torch_bpr_mf_bias,42
286,0,0.0,torch_bpr_mf_bias,42
287,0,0.0,torch_bpr_mf_bias,42
288,0,0.0,torch_bpr_mf_bias,42
289,0,0.0,torch_bpr_mf_bias,42
290,0,0.0,torch_bpr_mf_bias,42
291,0,0.0,torch_bpr_mf_bias,42
292,0,0.0,torch_bpr_mf_bias,42
293,0,0.0,torch_bpr_mf_bias,42
294,0,0.0,torch_bpr_mf_bias,42
295,0,0.0,torch_bpr_mf_bias,42
296,0,0.0,torch_bpr_mf_bias,42
297,0,0.0,torch_bpr_mf_bias,42
298,0,0.0,torch_bpr_mf_bias,42
299,0,0.0,torch_bpr_mf_bias,42
300,0,0.0,torch_bpr_mf_bias,42
301,0,0.0,torch_bpr_mf_bias,42
302,0,0.0,torch_bpr_mf_bias,42
303,0,0.0,torch_bpr_mf_bias,42
304,0,0.0,torch_bpr_mf_bias,42
305,0,0.0,torch_bpr_mf_bias,42
306,0,0.0,torch_bpr_mf_bias,42
307,0,0.0,torch_bpr_mf_bias,42
308,0,0.0,torch_bpr_mf_bias,42
309,0,0.0,torch_bpr_mf_bias,42
310,0,0.0,torch_bpr_mf_bias,42
311,1,0.6309297535714575,torch_bpr_mf_bias,42
312,0,0.0,torch_bpr_mf_bias,42
313,1,0.6309297535714575,torch_bpr_mf_bias,42
314,0,0.0,torch_bpr_mf_bias,42
315,0,0.0,torch_bpr_mf_bias,42
316,0,0.0,torch_bpr_mf_bias,42
317,0,0.0,torch_bpr_mf_bias,42
318,0,0.0,torch_bpr_mf_bias,42
319,0,0.0,torch_bpr_mf_bias,42
320,0,0.0,torch_bpr_mf_bias,42
321,0,0.0,torch_bpr_mf_bias,42
322,1,1.0,torch_bpr_mf_bias,42
323,0,0.0,torch_bpr_mf_bias,42
324,0,0.0,torch_bpr_mf_bias,42
325,0,0.0,torch_bpr_mf_bias,42
326,0,0.0,torch_bpr_mf_bias,42
327,0,0.0,torch_bpr_mf_bias,42
328,0,0.0,torch_bpr_mf_bias,42
329,0,0.0,torch_bpr_mf_bias,42
330,0,0.0,torch_bpr_mf_bias,42
331,0,0.0,torch_bpr_mf_bias,42
332,0,0.0,torch_bpr_mf_bias,42
333,0,0.0,torch_bpr_mf_bias,42
334,0,0.0,torch_bpr_mf_bias,42
335,0,0.0,torch_bpr_mf_bias,42
336,1,0.31546487678572877,torch_bpr_mf_bias,42
337,0,0.0,torch_bpr_mf_bias,42
338,0,0.0,torch_bpr_mf_bias,42
339,0,0.0,torch_bpr_mf_bias,42
340,0,0.0,torch_bpr_mf_bias,42
341,0,0.0,torch_bpr_mf_bias,42
342,0,0.0,torch_bpr_mf_bias,42
343,0,0.0,torch_bpr_mf_bias,42
344,0,0.0,torch_bpr_mf_bias,42
345,0,0.0,torch_bpr_mf_bias,42
346,0,0.0,torch_bpr_mf_bias,42
347,0,0.0,torch_bpr_mf_bias,42
348,0,0.0,torch_bpr_mf_bias,42
349,0,0.0,torch_bpr_mf_bias,42
350,1,0.3333333333333333,torch_bpr_mf_bias,42
351,0,0.0,torch_bpr_mf_bias,42
352,0,0.0,torch_bpr_mf_bias,42
353,0,0.0,torch_bpr_mf_bias,42
354,0,0.0,torch_bpr_mf_bias,42
355,0,0.0,torch_bpr_mf_bias,42
356,0,0.0,torch_bpr_mf_bias,42
357,0,0.0,torch_bpr_mf_bias,42
358,1,1.0,torch_bpr_mf_bias,42
359,0,0.0,torch_bpr_mf_bias,42
360,0,0.0,torch_bpr_mf_bias,42
361,0,0.0,torch_bpr_mf_bias,42
362,0,0.0,torch_bpr_mf_bias,42
363,0,0.0,torch_bpr_mf_bias,42
364,0,0.0,torch_bpr_mf_bias,42
365,0,0.0,torch_bpr_mf_bias,42
366,1,0.3010299956639812,torch_bpr_mf_bias,42
367,0,0.0,torch_bpr_mf_bias,42
368,0,0.0,torch_bpr_mf_bias,42
369,0,0.0,torch_bpr_mf_bias,42
370,0,0.0,torch_bpr_mf_bias,42
371,0,0.0,torch_bpr_mf_bias,42
372,0,0.0,torch_bpr_mf_bias,42
373,0,0.0,torch_bpr_mf_bias,42
374,0,0.0,torch_bpr_mf_bias,42
375,0,0.0,torch_bpr_mf_bias,42
376,0,0.0,torch_bpr_mf_bias,42
377,1,0.3562071871080222,torch_bpr_mf_bias,42
378,0,0.0,torch_bpr_mf_bias,42
379,0,0.0,torch_bpr_mf_bias,42
380,0,0.0,torch_bpr_mf_bias,42
381,0,0.0,torch_bpr_mf_bias,42
382,0,0.0,torch_bpr_mf_bias,42
383,0,0.0,torch_bpr_mf_bias,42
384,0,0.0,torch_bpr_mf_bias,42
385,0,0.0,torch_bpr_mf_bias,42
386,0,0.0,torch_bpr_mf_bias,42
387,1,0.38685280723454163,torch_bpr_mf_bias,42
388,0,0.0,torch_bpr_mf_bias,42
389,0,0.0,torch_bpr_mf_bias,42
390,0,0.0,torch_bpr_mf_bias,42
391,0,0.0,torch_bpr_mf_bias,42
392,0,0.0,torch_bpr_mf_bias,42
393,0,0.0,torch_bpr_mf_bias,42
394,0,0.0,torch_bpr_mf_bias,42
395,0,0.0,torch_bpr_mf_bias,42
396,0,0.0,torch_bpr_mf_bias,42
397,0,0.0,torch_bpr_mf_bias,42
398,0,0.0,torch_bpr_mf_bias,42
399,0,0.0,torch_bpr_mf_bias,42
400,0,0.0,torch_bpr_mf_bias,42
401,0,0.0,torch_bpr_mf_bias,42
402,0,0.0,torch_bpr_mf_bias,42
403,1,0.43067655807339306,torch_bpr_mf_bias,42
404,0,0.0,torch_bpr_mf_bias,42
405,0,0.0,torch_bpr_mf_bias,42
406,0,0.0,torch_bpr_mf_bias,42
407,0,0.0,torch_bpr_mf_bias,42
408,0,0.0,torch_bpr_mf_bias,42
409,0,0.0,torch_bpr_mf_bias,42
410,0,0.0,torch_bpr_mf_bias,42
411,0,0.0,torch_bpr_mf_bias,42
412,0,0.0,torch_bpr_mf_bias,42
413,0,0.0,torch_bpr_mf_bias,42
414,0,0.0,torch_bpr_mf_bias,42
415,0,0.0,torch_bpr_mf_bias,42
416,0,0.0,torch_bpr_mf_bias,42
417,0,0.0,torch_bpr_mf_bias,42
418,0,0.0,torch_bpr_mf_bias,42
419,0,0.0,torch_bpr_mf_bias,42
420,0,0.0,torch_bpr_mf_bias,42
421,0,0.0,torch_bpr_mf_bias,42
422,0,0.0,torch_bpr_mf_bias,42
423,0,0.0,torch_bpr_mf_bias,42
424,0,0.0,torch_bpr_mf_bias,42
425,0,0.0,torch_bpr_mf_bias,42
426,0,0.0,torch_bpr_mf_bias,42
427,0,0.0,torch_bpr_mf_bias,42
428,0,0.0,torch_bpr_mf_bias,42
429,0,0.0,torch_bpr_mf_bias,42
430,0,0.0,torch_bpr_mf_bias,42
431,0,0.0,torch_bpr_mf_bias,42
432,0,0.0,torch_bpr_mf_bias,42
433,0,0.0,torch_bpr_mf_bias,42
434,0,0.0,torch_bpr_mf_bias,42
435,0,0.0,torch_bpr_mf_bias,42
436,0,0.0,torch_bpr_mf_bias,42
437,0,0.0,torch_bpr_mf_bias,42
438,0,0.0,torch_bpr_mf_bias,42
439,0,0.0,torch_bpr_mf_bias,42
440,0,0.0,torch_bpr_mf_bias,42
441,0,0.0,torch_bpr_mf_bias,42
442,0,0.0,torch_bpr_mf_bias,42
443,0,0.0,torch_bpr_mf_bias,42
444,0,0.0,torch_bpr_mf_bias,42
445,0,0.0,torch_bpr_mf_bias,42
446,0,0.0,torch_bpr_mf_bias,42
447,0,0.0,torch_bpr_mf_bias,42
448,0,0.0,torch_bpr_mf_bias,42
449,0,0.0,torch_bpr_mf_bias,42
450,0,0.0,torch_bpr_mf_bias,42
451,0,0.0,torch_bpr_mf_bias,42
452,0,0.0,torch_bpr_mf_bias,42
453,0,0.0,torch_bpr_mf_bias,42
454,0,0.0,torch_bpr_mf_bias,42
455,0,0.0,torch_bpr_mf_bias,42
456,0,0.0,torch_bpr_mf_bias,42
457,0,0.0,torch_bpr_mf_bias,42
458,0,0.0,torch_bpr_mf_bias,42
459,0,0.0,torch_bpr_mf_bias,42
460,0,0.0,torch_bpr_mf_bias,42
461,0,0.0,torch_bpr_mf_bias,42
462,1,0.31546487678572877,torch_bpr_mf_bias,42
463,0,0.0,torch_bpr_mf_bias,42
464,0,0.0,torch_bpr_mf_bias,42
465,0,0.0,torch_bpr_mf_bias,42
466,0,0.0,torch_bpr_mf_bias,42
467,1,1.0,torch_bpr_mf_bias,42
468,0,0.0,torch_bpr_mf_bias,42
469,0,0.0,torch_bpr_mf_bias,42
470,0,0.0,torch_bpr_mf_bias,42
471,0,0.0,torch_bpr_mf_bias,42
472,0,0.0,torch_bpr_mf_bias,42
473,0,0.0,torch_bpr_mf_bias,42
474,0,0.0,torch_bpr_mf_bias,42
475,0,0.0,torch_bpr_mf_bias,42
476,0,0.0,torch_bpr_mf_bias,42
477,0,0.0,torch_bpr_mf_bias,42
478,0,0.0,torch_bpr_mf_bias,42
479,0,0.0,torch_bpr_mf_bias,42
480,0,0.0,torch_bpr_mf_bias,42
481,0,0.0,torch_bpr_mf_bias,42
482,0,0.0,torch_bpr_mf_bias,42
483,0,0.0,torch_bpr_mf_bias,42
484,0,0.0,torch_bpr_mf_bias,42
485,0,0.0,torch_bpr_mf_bias,42
486,0,0.0,torch_bpr_mf_bias,42
487,0,0.0,torch_bpr_mf_bias,42
488,1,0.43067655807339306,torch_bpr_mf_bias,42
489,1,0.2890648263178879,torch_bpr_mf_bias,42
490,0,0.0,torch_bpr_mf_bias,42
491,0,0.0,torch_bpr_mf_bias,42
492,0,0.0,torch_bpr_mf_bias,42
493,0,0.0,torch_bpr_mf_bias,42
494,0,0.0,torch_bpr_mf_bias,42
495,1,0.3333333333333333,torch_bpr_mf_bias,42
496,0,0.0,torch_bpr_mf_bias,42
497,0,0.0,torch_bpr_mf_bias,42
498,1,0.3010299956639812,torch_bpr_mf_bias,42
499,0,0.0,torch_bpr_mf_bias,42
500,0,0.0,torch_bpr_mf_bias,42
501,0,0.0,torch_bpr_mf_bias,42
502,1,0.6309297535714575,torch_bpr_mf_bias,42
503,0,0.0,torch_bpr_mf_bias,42
504,0,0.0,torch_bpr_mf_bias,42
505,0,0.0,torch_bpr_mf_bias,42
506,0,0.0,torch_bpr_mf_bias,42
507,0,0.0,torch_bpr_mf_bias,42
508,0,0.0,torch_bpr_mf_bias,42
509,0,0.0,torch_bpr_mf_bias,42
510,0,0.0,torch_bpr_mf_bias,42
511,0,0.0,torch_bpr_mf_bias,42
512,0,0.0,torch_bpr_mf_bias,42
513,0,0.0,torch_bpr_mf_bias,42
514,0,0.0,torch_bpr_mf_bias,42
515,0,0.0,torch_bpr_mf_bias,42
516,0,0.0,torch_bpr_mf_bias,42
517,0,0.0,torch_bpr_mf_bias,42
518,0,0.0,torch_bpr_mf_bias,42
519,0,0.0,torch_bpr_mf_bias,42
520,0,0.0,torch_bpr_mf_bias,42
521,0,0.0,torch_bpr_mf_bias,42
522,1,0.3333333333333333,torch_bpr_mf_bias,42
523,0,0.0,torch_bpr_mf_bias,42
524,0,0.0,torch_bpr_mf_bias,42
525,0,0.0,torch_bpr_mf_bias,42
526,0,0.0,torch_bpr_mf_bias,42
527,0,0.0,torch_bpr_mf_bias,42
528,0,0.0,torch_bpr_mf_bias,42
529,0,0.0,torch_bpr_mf_bias,42
530,0,0.0,torch_bpr_mf_bias,42
531,0,0.0,torch_bpr_mf_bias,42
532,0,0.0,torch_bpr_mf_bias,42
533,0,0.0,torch_bpr_mf_bias,42
534,0,0.0,torch_bpr_mf_bias,42
535,1,0.43067655807339306,torch_bpr_mf_bias,42
536,0,0.0,torch_bpr_mf_bias,42
537,0,0.0,torch_bpr_mf_bias,42
538,0,0.0,torch_bpr_mf_bias,42
539,0,0.0,torch_bpr_mf_bias,42
540,0,0.0,torch_bpr_mf_bias,42
541,0,0.0,torch_bpr_mf_bias,42
542,0,0.0,torch_bpr_mf_bias,42
543,0,0.0,torch_bpr_mf_bias,42
544,1,0.31546487678572877,torch_bpr_mf_bias,42
545,0,0.0,torch_bpr_mf_bias,42
546,0,0.0,torch_bpr_mf_bias,42
547,0,0.0,torch_bpr_mf_bias,42
548,0,0.0,torch_bpr_mf_bias,42
549,0,0.0,torch_bpr_mf_bias,42
550,0,0.0,torch_bpr_mf_bias,42
551,0,0.0,torch_bpr_mf_bias,42
552,1,0.3562071871080222,torch_bpr_mf_bias,42
553,1,0.43067655807339306,torch_bpr_mf_bias,42
554,0,0.0,torch_bpr_mf_bias,42
555,0,0.0,torch_bpr_mf_bias,42
556,0,0.0,torch_bpr_mf_bias,42
557,0,0.0,torch_bpr_mf_bias,42
558,0,0.0,torch_bpr_mf_bias,42
559,1,0.5,torch_bpr_mf_bias,42
560,0,0.0,torch_bpr_mf_bias,42
561,0,0.0,torch_bpr_mf_bias,42
562,1,0.31546487678572877,torch_bpr_mf_bias,42
563,0,0.0,torch_bpr_mf_bias,42
564,0,0.0,torch_bpr_mf_bias,42
565,0,0.0,torch_bpr_mf_bias,42
566,0,0.0,torch_bpr_mf_bias,42
567,0,0.0,torch_bpr_mf_bias,42
568,0,0.0,torch_bpr_mf_bias,42
569,0,0.0,torch_bpr_mf_bias,42
570,0,0.0,torch_bpr_mf_bias,42
571,0,0.0,torch_bpr_mf_bias,42
572,0,0.0,torch_bpr_mf_bias,42
573,0,0.0,torch_bpr_mf_bias,42
574,0,0.0,torch_bpr_mf_bias,42
575,0,0.0,torch_bpr_mf_bias,42
576,0,0.0,torch_bpr_mf_bias,42
577,0,0.0,torch_bpr_mf_bias,42
578,1,0.6309297535714575,torch_bpr_mf_bias,42
579,0,0.0,torch_bpr_mf_bias,42
580,1,0.6309297535714575,torch_bpr_mf_bias,42
581,0,0.0,torch_bpr_mf_bias,42
582,0,0.0,torch_bpr_mf_bias,42
583,0,0.0,torch_bpr_mf_bias,42
584,0,0.0,torch_bpr_mf_bias,42
585,1,0.38685280723454163,torch_bpr_mf_bias,42
586,0,0.0,torch_bpr_mf_bias,42
587,1,0.3010299956639812,torch_bpr_mf_bias,42
588,0,0.0,torch_bpr_mf_bias,42
589,0,0.0,torch_bpr_mf_bias,42
590,0,0.0,torch_bpr_mf_bias,42
591,0,0.0,torch_bpr_mf_bias,42
592,0,0.0,torch_bpr_mf_bias,42
593,0,0.0,torch_bpr_mf_bias,42
594,0,0.0,torch_bpr_mf_bias,42
595,0,0.0,torch_bpr_mf_bias,42
596,0,0.0,torch_bpr_mf_bias,42
597,0,0.0,torch_bpr_mf_bias,42
598,0,0.0,torch_bpr_mf_bias,42
599,0,0.0,torch_bpr_mf_bias,42
600,0,0.0,torch_bpr_mf_bias,42
601,0,0.0,torch_bpr_mf_bias,42
602,0,0.0,torch_bpr_mf_bias,42
603,0,0.0,torch_bpr_mf_bias,42
604,0,0.0,torch_bpr_mf_bias,42
605,0,0.0,torch_bpr_mf_bias,42
606,0,0.0,torch_bpr_mf_bias,42
607,1,0.3333333333333333,torch_bpr_mf_bias,42
608,0,0.0,torch_bpr_mf_bias,42
609,0,0.0,torch_bpr_mf_bias,42
610,0,0.0,torch_bpr_mf_bias,42
611,0,0.0,torch_bpr_mf_bias,42
612,0,0.0,torch_bpr_mf_bias,42
613,0,0.0,torch_bpr_mf_bias,42
614,0,0.0,torch_bpr_mf_bias,42
615,0,0.0,torch_bpr_mf_bias,42
616,0,0.0,torch_bpr_mf_bias,42
617,1,0.43067655807339306,torch_bpr_mf_bias,42
618,0,0.0,torch_bpr_mf_bias,42
619,0,0.0,torch_bpr_mf_bias,42
620,0,0.0,torch_bpr_mf_bias,42
621,0,0.0,torch_bpr_mf_bias,42
622,0,0.0,torch_bpr_mf_bias,42
623,0,0.0,torch_bpr_mf_bias,42
624,0,0.0,torch_bpr_mf_bias,42
625,0,0.0,torch_bpr_mf_bias,42
626,0,0.0,torch_bpr_mf_bias,42
627,0,0.0,torch_bpr_mf_bias,42
628,0,0.0,torch_bpr_mf_bias,42
629,0,0.0,torch_bpr_mf_bias,42
630,0,0.0,torch_bpr_mf_bias,42
631,0,0.0,torch_bpr_mf_bias,42
632,0,0.0,torch_bpr_mf_bias,42
633,0,0.0,torch_bpr_mf_bias,42
634,0,0.0,torch_bpr_mf_bias,42
635,0,0.0,torch_bpr_mf_bias,42
636,0,0.0,torch_bpr_mf_bias,42
637,0,0.0,torch_bpr_mf_bias,42
638,0,0.0,torch_bpr_mf_bias,42
639,0,0.0,torch_bpr_mf_bias,42
640,1,0.3562071871080222,torch_bpr_mf_bias,42
641,0,0.0,torch_bpr_mf_bias,42
642,0,0.0,torch_bpr_mf_bias,42
643,0,0.0,torch_bpr_mf_bias,42
644,0,0.0,torch_bpr_mf_bias,42
645,0,0.0,torch_bpr_mf_bias,42
646,0,0.0,torch_bpr_mf_bias,42
647,0,0.0,torch_bpr_mf_bias,42
648,0,0.0,torch_bpr_mf_bias,42
649,0,0.0,torch_bpr_mf_bias,42
650,0,0.0,torch_bpr_mf_bias,42
651,0,0.0,torch_bpr_mf_bias,42
652,0,0.0,torch_bpr_mf_bias,42
653,1,1.0,torch_bpr_mf_bias,42
654,0,0.0,torch_bpr_mf_bias,42
655,0,0.0,torch_bpr_mf_bias,42
656,0,0.0,torch_bpr_mf_bias,42
657,0,0.0,torch_bpr_mf_bias,42
658,0,0.0,torch_bpr_mf_bias,42
659,0,0.0,torch_bpr_mf_bias,42
660,0,0.0,torch_bpr_mf_bias,42
661,0,0.0,torch_bpr_mf_bias,42
662,0,0.0,torch_bpr_mf_bias,42
663,0,0.0,torch_bpr_mf_bias,42
664,0,0.0,torch_bpr_mf_bias,42
665,0,0.0,torch_bpr_mf_bias,42
666,0,0.0,torch_bpr_mf_bias,42
667,0,0.0,torch_bpr_mf_bias,42
668,0,0.0,torch_bpr_mf_bias,42
669,0,0.0,torch_bpr_mf_bias,42
670,0,0.0,torch_bpr_mf_bias,42
671,0,0.0,torch_bpr_mf_bias,42
672,0,0.0,torch_bpr_mf_bias,42
673,0,0.0,torch_bpr_mf_bias,42
674,1,0.3333333333333333,torch_bpr_mf_bias,42
675,1,0.38685280723454163,torch_bpr_mf_bias,42
676,0,0.0,torch_bpr_mf_bias,42
677,0,0.0,torch_bpr_mf_bias,42
678,0,0.0,torch_bpr_mf_bias,42
679,0,0.0,torch_bpr_mf_bias,42
680,0,0.0,torch_bpr_mf_bias,42
681,0,0.0,torch_bpr_mf_bias,42
682,0,0.0,torch_bpr_mf_bias,42
683,0,0.0,torch_bpr_mf_bias,42
684,0,0.0,torch_bpr_mf_bias,42
685,0,0.0,torch_bpr_mf_bias,42
686,0,0.0,torch_bpr_mf_bias,42
687,0,0.0,torch_bpr_mf_bias,42
688,0,0.0,torch_bpr_mf_bias,42
689,0,0.0,torch_bpr_mf_bias,42
690,0,0.0,torch_bpr_mf_bias,42
691,0,0.0,torch_bpr_mf_bias,42
692,0,0.0,torch_bpr_mf_bias,42
693,0,0.0,torch_bpr_mf_bias,42
694,0,0.0,torch_bpr_mf_bias,42
695,0,0.0,torch_bpr_mf_bias,42
696,0,0.0,torch_bpr_mf_bias,42
697,0,0.0,torch_bpr_mf_bias,42
698,0,0.0,torch_bpr_mf_bias,42
699,0,0.0,torch_bpr_mf_bias,42
700,0,0.0,torch_bpr_mf_bias,42
701,0,0.0,torch_bpr_mf_bias,42
702,0,0.0,torch_bpr_mf_bias,42
703,1,0.6309297535714575,torch_bpr_mf_bias,42
704,0,0.0,torch_bpr_mf_bias,42
705,0,0.0,torch_bpr_mf_bias,42
706,0,0.0,torch_bpr_mf_bias,42
707,0,0.0,torch_bpr_mf_bias,42
708,1,0.5,torch_bpr_mf_bias,42
709,0,0.0,torch_bpr_mf_bias,42
710,0,0.0,torch_bpr_mf_bias,42
711,0,0.0,torch_bpr_mf_bias,42
712,0,0.0,torch_bpr_mf_bias,42
713,0,0.0,torch_bpr_mf_bias,42
714,0,0.0,torch_bpr_mf_bias,42
715,0,0.0,torch_bpr_mf_bias,42
716,0,0.0,torch_bpr_mf_bias,42
717,0,0.0,torch_bpr_mf_bias,42
718,0,0.0,torch_bpr_mf_bias,42
719,0,0.0,torch_bpr_mf_bias,42
720,0,0.0,torch_bpr_mf_bias,42
721,0,0.0,torch_bpr_mf_bias,42
722,0,0.0,torch_bpr_mf_bias,42
723,0,0.0,torch_bpr_mf_bias,42
724,0,0.0,torch_bpr_mf_bias,42
725,0,0.0,torch_bpr_mf_bias,42
726,0,0.0,torch_bpr_mf_bias,42
727,0,0.0,torch_bpr_mf_bias,42
728,1,0.38685280723454163,torch_bpr_mf_bias,42
729,0,0.0,torch_bpr_mf_bias,42
730,0,0.0,torch_bpr_mf_bias,42
731,0,0.0,torch_bpr_mf_bias,42
732,0,0.0,torch_bpr_mf_bias,42
733,0,0.0,torch_bpr_mf_bias,42
734,0,0.0,torch_bpr_mf_bias,42
735,0,0.0,torch_bpr_mf_bias,42
736,0,0.0,torch_bpr_mf_bias,42
737,0,0.0,torch_bpr_mf_bias,42
738,0,0.0,torch_bpr_mf_bias,42
739,0,0.0,torch_bpr_mf_bias,42
740,1,0.2890648263178879,torch_bpr_mf_bias,42
741,0,0.0,torch_bpr_mf_bias,42
742,0,0.0,torch_bpr_mf_bias,42
743,1,1.0,torch_bpr_mf_bias,42
744,0,0.0,torch_bpr_mf_bias,42
745,0,0.0,torch_bpr_mf_bias,42
746,0,0.0,torch_bpr_mf_bias,42
747,0,0.0,torch_bpr_mf_bias,42
748,0,0.0,torch_bpr_mf_bias,42
749,0,0.0,torch_bpr_mf_bias,42
750,0,0.0,torch_bpr_mf_bias,42
751,1,0.3333333333333333,torch_bpr_mf_bias,42
752,0,0.0,torch_bpr_mf_bias,42
753,1,1.0,torch_bpr_mf_bias,42
754,0,0.0,torch_bpr_mf_bias,42
755,0,0.0,torch_bpr_mf_bias,42
756,0,0.0,torch_bpr_mf_bias,42
757,0,0.0,torch_bpr_mf_bias,42
758,0,0.0,torch_bpr_mf_bias,42
759,0,0.0,torch_bpr_mf_bias,42
760,0,0.0,torch_bpr_mf_bias,42
761,1,1.0,torch_bpr_mf_bias,42
762,0,0.0,torch_bpr_mf_bias,42
763,0,0.0,torch_bpr_mf_bias,42
764,0,0.0,torch_bpr_mf_bias,42
765,0,0.0,torch_bpr_mf_bias,42
766,1,0.43067655807339306,torch_bpr_mf_bias,42
767,0,0.0,torch_bpr_mf_bias,42
768,0,0.0,torch_bpr_mf_bias,42
769,0,0.0,torch_bpr_mf_bias,42
770,0,0.0,torch_bpr_mf_bias,42
771,1,0.3010299956639812,torch_bpr_mf_bias,42
772,0,0.0,torch_bpr_mf_bias,42
773,0,0.0,torch_bpr_mf_bias,42
774,0,0.0,torch_bpr_mf_bias,42
775,0,0.0,torch_bpr_mf_bias,42
776,0,0.0,torch_bpr_mf_bias,42
777,0,0.0,torch_bpr_mf_bias,42
778,1,0.6309297535714575,torch_bpr_mf_bias,42
779,1,0.5,torch_bpr_mf_bias,42
780,0,0.0,torch_bpr_mf_bias,42
781,0,0.0,torch_bpr_mf_bias,42
782,0,0.0,torch_bpr_mf_bias,42
783,0,0.0,torch_bpr_mf_bias,42
784,0,0.0,torch_bpr_mf_bias,42
785,0,0.0,torch_bpr_mf_bias,42
786,0,0.0,torch_bpr_mf_bias,42
787,0,0.0,torch_bpr_mf_bias,42
788,0,0.0,torch_bpr_mf_bias,42
789,0,0.0,torch_bpr_mf_bias,42
790,1,0.6309297535714575,torch_bpr_mf_bias,42
791,0,0.0,torch_bpr_mf_bias,42
792,0,0.0,torch_bpr_mf_bias,42
793,0,0.0,torch_bpr_mf_bias,42
794,0,0.0,torch_bpr_mf_bias,42
795,0,0.0,torch_bpr_mf_bias,42
796,0,0.0,torch_bpr_mf_bias,42
797,0,0.0,torch_bpr_mf_bias,42
798,0,0.0,torch_bpr_mf_bias,42
799,0,0.0,torch_bpr_mf_bias,42
800,0,0.0,torch_bpr_mf_bias,42
801,0,0.0,torch_bpr_mf_bias,42
802,0,0.0,torch_bpr_mf_bias,42
803,0,0.0,torch_bpr_mf_bias,42
804,0,0.0,torch_bpr_mf_bias,42
805,0,0.0,torch_bpr_mf_bias,42
806,0,0.0,torch_bpr_mf_bias,42
807,0,0.0,torch_bpr_mf_bias,42
808,0,0.0,torch_bpr_mf_bias,42
809,0,0.0,torch_bpr_mf_bias,42
810,0,0.0,torch_bpr_mf_bias,42
811,0,0.0,torch_bpr_mf_bias,42
812,0,0.0,torch_bpr_mf_bias,42
813,1,1.0,torch_bpr_mf_bias,42
814,0,0.0,torch_bpr_mf_bias,42
815,0,0.0,torch_bpr_mf_bias,42
816,0,0.0,torch_bpr_mf_bias,42
817,0,0.0,torch_bpr_mf_bias,42
818,0,0.0,torch_bpr_mf_bias,42
819,0,0.0,torch_bpr_mf_bias,42
820,0,0.0,torch_bpr_mf_bias,42
821,0,0.0,torch_bpr_mf_bias,42
822,0,0.0,torch_bpr_mf_bias,42
823,0,0.0,torch_bpr_mf_bias,42
824,0,0.0,torch_bpr_mf_bias,42
825,0,0.0,torch_bpr_mf_bias,42
826,0,0.0,torch_bpr_mf_bias,42
827,0,0.0,torch_bpr_mf_bias,42
828,0,0.0,torch_bpr_mf_bias,42
829,0,0.0,torch_bpr_mf_bias,42
830,0,0.0,torch_bpr_mf_bias,42
831,0,0.0,torch_bpr_mf_bias,42
832,1,0.3010299956639812,torch_bpr_mf_bias,42
833,1,0.43067655807339306,torch_bpr_mf_bias,42
834,0,0.0,torch_bpr_mf_bias,42
835,0,0.0,torch_bpr_mf_bias,42
836,0,0.0,torch_bpr_mf_bias,42
837,0,0.0,torch_bpr_mf_bias,42
838,0,0.0,torch_bpr_mf_bias,42
839,0,0.0,torch_bpr_mf_bias,42
840,0,0.0,torch_bpr_mf_bias,42
841,0,0.0,torch_bpr_mf_bias,42
842,0,0.0,torch_bpr_mf_bias,42
843,0,0.0,torch_bpr_mf_bias,42
844,0,0.0,torch_bpr_mf_bias,42
845,1,1.0,torch_bpr_mf_bias,42
846,0,0.0,torch_bpr_mf_bias,42
847,1,1.0,torch_bpr_mf_bias,42
848,0,0.0,torch_bpr_mf_bias,42
849,0,0.0,torch_bpr_mf_bias,42
850,0,0.0,torch_bpr_mf_bias,42
851,0,0.0,torch_bpr_mf_bias,42
852,0,0.0,torch_bpr_mf_bias,42
853,1,0.43067655807339306,torch_bpr_mf_bias,42
854,0,0.0,torch_bpr_mf_bias,42
855,0,0.0,torch_bpr_mf_bias,42
856,0,0.0,torch_bpr_mf_bias,42
857,0,0.0,torch_bpr_mf_bias,42
858,0,0.0,torch_bpr_mf_bias,42
859,1,0.3562071871080222,torch_bpr_mf_bias,42
860,1,0.3010299956639812,torch_bpr_mf_bias,42
861,0,0.0,torch_bpr_mf_bias,42
862,0,0.0,torch_bpr_mf_bias,42
863,0,0.0,torch_bpr_mf_bias,42
864,0,0.0,torch_bpr_mf_bias,42
865,0,0.0,torch_bpr_mf_bias,42
866,0,0.0,torch_bpr_mf_bias,42
867,0,0.0,torch_bpr_mf_bias,42
868,0,0.0,torch_bpr_mf_bias,42
869,0,0.0,torch_bpr_mf_bias,42
870,0,0.0,torch_bpr_mf_bias,42
871,0,0.0,torch_bpr_mf_bias,42
872,1,0.3010299956639812,torch_bpr_mf_bias,42
873,0,0.0,torch_bpr_mf_bias,42
874,0,0.0,torch_bpr_mf_bias,42
875,0,0.0,torch_bpr_mf_bias,42
876,0,0.0,torch_bpr_mf_bias,42
877,0,0.0,torch_bpr_mf_bias,42
878,0,0.0,torch_bpr_mf_bias,42
879,0,0.0,torch_bpr_mf_bias,42
880,0,0.0,torch_bpr_mf_bias,42
881,0,0.0,torch_bpr_mf_bias,42
882,0,0.0,torch_bpr_mf_bias,42
883,0,0.0,torch_bpr_mf_bias,42
884,0,0.0,torch_bpr_mf_bias,42
885,0,0.0,torch_bpr_mf_bias,42
886,0,0.0,torch_bpr_mf_bias,42
887,0,0.0,torch_bpr_mf_bias,42
888,0,0.0,torch_bpr_mf_bias,42
889,0,0.0,torch_bpr_mf_bias,42
890,0,0.0,torch_bpr_mf_bias,42
891,0,0.0,torch_bpr_mf_bias,42
892,1,1.0,torch_bpr_mf_bias,42
893,0,0.0,torch_bpr_mf_bias,42
894,0,0.0,torch_bpr_mf_bias,42
895,0,0.0,torch_bpr_mf_bias,42
896,0,0.0,torch_bpr_mf_bias,42
897,0,0.0,torch_bpr_mf_bias,42
898,0,0.0,torch_bpr_mf_bias,42
899,0,0.0,torch_bpr_mf_bias,42
900,0,0.0,torch_bpr_mf_bias,42
901,0,0.0,torch_bpr_mf_bias,42
902,0,0.0,torch_bpr_mf_bias,42
903,0,0.0,torch_bpr_mf_bias,42
904,0,0.0,torch_bpr_mf_bias,42
905,0,0.0,torch_bpr_mf_bias,42
906,0,0.0,torch_bpr_mf_bias,42
907,1,0.43067655807339306,torch_bpr_mf_bias,42
908,0,0.0,torch_bpr_mf_bias,42
909,0,0.0,torch_bpr_mf_bias,42
910,0,0.0,torch_bpr_mf_bias,42
911,0,0.0,torch_bpr_mf_bias,42
912,0,0.0,torch_bpr_mf_bias,42
913,0,0.0,torch_bpr_mf_bias,42
914,0,0.0,torch_bpr_mf_bias,42
915,0,0.0,torch_bpr_mf_bias,42
916,0,0.0,torch_bpr_mf_bias,42
917,0,0.0,torch_bpr_mf_bias,42
918,0,0.0,torch_bpr_mf_bias,42
919,0,0.0,torch_bpr_mf_bias,42
920,0,0.0,torch_bpr_mf_bias,42
921,0,0.0,torch_bpr_mf_bias,42
922,0,0.0,torch_bpr_mf_bias,42
923,0,0.0,torch_bpr_mf_bias,42
924,0,0.0,torch_bpr_mf_bias,42
925,0,0.0,torch_bpr_mf_bias,42
926,0,0.0,torch_bpr_mf_bias,42
927,0,0.0,torch_bpr_mf_bias,42
928,0,0.0,torch_bpr_mf_bias,42
929,0,0.0,torch_bpr_mf_bias,42
930,0,0.0,torch_bpr_mf_bias,42
931,0,0.0,torch_bpr_mf_bias,42
932,0,0.0,torch_bpr_mf_bias,42
933,1,0.38685280723454163,torch_bpr_mf_bias,42
934,0,0.0,torch_bpr_mf_bias,42
935,0,0.0,torch_bpr_mf_bias,42
936,1,0.31546487678572877,torch_bpr_mf_bias,42
937,0,0.0,torch_bpr_mf_bias,42
938,0,0.0,torch_bpr_mf_bias,42
939,0,0.0,torch_bpr_mf_bias,42
940,0,0.0,torch_bpr_mf_bias,42
941,1,0.5,torch_bpr_mf_bias,42
942,0,0.0,torch_bpr_mf_bias,42
943,0,0.0,torch_bpr_mf_bias,42
944,0,0.0,torch_bpr_mf_bias,42
945,0,0.0,torch_bpr_mf_bias,42
946,0,0.0,torch_bpr_mf_bias,42
947,0,0.0,torch_bpr_mf_bias,42
948,0,0.0,torch_bpr_mf_bias,42
949,0,0.0,torch_bpr_mf_bias,42
950,0,0.0,torch_bpr_mf_bias,42
951,0,0.0,torch_bpr_mf_bias,42
952,0,0.0,torch_bpr_mf_bias,42
953,0,0.0,torch_bpr_mf_bias,42
954,0,0.0,torch_bpr_mf_bias,42
955,0,0.0,torch_bpr_mf_bias,42
956,0,0.0,torch_bpr_mf_bias,42
957,0,0.0,torch_bpr_mf_bias,42
958,0,0.0,torch_bpr_mf_bias,42
959,0,0.0,torch_bpr_mf_bias,42
960,0,0.0,torch_bpr_mf_bias,42
961,1,0.3333333333333333,torch_bpr_mf_bias,42
962,0,0.0,torch_bpr_mf_bias,42
963,0,0.0,torch_bpr_mf_bias,42
964,0,0.0,torch_bpr_mf_bias,42
965,0,0.0,torch_bpr_mf_bias,42
966,0,0.0,torch_bpr_mf_bias,42
967,0,0.0,torch_bpr_mf_bias,42
968,0,0.0,torch_bpr_mf_bias,42
969,0,0.0,torch_bpr_mf_bias,42
970,0,0.0,torch_bpr_mf_bias,42
971,0,0.0,torch_bpr_mf_bias,42
972,0,0.0,torch_bpr_mf_bias,42
973,0,0.0,torch_bpr_mf_bias,42
974,0,0.0,torch_bpr_mf_bias,42
975,0,0.0,torch_bpr_mf_bias,42
976,0,0.0,torch_bpr_mf_bias,42
977,0,0.0,torch_bpr_mf_bias,42
978,0,0.0,torch_bpr_mf_bias,42
979,0,0.0,torch_bpr_mf_bias,42
980,0,0.0,torch_bpr_mf_bias,42
981,0,0.0,torch_bpr_mf_bias,42
982,0,0.0,torch_bpr_mf_bias,42
983,0,0.0,torch_bpr_mf_bias,42
984,0,0.0,torch_bpr_mf_bias,42
985,0,0.0,torch_bpr_mf_bias,42
986,0,0.0,torch_bpr_mf_bias,42
987,0,0.0,torch_bpr_mf_bias,42
988,0,0.0,torch_bpr_mf_bias,42
989,0,0.0,torch_bpr_mf_bias,42
990,0,0.0,torch_bpr_mf_bias,42
991,0,0.0,torch_bpr_mf_bias,42
992,0,0.0,torch_bpr_mf_bias,42
993,0,0.0,torch_bpr_mf_bias,42
994,0,0.0,torch_bpr_mf_bias,42
995,0,0.0,torch_bpr_mf_bias,42
996,0,0.0,torch_bpr_mf_bias,42
997,0,0.0,torch_bpr_mf_bias,42
998,0,0.0,torch_bpr_mf_bias,42
999,0,0.0,torch_bpr_mf_bias,42
1000,0,0.0,torch_bpr_mf_bias,42
1001,0,0.0,torch_bpr_mf_bias,42
1,0,0.0,torch_bpr_mf_bias,43
2,0,0.0,torch_bpr_mf_bias,43
3,0,0.0,torch_bpr_mf_bias,43
4,0,0.0,torch_bpr_mf_bias,43
5,0,0.0,torch_bpr_mf_bias,43
6,1,0.5,torch_bpr_mf_bias,43
7,1,0.38685280723454163,torch_bpr_mf_bias,43
8,0,0.0,torch_bpr_mf_bias,43
9,0,0.0,torch_bpr_mf_bias,43
10,0,0.0,torch_bpr_mf_bias,43
11,0,0.0,torch_bpr_mf_bias,43
12,0,0.0,torch_bpr_mf_bias,43
13,0,0.0,torch_bpr_mf_bias,43
14,0,0.0,torch_bpr_mf_bias,43
15,0,0.0,torch_bpr_mf_bias,43
16,0,0.0,torch_bpr_mf_bias,43
17,1,0.3333333333333333,torch_bpr_mf_bias,43
18,0,0.0,torch_bpr_mf_bias,43
19,0,0.0,torch_bpr_mf_bias,43
20,0,0.0,torch_bpr_mf_bias,43
21,0,0.0,torch_bpr_mf_bias,43
22,0,0.0,torch_bpr_mf_bias,43
23,0,0.0,torch_bpr_mf_bias,43
24,0,0.0,torch_bpr_mf_bias,43
25,0,0.0,torch_bpr_mf_bias,43
26,0,0.0,torch_bpr_mf_bias,43
27,0,0.0,torch_bpr_mf_bias,43
28,0,0.0,torch_bpr_mf_bias,43
29,0,0.0,torch_bpr_mf_bias,43
30,0,0.0,torch_bpr_mf_bias,43
31,0,0.0,torch_bpr_mf_bias,43
32,1,0.31546487678572877,torch_bpr_mf_bias,43
33,0,0.0,torch_bpr_mf_bias,43
34,0,0.0,torch_bpr_mf_bias,43
35,0,0.0,torch_bpr_mf_bias,43
36,0,0.0,torch_bpr_mf_bias,43
37,1,0.3010299956639812,torch_bpr_mf_bias,43
38,0,0.0,torch_bpr_mf_bias,43
39,0,0.0,torch_bpr_mf_bias,43
40,0,0.0,torch_bpr_mf_bias,43
41,0,0.0,torch_bpr_mf_bias,43
42,0,0.0,torch_bpr_mf_bias,43
43,1,0.5,torch_bpr_mf_bias,43
44,0,0.0,torch_bpr_mf_bias,43
45,0,0.0,torch_bpr_mf_bias,43
47,0,0.0,torch_bpr_mf_bias,43
48,0,0.0,torch_bpr_mf_bias,43
49,0,0.0,torch_bpr_mf_bias,43
50,0,0.0,torch_bpr_mf_bias,43
51,0,0.0,torch_bpr_mf_bias,43
52,0,0.0,torch_bpr_mf_bias,43
53,0,0.0,torch_bpr_mf_bias,43
54,0,0.0,torch_bpr_mf_bias,43
55,0,0.0,torch_bpr_mf_bias,43
56,0,0.0,torch_bpr_mf_bias,43
57,0,0.0,torch_bpr_mf_bias,43
58,0,0.0,torch_bpr_mf_bias,43
59,0,0.0,torch_bpr_mf_bias,43
60,0,0.0,torch_bpr_mf_bias,43
61,0,0.0,torch_bpr_mf_bias,43
62,0,0.0,torch_bpr_mf_bias,43
63,0,0.0,torch_bpr_mf_bias,43
64,1,0.3333333333333333,torch_bpr_mf_bias,43
65,0,0.0,torch_bpr_mf_bias,43
66,0,0.0,torch_bpr_mf_bias,43
67,0,0.0,torch_bpr_mf_bias,43
68,0,0.0,torch_bpr_mf_bias,43
69,0,0.0,torch_bpr_mf_bias,43
70,0,0.0,torch_bpr_mf_bias,43
71,0,0.0,torch_bpr_mf_bias,43
72,0,0.0,torch_bpr_mf_bias,43
73,0,0.0,torch_bpr_mf_bias,43
74,0,0.0,torch_bpr_mf_bias,43
75,1,0.3010299956639812,torch_bpr_mf_bias,43
76,0,0.0,torch_bpr_mf_bias,43
77,0,0.0,torch_bpr_mf_bias,43
78,0,0.0,torch_bpr_mf_bias,43
79,0,0.0,torch_bpr_mf_bias,43
80,1,1.0,torch_bpr_mf_bias,43
81,0,0.0,torch_bpr_mf_bias,43
82,0,0.0,torch_bpr_mf_bias,43
83,0,0.0,torch_bpr_mf_bias,43
84,1,0.5,torch_bpr_mf_bias,43
85,0,0.0,torch_bpr_mf_bias,43
86,0,0.0,torch_bpr_mf_bias,43
87,1,0.6309297535714575,torch_bpr_mf_bias,43
88,0,0.0,torch_bpr_mf_bias,43
89,0,0.0,torch_bpr_mf_bias,43
90,0,0.0,torch_bpr_mf_bias,43
91,0,0.0,torch_bpr_mf_bias,43
92,0,0.0,torch_bpr_mf_bias,43
93,0,0.0,torch_bpr_mf_bias,43
94,0,0.0,torch_bpr_mf_bias,43
95,0,0.0,torch_bpr_mf_bias,43
96,0,0.0,torch_bpr_mf_bias,43
97,1,0.3562071871080222,torch_bpr_mf_bias,43
98,0,0.0,torch_bpr_mf_bias,43
99,0,0.0,torch_bpr_mf_bias,43
100,1,0.3333333333333333,torch_bpr_mf_bias,43
101,0,0.0,torch_bpr_mf_bias,43
102,0,0.0,torch_bpr_mf_bias,43
103,0,0.0,torch_bpr_mf_bias,43
104,0,0.0,torch_bpr_mf_bias,43
105,0,0.0,torch_bpr_mf_bias,43
106,0,0.0,torch_bpr_mf_bias,43
107,0,0.0,torch_bpr_mf_bias,43
108,0,0.0,torch_bpr_mf_bias,43
109,1,1.0,torch_bpr_mf_bias,43
110,0,0.0,torch_bpr_mf_bias,43
111,0,0.0,torch_bpr_mf_bias,43
112,0,0.0,torch_bpr_mf_bias,43
113,0,0.0,torch_bpr_mf_bias,43
114,0,0.0,torch_bpr_mf_bias,43
115,0,0.0,torch_bpr_mf_bias,43
116,0,0.0,torch_bpr_mf_bias,43
117,0,0.0,torch_bpr_mf_bias,43
118,0,0.0,torch_bpr_mf_bias,43
119,0,0.0,torch_bpr_mf_bias,43
120,1,0.31546487678572877,torch_bpr_mf_bias,43
121,0,0.0,torch_bpr_mf_bias,43
122,0,0.0,torch_bpr_mf_bias,43
123,0,0.0,torch_bpr_mf_bias,43
124,0,0.0,torch_bpr_mf_bias,43
125,0,0.0,torch_bpr_mf_bias,43
126,0,0.0,torch_bpr_mf_bias,43
127,0,0.0,torch_bpr_mf_bias,43
128,1,0.43067655807339306,torch_bpr_mf_bias,43
129,0,0.0,torch_bpr_mf_bias,43
130,0,0.0,torch_bpr_mf_bias,43
131,0,0.0,torch_bpr_mf_bias,43
132,0,0.0,torch_bpr_mf_bias,43
133,0,0.0,torch_bpr_mf_bias,43
134,0,0.0,torch_bpr_mf_bias,43
135,0,0.0,torch_bpr_mf_bias,43
136,0,0.0,torch_bpr_mf_bias,43
137,0,0.0,torch_bpr_mf_bias,43
138,1,0.38685280723454163,torch_bpr_mf_bias,43
139,0,0.0,torch_bpr_mf_bias,43
140,0,0.0,torch_bpr_mf_bias,43
141,0,0.0,torch_bpr_mf_bias,43
142,0,0.0,torch_bpr_mf_bias,43
143,0,0.0,torch_bpr_mf_bias,43
144,0,0.0,torch_bpr_mf_bias,43
145,1,0.3562071871080222,torch_bpr_mf_bias,43
146,0,0.0,torch_bpr_mf_bias,43
147,0,0.0,torch_bpr_mf_bias,43
148,0,0.0,torch_bpr_mf_bias,43
149,0,0.0,torch_bpr_mf_bias,43
150,0,0.0,torch_bpr_mf_bias,43
151,0,0.0,torch_bpr_mf_bias,43
152,0,0.0,torch_bpr_mf_bias,43
153,0,0.0,torch_bpr_mf_bias,43
154,0,0.0,torch_bpr_mf_bias,43
155,0,0.0,torch_bpr_mf_bias,43
156,0,0.0,torch_bpr_mf_bias,43
157,0,0.0,torch_bpr_mf_bias,43
158,0,0.0,torch_bpr_mf_bias,43
159,1,0.38685280723454163,torch_bpr_mf_bias,43
160,0,0.0,torch_bpr_mf_bias,43
161,0,0.0,torch_bpr_mf_bias,43
162,0,0.0,torch_bpr_mf_bias,43
163,0,0.0,torch_bpr_mf_bias,43
164,0,0.0,torch_bpr_mf_bias,43
165,0,0.0,torch_bpr_mf_bias,43
166,0,0.0,torch_bpr_mf_bias,43
167,0,0.0,torch_bpr_mf_bias,43
168,0,0.0,torch_bpr_mf_bias,43
169,0,0.0,torch_bpr_mf_bias,43
170,1,0.38685280723454163,torch_bpr_mf_bias,43
171,1,0.6309297535714575,torch_bpr_mf_bias,43
172,0,0.0,torch_bpr_mf_bias,43
173,0,0.0,torch_bpr_mf_bias,43
174,0,0.0,torch_bpr_mf_bias,43
175,0,0.0,torch_bpr_mf_bias,43
176,0,0.0,torch_bpr_mf_bias,43
177,0,0.0,torch_bpr_mf_bias,43
178,0,0.0,torch_bpr_mf_bias,43
179,0,0.0,torch_bpr_mf_bias,43
180,0,0.0,torch_bpr_mf_bias,43
181,0,0.0,torch_bpr_mf_bias,43
182,0,0.0,torch_bpr_mf_bias,43
183,0,0.0,torch_bpr_mf_bias,43
184,1,0.3333333333333333,torch_bpr_mf_bias,43
185,0,0.0,torch_bpr_mf_bias,43
186,0,0.0,torch_bpr_mf_bias,43
187,0,0.0,torch_bpr_mf_bias,43
188,0,0.0,torch_bpr_mf_bias,43
189,0,0.0,torch_bpr_mf_bias,43
190,0,0.0,torch_bpr_mf_bias,43
191,0,0.0,torch_bpr_mf_bias,43
192,0,0.0,torch_bpr_mf_bias,43
193,0,0.0,torch_bpr_mf_bias,43
194,0,0.0,torch_bpr_mf_bias,43
195,0,0.0,torch_bpr_mf_bias,43
196,0,0.0,torch_bpr_mf_bias,43
197,1,1.0,torch_bpr_mf_bias,43
198,0,0.0,torch_bpr_mf_bias,43
199,0,0.0,torch_bpr_mf_bias,43
200,0,0.0,torch_bpr_mf_bias,43
201,0,0.0,torch_bpr_mf_bias,43
202,0,0.0,torch_bpr_mf_bias,43
203,0,0.0,torch_bpr_mf_bias,43
204,0,0.0,torch_bpr_mf_bias,43
205,0,0.0,torch_bpr_mf_bias,43
206,0,0.0,torch_bpr_mf_bias,43
207,0,0.0,torch_bpr_mf_bias,43
208,0,0.0,torch_bpr_mf_bias,43
209,0,0.0,torch_bpr_mf_bias,43
210,0,0.0,torch_bpr_mf_bias,43
211,0,0.0,torch_bpr_mf_bias,43
212,0,0.0,torch_bpr_mf_bias,43
213,0,0.0,torch_bpr_mf_bias,43
214,0,0.0,torch_bpr_mf_bias,43
215,0,0.0,torch_bpr_mf_bias,43
216,0,0.0,torch_bpr_mf_bias,43
217,0,0.0,torch_bpr_mf_bias,43
218,0,0.0,torch_bpr_mf_bias,43
219,0,0.0,torch_bpr_mf_bias,43
220,0,0.0,torch_bpr_mf_bias,43
221,0,0.0,torch_bpr_mf_bias,43
222,0,0.0,torch_bpr_mf_bias,43
223,0,0.0,torch_bpr_mf_bias,43
224,0,0.0,torch_bpr_mf_bias,43
225,0,0.0,torch_bpr_mf_bias,43
226,0,0.0,torch_bpr_mf_bias,43
227,0,0.0,torch_bpr_mf_bias,43
228,0,0.0,torch_bpr_mf_bias,43
229,0,0.0,torch_bpr_mf_bias,43
230,0,0.0,torch_bpr_mf_bias,43
231,0,0.0,torch_bpr_mf_bias,43
232,0,0.0,torch_bpr_mf_bias,43
233,0,0.0,torch_bpr_mf_bias,43
234,0,0.0,torch_bpr_mf_bias,43
235,0,0.0,torch_bpr_mf_bias,43
236,0,0.0,torch_bpr_mf_bias,43
237,0,0.0,torch_bpr_mf_bias,43
238,0,0.0,torch_bpr_mf_bias,43
239,0,0.0,torch_bpr_mf_bias,43
240,0,0.0,torch_bpr_mf_bias,43
241,0,0.0,torch_bpr_mf_bias,43
242,0,0.0,torch_bpr_mf_bias,43
243,0,0.0,torch_bpr_mf_bias,43
244,0,0.0,torch_bpr_mf_bias,43
245,0,0.0,torch_bpr_mf_bias,43
246,0,0.0,torch_bpr_mf_bias,43
247,0,0.0,torch_bpr_mf_bias,43
248,0,0.0,torch_bpr_mf_bias,43
249,0,0.0,torch_bpr_mf_bias,43
250,0,0.0,torch_bpr_mf_bias,43
251,0,0.0,torch_bpr_mf_bias,43
252,0,0.0,torch_bpr_mf_bias,43
253,0,0.0,torch_bpr_mf_bias,43
254,0,0.0,torch_bpr_mf_bias,43
255,0,0.0,torch_bpr_mf_bias,43
256,0,0.0,torch_bpr_mf_bias,43
257,0,0.0,torch_bpr_mf_bias,43
258,0,0.0,torch_bpr_mf_bias,43
259,0,0.0,torch_bpr_mf_bias,43
260,0,0.0,torch_bpr_mf_bias,43
261,0,0.0,torch_bpr_mf_bias,43
262,0,0.0,torch_bpr_mf_bias,43
263,0,0.0,torch_bpr_mf_bias,43
264,0,0.0,torch_bpr_mf_bias,43
265,0,0.0,torch_bpr_mf_bias,43
266,0,0.0,torch_bpr_mf_bias,43
267,0,0.0,torch_bpr_mf_bias,43
268,0,0.0,torch_bpr_mf_bias,43
269,0,0.0,torch_bpr_mf_bias,43
270,0,0.0,torch_bpr_mf_bias,43
271,0,0.0,torch_bpr_mf_bias,43
272,0,0.0,torch_bpr_mf_bias,43
273,0,0.0,torch_bpr_mf_bias,43
274,0,0.0,torch_bpr_mf_bias,43
275,0,0.0,torch_bpr_mf_bias,43
276,0,0.0,torch_bpr_mf_bias,43
277,1,0.3010299956639812,torch_bpr_mf_bias,43
278,0,0.0,torch_bpr_mf_bias,43
279,0,0.0,torch_bpr_mf_bias,43
280,0,0.0,torch_bpr_mf_bias,43
281,0,0.0,torch_bpr_mf_bias,43
282,0,0.0,torch_bpr_mf_bias,43
283,0,0.0,torch_bpr_mf_bias,43
284,0,0.0,torch_bpr_mf_bias,43
285,0,0.0,torch_bpr_mf_bias,43
286,0,0.0,torch_bpr_mf_bias,43
287,0,0.0,torch_bpr_mf_bias,43
288,0,0.0,torch_bpr_mf_bias,43
289,0,0.0,torch_bpr_mf_bias,43
290,0,0.0,torch_bpr_mf_bias,43
291,0,0.0,torch_bpr_mf_bias,43
292,1,0.3333333333333333,torch_bpr_mf_bias,43
293,0,0.0,torch_bpr_mf_bias,43
294,0,0.0,torch_bpr_mf_bias,43
295,0,0.0,torch_bpr_mf_bias,43
296,0,0.0,torch_bpr_mf_bias,43
297,0,0.0,torch_bpr_mf_bias,43
298,0,0.0,torch_bpr_mf_bias,43
299,0,0.0,torch_bpr_mf_bias,43
300,0,0.0,torch_bpr_mf_bias,43
301,0,0.0,torch_bpr_mf_bias,43
302,0,0.0,torch_bpr_mf_bias,43
303,0,0.0,torch_bpr_mf_bias,43
304,0,0.0,torch_bpr_mf_bias,43
305,0,0.0,torch_bpr_mf_bias,43
306,0,0.0,torch_bpr_mf_bias,43
307,0,0.0,torch_bpr_mf_bias,43
308,0,0.0,torch_bpr_mf_bias,43
309,0,0.0,torch_bpr_mf_bias,43
310,0,0.0,torch_bpr_mf_bias,43
311,1,1.0,torch_bpr_mf_bias,43
312,0,0.0,torch_bpr_mf_bias,43
313,1,0.6309297535714575,torch_bpr_mf_bias,43
314,0,0.0,torch_bpr_mf_bias,43
315,0,0.0,torch_bpr_mf_bias,43
316,0,0.0,torch_bpr_mf_bias,43
317,0,0.0,torch_bpr_mf_bias,43
318,0,0.0,torch_bpr_mf_bias,43
319,0,0.0,torch_bpr_mf_bias,43
320,0,0.0,torch_bpr_mf_bias,43
321,0,0.0,torch_bpr_mf_bias,43
322,1,0.3333333333333333,torch_bpr_mf_bias,43
323,0,0.0,torch_bpr_mf_bias,43
324,0,0.0,torch_bpr_mf_bias,43
325,1,0.3333333333333333,torch_bpr_mf_bias,43
326,0,0.0,torch_bpr_mf_bias,43
327,0,0.0,torch_bpr_mf_bias,43
328,0,0.0,torch_bpr_mf_bias,43
329,0,0.0,torch_bpr_mf_bias,43
330,0,0.0,torch_bpr_mf_bias,43
331,0,0.0,torch_bpr_mf_bias,43
332,0,0.0,torch_bpr_mf_bias,43
333,0,0.0,torch_bpr_mf_bias,43
334,0,0.0,torch_bpr_mf_bias,43
335,0,0.0,torch_bpr_mf_bias,43
336,1,0.31546487678572877,torch_bpr_mf_bias,43
337,0,0.0,torch_bpr_mf_bias,43
338,0,0.0,torch_bpr_mf_bias,43
339,0,0.0,torch_bpr_mf_bias,43
340,0,0.0,torch_bpr_mf_bias,43
341,0,0.0,torch_bpr_mf_bias,43
342,0,0.0,torch_bpr_mf_bias,43
343,0,0.0,torch_bpr_mf_bias,43
344,0,0.0,torch_bpr_mf_bias,43
345,0,0.0,torch_bpr_mf_bias,43
346,0,0.0,torch_bpr_mf_bias,43
347,0,0.0,torch_bpr_mf_bias,43
348,0,0.0,torch_bpr_mf_bias,43
349,0,0.0,torch_bpr_mf_bias,43
350,1,0.6309297535714575,torch_bpr_mf_bias,43
351,0,0.0,torch_bpr_mf_bias,43
352,0,0.0,torch_bpr_mf_bias,43
353,1,0.3562071871080222,torch_bpr_mf_bias,43
354,0,0.0,torch_bpr_mf_bias,43
355,0,0.0,torch_bpr_mf_bias,43
356,0,0.0,torch_bpr_mf_bias,43
357,0,0.0,torch_bpr_mf_bias,43
358,1,0.43067655807339306,torch_bpr_mf_bias,43
359,0,0.0,torch_bpr_mf_bias,43
360,0,0.0,torch_bpr_mf_bias,43
361,0,0.0,torch_bpr_mf_bias,43
362,0,0.0,torch_bpr_mf_bias,43
363,0,0.0,torch_bpr_mf_bias,43
364,0,0.0,torch_bpr_mf_bias,43
365,0,0.0,torch_bpr_mf_bias,43
366,0,0.0,torch_bpr_mf_bias,43
367,0,0.0,torch_bpr_mf_bias,43
368,0,0.0,torch_bpr_mf_bias,43
369,0,0.0,torch_bpr_mf_bias,43
370,0,0.0,torch_bpr_mf_bias,43
371,0,0.0,torch_bpr_mf_bias,43
372,0,0.0,torch_bpr_mf_bias,43
373,0,0.0,torch_bpr_mf_bias,43
374,0,0.0,torch_bpr_mf_bias,43
375,0,0.0,torch_bpr_mf_bias,43
376,0,0.0,torch_bpr_mf_bias,43
377,0,0.0,torch_bpr_mf_bias,43
378,0,0.0,torch_bpr_mf_bias,43
379,0,0.0,torch_bpr_mf_bias,43
380,0,0.0,torch_bpr_mf_bias,43
381,1,0.2890648263178879,torch_bpr_mf_bias,43
382,0,0.0,torch_bpr_mf_bias,43
383,0,0.0,torch_bpr_mf_bias,43
384,0,0.0,torch_bpr_mf_bias,43
385,0,0.0,torch_bpr_mf_bias,43
386,0,0.0,torch_bpr_mf_bias,43
387,1,0.5,torch_bpr_mf_bias,43
388,0,0.0,torch_bpr_mf_bias,43
389,0,0.0,torch_bpr_mf_bias,43
390,0,0.0,torch_bpr_mf_bias,43
391,0,0.0,torch_bpr_mf_bias,43
392,0,0.0,torch_bpr_mf_bias,43
393,0,0.0,torch_bpr_mf_bias,43
394,0,0.0,torch_bpr_mf_bias,43
395,0,0.0,torch_bpr_mf_bias,43
396,0,0.0,torch_bpr_mf_bias,43
397,0,0.0,torch_bpr_mf_bias,43
398,0,0.0,torch_bpr_mf_bias,43
399,0,0.0,torch_bpr_mf_bias,43
400,0,0.0,torch_bpr_mf_bias,43
401,0,0.0,torch_bpr_mf_bias,43
402,0,0.0,torch_bpr_mf_bias,43
403,0,0.0,torch_bpr_mf_bias,43
404,0,0.0,torch_bpr_mf_bias,43
405,0,0.0,torch_bpr_mf_bias,43
406,0,0.0,torch_bpr_mf_bias,43
407,0,0.0,torch_bpr_mf_bias,43
408,0,0.0,torch_bpr_mf_bias,43
409,0,0.0,torch_bpr_mf_bias,43
410,0,0.0,torch_bpr_mf_bias,43
411,0,0.0,torch_bpr_mf_bias,43
412,0,0.0,torch_bpr_mf_bias,43
413,0,0.0,torch_bpr_mf_bias,43
414,0,0.0,torch_bpr_mf_bias,43
415,0,0.0,torch_bpr_mf_bias,43
416,0,0.0,torch_bpr_mf_bias,43
417,1,0.3333333333333333,torch_bpr_mf_bias,43
418,0,0.0,torch_bpr_mf_bias,43
419,0,0.0,torch_bpr_mf_bias,43
420,0,0.0,torch_bpr_mf_bias,43
421,0,0.0,torch_bpr_mf_bias,43
422,1,0.3010299956639812,torch_bpr_mf_bias,43
423,1,0.3010299956639812,torch_bpr_mf_bias,43
424,0,0.0,torch_bpr_mf_bias,43
425,0,0.0,torch_bpr_mf_bias,43
426,0,0.0,torch_bpr_mf_bias,43
427,0,0.0,torch_bpr_mf_bias,43
428,0,0.0,torch_bpr_mf_bias,43
429,0,0.0,torch_bpr_mf_bias,43
430,0,0.0,torch_bpr_mf_bias,43
431,0,0.0,torch_bpr_mf_bias,43
432,0,0.0,torch_bpr_mf_bias,43
433,0,0.0,torch_bpr_mf_bias,43
434,0,0.0,torch_bpr_mf_bias,43
435,0,0.0,torch_bpr_mf_bias,43
436,0,0.0,torch_bpr_mf_bias,43
437,1,0.3333333333333333,torch_bpr_mf_bias,43
438,0,0.0,torch_bpr_mf_bias,43
439,0,0.0,torch_bpr_mf_bias,43
440,0,0.0,torch_bpr_mf_bias,43
441,0,0.0,torch_bpr_mf_bias,43
442,0,0.0,torch_bpr_mf_bias,43
443,0,0.0,torch_bpr_mf_bias,43
444,0,0.0,torch_bpr_mf_bias,43
445,0,0.0,torch_bpr_mf_bias,43
446,0,0.0,torch_bpr_mf_bias,43
447,0,0.0,torch_bpr_mf_bias,43
448,0,0.0,torch_bpr_mf_bias,43
449,1,0.31546487678572877,torch_bpr_mf_bias,43
450,0,0.0,torch_bpr_mf_bias,43
451,0,0.0,torch_bpr_mf_bias,43
452,0,0.0,torch_bpr_mf_bias,43
453,0,0.0,torch_bpr_mf_bias,43
454,0,0.0,torch_bpr_mf_bias,43
455,0,0.0,torch_bpr_mf_bias,43
456,0,0.0,torch_bpr_mf_bias,43
457,0,0.0,torch_bpr_mf_bias,43
458,0,0.0,torch_bpr_mf_bias,43
459,0,0.0,torch_bpr_mf_bias,43
460,0,0.0,torch_bpr_mf_bias,43
461,0,0.0,torch_bpr_mf_bias,43
462,1,0.31546487678572877,torch_bpr_mf_bias,43
463,0,0.0,torch_bpr_mf_bias,43
464,0,0.0,torch_bpr_mf_bias,43
465,0,0.0,torch_bpr_mf_bias,43
466,0,0.0,torch_bpr_mf_bias,43
467,0,0.0,torch_bpr_mf_bias,43
468,0,0.0,torch_bpr_mf_bias,43
469,0,0.0,torch_bpr_mf_bias,43
470,0,0.0,torch_bpr_mf_bias,43
471,0,0.0,torch_bpr_mf_bias,43
472,0,0.0,torch_bpr_mf_bias,43
473,0,0.0,torch_bpr_mf_bias,43
474,0,0.0,torch_bpr_mf_bias,43
475,0,0.0,torch_bpr_mf_bias,43
476,0,0.0,torch_bpr_mf_bias,43
477,0,0.0,torch_bpr_mf_bias,43
478,0,0.0,torch_bpr_mf_bias,43
479,1,0.38685280723454163,torch_bpr_mf_bias,43
480,0,0.0,torch_bpr_mf_bias,43
481,0,0.0,torch_bpr_mf_bias,43
482,0,0.0,torch_bpr_mf_bias,43
483,0,0.0,torch_bpr_mf_bias,43
484,0,0.0,torch_bpr_mf_bias,43
485,0,0.0,torch_bpr_mf_bias,43
486,0,0.0,torch_bpr_mf_bias,43
487,0,0.0,torch_bpr_mf_bias,43
488,1,0.43067655807339306,torch_bpr_mf_bias,43
489,0,0.0,torch_bpr_mf_bias,43
490,0,0.0,torch_bpr_mf_bias,43
491,0,0.0,torch_bpr_mf_bias,43
492,0,0.0,torch_bpr_mf_bias,43
493,0,0.0,torch_bpr_mf_bias,43
494,0,0.0,torch_bpr_mf_bias,43
495,0,0.0,torch_bpr_mf_bias,43
496,0,0.0,torch_bpr_mf_bias,43
497,0,0.0,torch_bpr_mf_bias,43
498,0,0.0,torch_bpr_mf_bias,43
499,0,0.0,torch_bpr_mf_bias,43
500,0,0.0,torch_bpr_mf_bias,43
501,0,0.0,torch_bpr_mf_bias,43
502,1,0.31546487678572877,torch_bpr_mf_bias,43
503,0,0.0,torch_bpr_mf_bias,43
504,0,0.0,torch_bpr_mf_bias,43
505,0,0.0,torch_bpr_mf_bias,43
506,0,0.0,torch_bpr_mf_bias,43
507,0,0.0,torch_bpr_mf_bias,43
508,0,0.0,torch_bpr_mf_bias,43
509,0,0.0,torch_bpr_mf_bias,43
510,0,0.0,torch_bpr_mf_bias,43
511,0,0.0,torch_bpr_mf_bias,43
512,0,0.0,torch_bpr_mf_bias,43
513,0,0.0,torch_bpr_mf_bias,43
514,0,0.0,torch_bpr_mf_bias,43
515,0,0.0,torch_bpr_mf_bias,43
516,0,0.0,torch_bpr_mf_bias,43
517,0,0.0,torch_bpr_mf_bias,43
518,0,0.0,torch_bpr_mf_bias,43
519,1,0.6309297535714575,torch_bpr_mf_bias,43
520,0,0.0,torch_bpr_mf_bias,43
521,0,0.0,torch_bpr_mf_bias,43
522,0,0.0,torch_bpr_mf_bias,43
523,0,0.0,torch_bpr_mf_bias,43
524,0,0.0,torch_bpr_mf_bias,43
525,0,0.0,torch_bpr_mf_bias,43
526,0,0.0,torch_bpr_mf_bias,43
527,0,0.0,torch_bpr_mf_bias,43
528,0,0.0,torch_bpr_mf_bias,43
529,0,0.0,torch_bpr_mf_bias,43
530,0,0.0,torch_bpr_mf_bias,43
531,0,0.0,torch_bpr_mf_bias,43
532,0,0.0,torch_bpr_mf_bias,43
533,0,0.0,torch_bpr_mf_bias,43
534,0,0.0,torch_bpr_mf_bias,43
535,1,0.43067655807339306,torch_bpr_mf_bias,43
536,0,0.0,torch_bpr_mf_bias,43
537,0,0.0,torch_bpr_mf_bias,43
538,0,0.0,torch_bpr_mf_bias,43
539,0,0.0,torch_bpr_mf_bias,43
540,0,0.0,torch_bpr_mf_bias,43
541,0,0.0,torch_bpr_mf_bias,43
542,0,0.0,torch_bpr_mf_bias,43
543,0,0.0,torch_bpr_mf_bias,43
544,1,0.3010299956639812,torch_bpr_mf_bias,43
545,1,0.3562071871080222,torch_bpr_mf_bias,43
546,0,0.0,torch_bpr_mf_bias,43
547,1,0.31546487678572877,torch_bpr_mf_bias,43
548,0,0.0,torch_bpr_mf_bias,43
549,0,0.0,torch_bpr_mf_bias,43
550,0,0.0,torch_bpr_mf_bias,43
551,0,0.0,torch_bpr_mf_bias,43
552,0,0.0,torch_bpr_mf_bias,43
553,1,0.3562071871080222,torch_bpr_mf_bias,43
554,0,0.0,torch_bpr_mf_bias,43
555,0,0.0,torch_bpr_mf_bias,43
556,0,0.0,torch_bpr_mf_bias,43
557,0,0.0,torch_bpr_mf_bias,43
558,0,0.0,torch_bpr_mf_bias,43
559,1,1.0,torch_bpr_mf_bias,43
560,0,0.0,torch_bpr_mf_bias,43
561,0,0.0,torch_bpr_mf_bias,43
562,1,0.2890648263178879,torch_bpr_mf_bias,43
563,0,0.0,torch_bpr_mf_bias,43
564,0,0.0,torch_bpr_mf_bias,43
565,0,0.0,torch_bpr_mf_bias,43
566,0,0.0,torch_bpr_mf_bias,43
567,0,0.0,torch_bpr_mf_bias,43
568,0,0.0,torch_bpr_mf_bias,43
569,0,0.0,torch_bpr_mf_bias,43
570,0,0.0,torch_bpr_mf_bias,43
571,0,0.0,torch_bpr_mf_bias,43
572,0,0.0,torch_bpr_mf_bias,43
573,0,0.0,torch_bpr_mf_bias,43
574,0,0.0,torch_bpr_mf_bias,43
575,0,0.0,torch_bpr_mf_bias,43
576,0,0.0,torch_bpr_mf_bias,43
577,0,0.0,torch_bpr_mf_bias,43
578,1,0.5,torch_bpr_mf_bias,43
579,0,0.0,torch_bpr_mf_bias,43
580,1,0.43067655807339306,torch_bpr_mf_bias,43
581,0,0.0,torch_bpr_mf_bias,43
582,0,0.0,torch_bpr_mf_bias,43
583,0,0.0,torch_bpr_mf_bias,43
584,0,0.0,torch_bpr_mf_bias,43
585,1,0.3333333333333333,torch_bpr_mf_bias,43
586,0,0.0,torch_bpr_mf_bias,43
587,0,0.0,torch_bpr_mf_bias,43
588,0,0.0,torch_bpr_mf_bias,43
589,0,0.0,torch_bpr_mf_bias,43
590,0,0.0,torch_bpr_mf_bias,43
591,0,0.0,torch_bpr_mf_bias,43
592,0,0.0,torch_bpr_mf_bias,43
593,0,0.0,torch_bpr_mf_bias,43
594,0,0.0,torch_bpr_mf_bias,43
595,0,0.0,torch_bpr_mf_bias,43
596,0,0.0,torch_bpr_mf_bias,43
597,0,0.0,torch_bpr_mf_bias,43
598,0,0.0,torch_bpr_mf_bias,43
599,0,0.0,torch_bpr_mf_bias,43
600,0,0.0,torch_bpr_mf_bias,43
601,0,0.0,torch_bpr_mf_bias,43
602,0,0.0,torch_bpr_mf_bias,43
603,0,0.0,torch_bpr_mf_bias,43
604,0,0.0,torch_bpr_mf_bias,43
605,0,0.0,torch_bpr_mf_bias,43
606,0,0.0,torch_bpr_mf_bias,43
607,1,0.3010299956639812,torch_bpr_mf_bias,43
608,0,0.0,torch_bpr_mf_bias,43
609,0,0.0,torch_bpr_mf_bias,43
610,0,0.0,torch_bpr_mf_bias,43
611,0,0.0,torch_bpr_mf_bias,43
612,0,0.0,torch_bpr_mf_bias,43
613,0,0.0,torch_bpr_mf_bias,43
614,0,0.0,torch_bpr_mf_bias,43
615,0,0.0,torch_bpr_mf_bias,43
616,0,0.0,torch_bpr_mf_bias,43
617,1,0.6309297535714575,torch_bpr_mf_bias,43
618,0,0.0,torch_bpr_mf_bias,43
619,0,0.0,torch_bpr_mf_bias,43
620,0,0.0,torch_bpr_mf_bias,43
621,0,0.0,torch_bpr_mf_bias,43
622,0,0.0,torch_bpr_mf_bias,43
623,0,0.0,torch_bpr_mf_bias,43
624,0,0.0,torch_bpr_mf_bias,43
625,0,0.0,torch_bpr_mf_bias,43
626,0,0.0,torch_bpr_mf_bias,43
627,0,0.0,torch_bpr_mf_bias,43
628,0,0.0,torch_bpr_mf_bias,43
629,0,0.0,torch_bpr_mf_bias,43
630,0,0.0,torch_bpr_mf_bias,43
631,0,0.0,torch_bpr_mf_bias,43
632,0,0.0,torch_bpr_mf_bias,43
633,0,0.0,torch_bpr_mf_bias,43
634,0,0.0,torch_bpr_mf_bias,43
635,0,0.0,torch_bpr_mf_bias,43
636,0,0.0,torch_bpr_mf_bias,43
637,0,0.0,torch_bpr_mf_bias,43
638,0,0.0,torch_bpr_mf_bias,43
639,0,0.0,torch_bpr_mf_bias,43
640,1,0.2890648263178879,torch_bpr_mf_bias,43
641,0,0.0,torch_bpr_mf_bias,43
642,0,0.0,torch_bpr_mf_bias,43
643,0,0.0,torch_bpr_mf_bias,43
644,0,0.0,torch_bpr_mf_bias,43
645,0,0.0,torch_bpr_mf_bias,43
646,0,0.0,torch_bpr_mf_bias,43
647,0,0.0,torch_bpr_mf_bias,43
648,0,0.0,torch_bpr_mf_bias,43
649,0,0.0,torch_bpr_mf_bias,43
650,0,0.0,torch_bpr_mf_bias,43
651,0,0.0,torch_bpr_mf_bias,43
652,0,0.0,torch_bpr_mf_bias,43
653,1,0.43067655807339306,torch_bpr_mf_bias,43
654,0,0.0,torch_bpr_mf_bias,43
655,0,0.0,torch_bpr_mf_bias,43
656,0,0.0,torch_bpr_mf_bias,43
657,0,0.0,torch_bpr_mf_bias,43
658,0,0.0,torch_bpr_mf_bias,43
659,0,0.0,torch_bpr_mf_bias,43
660,0,0.0,torch_bpr_mf_bias,43
661,0,0.0,torch_bpr_mf_bias,43
662,0,0.0,torch_bpr_mf_bias,43
663,0,0.0,torch_bpr_mf_bias,43
664,0,0.0,torch_bpr_mf_bias,43
665,0,0.0,torch_bpr_mf_bias,43
666,0,0.0,torch_bpr_mf_bias,43
667,0,0.0,torch_bpr_mf_bias,43
668,0,0.0,torch_bpr_mf_bias,43
669,0,0.0,torch_bpr_mf_bias,43
670,0,0.0,torch_bpr_mf_bias,43
671,0,0.0,torch_bpr_mf_bias,43
672,0,0.0,torch_bpr_mf_bias,43
673,0,0.0,torch_bpr_mf_bias,43
674,0,0.0,torch_bpr_mf_bias,43
675,1,0.6309297535714575,torch_bpr_mf_bias,43
676,0,0.0,torch_bpr_mf_bias,43
677,0,0.0,torch_bpr_mf_bias,43
678,0,0.0,torch_bpr_mf_bias,43
679,0,0.0,torch_bpr_mf_bias,43
680,0,0.0,torch_bpr_mf_bias,43
681,0,0.0,torch_bpr_mf_bias,43
682,0,0.0,torch_bpr_mf_bias,43
683,0,0.0,torch_bpr_mf_bias,43
684,0,0.0,torch_bpr_mf_bias,43
685,0,0.0,torch_bpr_mf_bias,43
686,0,0.0,torch_bpr_mf_bias,43
687,0,0.0,torch_bpr_mf_bias,43
688,0,0.0,torch_bpr_mf_bias,43
689,0,0.0,torch_bpr_mf_bias,43
690,0,0.0,torch_bpr_mf_bias,43
691,0,0.0,torch_bpr_mf_bias,43
692,0,0.0,torch_bpr_mf_bias,43
693,0,0.0,torch_bpr_mf_bias,43
694,0,0.0,torch_bpr_mf_bias,43
695,0,0.0,torch_bpr_mf_bias,43
696,0,0.0,torch_bpr_mf_bias,43
697,0,0.0,torch_bpr_mf_bias,43
698,0,0.0,torch_bpr_mf_bias,43
699,0,0.0,torch_bpr_mf_bias,43
700,0,0.0,torch_bpr_mf_bias,43
701,0,0.0,torch_bpr_mf_bias,43
702,0,0.0,torch_bpr_mf_bias,43
703,0,0.0,torch_bpr_mf_bias,43
704,0,0.0,torch_bpr_mf_bias,43
705,0,0.0,torch_bpr_mf_bias,43
706,0,0.0,torch_bpr_mf_bias,43
707,0,0.0,torch_bpr_mf_bias,43
708,0,0.0,torch_bpr_mf_bias,43
709,0,0.0,torch_bpr_mf_bias,43
710,0,0.0,torch_bpr_mf_bias,43
711,0,0.0,torch_bpr_mf_bias,43
712,0,0.0,torch_bpr_mf_bias,43
713,0,0.0,torch_bpr_mf_bias,43
714,0,0.0,torch_bpr_mf_bias,43
715,0,0.0,torch_bpr_mf_bias,43
716,0,0.0,torch_bpr_mf_bias,43
717,0,0.0,torch_bpr_mf_bias,43
718,0,0.0,torch_bpr_mf_bias,43
719,0,0.0,torch_bpr_mf_bias,43
720,0,0.0,torch_bpr_mf_bias,43
721,0,0.0,torch_bpr_mf_bias,43
722,0,0.0,torch_bpr_mf_bias,43
723,0,0.0,torch_bpr_mf_bias,43
724,0,0.0,torch_bpr_mf_bias,43
725,0,0.0,torch_bpr_mf_bias,43
726,0,0.0,torch_bpr_mf_bias,43
727,0,0.0,torch_bpr_mf_bias,43
728,0,0.0,torch_bpr_mf_bias,43
729,0,0.0,torch_bpr_mf_bias,43
730,1,1.0,torch_bpr_mf_bias,43
731,0,0.0,torch_bpr_mf_bias,43
732,0,0.0,torch_bpr_mf_bias,43
733,0,0.0,torch_bpr_mf_bias,43
734,0,0.0,torch_bpr_mf_bias,43
735,0,0.0,torch_bpr_mf_bias,43
736,0,0.0,torch_bpr_mf_bias,43
737,0,0.0,torch_bpr_mf_bias,43
738,0,0.0,torch_bpr_mf_bias,43
739,0,0.0,torch_bpr_mf_bias,43
740,0,0.0,torch_bpr_mf_bias,43
741,0,0.0,torch_bpr_mf_bias,43
742,0,0.0,torch_bpr_mf_bias,43
743,1,1.0,torch_bpr_mf_bias,43
744,0,0.0,torch_bpr_mf_bias,43
745,0,0.0,torch_bpr_mf_bias,43
746,0,0.0,torch_bpr_mf_bias,43
747,0,0.0,torch_bpr_mf_bias,43
748,0,0.0,torch_bpr_mf_bias,43
749,0,0.0,torch_bpr_mf_bias,43
750,0,0.0,torch_bpr_mf_bias,43
751,1,0.3010299956639812,torch_bpr_mf_bias,43
752,0,0.0,torch_bpr_mf_bias,43
753,1,0.43067655807339306,torch_bpr_mf_bias,43
754,1,0.3562071871080222,torch_bpr_mf_bias,43
755,0,0.0,torch_bpr_mf_bias,43
756,0,0.0,torch_bpr_mf_bias,43
757,0,0.0,torch_bpr_mf_bias,43
758,0,0.0,torch_bpr_mf_bias,43
759,0,0.0,torch_bpr_mf_bias,43
760,0,0.0,torch_bpr_mf_bias,43
761,1,0.6309297535714575,torch_bpr_mf_bias,43
762,0,0.0,torch_bpr_mf_bias,43
763,0,0.0,torch_bpr_mf_bias,43
764,0,0.0,torch_bpr_mf_bias,43
765,0,0.0,torch_bpr_mf_bias,43
766,1,0.5,torch_bpr_mf_bias,43
767,0,0.0,torch_bpr_mf_bias,43
768,1,1.0,torch_bpr_mf_bias,43
769,0,0.0,torch_bpr_mf_bias,43
770,0,0.0,torch_bpr_mf_bias,43
771,0,0.0,torch_bpr_mf_bias,43
772,0,0.0,torch_bpr_mf_bias,43
773,0,0.0,torch_bpr_mf_bias,43
774,0,0.0,torch_bpr_mf_bias,43
775,0,0.0,torch_bpr_mf_bias,43
776,0,0.0,torch_bpr_mf_bias,43
777,0,0.0,torch_bpr_mf_bias,43
778,1,0.6309297535714575,torch_bpr_mf_bias,43
779,1,0.6309297535714575,torch_bpr_mf_bias,43
780,0,0.0,torch_bpr_mf_bias,43
781,0,0.0,torch_bpr_mf_bias,43
782,0,0.0,torch_bpr_mf_bias,43
783,0,0.0,torch_bpr_mf_bias,43
784,0,0.0,torch_bpr_mf_bias,43
785,0,0.0,torch_bpr_mf_bias,43
786,0,0.0,torch_bpr_mf_bias,43
787,0,0.0,torch_bpr_mf_bias,43
788,0,0.0,torch_bpr_mf_bias,43
789,0,0.0,torch_bpr_mf_bias,43
790,1,0.2890648263178879,torch_bpr_mf_bias,43
791,0,0.0,torch_bpr_mf_bias,43
792,0,0.0,torch_bpr_mf_bias,43
793,0,0.0,torch_bpr_mf_bias,43
794,0,0.0,torch_bpr_mf_bias,43
795,0,0.0,torch_bpr_mf_bias,43
796,0,0.0,torch_bpr_mf_bias,43
797,0,0.0,torch_bpr_mf_bias,43
798,0,0.0,torch_bpr_mf_bias,43
799,0,0.0,torch_bpr_mf_bias,43
800,0,0.0,torch_bpr_mf_bias,43
801,0,0.0,torch_bpr_mf_bias,43
802,0,0.0,torch_bpr_mf_bias,43
803,0,0.0,torch_bpr_mf_bias,43
804,0,0.0,torch_bpr_mf_bias,43
805,0,0.0,torch_bpr_mf_bias,43
806,0,0.0,torch_bpr_mf_bias,43
807,0,0.0,torch_bpr_mf_bias,43
808,0,0.0,torch_bpr_mf_bias,43
809,0,0.0,torch_bpr_mf_bias,43
810,0,0.0,torch_bpr_mf_bias,43
811,0,0.0,torch_bpr_mf_bias,43
812,0,0.0,torch_bpr_mf_bias,43
813,1,1.0,torch_bpr_mf_bias,43
814,1,0.31546487678572877,torch_bpr_mf_bias,43
815,0,0.0,torch_bpr_mf_bias,43
816,0,0.0,torch_bpr_mf_bias,43
817,0,0.0,torch_bpr_mf_bias,43
818,0,0.0,torch_bpr_mf_bias,43
819,0,0.0,torch_bpr_mf_bias,43
820,0,0.0,torch_bpr_mf_bias,43
821,0,0.0,torch_bpr_mf_bias,43
822,0,0.0,torch_bpr_mf_bias,43
823,0,0.0,torch_bpr_mf_bias,43
824,0,0.0,torch_bpr_mf_bias,43
825,0,0.0,torch_bpr_mf_bias,43
826,0,0.0,torch_bpr_mf_bias,43
827,0,0.0,torch_bpr_mf_bias,43
828,0,0.0,torch_bpr_mf_bias,43
829,0,0.0,torch_bpr_mf_bias,43
830,0,0.0,torch_bpr_mf_bias,43
831,0,0.0,torch_bpr_mf_bias,43
832,0,0.0,torch_bpr_mf_bias,43
833,1,0.6309297535714575,torch_bpr_mf_bias,43
834,0,0.0,torch_bpr_mf_bias,43
835,0,0.0,torch_bpr_mf_bias,43
836,0,0.0,torch_bpr_mf_bias,43
837,0,0.0,torch_bpr_mf_bias,43
838,0,0.0,torch_bpr_mf_bias,43
839,0,0.0,torch_bpr_mf_bias,43
840,0,0.0,torch_bpr_mf_bias,43
841,0,0.0,torch_bpr_mf_bias,43
842,0,0.0,torch_bpr_mf_bias,43
843,0,0.0,torch_bpr_mf_bias,43
844,0,0.0,torch_bpr_mf_bias,43
845,1,1.0,torch_bpr_mf_bias,43
846,0,0.0,torch_bpr_mf_bias,43
847,1,1.0,torch_bpr_mf_bias,43
848,0,0.0,torch_bpr_mf_bias,43
849,0,0.0,torch_bpr_mf_bias,43
850,0,0.0,torch_bpr_mf_bias,43
851,0,0.0,torch_bpr_mf_bias,43
852,0,0.0,torch_bpr_mf_bias,43
853,0,0.0,torch_bpr_mf_bias,43
854,0,0.0,torch_bpr_mf_bias,43
855,0,0.0,torch_bpr_mf_bias,43
856,0,0.0,torch_bpr_mf_bias,43
857,0,0.0,torch_bpr_mf_bias,43
858,0,0.0,torch_bpr_mf_bias,43
859,1,0.3333333333333333,torch_bpr_mf_bias,43
860,1,0.5,torch_bpr_mf_bias,43
861,0,0.0,torch_bpr_mf_bias,43
862,0,0.0,torch_bpr_mf_bias,43
863,0,0.0,torch_bpr_mf_bias,43
864,0,0.0,torch_bpr_mf_bias,43
865,0,0.0,torch_bpr_mf_bias,43
866,1,0.3333333333333333,torch_bpr_mf_bias,43
867,0,0.0,torch_bpr_mf_bias,43
868,0,0.0,torch_bpr_mf_bias,43
869,0,0.0,torch_bpr_mf_bias,43
870,1,0.5,torch_bpr_mf_bias,43
871,0,0.0,torch_bpr_mf_bias,43
872,0,0.0,torch_bpr_mf_bias,43
873,0,0.0,torch_bpr_mf_bias,43
874,0,0.0,torch_bpr_mf_bias,43
875,0,0.0,torch_bpr_mf_bias,43
876,0,0.0,torch_bpr_mf_bias,43
877,0,0.0,torch_bpr_mf_bias,43
878,0,0.0,torch_bpr_mf_bias,43
879,0,0.0,torch_bpr_mf_bias,43
880,0,0.0,torch_bpr_mf_bias,43
881,0,0.0,torch_bpr_mf_bias,43
882,0,0.0,torch_bpr_mf_bias,43
883,0,0.0,torch_bpr_mf_bias,43
884,0,0.0,torch_bpr_mf_bias,43
885,0,0.0,torch_bpr_mf_bias,43
886,0,0.0,torch_bpr_mf_bias,43
887,1,1.0,torch_bpr_mf_bias,43
888,0,0.0,torch_bpr_mf_bias,43
889,0,0.0,torch_bpr_mf_bias,43
890,0,0.0,torch_bpr_mf_bias,43
891,0,0.0,torch_bpr_mf_bias,43
892,1,1.0,torch_bpr_mf_bias,43
893,0,0.0,torch_bpr_mf_bias,43
894,0,0.0,torch_bpr_mf_bias,43
895,0,0.0,torch_bpr_mf_bias,43
896,0,0.0,torch_bpr_mf_bias,43
897,0,0.0,torch_bpr_mf_bias,43
898,0,0.0,torch_bpr_mf_bias,43
899,0,0.0,torch_bpr_mf_bias,43
900,0,0.0,torch_bpr_mf_bias,43
901,0,0.0,torch_bpr_mf_bias,43
902,0,0.0,torch_bpr_mf_bias,43
903,0,0.0,torch_bpr_mf_bias,43
904,0,0.0,torch_bpr_mf_bias,43
905,0,0.0,torch_bpr_mf_bias,43
906,0,0.0,torch_bpr_mf_bias,43
907,1,0.5,torch_bpr_mf_bias,43
908,0,0.0,torch_bpr_mf_bias,43
909,0,0.0,torch_bpr_mf_bias,43
910,0,0.0,torch_bpr_mf_bias,43
911,0,0.0,torch_bpr_mf_bias,43
912,0,0.0,torch_bpr_mf_bias,43
913,0,0.0,torch_bpr_mf_bias,43
914,0,0.0,torch_bpr_mf_bias,43
915,1,0.3010299956639812,torch_bpr_mf_bias,43
916,0,0.0,torch_bpr_mf_bias,43
917,0,0.0,torch_bpr_mf_bias,43
918,0,0.0,torch_bpr_mf_bias,43
919,0,0.0,torch_bpr_mf_bias,43
920,0,0.0,torch_bpr_mf_bias,43
921,0,0.0,torch_bpr_mf_bias,43
922,0,0.0,torch_bpr_mf_bias,43
923,0,0.0,torch_bpr_mf_bias,43
924,0,0.0,torch_bpr_mf_bias,43
925,0,0.0,torch_bpr_mf_bias,43
926,0,0.0,torch_bpr_mf_bias,43
927,0,0.0,torch_bpr_mf_bias,43
928,0,0.0,torch_bpr_mf_bias,43
929,0,0.0,torch_bpr_mf_bias,43
930,0,0.0,torch_bpr_mf_bias,43
931,0,0.0,torch_bpr_mf_bias,43
932,0,0.0,torch_bpr_mf_bias,43
933,1,0.3562071871080222,torch_bpr_mf_bias,43
934,0,0.0,torch_bpr_mf_bias,43
935,0,0.0,torch_bpr_mf_bias,43
936,0,0.0,torch_bpr_mf_bias,43
937,0,0.0,torch_bpr_mf_bias,43
938,0,0.0,torch_bpr_mf_bias,43
939,1,0.2890648263178879,torch_bpr_mf_bias,43
940,0,0.0,torch_bpr_mf_bias,43
941,1,0.43067655807339306,torch_bpr_mf_bias,43
942,0,0.0,torch_bpr_mf_bias,43
943,0,0.0,torch_bpr_mf_bias,43
944,0,0.0,torch_bpr_mf_bias,43
945,0,0.0,torch_bpr_mf_bias,43
946,1,0.43067655807339306,torch_bpr_mf_bias,43
947,0,0.0,torch_bpr_mf_bias,43
948,0,0.0,torch_bpr_mf_bias,43
949,0,0.0,torch_bpr_mf_bias,43
950,0,0.0,torch_bpr_mf_bias,43
951,0,0.0,torch_bpr_mf_bias,43
952,0,0.0,torch_bpr_mf_bias,43
953,0,0.0,torch_bpr_mf_bias,43
954,0,0.0,torch_bpr_mf_bias,43
955,0,0.0,torch_bpr_mf_bias,43
956,0,0.0,torch_bpr_mf_bias,43
957,1,0.3010299956639812,torch_bpr_mf_bias,43
958,0,0.0,torch_bpr_mf_bias,43
959,0,0.0,torch_bpr_mf_bias,43
960,0,0.0,torch_bpr_mf_bias,43
961,1,0.2890648263178879,torch_bpr_mf_bias,43
962,0,0.0,torch_bpr_mf_bias,43
963,0,0.0,torch_bpr_mf_bias,43
964,0,0.0,torch_bpr_mf_bias,43
965,0,0.0,torch_bpr_mf_bias,43
966,0,0.0,torch_bpr_mf_bias,43
967,0,0.0,torch_bpr_mf_bias,43
968,0,0.0,torch_bpr_mf_bias,43
969,0,0.0,torch_bpr_mf_bias,43
970,0,0.0,torch_bpr_mf_bias,43
971,0,0.0,torch_bpr_mf_bias,43
972,0,0.0,torch_bpr_mf_bias,43
973,0,0.0,torch_bpr_mf_bias,43
974,0,0.0,torch_bpr_mf_bias,43
975,0,0.0,torch_bpr_mf_bias,43
976,0,0.0,torch_bpr_mf_bias,43
977,0,0.0,torch_bpr_mf_bias,43
978,0,0.0,torch_bpr_mf_bias,43
979,0,0.0,torch_bpr_mf_bias,43
980,0,0.0,torch_bpr_mf_bias,43
981,0,0.0,torch_bpr_mf_bias,43
982,0,0.0,torch_bpr_mf_bias,43
983,0,0.0,torch_bpr_mf_bias,43
984,0,0.0,torch_bpr_mf_bias,43
985,0,0.0,torch_bpr_mf_bias,43
986,0,0.0,torch_bpr_mf_bias,43
987,0,0.0,torch_bpr_mf_bias,43
988,0,0.0,torch_bpr_mf_bias,43
989,0,0.0,torch_bpr_mf_bias,43
990,0,0.0,torch_bpr_mf_bias,43
991,0,0.0,torch_bpr_mf_bias,43
992,0,0.0,torch_bpr_mf_bias,43
993,0,0.0,torch_bpr_mf_bias,43
994,0,0.0,torch_bpr_mf_bias,43
995,0,0.0,torch_bpr_mf_bias,43
996,0,0.0,torch_bpr_mf_bias,43
997,0,0.0,torch_bpr_mf_bias,43
998,0,0.0,torch_bpr_mf_bias,43
999,0,0.0,torch_bpr_mf_bias,43
1000,0,0.0,torch_bpr_mf_bias,43
1001,0,0.0,torch_bpr_mf_bias,43
1,0,0.0,torch_bpr_mf_bias,44
2,0,0.0,torch_bpr_mf_bias,44
3,0,0.0,torch_bpr_mf_bias,44
4,0,0.0,torch_bpr_mf_bias,44
5,0,0.0,torch_bpr_mf_bias,44
6,1,0.3562071871080222,torch_bpr_mf_bias,44
7,0,0.0,torch_bpr_mf_bias,44
8,0,0.0,torch_bpr_mf_bias,44
9,0,0.0,torch_bpr_mf_bias,44
10,0,0.0,torch_bpr_mf_bias,44
11,0,0.0,torch_bpr_mf_bias,44
12,0,0.0,torch_bpr_mf_bias,44
13,0,0.0,torch_bpr_mf_bias,44
14,0,0.0,torch_bpr_mf_bias,44
15,0,0.0,torch_bpr_mf_bias,44
16,0,0.0,torch_bpr_mf_bias,44
17,1,0.3562071871080222,torch_bpr_mf_bias,44
18,0,0.0,torch_bpr_mf_bias,44
19,0,0.0,torch_bpr_mf_bias,44
20,0,0.0,torch_bpr_mf_bias,44
21,0,0.0,torch_bpr_mf_bias,44
22,0,0.0,torch_bpr_mf_bias,44
23,0,0.0,torch_bpr_mf_bias,44
24,0,0.0,torch_bpr_mf_bias,44
25,0,0.0,torch_bpr_mf_bias,44
26,0,0.0,torch_bpr_mf_bias,44
27,0,0.0,torch_bpr_mf_bias,44
28,0,0.0,torch_bpr_mf_bias,44
29,0,0.0,torch_bpr_mf_bias,44
30,0,0.0,torch_bpr_mf_bias,44
31,0,0.0,torch_bpr_mf_bias,44
32,0,0.0,torch_bpr_mf_bias,44
33,0,0.0,torch_bpr_mf_bias,44
34,0,0.0,torch_bpr_mf_bias,44
35,0,0.0,torch_bpr_mf_bias,44
36,0,0.0,torch_bpr_mf_bias,44
37,1,0.5,torch_bpr_mf_bias,44
38,0,0.0,torch_bpr_mf_bias,44
39,1,0.3562071871080222,torch_bpr_mf_bias,44
40,0,0.0,torch_bpr_mf_bias,44
41,0,0.0,torch_bpr_mf_bias,44
42,0,0.0,torch_bpr_mf_bias,44
43,1,1.0,torch_bpr_mf_bias,44
44,0,0.0,torch_bpr_mf_bias,44
45,0,0.0,torch_bpr_mf_bias,44
47,0,0.0,torch_bpr_mf_bias,44
48,0,0.0,torch_bpr_mf_bias,44
49,0,0.0,torch_bpr_mf_bias,44
50,0,0.0,torch_bpr_mf_bias,44
51,0,0.0,torch_bpr_mf_bias,44
52,0,0.0,torch_bpr_mf_bias,44
53,0,0.0,torch_bpr_mf_bias,44
54,0,0.0,torch_bpr_mf_bias,44
55,1,0.38685280723454163,torch_bpr_mf_bias,44
56,0,0.0,torch_bpr_mf_bias,44
57,0,0.0,torch_bpr_mf_bias,44
58,0,0.0,torch_bpr_mf_bias,44
59,0,0.0,torch_bpr_mf_bias,44
60,0,0.0,torch_bpr_mf_bias,44
61,0,0.0,torch_bpr_mf_bias,44
62,0,0.0,torch_bpr_mf_bias,44
63,0,0.0,torch_bpr_mf_bias,44
64,1,0.43067655807339306,torch_bpr_mf_bias,44
65,0,0.0,torch_bpr_mf_bias,44
66,0,0.0,torch_bpr_mf_bias,44
67,0,0.0,torch_bpr_mf_bias,44
68,0,0.0,torch_bpr_mf_bias,44
69,0,0.0,torch_bpr_mf_bias,44
70,0,0.0,torch_bpr_mf_bias,44
71,0,0.0,torch_bpr_mf_bias,44
72,0,0.0,torch_bpr_mf_bias,44
73,0,0.0,torch_bpr_mf_bias,44
74,0,0.0,torch_bpr_mf_bias,44
75,0,0.0,torch_bpr_mf_bias,44
76,0,0.0,torch_bpr_mf_bias,44
77,0,0.0,torch_bpr_mf_bias,44
78,0,0.0,torch_bpr_mf_bias,44
79,1,0.5,torch_bpr_mf_bias,44
80,1,0.6309297535714575,torch_bpr_mf_bias,44
81,0,0.0,torch_bpr_mf_bias,44
82,0,0.0,torch_bpr_mf_bias,44
83,0,0.0,torch_bpr_mf_bias,44
84,0,0.0,torch_bpr_mf_bias,44
85,0,0.0,torch_bpr_mf_bias,44
86,0,0.0,torch_bpr_mf_bias,44
87,1,0.6309297535714575,torch_bpr_mf_bias,44
88,0,0.0,torch_bpr_mf_bias,44
89,0,0.0,torch_bpr_mf_bias,44
90,0,0.0,torch_bpr_mf_bias,44
91,1,0.5,torch_bpr_mf_bias,44
92,0,0.0,torch_bpr_mf_bias,44
93,0,0.0,torch_bpr_mf_bias,44
94,0,0.0,torch_bpr_mf_bias,44
95,0,0.0,torch_bpr_mf_bias,44
96,0,0.0,torch_bpr_mf_bias,44
97,1,0.31546487678572877,torch_bpr_mf_bias,44
98,0,0.0,torch_bpr_mf_bias,44
99,0,0.0,torch_bpr_mf_bias,44
100,1,0.31546487678572877,torch_bpr_mf_bias,44
101,0,0.0,torch_bpr_mf_bias,44
102,0,0.0,torch_bpr_mf_bias,44
103,0,0.0,torch_bpr_mf_bias,44
104,0,0.0,torch_bpr_mf_bias,44
105,0,0.0,torch_bpr_mf_bias,44
106,0,0.0,torch_bpr_mf_bias,44
107,0,0.0,torch_bpr_mf_bias,44
108,0,0.0,torch_bpr_mf_bias,44
109,1,1.0,torch_bpr_mf_bias,44
110,0,0.0,torch_bpr_mf_bias,44
111,0,0.0,torch_bpr_mf_bias,44
112,0,0.0,torch_bpr_mf_bias,44
113,0,0.0,torch_bpr_mf_bias,44
114,0,0.0,torch_bpr_mf_bias,44
115,0,0.0,torch_bpr_mf_bias,44
116,0,0.0,torch_bpr_mf_bias,44
117,0,0.0,torch_bpr_mf_bias,44
118,0,0.0,torch_bpr_mf_bias,44
119,0,0.0,torch_bpr_mf_bias,44
120,1,0.31546487678572877,torch_bpr_mf_bias,44
121,0,0.0,torch_bpr_mf_bias,44
122,0,0.0,torch_bpr_mf_bias,44
123,0,0.0,torch_bpr_mf_bias,44
124,0,0.0,torch_bpr_mf_bias,44
125,0,0.0,torch_bpr_mf_bias,44
126,0,0.0,torch_bpr_mf_bias,44
127,0,0.0,torch_bpr_mf_bias,44
128,1,0.5,torch_bpr_mf_bias,44
129,0,0.0,torch_bpr_mf_bias,44
130,0,0.0,torch_bpr_mf_bias,44
131,0,0.0,torch_bpr_mf_bias,44
132,0,0.0,torch_bpr_mf_bias,44
133,0,0.0,torch_bpr_mf_bias,44
134,0,0.0,torch_bpr_mf_bias,44
135,0,0.0,torch_bpr_mf_bias,44
136,0,0.0,torch_bpr_mf_bias,44
137,0,0.0,torch_bpr_mf_bias,44
138,1,0.43067655807339306,torch_bpr_mf_bias,44
139,0,0.0,torch_bpr_mf_bias,44
140,0,0.0,torch_bpr_mf_bias,44
141,0,0.0,torch_bpr_mf_bias,44
142,0,0.0,torch_bpr_mf_bias,44
143,0,0.0,torch_bpr_mf_bias,44
144,0,0.0,torch_bpr_mf_bias,44
145,1,0.3010299956639812,torch_bpr_mf_bias,44
146,0,0.0,torch_bpr_mf_bias,44
147,0,0.0,torch_bpr_mf_bias,44
148,0,0.0,torch_bpr_mf_bias,44
149,0,0.0,torch_bpr_mf_bias,44
150,0,0.0,torch_bpr_mf_bias,44
151,0,0.0,torch_bpr_mf_bias,44
152,0,0.0,torch_bpr_mf_bias,44
153,0,0.0,torch_bpr_mf_bias,44
154,0,0.0,torch_bpr_mf_bias,44
155,0,0.0,torch_bpr_mf_bias,44
156,0,0.0,torch_bpr_mf_bias,44
157,0,0.0,torch_bpr_mf_bias,44
158,0,0.0,torch_bpr_mf_bias,44
159,0,0.0,torch_bpr_mf_bias,44
160,0,0.0,torch_bpr_mf_bias,44
161,0,0.0,torch_bpr_mf_bias,44
162,0,0.0,torch_bpr_mf_bias,44
163,0,0.0,torch_bpr_mf_bias,44
164,0,0.0,torch_bpr_mf_bias,44
165,0,0.0,torch_bpr_mf_bias,44
166,0,0.0,torch_bpr_mf_bias,44
167,0,0.0,torch_bpr_mf_bias,44
168,0,0.0,torch_bpr_mf_bias,44
169,0,0.0,torch_bpr_mf_bias,44
170,1,0.43067655807339306,torch_bpr_mf_bias,44
171,1,0.38685280723454163,torch_bpr_mf_bias,44
172,0,0.0,torch_bpr_mf_bias,44
173,0,0.0,torch_bpr_mf_bias,44
174,0,0.0,torch_bpr_mf_bias,44
175,0,0.0,torch_bpr_mf_bias,44
176,0,0.0,torch_bpr_mf_bias,44
177,0,0.0,torch_bpr_mf_bias,44
178,0,0.0,torch_bpr_mf_bias,44
179,0,0.0,torch_bpr_mf_bias,44
180,0,0.0,torch_bpr_mf_bias,44
181,0,0.0,torch_bpr_mf_bias,44
182,0,0.0,torch_bpr_mf_bias,44
183,0,0.0,torch_bpr_mf_bias,44
184,0,0.0,torch_bpr_mf_bias,44
185,0,0.0,torch_bpr_mf_bias,44
186,0,0.0,torch_bpr_mf_bias,44
187,0,0.0,torch_bpr_mf_bias,44
188,0,0.0,torch_bpr_mf_bias,44
189,0,0.0,torch_bpr_mf_bias,44
190,0,0.0,torch_bpr_mf_bias,44
191,0,0.0,torch_bpr_mf_bias,44
192,0,0.0,torch_bpr_mf_bias,44
193,0,0.0,torch_bpr_mf_bias,44
194,0,0.0,torch_bpr_mf_bias,44
195,0,0.0,torch_bpr_mf_bias,44
196,0,0.0,torch_bpr_mf_bias,44
197,1,1.0,torch_bpr_mf_bias,44
198,0,0.0,torch_bpr_mf_bias,44
199,0,0.0,torch_bpr_mf_bias,44
200,0,0.0,torch_bpr_mf_bias,44
201,0,0.0,torch_bpr_mf_bias,44
202,0,0.0,torch_bpr_mf_bias,44
203,0,0.0,torch_bpr_mf_bias,44
204,0,0.0,torch_bpr_mf_bias,44
205,0,0.0,torch_bpr_mf_bias,44
206,0,0.0,torch_bpr_mf_bias,44
207,0,0.0,torch_bpr_mf_bias,44
208,0,0.0,torch_bpr_mf_bias,44
209,0,0.0,torch_bpr_mf_bias,44
210,0,0.0,torch_bpr_mf_bias,44
211,0,0.0,torch_bpr_mf_bias,44
212,0,0.0,torch_bpr_mf_bias,44
213,0,0.0,torch_bpr_mf_bias,44
214,0,0.0,torch_bpr_mf_bias,44
215,0,0.0,torch_bpr_mf_bias,44
216,0,0.0,torch_bpr_mf_bias,44
217,0,0.0,torch_bpr_mf_bias,44
218,0,0.0,torch_bpr_mf_bias,44
219,0,0.0,torch_bpr_mf_bias,44
220,0,0.0,torch_bpr_mf_bias,44
221,0,0.0,torch_bpr_mf_bias,44
222,0,0.0,torch_bpr_mf_bias,44
223,0,0.0,torch_bpr_mf_bias,44
224,0,0.0,torch_bpr_mf_bias,44
225,0,0.0,torch_bpr_mf_bias,44
226,0,0.0,torch_bpr_mf_bias,44
227,0,0.0,torch_bpr_mf_bias,44
228,0,0.0,torch_bpr_mf_bias,44
229,0,0.0,torch_bpr_mf_bias,44
230,0,0.0,torch_bpr_mf_bias,44
231,0,0.0,torch_bpr_mf_bias,44
232,0,0.0,torch_bpr_mf_bias,44
233,0,0.0,torch_bpr_mf_bias,44
234,0,0.0,torch_bpr_mf_bias,44
235,0,0.0,torch_bpr_mf_bias,44
236,0,0.0,torch_bpr_mf_bias,44
237,0,0.0,torch_bpr_mf_bias,44
238,0,0.0,torch_bpr_mf_bias,44
239,1,0.31546487678572877,torch_bpr_mf_bias,44
240,0,0.0,torch_bpr_mf_bias,44
241,0,0.0,torch_bpr_mf_bias,44
242,0,0.0,torch_bpr_mf_bias,44
243,0,0.0,torch_bpr_mf_bias,44
244,0,0.0,torch_bpr_mf_bias,44
245,0,0.0,torch_bpr_mf_bias,44
246,0,0.0,torch_bpr_mf_bias,44
247,0,0.0,torch_bpr_mf_bias,44
248,0,0.0,torch_bpr_mf_bias,44
249,0,0.0,torch_bpr_mf_bias,44
250,0,0.0,torch_bpr_mf_bias,44
251,0,0.0,torch_bpr_mf_bias,44
252,0,0.0,torch_bpr_mf_bias,44
253,0,0.0,torch_bpr_mf_bias,44
254,0,0.0,torch_bpr_mf_bias,44
255,0,0.0,torch_bpr_mf_bias,44
256,0,0.0,torch_bpr_mf_bias,44
257,0,0.0,torch_bpr_mf_bias,44
258,0,0.0,torch_bpr_mf_bias,44
259,0,0.0,torch_bpr_mf_bias,44
260,0,0.0,torch_bpr_mf_bias,44
261,0,0.0,torch_bpr_mf_bias,44
262,0,0.0,torch_bpr_mf_bias,44
263,0,0.0,torch_bpr_mf_bias,44
264,0,0.0,torch_bpr_mf_bias,44
265,0,0.0,torch_bpr_mf_bias,44
266,0,0.0,torch_bpr_mf_bias,44
267,0,0.0,torch_bpr_mf_bias,44
268,0,0.0,torch_bpr_mf_bias,44
269,1,0.31546487678572877,torch_bpr_mf_bias,44
270,0,0.0,torch_bpr_mf_bias,44
271,0,0.0,torch_bpr_mf_bias,44
272,0,0.0,torch_bpr_mf_bias,44
273,1,0.3333333333333333,torch_bpr_mf_bias,44
274,0,0.0,torch_bpr_mf_bias,44
275,0,0.0,torch_bpr_mf_bias,44
276,0,0.0,torch_bpr_mf_bias,44
277,0,0.0,torch_bpr_mf_bias,44
278,0,0.0,torch_bpr_mf_bias,44
279,0,0.0,torch_bpr_mf_bias,44
280,0,0.0,torch_bpr_mf_bias,44
281,0,0.0,torch_bpr_mf_bias,44
282,0,0.0,torch_bpr_mf_bias,44
283,0,0.0,torch_bpr_mf_bias,44
284,0,0.0,torch_bpr_mf_bias,44
285,0,0.0,torch_bpr_mf_bias,44
286,0,0.0,torch_bpr_mf_bias,44
287,0,0.0,torch_bpr_mf_bias,44
288,0,0.0,torch_bpr_mf_bias,44
289,0,0.0,torch_bpr_mf_bias,44
290,0,0.0,torch_bpr_mf_bias,44
291,0,0.0,torch_bpr_mf_bias,44
292,1,0.5,torch_bpr_mf_bias,44
293,0,0.0,torch_bpr_mf_bias,44
294,0,0.0,torch_bpr_mf_bias,44
295,0,0.0,torch_bpr_mf_bias,44
296,0,0.0,torch_bpr_mf_bias,44
297,0,0.0,torch_bpr_mf_bias,44
298,0,0.0,torch_bpr_mf_bias,44
299,0,0.0,torch_bpr_mf_bias,44
300,0,0.0,torch_bpr_mf_bias,44
301,0,0.0,torch_bpr_mf_bias,44
302,0,0.0,torch_bpr_mf_bias,44
303,0,0.0,torch_bpr_mf_bias,44
304,0,0.0,torch_bpr_mf_bias,44
305,0,0.0,torch_bpr_mf_bias,44
306,0,0.0,torch_bpr_mf_bias,44
307,0,0.0,torch_bpr_mf_bias,44
308,0,0.0,torch_bpr_mf_bias,44
309,0,0.0,torch_bpr_mf_bias,44
310,0,0.0,torch_bpr_mf_bias,44
311,1,0.6309297535714575,torch_bpr_mf_bias,44
312,0,0.0,torch_bpr_mf_bias,44
313,1,0.5,torch_bpr_mf_bias,44
314,0,0.0,torch_bpr_mf_bias,44
315,0,0.0,torch_bpr_mf_bias,44
316,0,0.0,torch_bpr_mf_bias,44
317,0,0.0,torch_bpr_mf_bias,44
318,0,0.0,torch_bpr_mf_bias,44
319,0,0.0,torch_bpr_mf_bias,44
320,0,0.0,torch_bpr_mf_bias,44
321,0,0.0,torch_bpr_mf_bias,44
322,1,1.0,torch_bpr_mf_bias,44
323,0,0.0,torch_bpr_mf_bias,44
324,0,0.0,torch_bpr_mf_bias,44
325,1,0.3010299956639812,torch_bpr_mf_bias,44
326,0,0.0,torch_bpr_mf_bias,44
327,0,0.0,torch_bpr_mf_bias,44
328,0,0.0,torch_bpr_mf_bias,44
329,0,0.0,torch_bpr_mf_bias,44
330,0,0.0,torch_bpr_mf_bias,44
331,0,0.0,torch_bpr_mf_bias,44
332,0,0.0,torch_bpr_mf_bias,44
333,0,0.0,torch_bpr_mf_bias,44
334,0,0.0,torch_bpr_mf_bias,44
335,0,0.0,torch_bpr_mf_bias,44
336,1,0.2890648263178879,torch_bpr_mf_bias,44
337,0,0.0,torch_bpr_mf_bias,44
338,0,0.0,torch_bpr_mf_bias,44
339,0,0.0,torch_bpr_mf_bias,44
340,0,0.0,torch_bpr_mf_bias,44
341,0,0.0,torch_bpr_mf_bias,44
342,0,0.0,torch_bpr_mf_bias,44
343,0,0.0,torch_bpr_mf_bias,44
344,1,0.3010299956639812,torch_bpr_mf_bias,44
345,0,0.0,torch_bpr_mf_bias,44
346,0,0.0,torch_bpr_mf_bias,44
347,0,0.0,torch_bpr_mf_bias,44
348,0,0.0,torch_bpr_mf_bias,44
349,0,0.0,torch_bpr_mf_bias,44
350,1,1.0,torch_bpr_mf_bias,44
351,0,0.0,torch_bpr_mf_bias,44
352,0,0.0,torch_bpr_mf_bias,44
353,0,0.0,torch_bpr_mf_bias,44
354,0,0.0,torch_bpr_mf_bias,44
355,0,0.0,torch_bpr_mf_bias,44
356,0,0.0,torch_bpr_mf_bias,44
357,0,0.0,torch_bpr_mf_bias,44
358,1,1.0,torch_bpr_mf_bias,44
359,0,0.0,torch_bpr_mf_bias,44
360,0,0.0,torch_bpr_mf_bias,44
361,0,0.0,torch_bpr_mf_bias,44
362,0,0.0,torch_bpr_mf_bias,44
363,0,0.0,torch_bpr_mf_bias,44
364,0,0.0,torch_bpr_mf_bias,44
365,0,0.0,torch_bpr_mf_bias,44
366,1,0.31546487678572877,torch_bpr_mf_bias,44
367,0,0.0,torch_bpr_mf_bias,44
368,0,0.0,torch_bpr_mf_bias,44
369,0,0.0,torch_bpr_mf_bias,44
370,0,0.0,torch_bpr_mf_bias,44
371,0,0.0,torch_bpr_mf_bias,44
372,0,0.0,torch_bpr_mf_bias,44
373,0,0.0,torch_bpr_mf_bias,44
374,0,0.0,torch_bpr_mf_bias,44
375,0,0.0,torch_bpr_mf_bias,44
376,0,0.0,torch_bpr_mf_bias,44
377,0,0.0,torch_bpr_mf_bias,44
378,0,0.0,torch_bpr_mf_bias,44
379,0,0.0,torch_bpr_mf_bias,44
380,0,0.0,torch_bpr_mf_bias,44
381,0,0.0,torch_bpr_mf_bias,44
382,0,0.0,torch_bpr_mf_bias,44
383,0,0.0,torch_bpr_mf_bias,44
384,0,0.0,torch_bpr_mf_bias,44
385,0,0.0,torch_bpr_mf_bias,44
386,0,0.0,torch_bpr_mf_bias,44
387,1,0.3010299956639812,torch_bpr_mf_bias,44
388,0,0.0,torch_bpr_mf_bias,44
389,0,0.0,torch_bpr_mf_bias,44
390,0,0.0,torch_bpr_mf_bias,44
391,0,0.0,torch_bpr_mf_bias,44
392,0,0.0,torch_bpr_mf_bias,44
393,0,0.0,torch_bpr_mf_bias,44
394,0,0.0,torch_bpr_mf_bias,44
395,0,0.0,torch_bpr_mf_bias,44
396,0,0.0,torch_bpr_mf_bias,44
397,0,0.0,torch_bpr_mf_bias,44
398,0,0.0,torch_bpr_mf_bias,44
399,0,0.0,torch_bpr_mf_bias,44
400,0,0.0,torch_bpr_mf_bias,44
401,0,0.0,torch_bpr_mf_bias,44
402,0,0.0,torch_bpr_mf_bias,44
403,1,0.5,torch_bpr_mf_bias,44
404,0,0.0,torch_bpr_mf_bias,44
405,0,0.0,torch_bpr_mf_bias,44
406,0,0.0,torch_bpr_mf_bias,44
407,0,0.0,torch_bpr_mf_bias,44
408,0,0.0,torch_bpr_mf_bias,44
409,0,0.0,torch_bpr_mf_bias,44
410,0,0.0,torch_bpr_mf_bias,44
411,0,0.0,torch_bpr_mf_bias,44
412,0,0.0,torch_bpr_mf_bias,44
413,0,0.0,torch_bpr_mf_bias,44
414,1,0.3333333333333333,torch_bpr_mf_bias,44
415,0,0.0,torch_bpr_mf_bias,44
416,0,0.0,torch_bpr_mf_bias,44
417,1,0.38685280723454163,torch_bpr_mf_bias,44
418,0,0.0,torch_bpr_mf_bias,44
419,0,0.0,torch_bpr_mf_bias,44
420,0,0.0,torch_bpr_mf_bias,44
421,0,0.0,torch_bpr_mf_bias,44
422,1,0.31546487678572877,torch_bpr_mf_bias,44
423,0,0.0,torch_bpr_mf_bias,44
424,0,0.0,torch_bpr_mf_bias,44
425,0,0.0,torch_bpr_mf_bias,44
426,0,0.0,torch_bpr_mf_bias,44
427,0,0.0,torch_bpr_mf_bias,44
428,0,0.0,torch_bpr_mf_bias,44
429,0,0.0,torch_bpr_mf_bias,44
430,0,0.0,torch_bpr_mf_bias,44
431,0,0.0,torch_bpr_mf_bias,44
432,0,0.0,torch_bpr_mf_bias,44
433,0,0.0,torch_bpr_mf_bias,44
434,0,0.0,torch_bpr_mf_bias,44
435,0,0.0,torch_bpr_mf_bias,44
436,0,0.0,torch_bpr_mf_bias,44
437,0,0.0,torch_bpr_mf_bias,44
438,0,0.0,torch_bpr_mf_bias,44
439,0,0.0,torch_bpr_mf_bias,44
440,0,0.0,torch_bpr_mf_bias,44
441,0,0.0,torch_bpr_mf_bias,44
442,0,0.0,torch_bpr_mf_bias,44
443,0,0.0,torch_bpr_mf_bias,44
444,0,0.0,torch_bpr_mf_bias,44
445,0,0.0,torch_bpr_mf_bias,44
446,0,0.0,torch_bpr_mf_bias,44
447,0,0.0,torch_bpr_mf_bias,44
448,0,0.0,torch_bpr_mf_bias,44
449,0,0.0,torch_bpr_mf_bias,44
450,0,0.0,torch_bpr_mf_bias,44
451,0,0.0,torch_bpr_mf_bias,44
452,0,0.0,torch_bpr_mf_bias,44
453,0,0.0,torch_bpr_mf_bias,44
454,0,0.0,torch_bpr_mf_bias,44
455,0,0.0,torch_bpr_mf_bias,44
456,0,0.0,torch_bpr_mf_bias,44
457,0,0.0,torch_bpr_mf_bias,44
458,0,0.0,torch_bpr_mf_bias,44
459,1,0.3562071871080222,torch_bpr_mf_bias,44
460,0,0.0,torch_bpr_mf_bias,44
461,0,0.0,torch_bpr_mf_bias,44
462,1,0.6309297535714575,torch_bpr_mf_bias,44
463,0,0.0,torch_bpr_mf_bias,44
464,0,0.0,torch_bpr_mf_bias,44
465,0,0.0,torch_bpr_mf_bias,44
466,0,0.0,torch_bpr_mf_bias,44
467,1,1.0,torch_bpr_mf_bias,44
468,0,0.0,torch_bpr_mf_bias,44
469,0,0.0,torch_bpr_mf_bias,44
470,0,0.0,torch_bpr_mf_bias,44
471,0,0.0,torch_bpr_mf_bias,44
472,0,0.0,torch_bpr_mf_bias,44
473,0,0.0,torch_bpr_mf_bias,44
474,0,0.0,torch_bpr_mf_bias,44
475,0,0.0,torch_bpr_mf_bias,44
476,0,0.0,torch_bpr_mf_bias,44
477,0,0.0,torch_bpr_mf_bias,44
478,0,0.0,torch_bpr_mf_bias,44
479,0,0.0,torch_bpr_mf_bias,44
480,0,0.0,torch_bpr_mf_bias,44
481,0,0.0,torch_bpr_mf_bias,44
482,0,0.0,torch_bpr_mf_bias,44
483,0,0.0,torch_bpr_mf_bias,44
484,0,0.0,torch_bpr_mf_bias,44
485,0,0.0,torch_bpr_mf_bias,44
486,0,0.0,torch_bpr_mf_bias,44
487,0,0.0,torch_bpr_mf_bias,44
488,1,0.5,torch_bpr_mf_bias,44
489,0,0.0,torch_bpr_mf_bias,44
490,0,0.0,torch_bpr_mf_bias,44
491,0,0.0,torch_bpr_mf_bias,44
492,0,0.0,torch_bpr_mf_bias,44
493,0,0.0,torch_bpr_mf_bias,44
494,0,0.0,torch_bpr_mf_bias,44
495,0,0.0,torch_bpr_mf_bias,44
496,0,0.0,torch_bpr_mf_bias,44
497,0,0.0,torch_bpr_mf_bias,44
498,0,0.0,torch_bpr_mf_bias,44
499,0,0.0,torch_bpr_mf_bias,44
500,0,0.0,torch_bpr_mf_bias,44
501,0,0.0,torch_bpr_mf_bias,44
502,1,0.6309297535714575,torch_bpr_mf_bias,44
503,0,0.0,torch_bpr_mf_bias,44
504,0,0.0,torch_bpr_mf_bias,44
505,0,0.0,torch_bpr_mf_bias,44
506,0,0.0,torch_bpr_mf_bias,44
507,0,0.0,torch_bpr_mf_bias,44
508,0,0.0,torch_bpr_mf_bias,44
509,0,0.0,torch_bpr_mf_bias,44
510,0,0.0,torch_bpr_mf_bias,44
511,1,0.31546487678572877,torch_bpr_mf_bias,44
512,0,0.0,torch_bpr_mf_bias,44
513,0,0.0,torch_bpr_mf_bias,44
514,0,0.0,torch_bpr_mf_bias,44
515,0,0.0,torch_bpr_mf_bias,44
516,0,0.0,torch_bpr_mf_bias,44
517,0,0.0,torch_bpr_mf_bias,44
518,0,0.0,torch_bpr_mf_bias,44
519,1,0.3333333333333333,torch_bpr_mf_bias,44
520,0,0.0,torch_bpr_mf_bias,44
521,0,0.0,torch_bpr_mf_bias,44
522,1,0.3333333333333333,torch_bpr_mf_bias,44
523,0,0.0,torch_bpr_mf_bias,44
524,0,0.0,torch_bpr_mf_bias,44
525,0,0.0,torch_bpr_mf_bias,44
526,0,0.0,torch_bpr_mf_bias,44
527,0,0.0,torch_bpr_mf_bias,44
528,0,0.0,torch_bpr_mf_bias,44
529,0,0.0,torch_bpr_mf_bias,44
530,0,0.0,torch_bpr_mf_bias,44
531,0,0.0,torch_bpr_mf_bias,44
532,0,0.0,torch_bpr_mf_bias,44
533,0,0.0,torch_bpr_mf_bias,44
534,0,0.0,torch_bpr_mf_bias,44
535,0,0.0,torch_bpr_mf_bias,44
536,0,0.0,torch_bpr_mf_bias,44
537,0,0.0,torch_bpr_mf_bias,44
538,0,0.0,torch_bpr_mf_bias,44
539,0,0.0,torch_bpr_mf_bias,44
540,0,0.0,torch_bpr_mf_bias,44
541,0,0.0,torch_bpr_mf_bias,44
542,0,0.0,torch_bpr_mf_bias,44
543,0,0.0,torch_bpr_mf_bias,44
544,1,0.3333333333333333,torch_bpr_mf_bias,44
545,0,0.0,torch_bpr_mf_bias,44
546,0,0.0,torch_bpr_mf_bias,44
547,0,0.0,torch_bpr_mf_bias,44
548,0,0.0,torch_bpr_mf_bias,44
549,0,0.0,torch_bpr_mf_bias,44
550,0,0.0,torch_bpr_mf_bias,44
551,0,0.0,torch_bpr_mf_bias,44
552,1,0.5,torch_bpr_mf_bias,44
553,1,0.43067655807339306,torch_bpr_mf_bias,44
554,0,0.0,torch_bpr_mf_bias,44
555,0,0.0,torch_bpr_mf_bias,44
556,0,0.0,torch_bpr_mf_bias,44
557,0,0.0,torch_bpr_mf_bias,44
558,0,0.0,torch_bpr_mf_bias,44
559,1,0.5,torch_bpr_mf_bias,44
560,0,0.0,torch_bpr_mf_bias,44
561,0,0.0,torch_bpr_mf_bias,44
562,1,0.3333333333333333,torch_bpr_mf_bias,44
563,0,0.0,torch_bpr_mf_bias,44
564,0,0.0,torch_bpr_mf_bias,44
565,0,0.0,torch_bpr_mf_bias,44
566,0,0.0,torch_bpr_mf_bias,44
567,0,0.0,torch_bpr_mf_bias,44
568,1,0.3562071871080222,torch_bpr_mf_bias,44
569,0,0.0,torch_bpr_mf_bias,44
570,0,0.0,torch_bpr_mf_bias,44
571,0,0.0,torch_bpr_mf_bias,44
572,0,0.0,torch_bpr_mf_bias,44
573,0,0.0,torch_bpr_mf_bias,44
574,0,0.0,torch_bpr_mf_bias,44
575,0,0.0,torch_bpr_mf_bias,44
576,0,0.0,torch_bpr_mf_bias,44
577,0,0.0,torch_bpr_mf_bias,44
578,1,1.0,torch_bpr_mf_bias,44
579,0,0.0,torch_bpr_mf_bias,44
580,1,1.0,torch_bpr_mf_bias,44
581,0,0.0,torch_bpr_mf_bias,44
582,0,0.0,torch_bpr_mf_bias,44
583,0,0.0,torch_bpr_mf_bias,44
584,0,0.0,torch_bpr_mf_bias,44
585,1,0.3562071871080222,torch_bpr_mf_bias,44
586,0,0.0,torch_bpr_mf_bias,44
587,0,0.0,torch_bpr_mf_bias,44
588,0,0.0,torch_bpr_mf_bias,44
589,0,0.0,torch_bpr_mf_bias,44
590,0,0.0,torch_bpr_mf_bias,44
591,0,0.0,torch_bpr_mf_bias,44
592,0,0.0,torch_bpr_mf_bias,44
593,0,0.0,torch_bpr_mf_bias,44
594,0,0.0,torch_bpr_mf_bias,44
595,0,0.0,torch_bpr_mf_bias,44
596,0,0.0,torch_bpr_mf_bias,44
597,0,0.0,torch_bpr_mf_bias,44
598,0,0.0,torch_bpr_mf_bias,44
599,0,0.0,torch_bpr_mf_bias,44
600,0,0.0,torch_bpr_mf_bias,44
601,0,0.0,torch_bpr_mf_bias,44
602,0,0.0,torch_bpr_mf_bias,44
603,0,0.0,torch_bpr_mf_bias,44
604,0,0.0,torch_bpr_mf_bias,44
605,0,0.0,torch_bpr_mf_bias,44
606,0,0.0,torch_bpr_mf_bias,44
607,1,0.43067655807339306,torch_bpr_mf_bias,44
608,0,0.0,torch_bpr_mf_bias,44
609,0,0.0,torch_bpr_mf_bias,44
610,0,0.0,torch_bpr_mf_bias,44
611,0,0.0,torch_bpr_mf_bias,44
612,0,0.0,torch_bpr_mf_bias,44
613,0,0.0,torch_bpr_mf_bias,44
614,0,0.0,torch_bpr_mf_bias,44
615,0,0.0,torch_bpr_mf_bias,44
616,0,0.0,torch_bpr_mf_bias,44
617,1,0.5,torch_bpr_mf_bias,44
618,0,0.0,torch_bpr_mf_bias,44
619,0,0.0,torch_bpr_mf_bias,44
620,0,0.0,torch_bpr_mf_bias,44
621,0,0.0,torch_bpr_mf_bias,44
622,0,0.0,torch_bpr_mf_bias,44
623,0,0.0,torch_bpr_mf_bias,44
624,0,0.0,torch_bpr_mf_bias,44
625,0,0.0,torch_bpr_mf_bias,44
626,0,0.0,torch_bpr_mf_bias,44
627,0,0.0,torch_bpr_mf_bias,44
628,0,0.0,torch_bpr_mf_bias,44
629,0,0.0,torch_bpr_mf_bias,44
630,0,0.0,torch_bpr_mf_bias,44
631,0,0.0,torch_bpr_mf_bias,44
632,0,0.0,torch_bpr_mf_bias,44
633,0,0.0,torch_bpr_mf_bias,44
634,0,0.0,torch_bpr_mf_bias,44
635,0,0.0,torch_bpr_mf_bias,44
636,0,0.0,torch_bpr_mf_bias,44
637,0,0.0,torch_bpr_mf_bias,44
638,0,0.0,torch_bpr_mf_bias,44
639,0,0.0,torch_bpr_mf_bias,44
640,1,0.43067655807339306,torch_bpr_mf_bias,44
641,1,0.31546487678572877,torch_bpr_mf_bias,44
642,0,0.0,torch_bpr_mf_bias,44
643,0,0.0,torch_bpr_mf_bias,44
644,0,0.0,torch_bpr_mf_bias,44
645,0,0.0,torch_bpr_mf_bias,44
646,0,0.0,torch_bpr_mf_bias,44
647,0,0.0,torch_bpr_mf_bias,44
648,0,0.0,torch_bpr_mf_bias,44
649,0,0.0,torch_bpr_mf_bias,44
650,0,0.0,torch_bpr_mf_bias,44
651,0,0.0,torch_bpr_mf_bias,44
652,0,0.0,torch_bpr_mf_bias,44
653,1,1.0,torch_bpr_mf_bias,44
654,0,0.0,torch_bpr_mf_bias,44
655,0,0.0,torch_bpr_mf_bias,44
656,0,0.0,torch_bpr_mf_bias,44
657,0,0.0,torch_bpr_mf_bias,44
658,0,0.0,torch_bpr_mf_bias,44
659,0,0.0,torch_bpr_mf_bias,44
660,0,0.0,torch_bpr_mf_bias,44
661,0,0.0,torch_bpr_mf_bias,44
662,0,0.0,torch_bpr_mf_bias,44
663,0,0.0,torch_bpr_mf_bias,44
664,0,0.0,torch_bpr_mf_bias,44
665,0,0.0,torch_bpr_mf_bias,44
666,0,0.0,torch_bpr_mf_bias,44
667,0,0.0,torch_bpr_mf_bias,44
668,0,0.0,torch_bpr_mf_bias,44
669,0,0.0,torch_bpr_mf_bias,44
670,0,0.0,torch_bpr_mf_bias,44
671,0,0.0,torch_bpr_mf_bias,44
672,0,0.0,torch_bpr_mf_bias,44
673,0,0.0,torch_bpr_mf_bias,44
674,1,0.6309297535714575,torch_bpr_mf_bias,44
675,1,0.43067655807339306,torch_bpr_mf_bias,44
676,0,0.0,torch_bpr_mf_bias,44
677,0,0.0,torch_bpr_mf_bias,44
678,0,0.0,torch_bpr_mf_bias,44
679,0,0.0,torch_bpr_mf_bias,44
680,0,0.0,torch_bpr_mf_bias,44
681,0,0.0,torch_bpr_mf_bias,44
682,0,0.0,torch_bpr_mf_bias,44
683,0,0.0,torch_bpr_mf_bias,44
684,0,0.0,torch_bpr_mf_bias,44
685,0,0.0,torch_bpr_mf_bias,44
686,0,0.0,torch_bpr_mf_bias,44
687,0,0.0,torch_bpr_mf_bias,44
688,0,0.0,torch_bpr_mf_bias,44
689,0,0.0,torch_bpr_mf_bias,44
690,0,0.0,torch_bpr_mf_bias,44
691,0,0.0,torch_bpr_mf_bias,44
692,0,0.0,torch_bpr_mf_bias,44
693,0,0.0,torch_bpr_mf_bias,44
694,0,0.0,torch_bpr_mf_bias,44
695,0,0.0,torch_bpr_mf_bias,44
696,0,0.0,torch_bpr_mf_bias,44
697,0,0.0,torch_bpr_mf_bias,44
698,0,0.0,torch_bpr_mf_bias,44
699,0,0.0,torch_bpr_mf_bias,44
700,0,0.0,torch_bpr_mf_bias,44
701,0,0.0,torch_bpr_mf_bias,44
702,0,0.0,torch_bpr_mf_bias,44
703,0,0.0,torch_bpr_mf_bias,44
704,0,0.0,torch_bpr_mf_bias,44
705,0,0.0,torch_bpr_mf_bias,44
706,0,0.0,torch_bpr_mf_bias,44
707,0,0.0,torch_bpr_mf_bias,44
708,1,0.38685280723454163,torch_bpr_mf_bias,44
709,0,0.0,torch_bpr_mf_bias,44
710,0,0.0,torch_bpr_mf_bias,44
711,0,0.0,torch_bpr_mf_bias,44
712,0,0.0,torch_bpr_mf_bias,44
713,0,0.0,torch_bpr_mf_bias,44
714,0,0.0,torch_bpr_mf_bias,44
715,0,0.0,torch_bpr_mf_bias,44
716,0,0.0,torch_bpr_mf_bias,44
717,0,0.0,torch_bpr_mf_bias,44
718,0,0.0,torch_bpr_mf_bias,44
719,0,0.0,torch_bpr_mf_bias,44
720,0,0.0,torch_bpr_mf_bias,44
721,0,0.0,torch_bpr_mf_bias,44
722,0,0.0,torch_bpr_mf_bias,44
723,0,0.0,torch_bpr_mf_bias,44
724,0,0.0,torch_bpr_mf_bias,44
725,0,0.0,torch_bpr_mf_bias,44
726,0,0.0,torch_bpr_mf_bias,44
727,0,0.0,torch_bpr_mf_bias,44
728,0,0.0,torch_bpr_mf_bias,44
729,0,0.0,torch_bpr_mf_bias,44
730,1,0.3010299956639812,torch_bpr_mf_bias,44
731,0,0.0,torch_bpr_mf_bias,44
732,0,0.0,torch_bpr_mf_bias,44
733,0,0.0,torch_bpr_mf_bias,44
734,0,0.0,torch_bpr_mf_bias,44
735,0,0.0,torch_bpr_mf_bias,44
736,0,0.0,torch_bpr_mf_bias,44
737,0,0.0,torch_bpr_mf_bias,44
738,0,0.0,torch_bpr_mf_bias,44
739,0,0.0,torch_bpr_mf_bias,44
740,0,0.0,torch_bpr_mf_bias,44
741,0,0.0,torch_bpr_mf_bias,44
742,0,0.0,torch_bpr_mf_bias,44
743,1,1.0,torch_bpr_mf_bias,44
744,0,0.0,torch_bpr_mf_bias,44
745,0,0.0,torch_bpr_mf_bias,44
746,0,0.0,torch_bpr_mf_bias,44
747,0,0.0,torch_bpr_mf_bias,44
748,0,0.0,torch_bpr_mf_bias,44
749,0,0.0,torch_bpr_mf_bias,44
750,0,0.0,torch_bpr_mf_bias,44
751,1,0.38685280723454163,torch_bpr_mf_bias,44
752,0,0.0,torch_bpr_mf_bias,44
753,1,1.0,torch_bpr_mf_bias,44
754,1,0.3010299956639812,torch_bpr_mf_bias,44
755,0,0.0,torch_bpr_mf_bias,44
756,0,0.0,torch_bpr_mf_bias,44
757,0,0.0,torch_bpr_mf_bias,44
758,0,0.0,torch_bpr_mf_bias,44
759,0,0.0,torch_bpr_mf_bias,44
760,0,0.0,torch_bpr_mf_bias,44
761,1,0.6309297535714575,torch_bpr_mf_bias,44
762,0,0.0,torch_bpr_mf_bias,44
763,0,0.0,torch_bpr_mf_bias,44
764,0,0.0,torch_bpr_mf_bias,44
765,0,0.0,torch_bpr_mf_bias,44
766,1,0.2890648263178879,torch_bpr_mf_bias,44
767,0,0.0,torch_bpr_mf_bias,44
768,0,0.0,torch_bpr_mf_bias,44
769,0,0.0,torch_bpr_mf_bias,44
770,0,0.0,torch_bpr_mf_bias,44
771,1,0.2890648263178879,torch_bpr_mf_bias,44
772,0,0.0,torch_bpr_mf_bias,44
773,0,0.0,torch_bpr_mf_bias,44
774,0,0.0,torch_bpr_mf_bias,44
775,0,0.0,torch_bpr_mf_bias,44
776,0,0.0,torch_bpr_mf_bias,44
777,0,0.0,torch_bpr_mf_bias,44
778,1,1.0,torch_bpr_mf_bias,44
779,1,0.6309297535714575,torch_bpr_mf_bias,44
780,0,0.0,torch_bpr_mf_bias,44
781,0,0.0,torch_bpr_mf_bias,44
782,0,0.0,torch_bpr_mf_bias,44
783,0,0.0,torch_bpr_mf_bias,44
784,0,0.0,torch_bpr_mf_bias,44
785,0,0.0,torch_bpr_mf_bias,44
786,0,0.0,torch_bpr_mf_bias,44
787,0,0.0,torch_bpr_mf_bias,44
788,0,0.0,torch_bpr_mf_bias,44
789,0,0.0,torch_bpr_mf_bias,44
790,1,0.5,torch_bpr_mf_bias,44
791,0,0.0,torch_bpr_mf_bias,44
792,0,0.0,torch_bpr_mf_bias,44
793,0,0.0,torch_bpr_mf_bias,44
794,0,0.0,torch_bpr_mf_bias,44
795,0,0.0,torch_bpr_mf_bias,44
796,0,0.0,torch_bpr_mf_bias,44
797,0,0.0,torch_bpr_mf_bias,44
798,0,0.0,torch_bpr_mf_bias,44
799,0,0.0,torch_bpr_mf_bias,44
800,0,0.0,torch_bpr_mf_bias,44
801,0,0.0,torch_bpr_mf_bias,44
802,0,0.0,torch_bpr_mf_bias,44
803,0,0.0,torch_bpr_mf_bias,44
804,0,0.0,torch_bpr_mf_bias,44
805,0,0.0,torch_bpr_mf_bias,44
806,0,0.0,torch_bpr_mf_bias,44
807,0,0.0,torch_bpr_mf_bias,44
808,0,0.0,torch_bpr_mf_bias,44
809,0,0.0,torch_bpr_mf_bias,44
810,0,0.0,torch_bpr_mf_bias,44
811,0,0.0,torch_bpr_mf_bias,44
812,0,0.0,torch_bpr_mf_bias,44
813,1,0.43067655807339306,torch_bpr_mf_bias,44
814,0,0.0,torch_bpr_mf_bias,44
815,0,0.0,torch_bpr_mf_bias,44
816,0,0.0,torch_bpr_mf_bias,44
817,0,0.0,torch_bpr_mf_bias,44
818,0,0.0,torch_bpr_mf_bias,44
819,0,0.0,torch_bpr_mf_bias,44
820,0,0.0,torch_bpr_mf_bias,44
821,0,0.0,torch_bpr_mf_bias,44
822,0,0.0,torch_bpr_mf_bias,44
823,0,0.0,torch_bpr_mf_bias,44
824,0,0.0,torch_bpr_mf_bias,44
825,0,0.0,torch_bpr_mf_bias,44
826,0,0.0,torch_bpr_mf_bias,44
827,0,0.0,torch_bpr_mf_bias,44
828,0,0.0,torch_bpr_mf_bias,44
829,0,0.0,torch_bpr_mf_bias,44
830,0,0.0,torch_bpr_mf_bias,44
831,0,0.0,torch_bpr_mf_bias,44
832,0,0.0,torch_bpr_mf_bias,44
833,1,0.3562071871080222,torch_bpr_mf_bias,44
834,0,0.0,torch_bpr_mf_bias,44
835,0,0.0,torch_bpr_mf_bias,44
836,0,0.0,torch_bpr_mf_bias,44
837,0,0.0,torch_bpr_mf_bias,44
838,0,0.0,torch_bpr_mf_bias,44
839,0,0.0,torch_bpr_mf_bias,44
840,0,0.0,torch_bpr_mf_bias,44
841,0,0.0,torch_bpr_mf_bias,44
842,0,0.0,torch_bpr_mf_bias,44
843,0,0.0,torch_bpr_mf_bias,44
844,0,0.0,torch_bpr_mf_bias,44
845,1,1.0,torch_bpr_mf_bias,44
846,0,0.0,torch_bpr_mf_bias,44
847,1,0.43067655807339306,torch_bpr_mf_bias,44
848,0,0.0,torch_bpr_mf_bias,44
849,0,0.0,torch_bpr_mf_bias,44
850,0,0.0,torch_bpr_mf_bias,44
851,0,0.0,torch_bpr_mf_bias,44
852,0,0.0,torch_bpr_mf_bias,44
853,0,0.0,torch_bpr_mf_bias,44
854,0,0.0,torch_bpr_mf_bias,44
855,0,0.0,torch_bpr_mf_bias,44
856,0,0.0,torch_bpr_mf_bias,44
857,0,0.0,torch_bpr_mf_bias,44
858,0,0.0,torch_bpr_mf_bias,44
859,1,0.38685280723454163,torch_bpr_mf_bias,44
860,1,1.0,torch_bpr_mf_bias,44
861,0,0.0,torch_bpr_mf_bias,44
862,0,0.0,torch_bpr_mf_bias,44
863,0,0.0,torch_bpr_mf_bias,44
864,0,0.0,torch_bpr_mf_bias,44
865,0,0.0,torch_bpr_mf_bias,44
866,0,0.0,torch_bpr_mf_bias,44
867,0,0.0,torch_bpr_mf_bias,44
868,0,0.0,torch_bpr_mf_bias,44
869,0,0.0,torch_bpr_mf_bias,44
870,1,0.2890648263178879,torch_bpr_mf_bias,44
871,0,0.0,torch_bpr_mf_bias,44
872,0,0.0,torch_bpr_mf_bias,44
873,0,0.0,torch_bpr_mf_bias,44
874,0,0.0,torch_bpr_mf_bias,44
875,0,0.0,torch_bpr_mf_bias,44
876,0,0.0,torch_bpr_mf_bias,44
877,0,0.0,torch_bpr_mf_bias,44
878,0,0.0,torch_bpr_mf_bias,44
879,1,0.38685280723454163,torch_bpr_mf_bias,44
880,0,0.0,torch_bpr_mf_bias,44
881,0,0.0,torch_bpr_mf_bias,44
882,0,0.0,torch_bpr_mf_bias,44
883,0,0.0,torch_bpr_mf_bias,44
884,0,0.0,torch_bpr_mf_bias,44
885,0,0.0,torch_bpr_mf_bias,44
886,0,0.0,torch_bpr_mf_bias,44
887,0,0.0,torch_bpr_mf_bias,44
888,0,0.0,torch_bpr_mf_bias,44
889,0,0.0,torch_bpr_mf_bias,44
890,0,0.0,torch_bpr_mf_bias,44
891,0,0.0,torch_bpr_mf_bias,44
892,1,1.0,torch_bpr_mf_bias,44
893,0,0.0,torch_bpr_mf_bias,44
894,0,0.0,torch_bpr_mf_bias,44
895,0,0.0,torch_bpr_mf_bias,44
896,0,0.0,torch_bpr_mf_bias,44
897,0,0.0,torch_bpr_mf_bias,44
898,0,0.0,torch_bpr_mf_bias,44
899,0,0.0,torch_bpr_mf_bias,44
900,0,0.0,torch_bpr_mf_bias,44
901,0,0.0,torch_bpr_mf_bias,44
902,1,0.2890648263178879,torch_bpr_mf_bias,44
903,0,0.0,torch_bpr_mf_bias,44
904,0,0.0,torch_bpr_mf_bias,44
905,0,0.0,torch_bpr_mf_bias,44
906,0,0.0,torch_bpr_mf_bias,44
907,1,0.43067655807339306,torch_bpr_mf_bias,44
908,0,0.0,torch_bpr_mf_bias,44
909,0,0.0,torch_bpr_mf_bias,44
910,0,0.0,torch_bpr_mf_bias,44
911,0,0.0,torch_bpr_mf_bias,44
912,0,0.0,torch_bpr_mf_bias,44
913,0,0.0,torch_bpr_mf_bias,44
914,0,0.0,torch_bpr_mf_bias,44
915,0,0.0,torch_bpr_mf_bias,44
916,0,0.0,torch_bpr_mf_bias,44
917,0,0.0,torch_bpr_mf_bias,44
918,0,0.0,torch_bpr_mf_bias,44
919,0,0.0,torch_bpr_mf_bias,44
920,0,0.0,torch_bpr_mf_bias,44
921,0,0.0,torch_bpr_mf_bias,44
922,0,0.0,torch_bpr_mf_bias,44
923,0,0.0,torch_bpr_mf_bias,44
924,0,0.0,torch_bpr_mf_bias,44
925,0,0.0,torch_bpr_mf_bias,44
926,0,0.0,torch_bpr_mf_bias,44
927,0,0.0,torch_bpr_mf_bias,44
928,0,0.0,torch_bpr_mf_bias,44
929,0,0.0,torch_bpr_mf_bias,44
930,0,0.0,torch_bpr_mf_bias,44
931,0,0.0,torch_bpr_mf_bias,44
932,0,0.0,torch_bpr_mf_bias,44
933,1,0.3562071871080222,torch_bpr_mf_bias,44
934,0,0.0,torch_bpr_mf_bias,44
935,0,0.0,torch_bpr_mf_bias,44
936,0,0.0,torch_bpr_mf_bias,44
937,0,0.0,torch_bpr_mf_bias,44
938,0,0.0,torch_bpr_mf_bias,44
939,0,0.0,torch_bpr_mf_bias,44
940,1,0.2890648263178879,torch_bpr_mf_bias,44
941,1,0.43067655807339306,torch_bpr_mf_bias,44
942,0,0.0,torch_bpr_mf_bias,44
943,0,0.0,torch_bpr_mf_bias,44
944,0,0.0,torch_bpr_mf_bias,44
945,0,0.0,torch_bpr_mf_bias,44
946,0,0.0,torch_bpr_mf_bias,44
947,0,0.0,torch_bpr_mf_bias,44
948,0,0.0,torch_bpr_mf_bias,44
949,0,0.0,torch_bpr_mf_bias,44
950,0,0.0,torch_bpr_mf_bias,44
951,0,0.0,torch_bpr_mf_bias,44
952,0,0.0,torch_bpr_mf_bias,44
953,0,0.0,torch_bpr_mf_bias,44
954,0,0.0,torch_bpr_mf_bias,44
955,0,0.0,torch_bpr_mf_bias,44
956,0,0.0,torch_bpr_mf_bias,44
957,1,0.3333333333333333,torch_bpr_mf_bias,44
958,0,0.0,torch_bpr_mf_bias,44
959,0,0.0,torch_bpr_mf_bias,44
960,0,0.0,torch_bpr_mf_bias,44
961,1,0.38685280723454163,torch_bpr_mf_bias,44
962,0,0.0,torch_bpr_mf_bias,44
963,0,0.0,torch_bpr_mf_bias,44
964,0,0.0,torch_bpr_mf_bias,44
965,0,0.0,torch_bpr_mf_bias,44
966,0,0.0,torch_bpr_mf_bias,44
967,0,0.0,torch_bpr_mf_bias,44
968,0,0.0,torch_bpr_mf_bias,44
969,0,0.0,torch_bpr_mf_bias,44
970,0,0.0,torch_bpr_mf_bias,44
971,0,0.0,torch_bpr_mf_bias,44
972,0,0.0,torch_bpr_mf_bias,44
973,0,0.0,torch_bpr_mf_bias,44
974,0,0.0,torch_bpr_mf_bias,44
975,0,0.0,torch_bpr_mf_bias,44
976,0,0.0,torch_bpr_mf_bias,44
977,0,0.0,torch_bpr_mf_bias,44
978,0,0.0,torch_bpr_mf_bias,44
979,0,0.0,torch_bpr_mf_bias,44
980,0,0.0,torch_bpr_mf_bias,44
981,0,0.0,torch_bpr_mf_bias,44
982,0,0.0,torch_bpr_mf_bias,44
983,0,0.0,torch_bpr_mf_bias,44
984,0,0.0,torch_bpr_mf_bias,44
985,0,0.0,torch_bpr_mf_bias,44
986,0,0.0,torch_bpr_mf_bias,44
987,0,0.0,torch_bpr_mf_bias,44
988,0,0.0,torch_bpr_mf_bias,44
989,0,0.0,torch_bpr_mf_bias,44
990,0,0.0,torch_bpr_mf_bias,44
991,0,0.0,torch_bpr_mf_bias,44
992,0,0.0,torch_bpr_mf_bias,44
993,0,0.0,torch_bpr_mf_bias,44
994,0,0.0,torch_bpr_mf_bias,44
995,0,0.0,torch_bpr_mf_bias,44
996,0,0.0,torch_bpr_mf_bias,44
997,0,0.0,torch_bpr_mf_bias,44
998,0,0.0,torch_bpr_mf_bias,44
999,0,0.0,torch_bpr_mf_bias,44
1000,0,0.0,torch_bpr_mf_bias,44
1001,0,0.0,torch_bpr_mf_bias,44
1,0,0.0,torch_bpr_mf_bias,45
2,0,0.0,torch_bpr_mf_bias,45
3,0,0.0,torch_bpr_mf_bias,45
4,0,0.0,torch_bpr_mf_bias,45
5,0,0.0,torch_bpr_mf_bias,45
6,1,0.3562071871080222,torch_bpr_mf_bias,45
7,0,0.0,torch_bpr_mf_bias,45
8,0,0.0,torch_bpr_mf_bias,45
9,0,0.0,torch_bpr_mf_bias,45
10,0,0.0,torch_bpr_mf_bias,45
11,0,0.0,torch_bpr_mf_bias,45
12,0,0.0,torch_bpr_mf_bias,45
13,0,0.0,torch_bpr_mf_bias,45
14,0,0.0,torch_bpr_mf_bias,45
15,0,0.0,torch_bpr_mf_bias,45
16,0,0.0,torch_bpr_mf_bias,45
17,1,0.3333333333333333,torch_bpr_mf_bias,45
18,0,0.0,torch_bpr_mf_bias,45
19,0,0.0,torch_bpr_mf_bias,45
20,0,0.0,torch_bpr_mf_bias,45
21,0,0.0,torch_bpr_mf_bias,45
22,0,0.0,torch_bpr_mf_bias,45
23,0,0.0,torch_bpr_mf_bias,45
24,0,0.0,torch_bpr_mf_bias,45
25,0,0.0,torch_bpr_mf_bias,45
26,0,0.0,torch_bpr_mf_bias,45
27,0,0.0,torch_bpr_mf_bias,45
28,0,0.0,torch_bpr_mf_bias,45
29,0,0.0,torch_bpr_mf_bias,45
30,0,0.0,torch_bpr_mf_bias,45
31,0,0.0,torch_bpr_mf_bias,45
32,0,0.0,torch_bpr_mf_bias,45
33,0,0.0,torch_bpr_mf_bias,45
34,0,0.0,torch_bpr_mf_bias,45
35,0,0.0,torch_bpr_mf_bias,45
36,0,0.0,torch_bpr_mf_bias,45
37,1,0.31546487678572877,torch_bpr_mf_bias,45
38,0,0.0,torch_bpr_mf_bias,45
39,0,0.0,torch_bpr_mf_bias,45
40,0,0.0,torch_bpr_mf_bias,45
41,0,0.0,torch_bpr_mf_bias,45
42,0,0.0,torch_bpr_mf_bias,45
43,1,0.43067655807339306,torch_bpr_mf_bias,45
44,0,0.0,torch_bpr_mf_bias,45
45,0,0.0,torch_bpr_mf_bias,45
47,0,0.0,torch_bpr_mf_bias,45
48,0,0.0,torch_bpr_mf_bias,45
49,0,0.0,torch_bpr_mf_bias,45
50,0,0.0,torch_bpr_mf_bias,45
51,0,0.0,torch_bpr_mf_bias,45
52,0,0.0,torch_bpr_mf_bias,45
53,0,0.0,torch_bpr_mf_bias,45
54,0,0.0,torch_bpr_mf_bias,45
55,1,0.43067655807339306,torch_bpr_mf_bias,45
56,0,0.0,torch_bpr_mf_bias,45
57,0,0.0,torch_bpr_mf_bias,45
58,0,0.0,torch_bpr_mf_bias,45
59,0,0.0,torch_bpr_mf_bias,45
60,0,0.0,torch_bpr_mf_bias,45
61,0,0.0,torch_bpr_mf_bias,45
62,0,0.0,torch_bpr_mf_bias,45
63,0,0.0,torch_bpr_mf_bias,45
64,0,0.0,torch_bpr_mf_bias,45
65,0,0.0,torch_bpr_mf_bias,45
66,0,0.0,torch_bpr_mf_bias,45
67,0,0.0,torch_bpr_mf_bias,45
68,0,0.0,torch_bpr_mf_bias,45
69,0,0.0,torch_bpr_mf_bias,45
70,0,0.0,torch_bpr_mf_bias,45
71,1,0.43067655807339306,torch_bpr_mf_bias,45
72,0,0.0,torch_bpr_mf_bias,45
73,0,0.0,torch_bpr_mf_bias,45
74,0,0.0,torch_bpr_mf_bias,45
75,0,0.0,torch_bpr_mf_bias,45
76,0,0.0,torch_bpr_mf_bias,45
77,1,0.31546487678572877,torch_bpr_mf_bias,45
78,0,0.0,torch_bpr_mf_bias,45
79,1,0.2890648263178879,torch_bpr_mf_bias,45
80,1,0.6309297535714575,torch_bpr_mf_bias,45
81,0,0.0,torch_bpr_mf_bias,45
82,0,0.0,torch_bpr_mf_bias,45
83,0,0.0,torch_bpr_mf_bias,45
84,1,0.5,torch_bpr_mf_bias,45
85,0,0.0,torch_bpr_mf_bias,45
86,0,0.0,torch_bpr_mf_bias,45
87,1,1.0,torch_bpr_mf_bias,45
88,0,0.0,torch_bpr_mf_bias,45
89,0,0.0,torch_bpr_mf_bias,45
90,0,0.0,torch_bpr_mf_bias,45
91,1,1.0,torch_bpr_mf_bias,45
92,0,0.0,torch_bpr_mf_bias,45
93,0,0.0,torch_bpr_mf_bias,45
94,0,0.0,torch_bpr_mf_bias,45
95,0,0.0,torch_bpr_mf_bias,45
96,0,0.0,torch_bpr_mf_bias,45
97,1,0.31546487678572877,torch_bpr_mf_bias,45
98,0,0.0,torch_bpr_mf_bias,45
99,0,0.0,torch_bpr_mf_bias,45
100,0,0.0,torch_bpr_mf_bias,45
101,0,0.0,torch_bpr_mf_bias,45
102,0,0.0,torch_bpr_mf_bias,45
103,0,0.0,torch_bpr_mf_bias,45
104,0,0.0,torch_bpr_mf_bias,45
105,0,0.0,torch_bpr_mf_bias,45
106,0,0.0,torch_bpr_mf_bias,45
107,0,0.0,torch_bpr_mf_bias,45
108,0,0.0,torch_bpr_mf_bias,45
109,1,1.0,torch_bpr_mf_bias,45
110,0,0.0,torch_bpr_mf_bias,45
111,0,0.0,torch_bpr_mf_bias,45
112,0,0.0,torch_bpr_mf_bias,45
113,0,0.0,torch_bpr_mf_bias,45
114,0,0.0,torch_bpr_mf_bias,45
115,0,0.0,torch_bpr_mf_bias,45
116,0,0.0,torch_bpr_mf_bias,45
117,0,0.0,torch_bpr_mf_bias,45
118,0,0.0,torch_bpr_mf_bias,45
119,0,0.0,torch_bpr_mf_bias,45
120,0,0.0,torch_bpr_mf_bias,45
121,0,0.0,torch_bpr_mf_bias,45
122,0,0.0,torch_bpr_mf_bias,45
123,0,0.0,torch_bpr_mf_bias,45
124,0,0.0,torch_bpr_mf_bias,45
125,0,0.0,torch_bpr_mf_bias,45
126,0,0.0,torch_bpr_mf_bias,45
127,0,0.0,torch_bpr_mf_bias,45
128,1,0.2890648263178879,torch_bpr_mf_bias,45
129,0,0.0,torch_bpr_mf_bias,45
130,0,0.0,torch_bpr_mf_bias,45
131,0,0.0,torch_bpr_mf_bias,45
132,0,0.0,torch_bpr_mf_bias,45
133,0,0.0,torch_bpr_mf_bias,45
134,0,0.0,torch_bpr_mf_bias,45
135,0,0.0,torch_bpr_mf_bias,45
136,0,0.0,torch_bpr_mf_bias,45
137,0,0.0,torch_bpr_mf_bias,45
138,1,0.6309297535714575,torch_bpr_mf_bias,45
139,0,0.0,torch_bpr_mf_bias,45
140,0,0.0,torch_bpr_mf_bias,45
141,0,0.0,torch_bpr_mf_bias,45
142,0,0.0,torch_bpr_mf_bias,45
143,0,0.0,torch_bpr_mf_bias,45
144,0,0.0,torch_bpr_mf_bias,45
145,0,0.0,torch_bpr_mf_bias,45
146,0,0.0,torch_bpr_mf_bias,45
147,0,0.0,torch_bpr_mf_bias,45
148,0,0.0,torch_bpr_mf_bias,45
149,0,0.0,torch_bpr_mf_bias,45
150,0,0.0,torch_bpr_mf_bias,45
151,0,0.0,torch_bpr_mf_bias,45
152,0,0.0,torch_bpr_mf_bias,45
153,0,0.0,torch_bpr_mf_bias,45
154,0,0.0,torch_bpr_mf_bias,45
155,0,0.0,torch_bpr_mf_bias,45
156,0,0.0,torch_bpr_mf_bias,45
157,0,0.0,torch_bpr_mf_bias,45
158,0,0.0,torch_bpr_mf_bias,45
159,1,0.38685280723454163,torch_bpr_mf_bias,45
160,0,0.0,torch_bpr_mf_bias,45
161,0,0.0,torch_bpr_mf_bias,45
162,0,0.0,torch_bpr_mf_bias,45
163,0,0.0,torch_bpr_mf_bias,45
164,0,0.0,torch_bpr_mf_bias,45
165,0,0.0,torch_bpr_mf_bias,45
166,0,0.0,torch_bpr_mf_bias,45
167,0,0.0,torch_bpr_mf_bias,45
168,0,0.0,torch_bpr_mf_bias,45
169,0,0.0,torch_bpr_mf_bias,45
170,1,0.3562071871080222,torch_bpr_mf_bias,45
171,1,0.2890648263178879,torch_bpr_mf_bias,45
172,1,0.2890648263178879,torch_bpr_mf_bias,45
173,0,0.0,torch_bpr_mf_bias,45
174,0,0.0,torch_bpr_mf_bias,45
175,0,0.0,torch_bpr_mf_bias,45
176,0,0.0,torch_bpr_mf_bias,45
177,0,0.0,torch_bpr_mf_bias,45
178,0,0.0,torch_bpr_mf_bias,45
179,0,0.0,torch_bpr_mf_bias,45
180,0,0.0,torch_bpr_mf_bias,45
181,0,0.0,torch_bpr_mf_bias,45
182,1,0.5,torch_bpr_mf_bias,45
183,0,0.0,torch_bpr_mf_bias,45
184,0,0.0,torch_bpr_mf_bias,45
185,0,0.0,torch_bpr_mf_bias,45
186,0,0.0,torch_bpr_mf_bias,45
187,0,0.0,torch_bpr_mf_bias,45
188,0,0.0,torch_bpr_mf_bias,45
189,0,0.0,torch_bpr_mf_bias,45
190,0,0.0,torch_bpr_mf_bias,45
191,0,0.0,torch_bpr_mf_bias,45
192,0,0.0,torch_bpr_mf_bias,45
193,0,0.0,torch_bpr_mf_bias,45
194,0,0.0,torch_bpr_mf_bias,45
195,0,0.0,torch_bpr_mf_bias,45
196,0,0.0,torch_bpr_mf_bias,45
197,1,0.3562071871080222,torch_bpr_mf_bias,45
198,0,0.0,torch_bpr_mf_bias,45
199,0,0.0,torch_bpr_mf_bias,45
200,0,0.0,torch_bpr_mf_bias,45
201,0,0.0,torch_bpr_mf_bias,45
202,0,0.0,torch_bpr_mf_bias,45
203,0,0.0,torch_bpr_mf_bias,45
204,0,0.0,torch_bpr_mf_bias,45
205,0,0.0,torch_bpr_mf_bias,45
206,0,0.0,torch_bpr_mf_bias,45
207,0,0.0,torch_bpr_mf_bias,45
208,0,0.0,torch_bpr_mf_bias,45
209,0,0.0,torch_bpr_mf_bias,45
210,0,0.0,torch_bpr_mf_bias,45
211,0,0.0,torch_bpr_mf_bias,45
212,0,0.0,torch_bpr_mf_bias,45
213,0,0.0,torch_bpr_mf_bias,45
214,0,0.0,torch_bpr_mf_bias,45
215,0,0.0,torch_bpr_mf_bias,45
216,0,0.0,torch_bpr_mf_bias,45
217,0,0.0,torch_bpr_mf_bias,45
218,0,0.0,torch_bpr_mf_bias,45
219,1,0.43067655807339306,torch_bpr_mf_bias,45
220,0,0.0,torch_bpr_mf_bias,45
221,0,0.0,torch_bpr_mf_bias,45
222,0,0.0,torch_bpr_mf_bias,45
223,0,0.0,torch_bpr_mf_bias,45
224,0,0.0,torch_bpr_mf_bias,45
225,0,0.0,torch_bpr_mf_bias,45
226,0,0.0,torch_bpr_mf_bias,45
227,0,0.0,torch_bpr_mf_bias,45
228,0,0.0,torch_bpr_mf_bias,45
229,0,0.0,torch_bpr_mf_bias,45
230,0,0.0,torch_bpr_mf_bias,45
231,0,0.0,torch_bpr_mf_bias,45
232,0,0.0,torch_bpr_mf_bias,45
233,0,0.0,torch_bpr_mf_bias,45
234,0,0.0,torch_bpr_mf_bias,45
235,0,0.0,torch_bpr_mf_bias,45
236,0,0.0,torch_bpr_mf_bias,45
237,0,0.0,torch_bpr_mf_bias,45
238,0,0.0,torch_bpr_mf_bias,45
239,0,0.0,torch_bpr_mf_bias,45
240,0,0.0,torch_bpr_mf_bias,45
241,0,0.0,torch_bpr_mf_bias,45
242,0,0.0,torch_bpr_mf_bias,45
243,1,0.3010299956639812,torch_bpr_mf_bias,45
244,0,0.0,torch_bpr_mf_bias,45
245,0,0.0,torch_bpr_mf_bias,45
246,0,0.0,torch_bpr_mf_bias,45
247,0,0.0,torch_bpr_mf_bias,45
248,0,0.0,torch_bpr_mf_bias,45
249,0,0.0,torch_bpr_mf_bias,45
250,0,0.0,torch_bpr_mf_bias,45
251,0,0.0,torch_bpr_mf_bias,45
252,0,0.0,torch_bpr_mf_bias,45
253,0,0.0,torch_bpr_mf_bias,45
254,0,0.0,torch_bpr_mf_bias,45
255,0,0.0,torch_bpr_mf_bias,45
256,0,0.0,torch_bpr_mf_bias,45
257,0,0.0,torch_bpr_mf_bias,45
258,0,0.0,torch_bpr_mf_bias,45
259,0,0.0,torch_bpr_mf_bias,45
260,0,0.0,torch_bpr_mf_bias,45
261,0,0.0,torch_bpr_mf_bias,45
262,0,0.0,torch_bpr_mf_bias,45
263,0,0.0,torch_bpr_mf_bias,45
264,0,0.0,torch_bpr_mf_bias,45
265,0,0.0,torch_bpr_mf_bias,45
266,0,0.0,torch_bpr_mf_bias,45
267,0,0.0,torch_bpr_mf_bias,45
268,0,0.0,torch_bpr_mf_bias,45
269,1,0.5,torch_bpr_mf_bias,45
270,0,0.0,torch_bpr_mf_bias,45
271,0,0.0,torch_bpr_mf_bias,45
272,0,0.0,torch_bpr_mf_bias,45
273,0,0.0,torch_bpr_mf_bias,45
274,0,0.0,torch_bpr_mf_bias,45
275,0,0.0,torch_bpr_mf_bias,45
276,0,0.0,torch_bpr_mf_bias,45
277,0,0.0,torch_bpr_mf_bias,45
278,0,0.0,torch_bpr_mf_bias,45
279,0,0.0,torch_bpr_mf_bias,45
280,0,0.0,torch_bpr_mf_bias,45
281,0,0.0,torch_bpr_mf_bias,45
282,0,0.0,torch_bpr_mf_bias,45
283,1,0.6309297535714575,torch_bpr_mf_bias,45
284,0,0.0,torch_bpr_mf_bias,45
285,0,0.0,torch_bpr_mf_bias,45
286,0,0.0,torch_bpr_mf_bias,45
287,0,0.0,torch_bpr_mf_bias,45
288,0,0.0,torch_bpr_mf_bias,45
289,0,0.0,torch_bpr_mf_bias,45
290,0,0.0,torch_bpr_mf_bias,45
291,0,0.0,torch_bpr_mf_bias,45
292,0,0.0,torch_bpr_mf_bias,45
293,0,0.0,torch_bpr_mf_bias,45
294,0,0.0,torch_bpr_mf_bias,45
295,0,0.0,torch_bpr_mf_bias,45
296,0,0.0,torch_bpr_mf_bias,45
297,0,0.0,torch_bpr_mf_bias,45
298,0,0.0,torch_bpr_mf_bias,45
299,0,0.0,torch_bpr_mf_bias,45
300,0,0.0,torch_bpr_mf_bias,45
301,0,0.0,torch_bpr_mf_bias,45
302,0,0.0,torch_bpr_mf_bias,45
303,0,0.0,torch_bpr_mf_bias,45
304,0,0.0,torch_bpr_mf_bias,45
305,0,0.0,torch_bpr_mf_bias,45
306,0,0.0,torch_bpr_mf_bias,45
307,0,0.0,torch_bpr_mf_bias,45
308,0,0.0,torch_bpr_mf_bias,45
309,0,0.0,torch_bpr_mf_bias,45
310,0,0.0,torch_bpr_mf_bias,45
311,1,0.6309297535714575,torch_bpr_mf_bias,45
312,0,0.0,torch_bpr_mf_bias,45
313,1,1.0,torch_bpr_mf_bias,45
314,0,0.0,torch_bpr_mf_bias,45
315,0,0.0,torch_bpr_mf_bias,45
316,0,0.0,torch_bpr_mf_bias,45
317,0,0.0,torch_bpr_mf_bias,45
318,0,0.0,torch_bpr_mf_bias,45
319,0,0.0,torch_bpr_mf_bias,45
320,0,0.0,torch_bpr_mf_bias,45
321,0,0.0,torch_bpr_mf_bias,45
322,1,1.0,torch_bpr_mf_bias,45
323,0,0.0,torch_bpr_mf_bias,45
324,0,0.0,torch_bpr_mf_bias,45
325,0,0.0,torch_bpr_mf_bias,45
326,0,0.0,torch_bpr_mf_bias,45
327,0,0.0,torch_bpr_mf_bias,45
328,0,0.0,torch_bpr_mf_bias,45
329,0,0.0,torch_bpr_mf_bias,45
330,0,0.0,torch_bpr_mf_bias,45
331,0,0.0,torch_bpr_mf_bias,45
332,0,0.0,torch_bpr_mf_bias,45
333,0,0.0,torch_bpr_mf_bias,45
334,0,0.0,torch_bpr_mf_bias,45
335,0,0.0,torch_bpr_mf_bias,45
336,1,0.3333333333333333,torch_bpr_mf_bias,45
337,0,0.0,torch_bpr_mf_bias,45
338,0,0.0,torch_bpr_mf_bias,45
339,0,0.0,torch_bpr_mf_bias,45
340,0,0.0,torch_bpr_mf_bias,45
341,0,0.0,torch_bpr_mf_bias,45
342,0,0.0,torch_bpr_mf_bias,45
343,0,0.0,torch_bpr_mf_bias,45
344,0,0.0,torch_bpr_mf_bias,45
345,0,0.0,torch_bpr_mf_bias,45
346,0,0.0,torch_bpr_mf_bias,45
347,0,0.0,torch_bpr_mf_bias,45
348,0,0.0,torch_bpr_mf_bias,45
349,0,0.0,torch_bpr_mf_bias,45
350,1,0.6309297535714575,torch_bpr_mf_bias,45
351,0,0.0,torch_bpr_mf_bias,45
352,0,0.0,torch_bpr_mf_bias,45
353,0,0.0,torch_bpr_mf_bias,45
354,0,0.0,torch_bpr_mf_bias,45
355,0,0.0,torch_bpr_mf_bias,45
356,0,0.0,torch_bpr_mf_bias,45
357,0,0.0,torch_bpr_mf_bias,45
358,1,0.5,torch_bpr_mf_bias,45
359,0,0.0,torch_bpr_mf_bias,45
360,0,0.0,torch_bpr_mf_bias,45
361,0,0.0,torch_bpr_mf_bias,45
362,0,0.0,torch_bpr_mf_bias,45
363,0,0.0,torch_bpr_mf_bias,45
364,0,0.0,torch_bpr_mf_bias,45
365,0,0.0,torch_bpr_mf_bias,45
366,1,0.43067655807339306,torch_bpr_mf_bias,45
367,0,0.0,torch_bpr_mf_bias,45
368,0,0.0,torch_bpr_mf_bias,45
369,0,0.0,torch_bpr_mf_bias,45
370,0,0.0,torch_bpr_mf_bias,45
371,0,0.0,torch_bpr_mf_bias,45
372,0,0.0,torch_bpr_mf_bias,45
373,0,0.0,torch_bpr_mf_bias,45
374,0,0.0,torch_bpr_mf_bias,45
375,0,0.0,torch_bpr_mf_bias,45
376,0,0.0,torch_bpr_mf_bias,45
377,0,0.0,torch_bpr_mf_bias,45
378,0,0.0,torch_bpr_mf_bias,45
379,0,0.0,torch_bpr_mf_bias,45
380,0,0.0,torch_bpr_mf_bias,45
381,0,0.0,torch_bpr_mf_bias,45
382,0,0.0,torch_bpr_mf_bias,45
383,0,0.0,torch_bpr_mf_bias,45
384,0,0.0,torch_bpr_mf_bias,45
385,0,0.0,torch_bpr_mf_bias,45
386,0,0.0,torch_bpr_mf_bias,45
387,1,0.5,torch_bpr_mf_bias,45
388,0,0.0,torch_bpr_mf_bias,45
389,0,0.0,torch_bpr_mf_bias,45
390,0,0.0,torch_bpr_mf_bias,45
391,0,0.0,torch_bpr_mf_bias,45
392,0,0.0,torch_bpr_mf_bias,45
393,0,0.0,torch_bpr_mf_bias,45
394,0,0.0,torch_bpr_mf_bias,45
395,0,0.0,torch_bpr_mf_bias,45
396,0,0.0,torch_bpr_mf_bias,45
397,0,0.0,torch_bpr_mf_bias,45
398,0,0.0,torch_bpr_mf_bias,45
399,0,0.0,torch_bpr_mf_bias,45
400,0,0.0,torch_bpr_mf_bias,45
401,0,0.0,torch_bpr_mf_bias,45
402,0,0.0,torch_bpr_mf_bias,45
403,0,0.0,torch_bpr_mf_bias,45
404,0,0.0,torch_bpr_mf_bias,45
405,0,0.0,torch_bpr_mf_bias,45
406,0,0.0,torch_bpr_mf_bias,45
407,0,0.0,torch_bpr_mf_bias,45
408,0,0.0,torch_bpr_mf_bias,45
409,0,0.0,torch_bpr_mf_bias,45
410,0,0.0,torch_bpr_mf_bias,45
411,0,0.0,torch_bpr_mf_bias,45
412,0,0.0,torch_bpr_mf_bias,45
413,0,0.0,torch_bpr_mf_bias,45
414,0,0.0,torch_bpr_mf_bias,45
415,0,0.0,torch_bpr_mf_bias,45
416,0,0.0,torch_bpr_mf_bias,45
417,0,0.0,torch_bpr_mf_bias,45
418,0,0.0,torch_bpr_mf_bias,45
419,0,0.0,torch_bpr_mf_bias,45
420,0,0.0,torch_bpr_mf_bias,45
421,0,0.0,torch_bpr_mf_bias,45
422,0,0.0,torch_bpr_mf_bias,45
423,0,0.0,torch_bpr_mf_bias,45
424,0,0.0,torch_bpr_mf_bias,45
425,0,0.0,torch_bpr_mf_bias,45
426,0,0.0,torch_bpr_mf_bias,45
427,0,0.0,torch_bpr_mf_bias,45
428,0,0.0,torch_bpr_mf_bias,45
429,0,0.0,torch_bpr_mf_bias,45
430,0,0.0,torch_bpr_mf_bias,45
431,0,0.0,torch_bpr_mf_bias,45
432,0,0.0,torch_bpr_mf_bias,45
433,0,0.0,torch_bpr_mf_bias,45
434,0,0.0,torch_bpr_mf_bias,45
435,0,0.0,torch_bpr_mf_bias,45
436,0,0.0,torch_bpr_mf_bias,45
437,0,0.0,torch_bpr_mf_bias,45
438,0,0.0,torch_bpr_mf_bias,45
439,0,0.0,torch_bpr_mf_bias,45
440,0,0.0,torch_bpr_mf_bias,45
441,0,0.0,torch_bpr_mf_bias,45
442,0,0.0,torch_bpr_mf_bias,45
443,0,0.0,torch_bpr_mf_bias,45
444,0,0.0,torch_bpr_mf_bias,45
445,0,0.0,torch_bpr_mf_bias,45
446,0,0.0,torch_bpr_mf_bias,45
447,0,0.0,torch_bpr_mf_bias,45
448,0,0.0,torch_bpr_mf_bias,45
449,1,0.3333333333333333,torch_bpr_mf_bias,45
450,0,0.0,torch_bpr_mf_bias,45
451,0,0.0,torch_bpr_mf_bias,45
452,0,0.0,torch_bpr_mf_bias,45
453,0,0.0,torch_bpr_mf_bias,45
454,0,0.0,torch_bpr_mf_bias,45
455,0,0.0,torch_bpr_mf_bias,45
456,0,0.0,torch_bpr_mf_bias,45
457,0,0.0,torch_bpr_mf_bias,45
458,0,0.0,torch_bpr_mf_bias,45
459,1,0.3562071871080222,torch_bpr_mf_bias,45
460,0,0.0,torch_bpr_mf_bias,45
461,0,0.0,torch_bpr_mf_bias,45
462,0,0.0,torch_bpr_mf_bias,45
463,0,0.0,torch_bpr_mf_bias,45
464,0,0.0,torch_bpr_mf_bias,45
465,0,0.0,torch_bpr_mf_bias,45
466,0,0.0,torch_bpr_mf_bias,45
467,1,1.0,torch_bpr_mf_bias,45
468,0,0.0,torch_bpr_mf_bias,45
469,0,0.0,torch_bpr_mf_bias,45
470,0,0.0,torch_bpr_mf_bias,45
471,0,0.0,torch_bpr_mf_bias,45
472,0,0.0,torch_bpr_mf_bias,45
473,0,0.0,torch_bpr_mf_bias,45
474,0,0.0,torch_bpr_mf_bias,45
475,0,0.0,torch_bpr_mf_bias,45
476,0,0.0,torch_bpr_mf_bias,45
477,0,0.0,torch_bpr_mf_bias,45
478,0,0.0,torch_bpr_mf_bias,45
479,0,0.0,torch_bpr_mf_bias,45
480,0,0.0,torch_bpr_mf_bias,45
481,0,0.0,torch_bpr_mf_bias,45
482,0,0.0,torch_bpr_mf_bias,45
483,0,0.0,torch_bpr_mf_bias,45
484,0,0.0,torch_bpr_mf_bias,45
485,0,0.0,torch_bpr_mf_bias,45
486,0,0.0,torch_bpr_mf_bias,45
487,0,0.0,torch_bpr_mf_bias,45
488,1,0.5,torch_bpr_mf_bias,45
489,1,0.5,torch_bpr_mf_bias,45
490,0,0.0,torch_bpr_mf_bias,45
491,0,0.0,torch_bpr_mf_bias,45
492,0,0.0,torch_bpr_mf_bias,45
493,0,0.0,torch_bpr_mf_bias,45
494,0,0.0,torch_bpr_mf_bias,45
495,0,0.0,torch_bpr_mf_bias,45
496,0,0.0,torch_bpr_mf_bias,45
497,0,0.0,torch_bpr_mf_bias,45
498,0,0.0,torch_bpr_mf_bias,45
499,0,0.0,torch_bpr_mf_bias,45
500,0,0.0,torch_bpr_mf_bias,45
501,0,0.0,torch_bpr_mf_bias,45
502,1,0.38685280723454163,torch_bpr_mf_bias,45
503,0,0.0,torch_bpr_mf_bias,45
504,0,0.0,torch_bpr_mf_bias,45
505,0,0.0,torch_bpr_mf_bias,45
506,0,0.0,torch_bpr_mf_bias,45
507,0,0.0,torch_bpr_mf_bias,45
508,0,0.0,torch_bpr_mf_bias,45
509,0,0.0,torch_bpr_mf_bias,45
510,0,0.0,torch_bpr_mf_bias,45
511,0,0.0,torch_bpr_mf_bias,45
512,0,0.0,torch_bpr_mf_bias,45
513,0,0.0,torch_bpr_mf_bias,45
514,0,0.0,torch_bpr_mf_bias,45
515,0,0.0,torch_bpr_mf_bias,45
516,0,0.0,torch_bpr_mf_bias,45
517,0,0.0,torch_bpr_mf_bias,45
518,0,0.0,torch_bpr_mf_bias,45
519,1,0.6309297535714575,torch_bpr_mf_bias,45
520,0,0.0,torch_bpr_mf_bias,45
521,0,0.0,torch_bpr_mf_bias,45
522,1,0.3333333333333333,torch_bpr_mf_bias,45
523,0,0.0,torch_bpr_mf_bias,45
524,0,0.0,torch_bpr_mf_bias,45
525,0,0.0,torch_bpr_mf_bias,45
526,0,0.0,torch_bpr_mf_bias,45
527,0,0.0,torch_bpr_mf_bias,45
528,0,0.0,torch_bpr_mf_bias,45
529,0,0.0,torch_bpr_mf_bias,45
530,0,0.0,torch_bpr_mf_bias,45
531,0,0.0,torch_bpr_mf_bias,45
532,0,0.0,torch_bpr_mf_bias,45
533,0,0.0,torch_bpr_mf_bias,45
534,0,0.0,torch_bpr_mf_bias,45
535,1,0.3010299956639812,torch_bpr_mf_bias,45
536,0,0.0,torch_bpr_mf_bias,45
537,0,0.0,torch_bpr_mf_bias,45
538,0,0.0,torch_bpr_mf_bias,45
539,0,0.0,torch_bpr_mf_bias,45
540,0,0.0,torch_bpr_mf_bias,45
541,0,0.0,torch_bpr_mf_bias,45
542,0,0.0,torch_bpr_mf_bias,45
543,0,0.0,torch_bpr_mf_bias,45
544,1,0.3562071871080222,torch_bpr_mf_bias,45
545,0,0.0,torch_bpr_mf_bias,45
546,0,0.0,torch_bpr_mf_bias,45
547,0,0.0,torch_bpr_mf_bias,45
548,0,0.0,torch_bpr_mf_bias,45
549,0,0.0,torch_bpr_mf_bias,45
550,0,0.0,torch_bpr_mf_bias,45
551,0,0.0,torch_bpr_mf_bias,45
552,1,0.43067655807339306,torch_bpr_mf_bias,45
553,0,0.0,torch_bpr_mf_bias,45
554,0,0.0,torch_bpr_mf_bias,45
555,0,0.0,torch_bpr_mf_bias,45
556,0,0.0,torch_bpr_mf_bias,45
557,0,0.0,torch_bpr_mf_bias,45
558,0,0.0,torch_bpr_mf_bias,45
559,1,0.3010299956639812,torch_bpr_mf_bias,45
560,0,0.0,torch_bpr_mf_bias,45
561,0,0.0,torch_bpr_mf_bias,45
562,1,0.2890648263178879,torch_bpr_mf_bias,45
563,0,0.0,torch_bpr_mf_bias,45
564,0,0.0,torch_bpr_mf_bias,45
565,1,0.3333333333333333,torch_bpr_mf_bias,45
566,0,0.0,torch_bpr_mf_bias,45
567,0,0.0,torch_bpr_mf_bias,45
568,0,0.0,torch_bpr_mf_bias,45
569,0,0.0,torch_bpr_mf_bias,45
570,0,0.0,torch_bpr_mf_bias,45
571,0,0.0,torch_bpr_mf_bias,45
572,0,0.0,torch_bpr_mf_bias,45
573,0,0.0,torch_bpr_mf_bias,45
574,0,0.0,torch_bpr_mf_bias,45
575,0,0.0,torch_bpr_mf_bias,45
576,0,0.0,torch_bpr_mf_bias,45
577,0,0.0,torch_bpr_mf_bias,45
578,1,0.31546487678572877,torch_bpr_mf_bias,45
579,0,0.0,torch_bpr_mf_bias,45
580,1,0.43067655807339306,torch_bpr_mf_bias,45
581,0,0.0,torch_bpr_mf_bias,45
582,0,0.0,torch_bpr_mf_bias,45
583,0,0.0,torch_bpr_mf_bias,45
584,0,0.0,torch_bpr_mf_bias,45
585,1,0.5,torch_bpr_mf_bias,45
586,0,0.0,torch_bpr_mf_bias,45
587,0,0.0,torch_bpr_mf_bias,45
588,0,0.0,torch_bpr_mf_bias,45
589,0,0.0,torch_bpr_mf_bias,45
590,0,0.0,torch_bpr_mf_bias,45
591,0,0.0,torch_bpr_mf_bias,45
592,0,0.0,torch_bpr_mf_bias,45
593,0,0.0,torch_bpr_mf_bias,45
594,0,0.0,torch_bpr_mf_bias,45
595,0,0.0,torch_bpr_mf_bias,45
596,0,0.0,torch_bpr_mf_bias,45
597,0,0.0,torch_bpr_mf_bias,45
598,0,0.0,torch_bpr_mf_bias,45
599,0,0.0,torch_bpr_mf_bias,45
600,0,0.0,torch_bpr_mf_bias,45
601,0,0.0,torch_bpr_mf_bias,45
602,0,0.0,torch_bpr_mf_bias,45
603,0,0.0,torch_bpr_mf_bias,45
604,0,0.0,torch_bpr_mf_bias,45
605,0,0.0,torch_bpr_mf_bias,45
606,0,0.0,torch_bpr_mf_bias,45
607,1,0.3333333333333333,torch_bpr_mf_bias,45
608,0,0.0,torch_bpr_mf_bias,45
609,0,0.0,torch_bpr_mf_bias,45
610,0,0.0,torch_bpr_mf_bias,45
611,0,0.0,torch_bpr_mf_bias,45
612,0,0.0,torch_bpr_mf_bias,45
613,0,0.0,torch_bpr_mf_bias,45
614,0,0.0,torch_bpr_mf_bias,45
615,0,0.0,torch_bpr_mf_bias,45
616,0,0.0,torch_bpr_mf_bias,45
617,1,0.6309297535714575,torch_bpr_mf_bias,45
618,0,0.0,torch_bpr_mf_bias,45
619,0,0.0,torch_bpr_mf_bias,45
620,0,0.0,torch_bpr_mf_bias,45
621,0,0.0,torch_bpr_mf_bias,45
622,0,0.0,torch_bpr_mf_bias,45
623,0,0.0,torch_bpr_mf_bias,45
624,0,0.0,torch_bpr_mf_bias,45
625,0,0.0,torch_bpr_mf_bias,45
626,0,0.0,torch_bpr_mf_bias,45
627,0,0.0,torch_bpr_mf_bias,45
628,0,0.0,torch_bpr_mf_bias,45
629,0,0.0,torch_bpr_mf_bias,45
630,0,0.0,torch_bpr_mf_bias,45
631,0,0.0,torch_bpr_mf_bias,45
632,0,0.0,torch_bpr_mf_bias,45
633,0,0.0,torch_bpr_mf_bias,45
634,0,0.0,torch_bpr_mf_bias,45
635,0,0.0,torch_bpr_mf_bias,45
636,0,0.0,torch_bpr_mf_bias,45
637,0,0.0,torch_bpr_mf_bias,45
638,0,0.0,torch_bpr_mf_bias,45
639,0,0.0,torch_bpr_mf_bias,45
640,1,0.5,torch_bpr_mf_bias,45
641,0,0.0,torch_bpr_mf_bias,45
642,0,0.0,torch_bpr_mf_bias,45
643,0,0.0,torch_bpr_mf_bias,45
644,0,0.0,torch_bpr_mf_bias,45
645,0,0.0,torch_bpr_mf_bias,45
646,0,0.0,torch_bpr_mf_bias,45
647,0,0.0,torch_bpr_mf_bias,45
648,0,0.0,torch_bpr_mf_bias,45
649,0,0.0,torch_bpr_mf_bias,45
650,0,0.0,torch_bpr_mf_bias,45
651,0,0.0,torch_bpr_mf_bias,45
652,0,0.0,torch_bpr_mf_bias,45
653,1,1.0,torch_bpr_mf_bias,45
654,0,0.0,torch_bpr_mf_bias,45
655,0,0.0,torch_bpr_mf_bias,45
656,0,0.0,torch_bpr_mf_bias,45
657,0,0.0,torch_bpr_mf_bias,45
658,0,0.0,torch_bpr_mf_bias,45
659,0,0.0,torch_bpr_mf_bias,45
660,0,0.0,torch_bpr_mf_bias,45
661,0,0.0,torch_bpr_mf_bias,45
662,0,0.0,torch_bpr_mf_bias,45
663,0,0.0,torch_bpr_mf_bias,45
664,0,0.0,torch_bpr_mf_bias,45
665,0,0.0,torch_bpr_mf_bias,45
666,0,0.0,torch_bpr_mf_bias,45
667,0,0.0,torch_bpr_mf_bias,45
668,0,0.0,torch_bpr_mf_bias,45
669,0,0.0,torch_bpr_mf_bias,45
670,0,0.0,torch_bpr_mf_bias,45
671,0,0.0,torch_bpr_mf_bias,45
672,0,0.0,torch_bpr_mf_bias,45
673,0,0.0,torch_bpr_mf_bias,45
674,1,0.43067655807339306,torch_bpr_mf_bias,45
675,1,0.5,torch_bpr_mf_bias,45
676,0,0.0,torch_bpr_mf_bias,45
677,0,0.0,torch_bpr_mf_bias,45
678,0,0.0,torch_bpr_mf_bias,45
679,0,0.0,torch_bpr_mf_bias,45
680,0,0.0,torch_bpr_mf_bias,45
681,0,0.0,torch_bpr_mf_bias,45
682,0,0.0,torch_bpr_mf_bias,45
683,0,0.0,torch_bpr_mf_bias,45
684,0,0.0,torch_bpr_mf_bias,45
685,0,0.0,torch_bpr_mf_bias,45
686,0,0.0,torch_bpr_mf_bias,45
687,0,0.0,torch_bpr_mf_bias,45
688,0,0.0,torch_bpr_mf_bias,45
689,0,0.0,torch_bpr_mf_bias,45
690,0,0.0,torch_bpr_mf_bias,45
691,0,0.0,torch_bpr_mf_bias,45
692,0,0.0,torch_bpr_mf_bias,45
693,0,0.0,torch_bpr_mf_bias,45
694,0,0.0,torch_bpr_mf_bias,45
695,0,0.0,torch_bpr_mf_bias,45
696,0,0.0,torch_bpr_mf_bias,45
697,0,0.0,torch_bpr_mf_bias,45
698,0,0.0,torch_bpr_mf_bias,45
699,0,0.0,torch_bpr_mf_bias,45
700,0,0.0,torch_bpr_mf_bias,45
701,0,0.0,torch_bpr_mf_bias,45
702,0,0.0,torch_bpr_mf_bias,45
703,0,0.0,torch_bpr_mf_bias,45
704,0,0.0,torch_bpr_mf_bias,45
705,0,0.0,torch_bpr_mf_bias,45
706,0,0.0,torch_bpr_mf_bias,45
707,0,0.0,torch_bpr_mf_bias,45
708,1,0.43067655807339306,torch_bpr_mf_bias,45
709,0,0.0,torch_bpr_mf_bias,45
710,0,0.0,torch_bpr_mf_bias,45
711,0,0.0,torch_bpr_mf_bias,45
712,0,0.0,torch_bpr_mf_bias,45
713,0,0.0,torch_bpr_mf_bias,45
714,0,0.0,torch_bpr_mf_bias,45
715,0,0.0,torch_bpr_mf_bias,45
716,0,0.0,torch_bpr_mf_bias,45
717,0,0.0,torch_bpr_mf_bias,45
718,0,0.0,torch_bpr_mf_bias,45
719,0,0.0,torch_bpr_mf_bias,45
720,0,0.0,torch_bpr_mf_bias,45
721,0,0.0,torch_bpr_mf_bias,45
722,0,0.0,torch_bpr_mf_bias,45
723,0,0.0,torch_bpr_mf_bias,45
724,0,0.0,torch_bpr_mf_bias,45
725,0,0.0,torch_bpr_mf_bias,45
726,0,0.0,torch_bpr_mf_bias,45
727,0,0.0,torch_bpr_mf_bias,45
728,0,0.0,torch_bpr_mf_bias,45
729,0,0.0,torch_bpr_mf_bias,45
730,0,0.0,torch_bpr_mf_bias,45
731,0,0.0,torch_bpr_mf_bias,45
732,0,0.0,torch_bpr_mf_bias,45
733,0,0.0,torch_bpr_mf_bias,45
734,0,0.0,torch_bpr_mf_bias,45
735,0,0.0,torch_bpr_mf_bias,45
736,0,0.0,torch_bpr_mf_bias,45
737,0,0.0,torch_bpr_mf_bias,45
738,0,0.0,torch_bpr_mf_bias,45
739,0,0.0,torch_bpr_mf_bias,45
740,0,0.0,torch_bpr_mf_bias,45
741,0,0.0,torch_bpr_mf_bias,45
742,0,0.0,torch_bpr_mf_bias,45
743,1,1.0,torch_bpr_mf_bias,45
744,0,0.0,torch_bpr_mf_bias,45
745,0,0.0,torch_bpr_mf_bias,45
746,0,0.0,torch_bpr_mf_bias,45
747,0,0.0,torch_bpr_mf_bias,45
748,0,0.0,torch_bpr_mf_bias,45
749,0,0.0,torch_bpr_mf_bias,45
750,0,0.0,torch_bpr_mf_bias,45
751,1,0.5,torch_bpr_mf_bias,45
752,0,0.0,torch_bpr_mf_bias,45
753,1,0.5,torch_bpr_mf_bias,45
754,0,0.0,torch_bpr_mf_bias,45
755,0,0.0,torch_bpr_mf_bias,45
756,0,0.0,torch_bpr_mf_bias,45
757,0,0.0,torch_bpr_mf_bias,45
758,0,0.0,torch_bpr_mf_bias,45
759,0,0.0,torch_bpr_mf_bias,45
760,0,0.0,torch_bpr_mf_bias,45
761,1,0.6309297535714575,torch_bpr_mf_bias,45
762,0,0.0,torch_bpr_mf_bias,45
763,0,0.0,torch_bpr_mf_bias,45
764,0,0.0,torch_bpr_mf_bias,45
765,0,0.0,torch_bpr_mf_bias,45
766,1,0.3562071871080222,torch_bpr_mf_bias,45
767,0,0.0,torch_bpr_mf_bias,45
768,0,0.0,torch_bpr_mf_bias,45
769,0,0.0,torch_bpr_mf_bias,45
770,0,0.0,torch_bpr_mf_bias,45
771,0,0.0,torch_bpr_mf_bias,45
772,0,0.0,torch_bpr_mf_bias,45
773,0,0.0,torch_bpr_mf_bias,45
774,0,0.0,torch_bpr_mf_bias,45
775,0,0.0,torch_bpr_mf_bias,45
776,0,0.0,torch_bpr_mf_bias,45
777,0,0.0,torch_bpr_mf_bias,45
778,1,1.0,torch_bpr_mf_bias,45
779,1,0.5,torch_bpr_mf_bias,45
780,0,0.0,torch_bpr_mf_bias,45
781,0,0.0,torch_bpr_mf_bias,45
782,0,0.0,torch_bpr_mf_bias,45
783,0,0.0,torch_bpr_mf_bias,45
784,0,0.0,torch_bpr_mf_bias,45
785,0,0.0,torch_bpr_mf_bias,45
786,0,0.0,torch_bpr_mf_bias,45
787,0,0.0,torch_bpr_mf_bias,45
788,0,0.0,torch_bpr_mf_bias,45
789,0,0.0,torch_bpr_mf_bias,45
790,1,1.0,torch_bpr_mf_bias,45
791,0,0.0,torch_bpr_mf_bias,45
792,0,0.0,torch_bpr_mf_bias,45
793,0,0.0,torch_bpr_mf_bias,45
794,0,0.0,torch_bpr_mf_bias,45
795,0,0.0,torch_bpr_mf_bias,45
796,0,0.0,torch_bpr_mf_bias,45
797,0,0.0,torch_bpr_mf_bias,45
798,0,0.0,torch_bpr_mf_bias,45
799,0,0.0,torch_bpr_mf_bias,45
800,0,0.0,torch_bpr_mf_bias,45
801,0,0.0,torch_bpr_mf_bias,45
802,0,0.0,torch_bpr_mf_bias,45
803,0,0.0,torch_bpr_mf_bias,45
804,0,0.0,torch_bpr_mf_bias,45
805,0,0.0,torch_bpr_mf_bias,45
806,0,0.0,torch_bpr_mf_bias,45
807,0,0.0,torch_bpr_mf_bias,45
808,0,0.0,torch_bpr_mf_bias,45
809,0,0.0,torch_bpr_mf_bias,45
810,0,0.0,torch_bpr_mf_bias,45
811,0,0.0,torch_bpr_mf_bias,45
812,0,0.0,torch_bpr_mf_bias,45
813,1,0.6309297535714575,torch_bpr_mf_bias,45
814,0,0.0,torch_bpr_mf_bias,45
815,0,0.0,torch_bpr_mf_bias,45
816,0,0.0,torch_bpr_mf_bias,45
817,0,0.0,torch_bpr_mf_bias,45
818,0,0.0,torch_bpr_mf_bias,45
819,0,0.0,torch_bpr_mf_bias,45
820,0,0.0,torch_bpr_mf_bias,45
821,0,0.0,torch_bpr_mf_bias,45
822,0,0.0,torch_bpr_mf_bias,45
823,0,0.0,torch_bpr_mf_bias,45
824,0,0.0,torch_bpr_mf_bias,45
825,0,0.0,torch_bpr_mf_bias,45
826,0,0.0,torch_bpr_mf_bias,45
827,0,0.0,torch_bpr_mf_bias,45
828,0,0.0,torch_bpr_mf_bias,45
829,0,0.0,torch_bpr_mf_bias,45
830,0,0.0,torch_bpr_mf_bias,45
831,0,0.0,torch_bpr_mf_bias,45
832,0,0.0,torch_bpr_mf_bias,45
833,1,0.3562071871080222,torch_bpr_mf_bias,45
834,0,0.0,torch_bpr_mf_bias,45
835,0,0.0,torch_bpr_mf_bias,45
836,0,0.0,torch_bpr_mf_bias,45
837,0,0.0,torch_bpr_mf_bias,45
838,0,0.0,torch_bpr_mf_bias,45
839,0,0.0,torch_bpr_mf_bias,45
840,0,0.0,torch_bpr_mf_bias,45
841,0,0.0,torch_bpr_mf_bias,45
842,0,0.0,torch_bpr_mf_bias,45
843,0,0.0,torch_bpr_mf_bias,45
844,0,0.0,torch_bpr_mf_bias,45
845,1,1.0,torch_bpr_mf_bias,45
846,0,0.0,torch_bpr_mf_bias,45
847,1,0.5,torch_bpr_mf_bias,45
848,0,0.0,torch_bpr_mf_bias,45
849,0,0.0,torch_bpr_mf_bias,45
850,0,0.0,torch_bpr_mf_bias,45
851,0,0.0,torch_bpr_mf_bias,45
852,0,0.0,torch_bpr_mf_bias,45
853,1,0.38685280723454163,torch_bpr_mf_bias,45
854,0,0.0,torch_bpr_mf_bias,45
855,0,0.0,torch_bpr_mf_bias,45
856,0,0.0,torch_bpr_mf_bias,45
857,0,0.0,torch_bpr_mf_bias,45
858,0,0.0,torch_bpr_mf_bias,45
859,1,0.38685280723454163,torch_bpr_mf_bias,45
860,1,0.6309297535714575,torch_bpr_mf_bias,45
861,0,0.0,torch_bpr_mf_bias,45
862,0,0.0,torch_bpr_mf_bias,45
863,0,0.0,torch_bpr_mf_bias,45
864,0,0.0,torch_bpr_mf_bias,45
865,0,0.0,torch_bpr_mf_bias,45
866,0,0.0,torch_bpr_mf_bias,45
867,0,0.0,torch_bpr_mf_bias,45
868,0,0.0,torch_bpr_mf_bias,45
869,0,0.0,torch_bpr_mf_bias,45
870,0,0.0,torch_bpr_mf_bias,45
871,0,0.0,torch_bpr_mf_bias,45
872,0,0.0,torch_bpr_mf_bias,45
873,0,0.0,torch_bpr_mf_bias,45
874,0,0.0,torch_bpr_mf_bias,45
875,0,0.0,torch_bpr_mf_bias,45
876,0,0.0,torch_bpr_mf_bias,45
877,0,0.0,torch_bpr_mf_bias,45
878,0,0.0,torch_bpr_mf_bias,45
879,0,0.0,torch_bpr_mf_bias,45
880,0,0.0,torch_bpr_mf_bias,45
881,0,0.0,torch_bpr_mf_bias,45
882,0,0.0,torch_bpr_mf_bias,45
883,0,0.0,torch_bpr_mf_bias,45
884,0,0.0,torch_bpr_mf_bias,45
885,0,0.0,torch_bpr_mf_bias,45
886,0,0.0,torch_bpr_mf_bias,45
887,0,0.0,torch_bpr_mf_bias,45
888,0,0.0,torch_bpr_mf_bias,45
889,0,0.0,torch_bpr_mf_bias,45
890,0,0.0,torch_bpr_mf_bias,45
891,0,0.0,torch_bpr_mf_bias,45
892,1,1.0,torch_bpr_mf_bias,45
893,0,0.0,torch_bpr_mf_bias,45
894,0,0.0,torch_bpr_mf_bias,45
895,0,0.0,torch_bpr_mf_bias,45
896,0,0.0,torch_bpr_mf_bias,45
897,0,0.0,torch_bpr_mf_bias,45
898,0,0.0,torch_bpr_mf_bias,45
899,0,0.0,torch_bpr_mf_bias,45
900,0,0.0,torch_bpr_mf_bias,45
901,0,0.0,torch_bpr_mf_bias,45
902,0,0.0,torch_bpr_mf_bias,45
903,0,0.0,torch_bpr_mf_bias,45
904,0,0.0,torch_bpr_mf_bias,45
905,0,0.0,torch_bpr_mf_bias,45
906,1,0.3010299956639812,torch_bpr_mf_bias,45
907,0,0.0,torch_bpr_mf_bias,45
908,0,0.0,torch_bpr_mf_bias,45
909,0,0.0,torch_bpr_mf_bias,45
910,0,0.0,torch_bpr_mf_bias,45
911,0,0.0,torch_bpr_mf_bias,45
912,0,0.0,torch_bpr_mf_bias,45
913,0,0.0,torch_bpr_mf_bias,45
914,0,0.0,torch_bpr_mf_bias,45
915,0,0.0,torch_bpr_mf_bias,45
916,0,0.0,torch_bpr_mf_bias,45
917,1,0.3010299956639812,torch_bpr_mf_bias,45
918,0,0.0,torch_bpr_mf_bias,45
919,0,0.0,torch_bpr_mf_bias,45
920,0,0.0,torch_bpr_mf_bias,45
921,0,0.0,torch_bpr_mf_bias,45
922,0,0.0,torch_bpr_mf_bias,45
923,0,0.0,torch_bpr_mf_bias,45
924,0,0.0,torch_bpr_mf_bias,45
925,0,0.0,torch_bpr_mf_bias,45
926,0,0.0,torch_bpr_mf_bias,45
927,0,0.0,torch_bpr_mf_bias,45
928,0,0.0,torch_bpr_mf_bias,45
929,0,0.0,torch_bpr_mf_bias,45
930,0,0.0,torch_bpr_mf_bias,45
931,0,0.0,torch_bpr_mf_bias,45
932,1,0.3010299956639812,torch_bpr_mf_bias,45
933,1,0.3562071871080222,torch_bpr_mf_bias,45
934,0,0.0,torch_bpr_mf_bias,45
935,0,0.0,torch_bpr_mf_bias,45
936,1,0.6309297535714575,torch_bpr_mf_bias,45
937,0,0.0,torch_bpr_mf_bias,45
938,0,0.0,torch_bpr_mf_bias,45
939,0,0.0,torch_bpr_mf_bias,45
940,1,0.5,torch_bpr_mf_bias,45
941,1,0.3010299956639812,torch_bpr_mf_bias,45
942,0,0.0,torch_bpr_mf_bias,45
943,0,0.0,torch_bpr_mf_bias,45
944,0,0.0,torch_bpr_mf_bias,45
945,0,0.0,torch_bpr_mf_bias,45
946,0,0.0,torch_bpr_mf_bias,45
947,0,0.0,torch_bpr_mf_bias,45
948,0,0.0,torch_bpr_mf_bias,45
949,0,0.0,torch_bpr_mf_bias,45
950,0,0.0,torch_bpr_mf_bias,45
951,0,0.0,torch_bpr_mf_bias,45
952,0,0.0,torch_bpr_mf_bias,45
953,0,0.0,torch_bpr_mf_bias,45
954,0,0.0,torch_bpr_mf_bias,45
955,0,0.0,torch_bpr_mf_bias,45
956,0,0.0,torch_bpr_mf_bias,45
957,0,0.0,torch_bpr_mf_bias,45
958,0,0.0,torch_bpr_mf_bias,45
959,0,0.0,torch_bpr_mf_bias,45
960,0,0.0,torch_bpr_mf_bias,45
961,1,0.31546487678572877,torch_bpr_mf_bias,45
962,0,0.0,torch_bpr_mf_bias,45
963,0,0.0,torch_bpr_mf_bias,45
964,0,0.0,torch_bpr_mf_bias,45
965,0,0.0,torch_bpr_mf_bias,45
966,0,0.0,torch_bpr_mf_bias,45
967,0,0.0,torch_bpr_mf_bias,45
968,0,0.0,torch_bpr_mf_bias,45
969,0,0.0,torch_bpr_mf_bias,45
970,0,0.0,torch_bpr_mf_bias,45
971,0,0.0,torch_bpr_mf_bias,45
972,0,0.0,torch_bpr_mf_bias,45
973,0,0.0,torch_bpr_mf_bias,45
974,0,0.0,torch_bpr_mf_bias,45
975,0,0.0,torch_bpr_mf_bias,45
976,0,0.0,torch_bpr_mf_bias,45
977,0,0.0,torch_bpr_mf_bias,45
978,0,0.0,torch_bpr_mf_bias,45
979,0,0.0,torch_bpr_mf_bias,45
980,0,0.0,torch_bpr_mf_bias,45
981,0,0.0,torch_bpr_mf_bias,45
982,0,0.0,torch_bpr_mf_bias,45
983,0,0.0,torch_bpr_mf_bias,45
984,0,0.0,torch_bpr_mf_bias,45
985,0,0.0,torch_bpr_mf_bias,45
986,0,0.0,torch_bpr_mf_bias,45
987,0,0.0,torch_bpr_mf_bias,45
988,0,0.0,torch_bpr_mf_bias,45
989,0,0.0,torch_bpr_mf_bias,45
990,0,0.0,torch_bpr_mf_bias,45
991,0,0.0,torch_bpr_mf_bias,45
992,0,0.0,torch_bpr_mf_bias,45
993,0,0.0,torch_bpr_mf_bias,45
994,0,0.0,torch_bpr_mf_bias,45
995,0,0.0,torch_bpr_mf_bias,45
996,0,0.0,torch_bpr_mf_bias,45
997,0,0.0,torch_bpr_mf_bias,45
998,0,0.0,torch_bpr_mf_bias,45
999,0,0.0,torch_bpr_mf_bias,45
1000,0,0.0,torch_bpr_mf_bias,45
1001,0,0.0,torch_bpr_mf_bias,45
1,0,0.0,torch_bpr_mf_bias,46
2,0,0.0,torch_bpr_mf_bias,46
3,0,0.0,torch_bpr_mf_bias,46
4,0,0.0,torch_bpr_mf_bias,46
5,0,0.0,torch_bpr_mf_bias,46
6,1,0.3333333333333333,torch_bpr_mf_bias,46
7,0,0.0,torch_bpr_mf_bias,46
8,0,0.0,torch_bpr_mf_bias,46
9,0,0.0,torch_bpr_mf_bias,46
10,0,0.0,torch_bpr_mf_bias,46
11,0,0.0,torch_bpr_mf_bias,46
12,0,0.0,torch_bpr_mf_bias,46
13,0,0.0,torch_bpr_mf_bias,46
14,0,0.0,torch_bpr_mf_bias,46
15,0,0.0,torch_bpr_mf_bias,46
16,0,0.0,torch_bpr_mf_bias,46
17,0,0.0,torch_bpr_mf_bias,46
18,0,0.0,torch_bpr_mf_bias,46
19,0,0.0,torch_bpr_mf_bias,46
20,0,0.0,torch_bpr_mf_bias,46
21,0,0.0,torch_bpr_mf_bias,46
22,0,0.0,torch_bpr_mf_bias,46
23,0,0.0,torch_bpr_mf_bias,46
24,0,0.0,torch_bpr_mf_bias,46
25,0,0.0,torch_bpr_mf_bias,46
26,0,0.0,torch_bpr_mf_bias,46
27,0,0.0,torch_bpr_mf_bias,46
28,0,0.0,torch_bpr_mf_bias,46
29,0,0.0,torch_bpr_mf_bias,46
30,0,0.0,torch_bpr_mf_bias,46
31,0,0.0,torch_bpr_mf_bias,46
32,0,0.0,torch_bpr_mf_bias,46
33,0,0.0,torch_bpr_mf_bias,46
34,0,0.0,torch_bpr_mf_bias,46
35,0,0.0,torch_bpr_mf_bias,46
36,0,0.0,torch_bpr_mf_bias,46
37,0,0.0,torch_bpr_mf_bias,46
38,0,0.0,torch_bpr_mf_bias,46
39,1,0.3010299956639812,torch_bpr_mf_bias,46
40,0,0.0,torch_bpr_mf_bias,46
41,0,0.0,torch_bpr_mf_bias,46
42,0,0.0,torch_bpr_mf_bias,46
43,1,0.3333333333333333,torch_bpr_mf_bias,46
44,0,0.0,torch_bpr_mf_bias,46
45,0,0.0,torch_bpr_mf_bias,46
47,0,0.0,torch_bpr_mf_bias,46
48,0,0.0,torch_bpr_mf_bias,46
49,0,0.0,torch_bpr_mf_bias,46
50,0,0.0,torch_bpr_mf_bias,46
51,0,0.0,torch_bpr_mf_bias,46
52,0,0.0,torch_bpr_mf_bias,46
53,0,0.0,torch_bpr_mf_bias,46
54,0,0.0,torch_bpr_mf_bias,46
55,0,0.0,torch_bpr_mf_bias,46
56,0,0.0,torch_bpr_mf_bias,46
57,0,0.0,torch_bpr_mf_bias,46
58,0,0.0,torch_bpr_mf_bias,46
59,0,0.0,torch_bpr_mf_bias,46
60,0,0.0,torch_bpr_mf_bias,46
61,0,0.0,torch_bpr_mf_bias,46
62,0,0.0,torch_bpr_mf_bias,46
63,0,0.0,torch_bpr_mf_bias,46
64,0,0.0,torch_bpr_mf_bias,46
65,0,0.0,torch_bpr_mf_bias,46
66,0,0.0,torch_bpr_mf_bias,46
67,0,0.0,torch_bpr_mf_bias,46
68,0,0.0,torch_bpr_mf_bias,46
69,0,0.0,torch_bpr_mf_bias,46
70,0,0.0,torch_bpr_mf_bias,46
71,1,0.31546487678572877,torch_bpr_mf_bias,46
72,0,0.0,torch_bpr_mf_bias,46
73,0,0.0,torch_bpr_mf_bias,46
74,0,0.0,torch_bpr_mf_bias,46
75,1,0.31546487678572877,torch_bpr_mf_bias,46
76,0,0.0,torch_bpr_mf_bias,46
77,0,0.0,torch_bpr_mf_bias,46
78,0,0.0,torch_bpr_mf_bias,46
79,1,0.43067655807339306,torch_bpr_mf_bias,46
80,1,0.6309297535714575,torch_bpr_mf_bias,46
81,0,0.0,torch_bpr_mf_bias,46
82,0,0.0,torch_bpr_mf_bias,46
83,0,0.0,torch_bpr_mf_bias,46
84,0,0.0,torch_bpr_mf_bias,46
85,0,0.0,torch_bpr_mf_bias,46
86,0,0.0,torch_bpr_mf_bias,46
87,1,0.43067655807339306,torch_bpr_mf_bias,46
88,0,0.0,torch_bpr_mf_bias,46
89,0,0.0,torch_bpr_mf_bias,46
90,0,0.0,torch_bpr_mf_bias,46
91,1,0.3333333333333333,torch_bpr_mf_bias,46
92,0,0.0,torch_bpr_mf_bias,46
93,0,0.0,torch_bpr_mf_bias,46
94,0,0.0,torch_bpr_mf_bias,46
95,0,0.0,torch_bpr_mf_bias,46
96,0,0.0,torch_bpr_mf_bias,46
97,1,0.6309297535714575,torch_bpr_mf_bias,46
98,0,0.0,torch_bpr_mf_bias,46
99,0,0.0,torch_bpr_mf_bias,46
100,0,0.0,torch_bpr_mf_bias,46
101,0,0.0,torch_bpr_mf_bias,46
102,0,0.0,torch_bpr_mf_bias,46
103,0,0.0,torch_bpr_mf_bias,46
104,0,0.0,torch_bpr_mf_bias,46
105,0,0.0,torch_bpr_mf_bias,46
106,0,0.0,torch_bpr_mf_bias,46
107,0,0.0,torch_bpr_mf_bias,46
108,0,0.0,torch_bpr_mf_bias,46
109,1,1.0,torch_bpr_mf_bias,46
110,0,0.0,torch_bpr_mf_bias,46
111,0,0.0,torch_bpr_mf_bias,46
112,0,0.0,torch_bpr_mf_bias,46
113,0,0.0,torch_bpr_mf_bias,46
114,0,0.0,torch_bpr_mf_bias,46
115,0,0.0,torch_bpr_mf_bias,46
116,0,0.0,torch_bpr_mf_bias,46
117,0,0.0,torch_bpr_mf_bias,46
118,0,0.0,torch_bpr_mf_bias,46
119,0,0.0,torch_bpr_mf_bias,46
120,1,0.3562071871080222,torch_bpr_mf_bias,46
121,0,0.0,torch_bpr_mf_bias,46
122,0,0.0,torch_bpr_mf_bias,46
123,0,0.0,torch_bpr_mf_bias,46
124,0,0.0,torch_bpr_mf_bias,46
125,0,0.0,torch_bpr_mf_bias,46
126,0,0.0,torch_bpr_mf_bias,46
127,0,0.0,torch_bpr_mf_bias,46
128,1,0.38685280723454163,torch_bpr_mf_bias,46
129,0,0.0,torch_bpr_mf_bias,46
130,0,0.0,torch_bpr_mf_bias,46
131,0,0.0,torch_bpr_mf_bias,46
132,0,0.0,torch_bpr_mf_bias,46
133,0,0.0,torch_bpr_mf_bias,46
134,0,0.0,torch_bpr_mf_bias,46
135,0,0.0,torch_bpr_mf_bias,46
136,0,0.0,torch_bpr_mf_bias,46
137,0,0.0,torch_bpr_mf_bias,46
138,1,0.5,torch_bpr_mf_bias,46
139,0,0.0,torch_bpr_mf_bias,46
140,0,0.0,torch_bpr_mf_bias,46
141,0,0.0,torch_bpr_mf_bias,46
142,0,0.0,torch_bpr_mf_bias,46
143,0,0.0,torch_bpr_mf_bias,46
144,0,0.0,torch_bpr_mf_bias,46
145,1,0.31546487678572877,torch_bpr_mf_bias,46
146,0,0.0,torch_bpr_mf_bias,46
147,0,0.0,torch_bpr_mf_bias,46
148,0,0.0,torch_bpr_mf_bias,46
149,0,0.0,torch_bpr_mf_bias,46
150,0,0.0,torch_bpr_mf_bias,46
151,0,0.0,torch_bpr_mf_bias,46
152,0,0.0,torch_bpr_mf_bias,46
153,0,0.0,torch_bpr_mf_bias,46
154,0,0.0,torch_bpr_mf_bias,46
155,0,0.0,torch_bpr_mf_bias,46
156,0,0.0,torch_bpr_mf_bias,46
157,0,0.0,torch_bpr_mf_bias,46
158,0,0.0,torch_bpr_mf_bias,46
159,1,0.5,torch_bpr_mf_bias,46
160,0,0.0,torch_bpr_mf_bias,46
161,0,0.0,torch_bpr_mf_bias,46
162,0,0.0,torch_bpr_mf_bias,46
163,0,0.0,torch_bpr_mf_bias,46
164,0,0.0,torch_bpr_mf_bias,46
165,0,0.0,torch_bpr_mf_bias,46
166,0,0.0,torch_bpr_mf_bias,46
167,0,0.0,torch_bpr_mf_bias,46
168,0,0.0,torch_bpr_mf_bias,46
169,0,0.0,torch_bpr_mf_bias,46
170,1,0.31546487678572877,torch_bpr_mf_bias,46
171,1,0.6309297535714575,torch_bpr_mf_bias,46
172,0,0.0,torch_bpr_mf_bias,46
173,0,0.0,torch_bpr_mf_bias,46
174,0,0.0,torch_bpr_mf_bias,46
175,0,0.0,torch_bpr_mf_bias,46
176,0,0.0,torch_bpr_mf_bias,46
177,0,0.0,torch_bpr_mf_bias,46
178,0,0.0,torch_bpr_mf_bias,46
179,0,0.0,torch_bpr_mf_bias,46
180,0,0.0,torch_bpr_mf_bias,46
181,0,0.0,torch_bpr_mf_bias,46
182,1,0.3562071871080222,torch_bpr_mf_bias,46
183,0,0.0,torch_bpr_mf_bias,46
184,0,0.0,torch_bpr_mf_bias,46
185,0,0.0,torch_bpr_mf_bias,46
186,0,0.0,torch_bpr_mf_bias,46
187,0,0.0,torch_bpr_mf_bias,46
188,0,0.0,torch_bpr_mf_bias,46
189,0,0.0,torch_bpr_mf_bias,46
190,0,0.0,torch_bpr_mf_bias,46
191,0,0.0,torch_bpr_mf_bias,46
192,0,0.0,torch_bpr_mf_bias,46
193,0,0.0,torch_bpr_mf_bias,46
194,0,0.0,torch_bpr_mf_bias,46
195,0,0.0,torch_bpr_mf_bias,46
196,0,0.0,torch_bpr_mf_bias,46
197,1,1.0,torch_bpr_mf_bias,46
198,0,0.0,torch_bpr_mf_bias,46
199,0,0.0,torch_bpr_mf_bias,46
200,0,0.0,torch_bpr_mf_bias,46
201,0,0.0,torch_bpr_mf_bias,46
202,0,0.0,torch_bpr_mf_bias,46
203,0,0.0,torch_bpr_mf_bias,46
204,0,0.0,torch_bpr_mf_bias,46
205,0,0.0,torch_bpr_mf_bias,46
206,0,0.0,torch_bpr_mf_bias,46
207,0,0.0,torch_bpr_mf_bias,46
208,0,0.0,torch_bpr_mf_bias,46
209,0,0.0,torch_bpr_mf_bias,46
210,0,0.0,torch_bpr_mf_bias,46
211,0,0.0,torch_bpr_mf_bias,46
212,0,0.0,torch_bpr_mf_bias,46
213,0,0.0,torch_bpr_mf_bias,46
214,0,0.0,torch_bpr_mf_bias,46
215,0,0.0,torch_bpr_mf_bias,46
216,0,0.0,torch_bpr_mf_bias,46
217,0,0.0,torch_bpr_mf_bias,46
218,0,0.0,torch_bpr_mf_bias,46
219,0,0.0,torch_bpr_mf_bias,46
220,0,0.0,torch_bpr_mf_bias,46
221,0,0.0,torch_bpr_mf_bias,46
222,0,0.0,torch_bpr_mf_bias,46
223,0,0.0,torch_bpr_mf_bias,46
224,0,0.0,torch_bpr_mf_bias,46
225,0,0.0,torch_bpr_mf_bias,46
226,0,0.0,torch_bpr_mf_bias,46
227,0,0.0,torch_bpr_mf_bias,46
228,0,0.0,torch_bpr_mf_bias,46
229,0,0.0,torch_bpr_mf_bias,46
230,0,0.0,torch_bpr_mf_bias,46
231,0,0.0,torch_bpr_mf_bias,46
232,0,0.0,torch_bpr_mf_bias,46
233,0,0.0,torch_bpr_mf_bias,46
234,0,0.0,torch_bpr_mf_bias,46
235,0,0.0,torch_bpr_mf_bias,46
236,0,0.0,torch_bpr_mf_bias,46
237,0,0.0,torch_bpr_mf_bias,46
238,0,0.0,torch_bpr_mf_bias,46
239,0,0.0,torch_bpr_mf_bias,46
240,0,0.0,torch_bpr_mf_bias,46
241,0,0.0,torch_bpr_mf_bias,46
242,0,0.0,torch_bpr_mf_bias,46
243,0,0.0,torch_bpr_mf_bias,46
244,0,0.0,torch_bpr_mf_bias,46
245,0,0.0,torch_bpr_mf_bias,46
246,0,0.0,torch_bpr_mf_bias,46
247,0,0.0,torch_bpr_mf_bias,46
248,0,0.0,torch_bpr_mf_bias,46
249,0,0.0,torch_bpr_mf_bias,46
250,0,0.0,torch_bpr_mf_bias,46
251,0,0.0,torch_bpr_mf_bias,46
252,0,0.0,torch_bpr_mf_bias,46
253,0,0.0,torch_bpr_mf_bias,46
254,0,0.0,torch_bpr_mf_bias,46
255,0,0.0,torch_bpr_mf_bias,46
256,0,0.0,torch_bpr_mf_bias,46
257,0,0.0,torch_bpr_mf_bias,46
258,0,0.0,torch_bpr_mf_bias,46
259,0,0.0,torch_bpr_mf_bias,46
260,0,0.0,torch_bpr_mf_bias,46
261,0,0.0,torch_bpr_mf_bias,46
262,0,0.0,torch_bpr_mf_bias,46
263,0,0.0,torch_bpr_mf_bias,46
264,0,0.0,torch_bpr_mf_bias,46
265,0,0.0,torch_bpr_mf_bias,46
266,0,0.0,torch_bpr_mf_bias,46
267,0,0.0,torch_bpr_mf_bias,46
268,0,0.0,torch_bpr_mf_bias,46
269,1,0.5,torch_bpr_mf_bias,46
270,0,0.0,torch_bpr_mf_bias,46
271,0,0.0,torch_bpr_mf_bias,46
272,0,0.0,torch_bpr_mf_bias,46
273,0,0.0,torch_bpr_mf_bias,46
274,0,0.0,torch_bpr_mf_bias,46
275,0,0.0,torch_bpr_mf_bias,46
276,0,0.0,torch_bpr_mf_bias,46
277,0,0.0,torch_bpr_mf_bias,46
278,0,0.0,torch_bpr_mf_bias,46
279,0,0.0,torch_bpr_mf_bias,46
280,0,0.0,torch_bpr_mf_bias,46
281,0,0.0,torch_bpr_mf_bias,46
282,0,0.0,torch_bpr_mf_bias,46
283,1,1.0,torch_bpr_mf_bias,46
284,1,0.3333333333333333,torch_bpr_mf_bias,46
285,0,0.0,torch_bpr_mf_bias,46
286,0,0.0,torch_bpr_mf_bias,46
287,0,0.0,torch_bpr_mf_bias,46
288,0,0.0,torch_bpr_mf_bias,46
289,0,0.0,torch_bpr_mf_bias,46
290,0,0.0,torch_bpr_mf_bias,46
291,0,0.0,torch_bpr_mf_bias,46
292,1,0.38685280723454163,torch_bpr_mf_bias,46
293,0,0.0,torch_bpr_mf_bias,46
294,0,0.0,torch_bpr_mf_bias,46
295,0,0.0,torch_bpr_mf_bias,46
296,0,0.0,torch_bpr_mf_bias,46
297,0,0.0,torch_bpr_mf_bias,46
298,0,0.0,torch_bpr_mf_bias,46
299,0,0.0,torch_bpr_mf_bias,46
300,0,0.0,torch_bpr_mf_bias,46
301,0,0.0,torch_bpr_mf_bias,46
302,0,0.0,torch_bpr_mf_bias,46
303,0,0.0,torch_bpr_mf_bias,46
304,0,0.0,torch_bpr_mf_bias,46
305,0,0.0,torch_bpr_mf_bias,46
306,0,0.0,torch_bpr_mf_bias,46
307,0,0.0,torch_bpr_mf_bias,46
308,0,0.0,torch_bpr_mf_bias,46
309,0,0.0,torch_bpr_mf_bias,46
310,0,0.0,torch_bpr_mf_bias,46
311,1,1.0,torch_bpr_mf_bias,46
312,0,0.0,torch_bpr_mf_bias,46
313,1,0.6309297535714575,torch_bpr_mf_bias,46
314,0,0.0,torch_bpr_mf_bias,46
315,0,0.0,torch_bpr_mf_bias,46
316,0,0.0,torch_bpr_mf_bias,46
317,0,0.0,torch_bpr_mf_bias,46
318,0,0.0,torch_bpr_mf_bias,46
319,0,0.0,torch_bpr_mf_bias,46
320,0,0.0,torch_bpr_mf_bias,46
321,0,0.0,torch_bpr_mf_bias,46
322,1,0.43067655807339306,torch_bpr_mf_bias,46
323,0,0.0,torch_bpr_mf_bias,46
324,0,0.0,torch_bpr_mf_bias,46
325,0,0.0,torch_bpr_mf_bias,46
326,0,0.0,torch_bpr_mf_bias,46
327,0,0.0,torch_bpr_mf_bias,46
328,0,0.0,torch_bpr_mf_bias,46
329,0,0.0,torch_bpr_mf_bias,46
330,0,0.0,torch_bpr_mf_bias,46
331,0,0.0,torch_bpr_mf_bias,46
332,0,0.0,torch_bpr_mf_bias,46
333,0,0.0,torch_bpr_mf_bias,46
334,0,0.0,torch_bpr_mf_bias,46
335,0,0.0,torch_bpr_mf_bias,46
336,1,0.43067655807339306,torch_bpr_mf_bias,46
337,0,0.0,torch_bpr_mf_bias,46
338,0,0.0,torch_bpr_mf_bias,46
339,0,0.0,torch_bpr_mf_bias,46
340,0,0.0,torch_bpr_mf_bias,46
341,0,0.0,torch_bpr_mf_bias,46
342,0,0.0,torch_bpr_mf_bias,46
343,0,0.0,torch_bpr_mf_bias,46
344,0,0.0,torch_bpr_mf_bias,46
345,0,0.0,torch_bpr_mf_bias,46
346,0,0.0,torch_bpr_mf_bias,46
347,0,0.0,torch_bpr_mf_bias,46
348,0,0.0,torch_bpr_mf_bias,46
349,0,0.0,torch_bpr_mf_bias,46
350,1,1.0,torch_bpr_mf_bias,46
351,0,0.0,torch_bpr_mf_bias,46
352,0,0.0,torch_bpr_mf_bias,46
353,0,0.0,torch_bpr_mf_bias,46
354,0,0.0,torch_bpr_mf_bias,46
355,0,0.0,torch_bpr_mf_bias,46
356,0,0.0,torch_bpr_mf_bias,46
357,0,0.0,torch_bpr_mf_bias,46
358,1,1.0,torch_bpr_mf_bias,46
359,0,0.0,torch_bpr_mf_bias,46
360,0,0.0,torch_bpr_mf_bias,46
361,0,0.0,torch_bpr_mf_bias,46
362,0,0.0,torch_bpr_mf_bias,46
363,0,0.0,torch_bpr_mf_bias,46
364,0,0.0,torch_bpr_mf_bias,46
365,0,0.0,torch_bpr_mf_bias,46
366,1,0.3010299956639812,torch_bpr_mf_bias,46
367,0,0.0,torch_bpr_mf_bias,46
368,0,0.0,torch_bpr_mf_bias,46
369,0,0.0,torch_bpr_mf_bias,46
370,0,0.0,torch_bpr_mf_bias,46
371,0,0.0,torch_bpr_mf_bias,46
372,0,0.0,torch_bpr_mf_bias,46
373,0,0.0,torch_bpr_mf_bias,46
374,0,0.0,torch_bpr_mf_bias,46
375,0,0.0,torch_bpr_mf_bias,46
376,0,0.0,torch_bpr_mf_bias,46
377,0,0.0,torch_bpr_mf_bias,46
378,0,0.0,torch_bpr_mf_bias,46
379,0,0.0,torch_bpr_mf_bias,46
380,0,0.0,torch_bpr_mf_bias,46
381,0,0.0,torch_bpr_mf_bias,46
382,0,0.0,torch_bpr_mf_bias,46
383,0,0.0,torch_bpr_mf_bias,46
384,0,0.0,torch_bpr_mf_bias,46
385,0,0.0,torch_bpr_mf_bias,46
386,0,0.0,torch_bpr_mf_bias,46
387,0,0.0,torch_bpr_mf_bias,46
388,0,0.0,torch_bpr_mf_bias,46
389,0,0.0,torch_bpr_mf_bias,46
390,0,0.0,torch_bpr_mf_bias,46
391,0,0.0,torch_bpr_mf_bias,46
392,0,0.0,torch_bpr_mf_bias,46
393,0,0.0,torch_bpr_mf_bias,46
394,0,0.0,torch_bpr_mf_bias,46
395,0,0.0,torch_bpr_mf_bias,46
396,0,0.0,torch_bpr_mf_bias,46
397,0,0.0,torch_bpr_mf_bias,46
398,0,0.0,torch_bpr_mf_bias,46
399,0,0.0,torch_bpr_mf_bias,46
400,0,0.0,torch_bpr_mf_bias,46
401,0,0.0,torch_bpr_mf_bias,46
402,0,0.0,torch_bpr_mf_bias,46
403,0,0.0,torch_bpr_mf_bias,46
404,0,0.0,torch_bpr_mf_bias,46
405,0,0.0,torch_bpr_mf_bias,46
406,0,0.0,torch_bpr_mf_bias,46
407,0,0.0,torch_bpr_mf_bias,46
408,0,0.0,torch_bpr_mf_bias,46
409,0,0.0,torch_bpr_mf_bias,46
410,0,0.0,torch_bpr_mf_bias,46
411,0,0.0,torch_bpr_mf_bias,46
412,0,0.0,torch_bpr_mf_bias,46
413,0,0.0,torch_bpr_mf_bias,46
414,0,0.0,torch_bpr_mf_bias,46
415,0,0.0,torch_bpr_mf_bias,46
416,0,0.0,torch_bpr_mf_bias,46
417,0,0.0,torch_bpr_mf_bias,46
418,0,0.0,torch_bpr_mf_bias,46
419,0,0.0,torch_bpr_mf_bias,46
420,0,0.0,torch_bpr_mf_bias,46
421,0,0.0,torch_bpr_mf_bias,46
422,0,0.0,torch_bpr_mf_bias,46
423,1,0.3010299956639812,torch_bpr_mf_bias,46
424,0,0.0,torch_bpr_mf_bias,46
425,0,0.0,torch_bpr_mf_bias,46
426,0,0.0,torch_bpr_mf_bias,46
427,0,0.0,torch_bpr_mf_bias,46
428,0,0.0,torch_bpr_mf_bias,46
429,0,0.0,torch_bpr_mf_bias,46
430,0,0.0,torch_bpr_mf_bias,46
431,0,0.0,torch_bpr_mf_bias,46
432,0,0.0,torch_bpr_mf_bias,46
433,0,0.0,torch_bpr_mf_bias,46
434,0,0.0,torch_bpr_mf_bias,46
435,0,0.0,torch_bpr_mf_bias,46
436,0,0.0,torch_bpr_mf_bias,46
437,1,0.3010299956639812,torch_bpr_mf_bias,46
438,0,0.0,torch_bpr_mf_bias,46
439,0,0.0,torch_bpr_mf_bias,46
440,0,0.0,torch_bpr_mf_bias,46
441,0,0.0,torch_bpr_mf_bias,46
442,0,0.0,torch_bpr_mf_bias,46
443,0,0.0,torch_bpr_mf_bias,46
444,0,0.0,torch_bpr_mf_bias,46
445,0,0.0,torch_bpr_mf_bias,46
446,0,0.0,torch_bpr_mf_bias,46
447,0,0.0,torch_bpr_mf_bias,46
448,0,0.0,torch_bpr_mf_bias,46
449,0,0.0,torch_bpr_mf_bias,46
450,0,0.0,torch_bpr_mf_bias,46
451,0,0.0,torch_bpr_mf_bias,46
452,0,0.0,torch_bpr_mf_bias,46
453,0,0.0,torch_bpr_mf_bias,46
454,0,0.0,torch_bpr_mf_bias,46
455,0,0.0,torch_bpr_mf_bias,46
456,0,0.0,torch_bpr_mf_bias,46
457,0,0.0,torch_bpr_mf_bias,46
458,0,0.0,torch_bpr_mf_bias,46
459,0,0.0,torch_bpr_mf_bias,46
460,0,0.0,torch_bpr_mf_bias,46
461,0,0.0,torch_bpr_mf_bias,46
462,0,0.0,torch_bpr_mf_bias,46
463,0,0.0,torch_bpr_mf_bias,46
464,0,0.0,torch_bpr_mf_bias,46
465,0,0.0,torch_bpr_mf_bias,46
466,0,0.0,torch_bpr_mf_bias,46
467,1,0.3333333333333333,torch_bpr_mf_bias,46
468,0,0.0,torch_bpr_mf_bias,46
469,0,0.0,torch_bpr_mf_bias,46
470,0,0.0,torch_bpr_mf_bias,46
471,0,0.0,torch_bpr_mf_bias,46
472,0,0.0,torch_bpr_mf_bias,46
473,0,0.0,torch_bpr_mf_bias,46
474,0,0.0,torch_bpr_mf_bias,46
475,0,0.0,torch_bpr_mf_bias,46
476,0,0.0,torch_bpr_mf_bias,46
477,0,0.0,torch_bpr_mf_bias,46
478,0,0.0,torch_bpr_mf_bias,46
479,1,0.2890648263178879,torch_bpr_mf_bias,46
480,0,0.0,torch_bpr_mf_bias,46
481,0,0.0,torch_bpr_mf_bias,46
482,0,0.0,torch_bpr_mf_bias,46
483,0,0.0,torch_bpr_mf_bias,46
484,0,0.0,torch_bpr_mf_bias,46
485,0,0.0,torch_bpr_mf_bias,46
486,0,0.0,torch_bpr_mf_bias,46
487,0,0.0,torch_bpr_mf_bias,46
488,1,0.6309297535714575,torch_bpr_mf_bias,46
489,0,0.0,torch_bpr_mf_bias,46
490,0,0.0,torch_bpr_mf_bias,46
491,0,0.0,torch_bpr_mf_bias,46
492,0,0.0,torch_bpr_mf_bias,46
493,0,0.0,torch_bpr_mf_bias,46
494,0,0.0,torch_bpr_mf_bias,46
495,1,0.3010299956639812,torch_bpr_mf_bias,46
496,0,0.0,torch_bpr_mf_bias,46
497,0,0.0,torch_bpr_mf_bias,46
498,0,0.0,torch_bpr_mf_bias,46
499,0,0.0,torch_bpr_mf_bias,46
500,0,0.0,torch_bpr_mf_bias,46
501,0,0.0,torch_bpr_mf_bias,46
502,0,0.0,torch_bpr_mf_bias,46
503,0,0.0,torch_bpr_mf_bias,46
504,0,0.0,torch_bpr_mf_bias,46
505,0,0.0,torch_bpr_mf_bias,46
506,0,0.0,torch_bpr_mf_bias,46
507,0,0.0,torch_bpr_mf_bias,46
508,0,0.0,torch_bpr_mf_bias,46
509,0,0.0,torch_bpr_mf_bias,46
510,0,0.0,torch_bpr_mf_bias,46
511,0,0.0,torch_bpr_mf_bias,46
512,0,0.0,torch_bpr_mf_bias,46
513,0,0.0,torch_bpr_mf_bias,46
514,0,0.0,torch_bpr_mf_bias,46
515,0,0.0,torch_bpr_mf_bias,46
516,0,0.0,torch_bpr_mf_bias,46
517,0,0.0,torch_bpr_mf_bias,46
518,0,0.0,torch_bpr_mf_bias,46
519,1,0.5,torch_bpr_mf_bias,46
520,0,0.0,torch_bpr_mf_bias,46
521,0,0.0,torch_bpr_mf_bias,46
522,1,0.38685280723454163,torch_bpr_mf_bias,46
523,0,0.0,torch_bpr_mf_bias,46
524,0,0.0,torch_bpr_mf_bias,46
525,0,0.0,torch_bpr_mf_bias,46
526,0,0.0,torch_bpr_mf_bias,46
527,0,0.0,torch_bpr_mf_bias,46
528,0,0.0,torch_bpr_mf_bias,46
529,0,0.0,torch_bpr_mf_bias,46
530,0,0.0,torch_bpr_mf_bias,46
531,0,0.0,torch_bpr_mf_bias,46
532,0,0.0,torch_bpr_mf_bias,46
533,0,0.0,torch_bpr_mf_bias,46
534,0,0.0,torch_bpr_mf_bias,46
535,1,0.3333333333333333,torch_bpr_mf_bias,46
536,0,0.0,torch_bpr_mf_bias,46
537,0,0.0,torch_bpr_mf_bias,46
538,0,0.0,torch_bpr_mf_bias,46
539,0,0.0,torch_bpr_mf_bias,46
540,0,0.0,torch_bpr_mf_bias,46
541,0,0.0,torch_bpr_mf_bias,46
542,0,0.0,torch_bpr_mf_bias,46
543,0,0.0,torch_bpr_mf_bias,46
544,0,0.0,torch_bpr_mf_bias,46
545,1,0.3562071871080222,torch_bpr_mf_bias,46
546,0,0.0,torch_bpr_mf_bias,46
547,0,0.0,torch_bpr_mf_bias,46
548,0,0.0,torch_bpr_mf_bias,46
549,0,0.0,torch_bpr_mf_bias,46
550,0,0.0,torch_bpr_mf_bias,46
551,0,0.0,torch_bpr_mf_bias,46
552,1,0.3010299956639812,torch_bpr_mf_bias,46
553,1,0.43067655807339306,torch_bpr_mf_bias,46
554,0,0.0,torch_bpr_mf_bias,46
555,0,0.0,torch_bpr_mf_bias,46
556,0,0.0,torch_bpr_mf_bias,46
557,0,0.0,torch_bpr_mf_bias,46
558,0,0.0,torch_bpr_mf_bias,46
559,1,0.6309297535714575,torch_bpr_mf_bias,46
560,0,0.0,torch_bpr_mf_bias,46
561,0,0.0,torch_bpr_mf_bias,46
562,0,0.0,torch_bpr_mf_bias,46
563,0,0.0,torch_bpr_mf_bias,46
564,0,0.0,torch_bpr_mf_bias,46
565,0,0.0,torch_bpr_mf_bias,46
566,0,0.0,torch_bpr_mf_bias,46
567,0,0.0,torch_bpr_mf_bias,46
568,0,0.0,torch_bpr_mf_bias,46
569,0,0.0,torch_bpr_mf_bias,46
570,0,0.0,torch_bpr_mf_bias,46
571,0,0.0,torch_bpr_mf_bias,46
572,0,0.0,torch_bpr_mf_bias,46
573,0,0.0,torch_bpr_mf_bias,46
574,0,0.0,torch_bpr_mf_bias,46
575,0,0.0,torch_bpr_mf_bias,46
576,0,0.0,torch_bpr_mf_bias,46
577,0,0.0,torch_bpr_mf_bias,46
578,1,0.6309297535714575,torch_bpr_mf_bias,46
579,0,0.0,torch_bpr_mf_bias,46
580,1,0.5,torch_bpr_mf_bias,46
581,0,0.0,torch_bpr_mf_bias,46
582,0,0.0,torch_bpr_mf_bias,46
583,0,0.0,torch_bpr_mf_bias,46
584,0,0.0,torch_bpr_mf_bias,46
585,1,0.6309297535714575,torch_bpr_mf_bias,46
586,0,0.0,torch_bpr_mf_bias,46
587,0,0.0,torch_bpr_mf_bias,46
588,1,0.5,torch_bpr_mf_bias,46
589,0,0.0,torch_bpr_mf_bias,46
590,0,0.0,torch_bpr_mf_bias,46
591,0,0.0,torch_bpr_mf_bias,46
592,0,0.0,torch_bpr_mf_bias,46
593,0,0.0,torch_bpr_mf_bias,46
594,0,0.0,torch_bpr_mf_bias,46
595,0,0.0,torch_bpr_mf_bias,46
596,0,0.0,torch_bpr_mf_bias,46
597,0,0.0,torch_bpr_mf_bias,46
598,0,0.0,torch_bpr_mf_bias,46
599,0,0.0,torch_bpr_mf_bias,46
600,0,0.0,torch_bpr_mf_bias,46
601,0,0.0,torch_bpr_mf_bias,46
602,0,0.0,torch_bpr_mf_bias,46
603,0,0.0,torch_bpr_mf_bias,46
604,0,0.0,torch_bpr_mf_bias,46
605,0,0.0,torch_bpr_mf_bias,46
606,0,0.0,torch_bpr_mf_bias,46
607,1,0.2890648263178879,torch_bpr_mf_bias,46
608,0,0.0,torch_bpr_mf_bias,46
609,0,0.0,torch_bpr_mf_bias,46
610,0,0.0,torch_bpr_mf_bias,46
611,0,0.0,torch_bpr_mf_bias,46
612,0,0.0,torch_bpr_mf_bias,46
613,0,0.0,torch_bpr_mf_bias,46
614,0,0.0,torch_bpr_mf_bias,46
615,0,0.0,torch_bpr_mf_bias,46
616,0,0.0,torch_bpr_mf_bias,46
617,1,0.6309297535714575,torch_bpr_mf_bias,46
618,0,0.0,torch_bpr_mf_bias,46
619,0,0.0,torch_bpr_mf_bias,46
620,0,0.0,torch_bpr_mf_bias,46
621,0,0.0,torch_bpr_mf_bias,46
622,0,0.0,torch_bpr_mf_bias,46
623,0,0.0,torch_bpr_mf_bias,46
624,0,0.0,torch_bpr_mf_bias,46
625,0,0.0,torch_bpr_mf_bias,46
626,0,0.0,torch_bpr_mf_bias,46
627,0,0.0,torch_bpr_mf_bias,46
628,0,0.0,torch_bpr_mf_bias,46
629,0,0.0,torch_bpr_mf_bias,46
630,0,0.0,torch_bpr_mf_bias,46
631,0,0.0,torch_bpr_mf_bias,46
632,0,0.0,torch_bpr_mf_bias,46
633,0,0.0,torch_bpr_mf_bias,46
634,0,0.0,torch_bpr_mf_bias,46
635,0,0.0,torch_bpr_mf_bias,46
636,0,0.0,torch_bpr_mf_bias,46
637,0,0.0,torch_bpr_mf_bias,46
638,0,0.0,torch_bpr_mf_bias,46
639,0,0.0,torch_bpr_mf_bias,46
640,1,0.3562071871080222,torch_bpr_mf_bias,46
641,0,0.0,torch_bpr_mf_bias,46
642,0,0.0,torch_bpr_mf_bias,46
643,1,0.2890648263178879,torch_bpr_mf_bias,46
644,0,0.0,torch_bpr_mf_bias,46
645,0,0.0,torch_bpr_mf_bias,46
646,0,0.0,torch_bpr_mf_bias,46
647,0,0.0,torch_bpr_mf_bias,46
648,0,0.0,torch_bpr_mf_bias,46
649,0,0.0,torch_bpr_mf_bias,46
650,0,0.0,torch_bpr_mf_bias,46
651,0,0.0,torch_bpr_mf_bias,46
652,0,0.0,torch_bpr_mf_bias,46
653,1,1.0,torch_bpr_mf_bias,46
654,0,0.0,torch_bpr_mf_bias,46
655,0,0.0,torch_bpr_mf_bias,46
656,0,0.0,torch_bpr_mf_bias,46
657,0,0.0,torch_bpr_mf_bias,46
658,0,0.0,torch_bpr_mf_bias,46
659,0,0.0,torch_bpr_mf_bias,46
660,0,0.0,torch_bpr_mf_bias,46
661,0,0.0,torch_bpr_mf_bias,46
662,0,0.0,torch_bpr_mf_bias,46
663,0,0.0,torch_bpr_mf_bias,46
664,0,0.0,torch_bpr_mf_bias,46
665,0,0.0,torch_bpr_mf_bias,46
666,0,0.0,torch_bpr_mf_bias,46
667,0,0.0,torch_bpr_mf_bias,46
668,0,0.0,torch_bpr_mf_bias,46
669,0,0.0,torch_bpr_mf_bias,46
670,0,0.0,torch_bpr_mf_bias,46
671,0,0.0,torch_bpr_mf_bias,46
672,0,0.0,torch_bpr_mf_bias,46
673,0,0.0,torch_bpr_mf_bias,46
674,1,0.6309297535714575,torch_bpr_mf_bias,46
675,1,0.3562071871080222,torch_bpr_mf_bias,46
676,0,0.0,torch_bpr_mf_bias,46
677,0,0.0,torch_bpr_mf_bias,46
678,0,0.0,torch_bpr_mf_bias,46
679,0,0.0,torch_bpr_mf_bias,46
680,0,0.0,torch_bpr_mf_bias,46
681,0,0.0,torch_bpr_mf_bias,46
682,0,0.0,torch_bpr_mf_bias,46
683,0,0.0,torch_bpr_mf_bias,46
684,0,0.0,torch_bpr_mf_bias,46
685,0,0.0,torch_bpr_mf_bias,46
686,0,0.0,torch_bpr_mf_bias,46
687,0,0.0,torch_bpr_mf_bias,46
688,0,0.0,torch_bpr_mf_bias,46
689,0,0.0,torch_bpr_mf_bias,46
690,0,0.0,torch_bpr_mf_bias,46
691,0,0.0,torch_bpr_mf_bias,46
692,0,0.0,torch_bpr_mf_bias,46
693,0,0.0,torch_bpr_mf_bias,46
694,0,0.0,torch_bpr_mf_bias,46
695,0,0.0,torch_bpr_mf_bias,46
696,0,0.0,torch_bpr_mf_bias,46
697,0,0.0,torch_bpr_mf_bias,46
698,0,0.0,torch_bpr_mf_bias,46
699,0,0.0,torch_bpr_mf_bias,46
700,0,0.0,torch_bpr_mf_bias,46
701,0,0.0,torch_bpr_mf_bias,46
702,0,0.0,torch_bpr_mf_bias,46
703,1,0.5,torch_bpr_mf_bias,46
704,0,0.0,torch_bpr_mf_bias,46
705,0,0.0,torch_bpr_mf_bias,46
706,0,0.0,torch_bpr_mf_bias,46
707,0,0.0,torch_bpr_mf_bias,46
708,1,0.31546487678572877,torch_bpr_mf_bias,46
709,0,0.0,torch_bpr_mf_bias,46
710,0,0.0,torch_bpr_mf_bias,46
711,0,0.0,torch_bpr_mf_bias,46
712,0,0.0,torch_bpr_mf_bias,46
713,0,0.0,torch_bpr_mf_bias,46
714,0,0.0,torch_bpr_mf_bias,46
715,0,0.0,torch_bpr_mf_bias,46
716,0,0.0,torch_bpr_mf_bias,46
717,0,0.0,torch_bpr_mf_bias,46
718,0,0.0,torch_bpr_mf_bias,46
719,0,0.0,torch_bpr_mf_bias,46
720,0,0.0,torch_bpr_mf_bias,46
721,0,0.0,torch_bpr_mf_bias,46
722,0,0.0,torch_bpr_mf_bias,46
723,0,0.0,torch_bpr_mf_bias,46
724,0,0.0,torch_bpr_mf_bias,46
725,0,0.0,torch_bpr_mf_bias,46
726,0,0.0,torch_bpr_mf_bias,46
727,0,0.0,torch_bpr_mf_bias,46
728,0,0.0,torch_bpr_mf_bias,46
729,0,0.0,torch_bpr_mf_bias,46
730,0,0.0,torch_bpr_mf_bias,46
731,0,0.0,torch_bpr_mf_bias,46
732,0,0.0,torch_bpr_mf_bias,46
733,0,0.0,torch_bpr_mf_bias,46
734,0,0.0,torch_bpr_mf_bias,46
735,0,0.0,torch_bpr_mf_bias,46
736,0,0.0,torch_bpr_mf_bias,46
737,0,0.0,torch_bpr_mf_bias,46
738,0,0.0,torch_bpr_mf_bias,46
739,0,0.0,torch_bpr_mf_bias,46
740,0,0.0,torch_bpr_mf_bias,46
741,0,0.0,torch_bpr_mf_bias,46
742,0,0.0,torch_bpr_mf_bias,46
743,1,0.6309297535714575,torch_bpr_mf_bias,46
744,0,0.0,torch_bpr_mf_bias,46
745,0,0.0,torch_bpr_mf_bias,46
746,0,0.0,torch_bpr_mf_bias,46
747,0,0.0,torch_bpr_mf_bias,46
748,0,0.0,torch_bpr_mf_bias,46
749,0,0.0,torch_bpr_mf_bias,46
750,0,0.0,torch_bpr_mf_bias,46
751,0,0.0,torch_bpr_mf_bias,46
752,0,0.0,torch_bpr_mf_bias,46
753,1,0.6309297535714575,torch_bpr_mf_bias,46
754,0,0.0,torch_bpr_mf_bias,46
755,0,0.0,torch_bpr_mf_bias,46
756,0,0.0,torch_bpr_mf_bias,46
757,0,0.0,torch_bpr_mf_bias,46
758,0,0.0,torch_bpr_mf_bias,46
759,0,0.0,torch_bpr_mf_bias,46
760,0,0.0,torch_bpr_mf_bias,46
761,1,1.0,torch_bpr_mf_bias,46
762,0,0.0,torch_bpr_mf_bias,46
763,0,0.0,torch_bpr_mf_bias,46
764,0,0.0,torch_bpr_mf_bias,46
765,0,0.0,torch_bpr_mf_bias,46
766,1,0.38685280723454163,torch_bpr_mf_bias,46
767,0,0.0,torch_bpr_mf_bias,46
768,0,0.0,torch_bpr_mf_bias,46
769,0,0.0,torch_bpr_mf_bias,46
770,0,0.0,torch_bpr_mf_bias,46
771,0,0.0,torch_bpr_mf_bias,46
772,0,0.0,torch_bpr_mf_bias,46
773,0,0.0,torch_bpr_mf_bias,46
774,0,0.0,torch_bpr_mf_bias,46
775,0,0.0,torch_bpr_mf_bias,46
776,0,0.0,torch_bpr_mf_bias,46
777,0,0.0,torch_bpr_mf_bias,46
778,1,0.43067655807339306,torch_bpr_mf_bias,46
779,1,0.5,torch_bpr_mf_bias,46
780,0,0.0,torch_bpr_mf_bias,46
781,0,0.0,torch_bpr_mf_bias,46
782,0,0.0,torch_bpr_mf_bias,46
783,0,0.0,torch_bpr_mf_bias,46
784,0,0.0,torch_bpr_mf_bias,46
785,0,0.0,torch_bpr_mf_bias,46
786,0,0.0,torch_bpr_mf_bias,46
787,0,0.0,torch_bpr_mf_bias,46
788,0,0.0,torch_bpr_mf_bias,46
789,0,0.0,torch_bpr_mf_bias,46
790,1,0.43067655807339306,torch_bpr_mf_bias,46
791,0,0.0,torch_bpr_mf_bias,46
792,0,0.0,torch_bpr_mf_bias,46
793,0,0.0,torch_bpr_mf_bias,46
794,0,0.0,torch_bpr_mf_bias,46
795,0,0.0,torch_bpr_mf_bias,46
796,0,0.0,torch_bpr_mf_bias,46
797,0,0.0,torch_bpr_mf_bias,46
798,0,0.0,torch_bpr_mf_bias,46
799,0,0.0,torch_bpr_mf_bias,46
800,0,0.0,torch_bpr_mf_bias,46
801,0,0.0,torch_bpr_mf_bias,46
802,0,0.0,torch_bpr_mf_bias,46
803,0,0.0,torch_bpr_mf_bias,46
804,0,0.0,torch_bpr_mf_bias,46
805,0,0.0,torch_bpr_mf_bias,46
806,0,0.0,torch_bpr_mf_bias,46
807,0,0.0,torch_bpr_mf_bias,46
808,0,0.0,torch_bpr_mf_bias,46
809,0,0.0,torch_bpr_mf_bias,46
810,0,0.0,torch_bpr_mf_bias,46
811,0,0.0,torch_bpr_mf_bias,46
812,0,0.0,torch_bpr_mf_bias,46
813,1,1.0,torch_bpr_mf_bias,46
814,0,0.0,torch_bpr_mf_bias,46
815,0,0.0,torch_bpr_mf_bias,46
816,0,0.0,torch_bpr_mf_bias,46
817,0,0.0,torch_bpr_mf_bias,46
818,0,0.0,torch_bpr_mf_bias,46
819,0,0.0,torch_bpr_mf_bias,46
820,0,0.0,torch_bpr_mf_bias,46
821,0,0.0,torch_bpr_mf_bias,46
822,0,0.0,torch_bpr_mf_bias,46
823,0,0.0,torch_bpr_mf_bias,46
824,0,0.0,torch_bpr_mf_bias,46
825,0,0.0,torch_bpr_mf_bias,46
826,0,0.0,torch_bpr_mf_bias,46
827,0,0.0,torch_bpr_mf_bias,46
828,0,0.0,torch_bpr_mf_bias,46
829,0,0.0,torch_bpr_mf_bias,46
830,0,0.0,torch_bpr_mf_bias,46
831,0,0.0,torch_bpr_mf_bias,46
832,0,0.0,torch_bpr_mf_bias,46
833,1,0.38685280723454163,torch_bpr_mf_bias,46
834,0,0.0,torch_bpr_mf_bias,46
835,0,0.0,torch_bpr_mf_bias,46
836,0,0.0,torch_bpr_mf_bias,46
837,0,0.0,torch_bpr_mf_bias,46
838,0,0.0,torch_bpr_mf_bias,46
839,0,0.0,torch_bpr_mf_bias,46
840,0,0.0,torch_bpr_mf_bias,46
841,0,0.0,torch_bpr_mf_bias,46
842,0,0.0,torch_bpr_mf_bias,46
843,0,0.0,torch_bpr_mf_bias,46
844,0,0.0,torch_bpr_mf_bias,46
845,1,1.0,torch_bpr_mf_bias,46
846,0,0.0,torch_bpr_mf_bias,46
847,1,0.5,torch_bpr_mf_bias,46
848,0,0.0,torch_bpr_mf_bias,46
849,0,0.0,torch_bpr_mf_bias,46
850,0,0.0,torch_bpr_mf_bias,46
851,0,0.0,torch_bpr_mf_bias,46
852,0,0.0,torch_bpr_mf_bias,46
853,0,0.0,torch_bpr_mf_bias,46
854,0,0.0,torch_bpr_mf_bias,46
855,0,0.0,torch_bpr_mf_bias,46
856,0,0.0,torch_bpr_mf_bias,46
857,0,0.0,torch_bpr_mf_bias,46
858,0,0.0,torch_bpr_mf_bias,46
859,1,0.38685280723454163,torch_bpr_mf_bias,46
860,1,0.38685280723454163,torch_bpr_mf_bias,46
861,0,0.0,torch_bpr_mf_bias,46
862,0,0.0,torch_bpr_mf_bias,46
863,0,0.0,torch_bpr_mf_bias,46
864,0,0.0,torch_bpr_mf_bias,46
865,0,0.0,torch_bpr_mf_bias,46
866,1,0.3333333333333333,torch_bpr_mf_bias,46
867,0,0.0,torch_bpr_mf_bias,46
868,0,0.0,torch_bpr_mf_bias,46
869,0,0.0,torch_bpr_mf_bias,46
870,1,0.3333333333333333,torch_bpr_mf_bias,46
871,0,0.0,torch_bpr_mf_bias,46
872,1,0.3010299956639812,torch_bpr_mf_bias,46
873,0,0.0,torch_bpr_mf_bias,46
874,0,0.0,torch_bpr_mf_bias,46
875,0,0.0,torch_bpr_mf_bias,46
876,0,0.0,torch_bpr_mf_bias,46
877,0,0.0,torch_bpr_mf_bias,46
878,0,0.0,torch_bpr_mf_bias,46
879,1,0.3562071871080222,torch_bpr_mf_bias,46
880,0,0.0,torch_bpr_mf_bias,46
881,0,0.0,torch_bpr_mf_bias,46
882,0,0.0,torch_bpr_mf_bias,46
883,0,0.0,torch_bpr_mf_bias,46
884,0,0.0,torch_bpr_mf_bias,46
885,0,0.0,torch_bpr_mf_bias,46
886,1,0.2890648263178879,torch_bpr_mf_bias,46
887,1,0.3562071871080222,torch_bpr_mf_bias,46
888,0,0.0,torch_bpr_mf_bias,46
889,0,0.0,torch_bpr_mf_bias,46
890,0,0.0,torch_bpr_mf_bias,46
891,0,0.0,torch_bpr_mf_bias,46
892,1,1.0,torch_bpr_mf_bias,46
893,0,0.0,torch_bpr_mf_bias,46
894,1,0.5,torch_bpr_mf_bias,46
895,0,0.0,torch_bpr_mf_bias,46
896,0,0.0,torch_bpr_mf_bias,46
897,0,0.0,torch_bpr_mf_bias,46
898,0,0.0,torch_bpr_mf_bias,46
899,0,0.0,torch_bpr_mf_bias,46
900,0,0.0,torch_bpr_mf_bias,46
901,0,0.0,torch_bpr_mf_bias,46
902,1,0.3010299956639812,torch_bpr_mf_bias,46
903,0,0.0,torch_bpr_mf_bias,46
904,0,0.0,torch_bpr_mf_bias,46
905,0,0.0,torch_bpr_mf_bias,46
906,0,0.0,torch_bpr_mf_bias,46
907,1,0.5,torch_bpr_mf_bias,46
908,0,0.0,torch_bpr_mf_bias,46
909,0,0.0,torch_bpr_mf_bias,46
910,0,0.0,torch_bpr_mf_bias,46
911,0,0.0,torch_bpr_mf_bias,46
912,0,0.0,torch_bpr_mf_bias,46
913,0,0.0,torch_bpr_mf_bias,46
914,0,0.0,torch_bpr_mf_bias,46
915,0,0.0,torch_bpr_mf_bias,46
916,0,0.0,torch_bpr_mf_bias,46
917,0,0.0,torch_bpr_mf_bias,46
918,0,0.0,torch_bpr_mf_bias,46
919,0,0.0,torch_bpr_mf_bias,46
920,1,0.3562071871080222,torch_bpr_mf_bias,46
921,0,0.0,torch_bpr_mf_bias,46
922,0,0.0,torch_bpr_mf_bias,46
923,0,0.0,torch_bpr_mf_bias,46
924,0,0.0,torch_bpr_mf_bias,46
925,0,0.0,torch_bpr_mf_bias,46
926,0,0.0,torch_bpr_mf_bias,46
927,0,0.0,torch_bpr_mf_bias,46
928,0,0.0,torch_bpr_mf_bias,46
929,0,0.0,torch_bpr_mf_bias,46
930,0,0.0,torch_bpr_mf_bias,46
931,0,0.0,torch_bpr_mf_bias,46
932,0,0.0,torch_bpr_mf_bias,46
933,1,0.43067655807339306,torch_bpr_mf_bias,46
934,0,0.0,torch_bpr_mf_bias,46
935,0,0.0,torch_bpr_mf_bias,46
936,0,0.0,torch_bpr_mf_bias,46
937,0,0.0,torch_bpr_mf_bias,46
938,0,0.0,torch_bpr_mf_bias,46
939,1,0.38685280723454163,torch_bpr_mf_bias,46
940,1,0.31546487678572877,torch_bpr_mf_bias,46
941,1,0.43067655807339306,torch_bpr_mf_bias,46
942,0,0.0,torch_bpr_mf_bias,46
943,0,0.0,torch_bpr_mf_bias,46
944,1,0.3010299956639812,torch_bpr_mf_bias,46
945,0,0.0,torch_bpr_mf_bias,46
946,1,0.3010299956639812,torch_bpr_mf_bias,46
947,0,0.0,torch_bpr_mf_bias,46
948,0,0.0,torch_bpr_mf_bias,46
949,0,0.0,torch_bpr_mf_bias,46
950,0,0.0,torch_bpr_mf_bias,46
951,0,0.0,torch_bpr_mf_bias,46
952,0,0.0,torch_bpr_mf_bias,46
953,0,0.0,torch_bpr_mf_bias,46
954,0,0.0,torch_bpr_mf_bias,46
955,0,0.0,torch_bpr_mf_bias,46
956,0,0.0,torch_bpr_mf_bias,46
957,0,0.0,torch_bpr_mf_bias,46
958,0,0.0,torch_bpr_mf_bias,46
959,0,0.0,torch_bpr_mf_bias,46
960,0,0.0,torch_bpr_mf_bias,46
961,1,0.38685280723454163,torch_bpr_mf_bias,46
962,0,0.0,torch_bpr_mf_bias,46
963,0,0.0,torch_bpr_mf_bias,46
964,0,0.0,torch_bpr_mf_bias,46
965,0,0.0,torch_bpr_mf_bias,46
966,0,0.0,torch_bpr_mf_bias,46
967,0,0.0,torch_bpr_mf_bias,46
968,0,0.0,torch_bpr_mf_bias,46
969,0,0.0,torch_bpr_mf_bias,46
970,0,0.0,torch_bpr_mf_bias,46
971,0,0.0,torch_bpr_mf_bias,46
972,1,0.3333333333333333,torch_bpr_mf_bias,46
973,0,0.0,torch_bpr_mf_bias,46
974,0,0.0,torch_bpr_mf_bias,46
975,0,0.0,torch_bpr_mf_bias,46
976,0,0.0,torch_bpr_mf_bias,46
977,0,0.0,torch_bpr_mf_bias,46
978,0,0.0,torch_bpr_mf_bias,46
979,0,0.0,torch_bpr_mf_bias,46
980,0,0.0,torch_bpr_mf_bias,46
981,0,0.0,torch_bpr_mf_bias,46
982,0,0.0,torch_bpr_mf_bias,46
983,0,0.0,torch_bpr_mf_bias,46
984,0,0.0,torch_bpr_mf_bias,46
985,0,0.0,torch_bpr_mf_bias,46
986,0,0.0,torch_bpr_mf_bias,46
987,0,0.0,torch_bpr_mf_bias,46
988,0,0.0,torch_bpr_mf_bias,46
989,0,0.0,torch_bpr_mf_bias,46
990,0,0.0,torch_bpr_mf_bias,46
991,0,0.0,torch_bpr_mf_bias,46
992,0,0.0,torch_bpr_mf_bias,46
993,0,0.0,torch_bpr_mf_bias,46
994,0,0.0,torch_bpr_mf_bias,46
995,0,0.0,torch_bpr_mf_bias,46
996,0,0.0,torch_bpr_mf_bias,46
997,0,0.0,torch_bpr_mf_bias,46
998,0,0.0,torch_bpr_mf_bias,46
999,0,0.0,torch_bpr_mf_bias,46
1000,0,0.0,torch_bpr_mf_bias,46
1001,0,0.0,torch_bpr_mf_bias,46
1,0,0.0,torch_sasrec,42
2,0,0.0,torch_sasrec,42
3,0,0.0,torch_sasrec,42
4,0,0.0,torch_sasrec,42
5,0,0.0,torch_sasrec,42
6,0,0.0,torch_sasrec,42
7,1,0.6309297535714575,torch_sasrec,42
8,0,0.0,torch_sasrec,42
9,0,0.0,torch_sasrec,42
10,0,0.0,torch_sasrec,42
11,0,0.0,torch_sasrec,42
12,0,0.0,torch_sasrec,42
13,1,0.38685280723454163,torch_sasrec,42
14,0,0.0,torch_sasrec,42
15,0,0.0,torch_sasrec,42
16,0,0.0,torch_sasrec,42
17,1,1.0,torch_sasrec,42
18,0,0.0,torch_sasrec,42
19,0,0.0,torch_sasrec,42
20,0,0.0,torch_sasrec,42
21,0,0.0,torch_sasrec,42
22,0,0.0,torch_sasrec,42
23,0,0.0,torch_sasrec,42
24,0,0.0,torch_sasrec,42
25,0,0.0,torch_sasrec,42
26,0,0.0,torch_sasrec,42
27,1,1.0,torch_sasrec,42
28,0,0.0,torch_sasrec,42
29,0,0.0,torch_sasrec,42
30,0,0.0,torch_sasrec,42
31,0,0.0,torch_sasrec,42
32,1,0.2890648263178879,torch_sasrec,42
33,0,0.0,torch_sasrec,42
34,0,0.0,torch_sasrec,42
35,0,0.0,torch_sasrec,42
36,0,0.0,torch_sasrec,42
37,1,0.38685280723454163,torch_sasrec,42
38,0,0.0,torch_sasrec,42
39,1,0.31546487678572877,torch_sasrec,42
40,0,0.0,torch_sasrec,42
41,0,0.0,torch_sasrec,42
42,1,0.38685280723454163,torch_sasrec,42
43,0,0.0,torch_sasrec,42
44,0,0.0,torch_sasrec,42
45,0,0.0,torch_sasrec,42
47,0,0.0,torch_sasrec,42
48,0,0.0,torch_sasrec,42
49,0,0.0,torch_sasrec,42
50,0,0.0,torch_sasrec,42
51,0,0.0,torch_sasrec,42
52,0,0.0,torch_sasrec,42
53,0,0.0,torch_sasrec,42
54,1,0.3010299956639812,torch_sasrec,42
55,0,0.0,torch_sasrec,42
56,1,0.3562071871080222,torch_sasrec,42
57,0,0.0,torch_sasrec,42
58,0,0.0,torch_sasrec,42
59,0,0.0,torch_sasrec,42
60,0,0.0,torch_sasrec,42
61,0,0.0,torch_sasrec,42
62,0,0.0,torch_sasrec,42
63,0,0.0,torch_sasrec,42
64,0,0.0,torch_sasrec,42
65,0,0.0,torch_sasrec,42
66,0,0.0,torch_sasrec,42
67,0,0.0,torch_sasrec,42
68,0,0.0,torch_sasrec,42
69,0,0.0,torch_sasrec,42
70,1,0.43067655807339306,torch_sasrec,42
71,0,0.0,torch_sasrec,42
72,0,0.0,torch_sasrec,42
73,0,0.0,torch_sasrec,42
74,0,0.0,torch_sasrec,42
75,0,0.0,torch_sasrec,42
76,0,0.0,torch_sasrec,42
77,0,0.0,torch_sasrec,42
78,0,0.0,torch_sasrec,42
79,1,0.43067655807339306,torch_sasrec,42
80,0,0.0,torch_sasrec,42
81,0,0.0,torch_sasrec,42
82,0,0.0,torch_sasrec,42
83,0,0.0,torch_sasrec,42
84,0,0.0,torch_sasrec,42
85,1,0.38685280723454163,torch_sasrec,42
86,0,0.0,torch_sasrec,42
87,0,0.0,torch_sasrec,42
88,1,0.3562071871080222,torch_sasrec,42
89,0,0.0,torch_sasrec,42
90,0,0.0,torch_sasrec,42
91,0,0.0,torch_sasrec,42
92,0,0.0,torch_sasrec,42
93,0,0.0,torch_sasrec,42
94,1,1.0,torch_sasrec,42
95,0,0.0,torch_sasrec,42
96,0,0.0,torch_sasrec,42
97,1,0.6309297535714575,torch_sasrec,42
98,1,1.0,torch_sasrec,42
99,0,0.0,torch_sasrec,42
100,0,0.0,torch_sasrec,42
101,0,0.0,torch_sasrec,42
102,0,0.0,torch_sasrec,42
103,0,0.0,torch_sasrec,42
104,0,0.0,torch_sasrec,42
105,0,0.0,torch_sasrec,42
106,0,0.0,torch_sasrec,42
107,0,0.0,torch_sasrec,42
108,0,0.0,torch_sasrec,42
109,1,0.31546487678572877,torch_sasrec,42
110,0,0.0,torch_sasrec,42
111,0,0.0,torch_sasrec,42
112,1,1.0,torch_sasrec,42
113,0,0.0,torch_sasrec,42
114,0,0.0,torch_sasrec,42
115,0,0.0,torch_sasrec,42
116,0,0.0,torch_sasrec,42
117,0,0.0,torch_sasrec,42
118,0,0.0,torch_sasrec,42
119,0,0.0,torch_sasrec,42
120,0,0.0,torch_sasrec,42
121,0,0.0,torch_sasrec,42
122,0,0.0,torch_sasrec,42
123,0,0.0,torch_sasrec,42
124,0,0.0,torch_sasrec,42
125,0,0.0,torch_sasrec,42
126,0,0.0,torch_sasrec,42
127,0,0.0,torch_sasrec,42
128,0,0.0,torch_sasrec,42
129,0,0.0,torch_sasrec,42
130,0,0.0,torch_sasrec,42
131,0,0.0,torch_sasrec,42
132,0,0.0,torch_sasrec,42
133,0,0.0,torch_sasrec,42
134,0,0.0,torch_sasrec,42
135,0,0.0,torch_sasrec,42
136,0,0.0,torch_sasrec,42
137,0,0.0,torch_sasrec,42
138,0,0.0,torch_sasrec,42
139,0,0.0,torch_sasrec,42
140,1,0.5,torch_sasrec,42
141,0,0.0,torch_sasrec,42
142,0,0.0,torch_sasrec,42
143,0,0.0,torch_sasrec,42
144,1,0.31546487678572877,torch_sasrec,42
145,0,0.0,torch_sasrec,42
146,0,0.0,torch_sasrec,42
147,1,0.38685280723454163,torch_sasrec,42
148,0,0.0,torch_sasrec,42
149,0,0.0,torch_sasrec,42
150,0,0.0,torch_sasrec,42
151,0,0.0,torch_sasrec,42
152,0,0.0,torch_sasrec,42
153,0,0.0,torch_sasrec,42
154,0,0.0,torch_sasrec,42
155,0,0.0,torch_sasrec,42
156,0,0.0,torch_sasrec,42
157,0,0.0,torch_sasrec,42
158,0,0.0,torch_sasrec,42
159,1,0.31546487678572877,torch_sasrec,42
160,0,0.0,torch_sasrec,42
161,0,0.0,torch_sasrec,42
162,0,0.0,torch_sasrec,42
163,0,0.0,torch_sasrec,42
164,0,0.0,torch_sasrec,42
165,0,0.0,torch_sasrec,42
166,0,0.0,torch_sasrec,42
167,0,0.0,torch_sasrec,42
168,0,0.0,torch_sasrec,42
169,0,0.0,torch_sasrec,42
170,0,0.0,torch_sasrec,42
171,1,1.0,torch_sasrec,42
172,1,0.3562071871080222,torch_sasrec,42
173,0,0.0,torch_sasrec,42
174,0,0.0,torch_sasrec,42
175,0,0.0,torch_sasrec,42
176,0,0.0,torch_sasrec,42
177,0,0.0,torch_sasrec,42
178,0,0.0,torch_sasrec,42
179,0,0.0,torch_sasrec,42
180,1,1.0,torch_sasrec,42
181,1,0.3562071871080222,torch_sasrec,42
182,1,1.0,torch_sasrec,42
183,0,0.0,torch_sasrec,42
184,0,0.0,torch_sasrec,42
185,0,0.0,torch_sasrec,42
186,0,0.0,torch_sasrec,42
187,0,0.0,torch_sasrec,42
188,1,0.3562071871080222,torch_sasrec,42
189,0,0.0,torch_sasrec,42
190,0,0.0,torch_sasrec,42
191,1,0.2890648263178879,torch_sasrec,42
192,0,0.0,torch_sasrec,42
193,0,0.0,torch_sasrec,42
194,0,0.0,torch_sasrec,42
195,0,0.0,torch_sasrec,42
196,0,0.0,torch_sasrec,42
197,1,0.38685280723454163,torch_sasrec,42
198,0,0.0,torch_sasrec,42
199,0,0.0,torch_sasrec,42
200,0,0.0,torch_sasrec,42
201,0,0.0,torch_sasrec,42
202,0,0.0,torch_sasrec,42
203,0,0.0,torch_sasrec,42
204,0,0.0,torch_sasrec,42
205,0,0.0,torch_sasrec,42
206,0,0.0,torch_sasrec,42
207,0,0.0,torch_sasrec,42
208,0,0.0,torch_sasrec,42
209,0,0.0,torch_sasrec,42
210,1,0.5,torch_sasrec,42
211,0,0.0,torch_sasrec,42
212,0,0.0,torch_sasrec,42
213,0,0.0,torch_sasrec,42
214,0,0.0,torch_sasrec,42
215,0,0.0,torch_sasrec,42
216,0,0.0,torch_sasrec,42
217,0,0.0,torch_sasrec,42
218,0,0.0,torch_sasrec,42
219,0,0.0,torch_sasrec,42
220,0,0.0,torch_sasrec,42
221,0,0.0,torch_sasrec,42
222,0,0.0,torch_sasrec,42
223,0,0.0,torch_sasrec,42
224,0,0.0,torch_sasrec,42
225,1,0.43067655807339306,torch_sasrec,42
226,0,0.0,torch_sasrec,42
227,0,0.0,torch_sasrec,42
228,0,0.0,torch_sasrec,42
229,0,0.0,torch_sasrec,42
230,0,0.0,torch_sasrec,42
231,1,0.6309297535714575,torch_sasrec,42
232,0,0.0,torch_sasrec,42
233,0,0.0,torch_sasrec,42
234,0,0.0,torch_sasrec,42
235,0,0.0,torch_sasrec,42
236,0,0.0,torch_sasrec,42
237,0,0.0,torch_sasrec,42
238,0,0.0,torch_sasrec,42
239,0,0.0,torch_sasrec,42
240,0,0.0,torch_sasrec,42
241,0,0.0,torch_sasrec,42
242,0,0.0,torch_sasrec,42
243,1,0.3562071871080222,torch_sasrec,42
244,0,0.0,torch_sasrec,42
245,0,0.0,torch_sasrec,42
246,0,0.0,torch_sasrec,42
247,0,0.0,torch_sasrec,42
248,1,0.3562071871080222,torch_sasrec,42
249,1,0.3010299956639812,torch_sasrec,42
250,0,0.0,torch_sasrec,42
251,0,0.0,torch_sasrec,42
252,0,0.0,torch_sasrec,42
253,0,0.0,torch_sasrec,42
254,0,0.0,torch_sasrec,42
255,0,0.0,torch_sasrec,42
256,0,0.0,torch_sasrec,42
257,1,0.3010299956639812,torch_sasrec,42
258,0,0.0,torch_sasrec,42
259,1,0.6309297535714575,torch_sasrec,42
260,0,0.0,torch_sasrec,42
261,0,0.0,torch_sasrec,42
262,0,0.0,torch_sasrec,42
263,0,0.0,torch_sasrec,42
264,0,0.0,torch_sasrec,42
265,0,0.0,torch_sasrec,42
266,0,0.0,torch_sasrec,42
267,0,0.0,torch_sasrec,42
268,0,0.0,torch_sasrec,42
269,0,0.0,torch_sasrec,42
270,1,1.0,torch_sasrec,42
271,0,0.0,torch_sasrec,42
272,0,0.0,torch_sasrec,42
273,0,0.0,torch_sasrec,42
274,0,0.0,torch_sasrec,42
275,0,0.0,torch_sasrec,42
276,0,0.0,torch_sasrec,42
277,1,0.3010299956639812,torch_sasrec,42
278,0,0.0,torch_sasrec,42
279,1,0.3010299956639812,torch_sasrec,42
280,0,0.0,torch_sasrec,42
281,0,0.0,torch_sasrec,42
282,1,0.31546487678572877,torch_sasrec,42
283,0,0.0,torch_sasrec,42
284,0,0.0,torch_sasrec,42
285,0,0.0,torch_sasrec,42
286,0,0.0,torch_sasrec,42
287,0,0.0,torch_sasrec,42
288,0,0.0,torch_sasrec,42
289,0,0.0,torch_sasrec,42
290,0,0.0,torch_sasrec,42
291,1,1.0,torch_sasrec,42
292,0,0.0,torch_sasrec,42
293,0,0.0,torch_sasrec,42
294,0,0.0,torch_sasrec,42
295,0,0.0,torch_sasrec,42
296,0,0.0,torch_sasrec,42
297,0,0.0,torch_sasrec,42
298,0,0.0,torch_sasrec,42
299,0,0.0,torch_sasrec,42
300,0,0.0,torch_sasrec,42
301,0,0.0,torch_sasrec,42
302,1,0.43067655807339306,torch_sasrec,42
303,0,0.0,torch_sasrec,42
304,0,0.0,torch_sasrec,42
305,0,0.0,torch_sasrec,42
306,0,0.0,torch_sasrec,42
307,0,0.0,torch_sasrec,42
308,0,0.0,torch_sasrec,42
309,0,0.0,torch_sasrec,42
310,0,0.0,torch_sasrec,42
311,1,0.6309297535714575,torch_sasrec,42
312,0,0.0,torch_sasrec,42
313,0,0.0,torch_sasrec,42
314,0,0.0,torch_sasrec,42
315,0,0.0,torch_sasrec,42
316,0,0.0,torch_sasrec,42
317,0,0.0,torch_sasrec,42
318,1,0.6309297535714575,torch_sasrec,42
319,0,0.0,torch_sasrec,42
320,0,0.0,torch_sasrec,42
321,0,0.0,torch_sasrec,42
322,0,0.0,torch_sasrec,42
323,0,0.0,torch_sasrec,42
324,0,0.0,torch_sasrec,42
325,0,0.0,torch_sasrec,42
326,0,0.0,torch_sasrec,42
327,0,0.0,torch_sasrec,42
328,0,0.0,torch_sasrec,42
329,0,0.0,torch_sasrec,42
330,0,0.0,torch_sasrec,42
331,0,0.0,torch_sasrec,42
332,0,0.0,torch_sasrec,42
333,0,0.0,torch_sasrec,42
334,0,0.0,torch_sasrec,42
335,0,0.0,torch_sasrec,42
336,0,0.0,torch_sasrec,42
337,0,0.0,torch_sasrec,42
338,1,0.6309297535714575,torch_sasrec,42
339,0,0.0,torch_sasrec,42
340,0,0.0,torch_sasrec,42
341,1,0.38685280723454163,torch_sasrec,42
342,0,0.0,torch_sasrec,42
343,0,0.0,torch_sasrec,42
344,1,0.43067655807339306,torch_sasrec,42
345,0,0.0,torch_sasrec,42
346,1,0.43067655807339306,torch_sasrec,42
347,0,0.0,torch_sasrec,42
348,1,0.43067655807339306,torch_sasrec,42
349,0,0.0,torch_sasrec,42
350,1,0.43067655807339306,torch_sasrec,42
351,0,0.0,torch_sasrec,42
352,0,0.0,torch_sasrec,42
353,0,0.0,torch_sasrec,42
354,0,0.0,torch_sasrec,42
355,0,0.0,torch_sasrec,42
356,0,0.0,torch_sasrec,42
357,0,0.0,torch_sasrec,42
358,1,0.6309297535714575,torch_sasrec,42
359,1,0.5,torch_sasrec,42
360,0,0.0,torch_sasrec,42
361,0,0.0,torch_sasrec,42
362,0,0.0,torch_sasrec,42
363,1,0.31546487678572877,torch_sasrec,42
364,0,0.0,torch_sasrec,42
365,0,0.0,torch_sasrec,42
366,0,0.0,torch_sasrec,42
367,0,0.0,torch_sasrec,42
368,0,0.0,torch_sasrec,42
369,0,0.0,torch_sasrec,42
370,0,0.0,torch_sasrec,42
371,0,0.0,torch_sasrec,42
372,0,0.0,torch_sasrec,42
373,0,0.0,torch_sasrec,42
374,0,0.0,torch_sasrec,42
375,1,0.3010299956639812,torch_sasrec,42
376,0,0.0,torch_sasrec,42
377,0,0.0,torch_sasrec,42
378,0,0.0,torch_sasrec,42
379,0,0.0,torch_sasrec,42
380,0,0.0,torch_sasrec,42
381,0,0.0,torch_sasrec,42
382,0,0.0,torch_sasrec,42
383,0,0.0,torch_sasrec,42
384,0,0.0,torch_sasrec,42
385,0,0.0,torch_sasrec,42
386,1,0.6309297535714575,torch_sasrec,42
387,0,0.0,torch_sasrec,42
388,0,0.0,torch_sasrec,42
389,1,0.5,torch_sasrec,42
390,0,0.0,torch_sasrec,42
391,0,0.0,torch_sasrec,42
392,0,0.0,torch_sasrec,42
393,0,0.0,torch_sasrec,42
394,0,0.0,torch_sasrec,42
395,1,0.31546487678572877,torch_sasrec,42
396,0,0.0,torch_sasrec,42
397,0,0.0,torch_sasrec,42
398,0,0.0,torch_sasrec,42
399,0,0.0,torch_sasrec,42
400,1,0.31546487678572877,torch_sasrec,42
401,0,0.0,torch_sasrec,42
402,0,0.0,torch_sasrec,42
403,0,0.0,torch_sasrec,42
404,0,0.0,torch_sasrec,42
405,0,0.0,torch_sasrec,42
406,0,0.0,torch_sasrec,42
407,0,0.0,torch_sasrec,42
408,0,0.0,torch_sasrec,42
409,0,0.0,torch_sasrec,42
410,0,0.0,torch_sasrec,42
411,0,0.0,torch_sasrec,42
412,0,0.0,torch_sasrec,42
413,0,0.0,torch_sasrec,42
414,0,0.0,torch_sasrec,42
415,0,0.0,torch_sasrec,42
416,0,0.0,torch_sasrec,42
417,1,0.5,torch_sasrec,42
418,0,0.0,torch_sasrec,42
419,0,0.0,torch_sasrec,42
420,1,0.6309297535714575,torch_sasrec,42
421,0,0.0,torch_sasrec,42
422,0,0.0,torch_sasrec,42
423,1,1.0,torch_sasrec,42
424,0,0.0,torch_sasrec,42
425,0,0.0,torch_sasrec,42
426,0,0.0,torch_sasrec,42
427,0,0.0,torch_sasrec,42
428,0,0.0,torch_sasrec,42
429,0,0.0,torch_sasrec,42
430,0,0.0,torch_sasrec,42
431,0,0.0,torch_sasrec,42
432,0,0.0,torch_sasrec,42
433,1,1.0,torch_sasrec,42
434,0,0.0,torch_sasrec,42
435,0,0.0,torch_sasrec,42
436,1,0.38685280723454163,torch_sasrec,42
437,1,0.3010299956639812,torch_sasrec,42
438,0,0.0,torch_sasrec,42
439,1,0.43067655807339306,torch_sasrec,42
440,0,0.0,torch_sasrec,42
441,1,0.6309297535714575,torch_sasrec,42
442,1,0.3333333333333333,torch_sasrec,42
443,0,0.0,torch_sasrec,42
444,0,0.0,torch_sasrec,42
445,0,0.0,torch_sasrec,42
446,0,0.0,torch_sasrec,42
447,0,0.0,torch_sasrec,42
448,1,0.31546487678572877,torch_sasrec,42
449,0,0.0,torch_sasrec,42
450,0,0.0,torch_sasrec,42
451,0,0.0,torch_sasrec,42
452,0,0.0,torch_sasrec,42
453,0,0.0,torch_sasrec,42
454,0,0.0,torch_sasrec,42
455,0,0.0,torch_sasrec,42
456,0,0.0,torch_sasrec,42
457,0,0.0,torch_sasrec,42
458,1,0.6309297535714575,torch_sasrec,42
459,0,0.0,torch_sasrec,42
460,0,0.0,torch_sasrec,42
461,0,0.0,torch_sasrec,42
462,0,0.0,torch_sasrec,42
463,0,0.0,torch_sasrec,42
464,0,0.0,torch_sasrec,42
465,0,0.0,torch_sasrec,42
466,0,0.0,torch_sasrec,42
467,0,0.0,torch_sasrec,42
468,1,0.31546487678572877,torch_sasrec,42
469,0,0.0,torch_sasrec,42
470,0,0.0,torch_sasrec,42
471,0,0.0,torch_sasrec,42
472,0,0.0,torch_sasrec,42
473,0,0.0,torch_sasrec,42
474,0,0.0,torch_sasrec,42
475,1,1.0,torch_sasrec,42
476,0,0.0,torch_sasrec,42
477,0,0.0,torch_sasrec,42
478,0,0.0,torch_sasrec,42
479,0,0.0,torch_sasrec,42
480,0,0.0,torch_sasrec,42
481,0,0.0,torch_sasrec,42
482,0,0.0,torch_sasrec,42
483,0,0.0,torch_sasrec,42
484,0,0.0,torch_sasrec,42
485,1,0.43067655807339306,torch_sasrec,42
486,0,0.0,torch_sasrec,42
487,0,0.0,torch_sasrec,42
488,1,1.0,torch_sasrec,42
489,0,0.0,torch_sasrec,42
490,0,0.0,torch_sasrec,42
491,0,0.0,torch_sasrec,42
492,0,0.0,torch_sasrec,42
493,0,0.0,torch_sasrec,42
494,0,0.0,torch_sasrec,42
495,0,0.0,torch_sasrec,42
496,0,0.0,torch_sasrec,42
497,1,0.5,torch_sasrec,42
498,0,0.0,torch_sasrec,42
499,0,0.0,torch_sasrec,42
500,0,0.0,torch_sasrec,42
501,0,0.0,torch_sasrec,42
502,1,0.5,torch_sasrec,42
503,0,0.0,torch_sasrec,42
504,1,1.0,torch_sasrec,42
505,0,0.0,torch_sasrec,42
506,1,0.38685280723454163,torch_sasrec,42
507,0,0.0,torch_sasrec,42
508,0,0.0,torch_sasrec,42
509,0,0.0,torch_sasrec,42
510,0,0.0,torch_sasrec,42
511,0,0.0,torch_sasrec,42
512,0,0.0,torch_sasrec,42
513,0,0.0,torch_sasrec,42
514,0,0.0,torch_sasrec,42
515,0,0.0,torch_sasrec,42
516,0,0.0,torch_sasrec,42
517,0,0.0,torch_sasrec,42
518,0,0.0,torch_sasrec,42
519,0,0.0,torch_sasrec,42
520,0,0.0,torch_sasrec,42
521,0,0.0,torch_sasrec,42
522,1,0.5,torch_sasrec,42
523,0,0.0,torch_sasrec,42
524,0,0.0,torch_sasrec,42
525,0,0.0,torch_sasrec,42
526,0,0.0,torch_sasrec,42
527,0,0.0,torch_sasrec,42
528,0,0.0,torch_sasrec,42
529,0,0.0,torch_sasrec,42
530,1,0.38685280723454163,torch_sasrec,42
531,0,0.0,torch_sasrec,42
532,0,0.0,torch_sasrec,42
533,0,0.0,torch_sasrec,42
534,0,0.0,torch_sasrec,42
535,1,0.2890648263178879,torch_sasrec,42
536,0,0.0,torch_sasrec,42
537,0,0.0,torch_sasrec,42
538,0,0.0,torch_sasrec,42
539,0,0.0,torch_sasrec,42
540,1,0.3010299956639812,torch_sasrec,42
541,0,0.0,torch_sasrec,42
542,0,0.0,torch_sasrec,42
543,0,0.0,torch_sasrec,42
544,0,0.0,torch_sasrec,42
545,0,0.0,torch_sasrec,42
546,0,0.0,torch_sasrec,42
547,0,0.0,torch_sasrec,42
548,0,0.0,torch_sasrec,42
549,0,0.0,torch_sasrec,42
550,0,0.0,torch_sasrec,42
551,0,0.0,torch_sasrec,42
552,0,0.0,torch_sasrec,42
553,0,0.0,torch_sasrec,42
554,0,0.0,torch_sasrec,42
555,0,0.0,torch_sasrec,42
556,0,0.0,torch_sasrec,42
557,0,0.0,torch_sasrec,42
558,0,0.0,torch_sasrec,42
559,1,0.3333333333333333,torch_sasrec,42
560,1,0.3010299956639812,torch_sasrec,42
561,0,0.0,torch_sasrec,42
562,0,0.0,torch_sasrec,42
563,0,0.0,torch_sasrec,42
564,0,0.0,torch_sasrec,42
565,0,0.0,torch_sasrec,42
566,0,0.0,torch_sasrec,42
567,0,0.0,torch_sasrec,42
568,1,0.43067655807339306,torch_sasrec,42
569,0,0.0,torch_sasrec,42
570,0,0.0,torch_sasrec,42
571,0,0.0,torch_sasrec,42
572,0,0.0,torch_sasrec,42
573,0,0.0,torch_sasrec,42
574,0,0.0,torch_sasrec,42
575,0,0.0,torch_sasrec,42
576,1,0.43067655807339306,torch_sasrec,42
577,0,0.0,torch_sasrec,42
578,1,0.31546487678572877,torch_sasrec,42
579,0,0.0,torch_sasrec,42
580,1,0.5,torch_sasrec,42
581,0,0.0,torch_sasrec,42
582,0,0.0,torch_sasrec,42
583,0,0.0,torch_sasrec,42
584,0,0.0,torch_sasrec,42
585,0,0.0,torch_sasrec,42
586,0,0.0,torch_sasrec,42
587,0,0.0,torch_sasrec,42
588,0,0.0,torch_sasrec,42
589,0,0.0,torch_sasrec,42
590,0,0.0,torch_sasrec,42
591,0,0.0,torch_sasrec,42
592,0,0.0,torch_sasrec,42
593,1,1.0,torch_sasrec,42
594,0,0.0,torch_sasrec,42
595,0,0.0,torch_sasrec,42
596,1,1.0,torch_sasrec,42
597,0,0.0,torch_sasrec,42
598,1,0.38685280723454163,torch_sasrec,42
599,0,0.0,torch_sasrec,42
600,0,0.0,torch_sasrec,42
601,0,0.0,torch_sasrec,42
602,0,0.0,torch_sasrec,42
603,0,0.0,torch_sasrec,42
604,0,0.0,torch_sasrec,42
605,1,1.0,torch_sasrec,42
606,0,0.0,torch_sasrec,42
607,0,0.0,torch_sasrec,42
608,0,0.0,torch_sasrec,42
609,0,0.0,torch_sasrec,42
610,0,0.0,torch_sasrec,42
611,0,0.0,torch_sasrec,42
612,0,0.0,torch_sasrec,42
613,0,0.0,torch_sasrec,42
614,0,0.0,torch_sasrec,42
615,0,0.0,torch_sasrec,42
616,0,0.0,torch_sasrec,42
617,0,0.0,torch_sasrec,42
618,0,0.0,torch_sasrec,42
619,0,0.0,torch_sasrec,42
620,0,0.0,torch_sasrec,42
621,0,0.0,torch_sasrec,42
622,0,0.0,torch_sasrec,42
623,1,0.31546487678572877,torch_sasrec,42
624,0,0.0,torch_sasrec,42
625,0,0.0,torch_sasrec,42
626,0,0.0,torch_sasrec,42
627,0,0.0,torch_sasrec,42
628,0,0.0,torch_sasrec,42
629,0,0.0,torch_sasrec,42
630,0,0.0,torch_sasrec,42
631,0,0.0,torch_sasrec,42
632,0,0.0,torch_sasrec,42
633,0,0.0,torch_sasrec,42
634,0,0.0,torch_sasrec,42
635,0,0.0,torch_sasrec,42
636,0,0.0,torch_sasrec,42
637,0,0.0,torch_sasrec,42
638,0,0.0,torch_sasrec,42
639,0,0.0,torch_sasrec,42
640,0,0.0,torch_sasrec,42
641,0,0.0,torch_sasrec,42
642,0,0.0,torch_sasrec,42
643,1,0.43067655807339306,torch_sasrec,42
644,0,0.0,torch_sasrec,42
645,0,0.0,torch_sasrec,42
646,0,0.0,torch_sasrec,42
647,0,0.0,torch_sasrec,42
648,0,0.0,torch_sasrec,42
649,0,0.0,torch_sasrec,42
650,0,0.0,torch_sasrec,42
651,0,0.0,torch_sasrec,42
652,0,0.0,torch_sasrec,42
653,1,0.6309297535714575,torch_sasrec,42
654,0,0.0,torch_sasrec,42
655,0,0.0,torch_sasrec,42
656,0,0.0,torch_sasrec,42
657,1,0.6309297535714575,torch_sasrec,42
658,0,0.0,torch_sasrec,42
659,0,0.0,torch_sasrec,42
660,0,0.0,torch_sasrec,42
661,0,0.0,torch_sasrec,42
662,0,0.0,torch_sasrec,42
663,0,0.0,torch_sasrec,42
664,0,0.0,torch_sasrec,42
665,0,0.0,torch_sasrec,42
666,0,0.0,torch_sasrec,42
667,0,0.0,torch_sasrec,42
668,0,0.0,torch_sasrec,42
669,0,0.0,torch_sasrec,42
670,0,0.0,torch_sasrec,42
671,0,0.0,torch_sasrec,42
672,1,0.43067655807339306,torch_sasrec,42
673,0,0.0,torch_sasrec,42
674,1,0.6309297535714575,torch_sasrec,42
675,0,0.0,torch_sasrec,42
676,0,0.0,torch_sasrec,42
677,0,0.0,torch_sasrec,42
678,0,0.0,torch_sasrec,42
679,1,1.0,torch_sasrec,42
680,0,0.0,torch_sasrec,42
681,0,0.0,torch_sasrec,42
682,0,0.0,torch_sasrec,42
683,0,0.0,torch_sasrec,42
684,0,0.0,torch_sasrec,42
685,0,0.0,torch_sasrec,42
686,0,0.0,torch_sasrec,42
687,0,0.0,torch_sasrec,42
688,0,0.0,torch_sasrec,42
689,0,0.0,torch_sasrec,42
690,0,0.0,torch_sasrec,42
691,0,0.0,torch_sasrec,42
692,0,0.0,torch_sasrec,42
693,0,0.0,torch_sasrec,42
694,1,0.38685280723454163,torch_sasrec,42
695,1,0.31546487678572877,torch_sasrec,42
696,0,0.0,torch_sasrec,42
697,0,0.0,torch_sasrec,42
698,0,0.0,torch_sasrec,42
699,0,0.0,torch_sasrec,42
700,1,0.43067655807339306,torch_sasrec,42
701,0,0.0,torch_sasrec,42
702,0,0.0,torch_sasrec,42
703,0,0.0,torch_sasrec,42
704,1,0.38685280723454163,torch_sasrec,42
705,0,0.0,torch_sasrec,42
706,0,0.0,torch_sasrec,42
707,1,0.6309297535714575,torch_sasrec,42
708,1,0.5,torch_sasrec,42
709,0,0.0,torch_sasrec,42
710,0,0.0,torch_sasrec,42
711,0,0.0,torch_sasrec,42
712,0,0.0,torch_sasrec,42
713,0,0.0,torch_sasrec,42
714,0,0.0,torch_sasrec,42
715,1,1.0,torch_sasrec,42
716,0,0.0,torch_sasrec,42
717,0,0.0,torch_sasrec,42
718,0,0.0,torch_sasrec,42
719,0,0.0,torch_sasrec,42
720,1,0.6309297535714575,torch_sasrec,42
721,0,0.0,torch_sasrec,42
722,0,0.0,torch_sasrec,42
723,0,0.0,torch_sasrec,42
724,0,0.0,torch_sasrec,42
725,0,0.0,torch_sasrec,42
726,0,0.0,torch_sasrec,42
727,0,0.0,torch_sasrec,42
728,0,0.0,torch_sasrec,42
729,0,0.0,torch_sasrec,42
730,0,0.0,torch_sasrec,42
731,1,0.3010299956639812,torch_sasrec,42
732,0,0.0,torch_sasrec,42
733,1,0.38685280723454163,torch_sasrec,42
734,0,0.0,torch_sasrec,42
735,0,0.0,torch_sasrec,42
736,0,0.0,torch_sasrec,42
737,0,0.0,torch_sasrec,42
738,0,0.0,torch_sasrec,42
739,0,0.0,torch_sasrec,42
740,1,0.5,torch_sasrec,42
741,0,0.0,torch_sasrec,42
742,0,0.0,torch_sasrec,42
743,0,0.0,torch_sasrec,42
744,0,0.0,torch_sasrec,42
745,0,0.0,torch_sasrec,42
746,1,0.3010299956639812,torch_sasrec,42
747,0,0.0,torch_sasrec,42
748,0,0.0,torch_sasrec,42
749,0,0.0,torch_sasrec,42
750,1,0.3333333333333333,torch_sasrec,42
751,0,0.0,torch_sasrec,42
752,0,0.0,torch_sasrec,42
753,0,0.0,torch_sasrec,42
754,0,0.0,torch_sasrec,42
755,0,0.0,torch_sasrec,42
756,0,0.0,torch_sasrec,42
757,0,0.0,torch_sasrec,42
758,1,0.6309297535714575,torch_sasrec,42
759,1,0.5,torch_sasrec,42
760,0,0.0,torch_sasrec,42
761,0,0.0,torch_sasrec,42
762,0,0.0,torch_sasrec,42
763,0,0.0,torch_sasrec,42
764,0,0.0,torch_sasrec,42
765,0,0.0,torch_sasrec,42
766,0,0.0,torch_sasrec,42
767,0,0.0,torch_sasrec,42
768,0,0.0,torch_sasrec,42
769,0,0.0,torch_sasrec,42
770,0,0.0,torch_sasrec,42
771,0,0.0,torch_sasrec,42
772,1,0.5,torch_sasrec,42
773,0,0.0,torch_sasrec,42
774,0,0.0,torch_sasrec,42
775,0,0.0,torch_sasrec,42
776,0,0.0,torch_sasrec,42
777,0,0.0,torch_sasrec,42
778,0,0.0,torch_sasrec,42
779,0,0.0,torch_sasrec,42
780,0,0.0,torch_sasrec,42
781,0,0.0,torch_sasrec,42
782,0,0.0,torch_sasrec,42
783,0,0.0,torch_sasrec,42
784,0,0.0,torch_sasrec,42
785,0,0.0,torch_sasrec,42
786,0,0.0,torch_sasrec,42
787,0,0.0,torch_sasrec,42
788,0,0.0,torch_sasrec,42
789,0,0.0,torch_sasrec,42
790,1,0.5,torch_sasrec,42
791,0,0.0,torch_sasrec,42
792,0,0.0,torch_sasrec,42
793,0,0.0,torch_sasrec,42
794,0,0.0,torch_sasrec,42
795,0,0.0,torch_sasrec,42
796,0,0.0,torch_sasrec,42
797,0,0.0,torch_sasrec,42
798,0,0.0,torch_sasrec,42
799,0,0.0,torch_sasrec,42
800,0,0.0,torch_sasrec,42
801,0,0.0,torch_sasrec,42
802,0,0.0,torch_sasrec,42
803,1,0.3562071871080222,torch_sasrec,42
804,0,0.0,torch_sasrec,42
805,1,0.43067655807339306,torch_sasrec,42
806,0,0.0,torch_sasrec,42
807,0,0.0,torch_sasrec,42
808,0,0.0,torch_sasrec,42
809,0,0.0,torch_sasrec,42
810,0,0.0,torch_sasrec,42
811,0,0.0,torch_sasrec,42
812,0,0.0,torch_sasrec,42
813,0,0.0,torch_sasrec,42
814,0,0.0,torch_sasrec,42
815,0,0.0,torch_sasrec,42
816,0,0.0,torch_sasrec,42
817,0,0.0,torch_sasrec,42
818,1,0.6309297535714575,torch_sasrec,42
819,0,0.0,torch_sasrec,42
820,0,0.0,torch_sasrec,42
821,1,0.3333333333333333,torch_sasrec,42
822,0,0.0,torch_sasrec,42
823,1,0.3010299956639812,torch_sasrec,42
824,0,0.0,torch_sasrec,42
825,0,0.0,torch_sasrec,42
826,0,0.0,torch_sasrec,42
827,0,0.0,torch_sasrec,42
828,0,0.0,torch_sasrec,42
829,0,0.0,torch_sasrec,42
830,0,0.0,torch_sasrec,42
831,0,0.0,torch_sasrec,42
832,0,0.0,torch_sasrec,42
833,0,0.0,torch_sasrec,42
834,0,0.0,torch_sasrec,42
835,1,0.3562071871080222,torch_sasrec,42
836,0,0.0,torch_sasrec,42
837,0,0.0,torch_sasrec,42
838,0,0.0,torch_sasrec,42
839,0,0.0,torch_sasrec,42
840,0,0.0,torch_sasrec,42
841,0,0.0,torch_sasrec,42
842,0,0.0,torch_sasrec,42
843,0,0.0,torch_sasrec,42
844,0,0.0,torch_sasrec,42
845,1,0.43067655807339306,torch_sasrec,42
846,0,0.0,torch_sasrec,42
847,0,0.0,torch_sasrec,42
848,0,0.0,torch_sasrec,42
849,0,0.0,torch_sasrec,42
850,0,0.0,torch_sasrec,42
851,0,0.0,torch_sasrec,42
852,0,0.0,torch_sasrec,42
853,0,0.0,torch_sasrec,42
854,0,0.0,torch_sasrec,42
855,1,0.38685280723454163,torch_sasrec,42
856,0,0.0,torch_sasrec,42
857,0,0.0,torch_sasrec,42
858,0,0.0,torch_sasrec,42
859,0,0.0,torch_sasrec,42
860,0,0.0,torch_sasrec,42
861,0,0.0,torch_sasrec,42
862,0,0.0,torch_sasrec,42
863,0,0.0,torch_sasrec,42
864,0,0.0,torch_sasrec,42
865,0,0.0,torch_sasrec,42
866,0,0.0,torch_sasrec,42
867,0,0.0,torch_sasrec,42
868,0,0.0,torch_sasrec,42
869,0,0.0,torch_sasrec,42
870,0,0.0,torch_sasrec,42
871,1,0.3010299956639812,torch_sasrec,42
872,0,0.0,torch_sasrec,42
873,0,0.0,torch_sasrec,42
874,1,0.3010299956639812,torch_sasrec,42
875,1,0.43067655807339306,torch_sasrec,42
876,0,0.0,torch_sasrec,42
877,1,0.43067655807339306,torch_sasrec,42
878,0,0.0,torch_sasrec,42
879,0,0.0,torch_sasrec,42
880,0,0.0,torch_sasrec,42
881,0,0.0,torch_sasrec,42
882,0,0.0,torch_sasrec,42
883,0,0.0,torch_sasrec,42
884,0,0.0,torch_sasrec,42
885,0,0.0,torch_sasrec,42
886,0,0.0,torch_sasrec,42
887,0,0.0,torch_sasrec,42
888,0,0.0,torch_sasrec,42
889,0,0.0,torch_sasrec,42
890,0,0.0,torch_sasrec,42
891,0,0.0,torch_sasrec,42
892,1,0.5,torch_sasrec,42
893,0,0.0,torch_sasrec,42
894,0,0.0,torch_sasrec,42
895,0,0.0,torch_sasrec,42
896,0,0.0,torch_sasrec,42
897,0,0.0,torch_sasrec,42
898,0,0.0,torch_sasrec,42
899,1,1.0,torch_sasrec,42
900,1,0.5,torch_sasrec,42
901,0,0.0,torch_sasrec,42
902,1,0.31546487678572877,torch_sasrec,42
903,0,0.0,torch_sasrec,42
904,0,0.0,torch_sasrec,42
905,0,0.0,torch_sasrec,42
906,0,0.0,torch_sasrec,42
907,1,1.0,torch_sasrec,42
908,0,0.0,torch_sasrec,42
909,0,0.0,torch_sasrec,42
910,0,0.0,torch_sasrec,42
911,0,0.0,torch_sasrec,42
912,0,0.0,torch_sasrec,42
913,0,0.0,torch_sasrec,42
914,0,0.0,torch_sasrec,42
915,0,0.0,torch_sasrec,42
916,0,0.0,torch_sasrec,42
917,0,0.0,torch_sasrec,42
918,0,0.0,torch_sasrec,42
919,0,0.0,torch_sasrec,42
920,0,0.0,torch_sasrec,42
921,0,0.0,torch_sasrec,42
922,0,0.0,torch_sasrec,42
923,0,0.0,torch_sasrec,42
924,0,0.0,torch_sasrec,42
925,1,0.6309297535714575,torch_sasrec,42
926,0,0.0,torch_sasrec,42
927,0,0.0,torch_sasrec,42
928,0,0.0,torch_sasrec,42
929,0,0.0,torch_sasrec,42
930,0,0.0,torch_sasrec,42
931,0,0.0,torch_sasrec,42
932,1,0.43067655807339306,torch_sasrec,42
933,0,0.0,torch_sasrec,42
934,0,0.0,torch_sasrec,42
935,0,0.0,torch_sasrec,42
936,0,0.0,torch_sasrec,42
937,0,0.0,torch_sasrec,42
938,0,0.0,torch_sasrec,42
939,0,0.0,torch_sasrec,42
940,0,0.0,torch_sasrec,42
941,1,0.6309297535714575,torch_sasrec,42
942,0,0.0,torch_sasrec,42
943,0,0.0,torch_sasrec,42
944,1,0.5,torch_sasrec,42
945,0,0.0,torch_sasrec,42
946,0,0.0,torch_sasrec,42
947,0,0.0,torch_sasrec,42
948,0,0.0,torch_sasrec,42
949,0,0.0,torch_sasrec,42
950,0,0.0,torch_sasrec,42
951,0,0.0,torch_sasrec,42
952,0,0.0,torch_sasrec,42
953,0,0.0,torch_sasrec,42
954,0,0.0,torch_sasrec,42
955,0,0.0,torch_sasrec,42
956,0,0.0,torch_sasrec,42
957,0,0.0,torch_sasrec,42
958,0,0.0,torch_sasrec,42
959,0,0.0,torch_sasrec,42
960,0,0.0,torch_sasrec,42
961,0,0.0,torch_sasrec,42
962,0,0.0,torch_sasrec,42
963,0,0.0,torch_sasrec,42
964,0,0.0,torch_sasrec,42
965,0,0.0,torch_sasrec,42
966,0,0.0,torch_sasrec,42
967,0,0.0,torch_sasrec,42
968,1,0.3562071871080222,torch_sasrec,42
969,0,0.0,torch_sasrec,42
970,0,0.0,torch_sasrec,42
971,0,0.0,torch_sasrec,42
972,0,0.0,torch_sasrec,42
973,0,0.0,torch_sasrec,42
974,0,0.0,torch_sasrec,42
975,0,0.0,torch_sasrec,42
976,1,0.31546487678572877,torch_sasrec,42
977,0,0.0,torch_sasrec,42
978,1,0.3010299956639812,torch_sasrec,42
979,0,0.0,torch_sasrec,42
980,0,0.0,torch_sasrec,42
981,0,0.0,torch_sasrec,42
982,0,0.0,torch_sasrec,42
983,0,0.0,torch_sasrec,42
984,0,0.0,torch_sasrec,42
985,0,0.0,torch_sasrec,42
986,0,0.0,torch_sasrec,42
987,0,0.0,torch_sasrec,42
988,0,0.0,torch_sasrec,42
989,0,0.0,torch_sasrec,42
990,0,0.0,torch_sasrec,42
991,0,0.0,torch_sasrec,42
992,1,0.31546487678572877,torch_sasrec,42
993,0,0.0,torch_sasrec,42
994,0,0.0,torch_sasrec,42
995,0,0.0,torch_sasrec,42
996,1,1.0,torch_sasrec,42
997,1,0.6309297535714575,torch_sasrec,42
998,0,0.0,torch_sasrec,42
999,0,0.0,torch_sasrec,42
1000,0,0.0,torch_sasrec,42
1001,0,0.0,torch_sasrec,42
1,1,0.38685280723454163,torch_sasrec,43
2,0,0.0,torch_sasrec,43
3,0,0.0,torch_sasrec,43
4,1,0.38685280723454163,torch_sasrec,43
5,0,0.0,torch_sasrec,43
6,0,0.0,torch_sasrec,43
7,1,0.31546487678572877,torch_sasrec,43
8,0,0.0,torch_sasrec,43
9,0,0.0,torch_sasrec,43
10,0,0.0,torch_sasrec,43
11,0,0.0,torch_sasrec,43
12,0,0.0,torch_sasrec,43
13,0,0.0,torch_sasrec,43
14,0,0.0,torch_sasrec,43
15,0,0.0,torch_sasrec,43
16,1,0.2890648263178879,torch_sasrec,43
17,0,0.0,torch_sasrec,43
18,0,0.0,torch_sasrec,43
19,0,0.0,torch_sasrec,43
20,0,0.0,torch_sasrec,43
21,0,0.0,torch_sasrec,43
22,0,0.0,torch_sasrec,43
23,0,0.0,torch_sasrec,43
24,0,0.0,torch_sasrec,43
25,0,0.0,torch_sasrec,43
26,0,0.0,torch_sasrec,43
27,1,0.6309297535714575,torch_sasrec,43
28,0,0.0,torch_sasrec,43
29,0,0.0,torch_sasrec,43
30,0,0.0,torch_sasrec,43
31,0,0.0,torch_sasrec,43
32,0,0.0,torch_sasrec,43
33,0,0.0,torch_sasrec,43
34,0,0.0,torch_sasrec,43
35,0,0.0,torch_sasrec,43
36,0,0.0,torch_sasrec,43
37,1,0.5,torch_sasrec,43
38,0,0.0,torch_sasrec,43
39,0,0.0,torch_sasrec,43
40,0,0.0,torch_sasrec,43
41,0,0.0,torch_sasrec,43
42,1,0.6309297535714575,torch_sasrec,43
43,0,0.0,torch_sasrec,43
44,0,0.0,torch_sasrec,43
45,0,0.0,torch_sasrec,43
47,0,0.0,torch_sasrec,43
48,0,0.0,torch_sasrec,43
49,0,0.0,torch_sasrec,43
50,0,0.0,torch_sasrec,43
51,0,0.0,torch_sasrec,43
52,0,0.0,torch_sasrec,43
53,0,0.0,torch_sasrec,43
54,0,0.0,torch_sasrec,43
55,1,0.43067655807339306,torch_sasrec,43
56,1,0.3562071871080222,torch_sasrec,43
57,0,0.0,torch_sasrec,43
58,0,0.0,torch_sasrec,43
59,0,0.0,torch_sasrec,43
60,0,0.0,torch_sasrec,43
61,0,0.0,torch_sasrec,43
62,0,0.0,torch_sasrec,43
63,0,0.0,torch_sasrec,43
64,0,0.0,torch_sasrec,43
65,0,0.0,torch_sasrec,43
66,0,0.0,torch_sasrec,43
67,0,0.0,torch_sasrec,43
68,0,0.0,torch_sasrec,43
69,0,0.0,torch_sasrec,43
70,1,0.6309297535714575,torch_sasrec,43
71,0,0.0,torch_sasrec,43
72,0,0.0,torch_sasrec,43
73,0,0.0,torch_sasrec,43
74,0,0.0,torch_sasrec,43
75,0,0.0,torch_sasrec,43
76,0,0.0,torch_sasrec,43
77,1,0.5,torch_sasrec,43
78,0,0.0,torch_sasrec,43
79,1,0.6309297535714575,torch_sasrec,43
80,0,0.0,torch_sasrec,43
81,0,0.0,torch_sasrec,43
82,0,0.0,torch_sasrec,43
83,0,0.0,torch_sasrec,43
84,0,0.0,torch_sasrec,43
85,1,0.38685280723454163,torch_sasrec,43
86,0,0.0,torch_sasrec,43
87,0,0.0,torch_sasrec,43
88,0,0.0,torch_sasrec,43
89,0,0.0,torch_sasrec,43
90,0,0.0,torch_sasrec,43
91,0,0.0,torch_sasrec,43
92,0,0.0,torch_sasrec,43
93,0,0.0,torch_sasrec,43
94,1,1.0,torch_sasrec,43
95,0,0.0,torch_sasrec,43
96,0,0.0,torch_sasrec,43
97,0,0.0,torch_sasrec,43
98,1,1.0,torch_sasrec,43
99,0,0.0,torch_sasrec,43
100,0,0.0,torch_sasrec,43
101,0,0.0,torch_sasrec,43
102,0,0.0,torch_sasrec,43
103,0,0.0,torch_sasrec,43
104,0,0.0,torch_sasrec,43
105,0,0.0,torch_sasrec,43
106,0,0.0,torch_sasrec,43
107,0,0.0,torch_sasrec,43
108,0,0.0,torch_sasrec,43
109,1,0.6309297535714575,torch_sasrec,43
110,0,0.0,torch_sasrec,43
111,0,0.0,torch_sasrec,43
112,1,1.0,torch_sasrec,43
113,0,0.0,torch_sasrec,43
114,0,0.0,torch_sasrec,43
115,0,0.0,torch_sasrec,43
116,0,0.0,torch_sasrec,43
117,0,0.0,torch_sasrec,43
118,0,0.0,torch_sasrec,43
119,0,0.0,torch_sasrec,43
120,0,0.0,torch_sasrec,43
121,0,0.0,torch_sasrec,43
122,0,0.0,torch_sasrec,43
123,0,0.0,torch_sasrec,43
124,0,0.0,torch_sasrec,43
125,0,0.0,torch_sasrec,43
126,0,0.0,torch_sasrec,43
127,0,0.0,torch_sasrec,43
128,1,0.3562071871080222,torch_sasrec,43
129,0,0.0,torch_sasrec,43
130,0,0.0,torch_sasrec,43
131,0,0.0,torch_sasrec,43
132,1,1.0,torch_sasrec,43
133,0,0.0,torch_sasrec,43
134,0,0.0,torch_sasrec,43
135,0,0.0,torch_sasrec,43
136,0,0.0,torch_sasrec,43
137,0,0.0,torch_sasrec,43
138,0,0.0,torch_sasrec,43
139,0,0.0,torch_sasrec,43
140,1,1.0,torch_sasrec,43
141,0,0.0,torch_sasrec,43
142,0,0.0,torch_sasrec,43
143,0,0.0,torch_sasrec,43
144,0,0.0,torch_sasrec,43
145,1,0.3010299956639812,torch_sasrec,43
146,0,0.0,torch_sasrec,43
147,1,0.6309297535714575,torch_sasrec,43
148,0,0.0,torch_sasrec,43
149,0,0.0,torch_sasrec,43
150,0,0.0,torch_sasrec,43
151,0,0.0,torch_sasrec,43
152,0,0.0,torch_sasrec,43
153,0,0.0,torch_sasrec,43
154,0,0.0,torch_sasrec,43
155,0,0.0,torch_sasrec,43
156,0,0.0,torch_sasrec,43
157,0,0.0,torch_sasrec,43
158,0,0.0,torch_sasrec,43
159,0,0.0,torch_sasrec,43
160,0,0.0,torch_sasrec,43
161,0,0.0,torch_sasrec,43
162,0,0.0,torch_sasrec,43
163,0,0.0,torch_sasrec,43
164,0,0.0,torch_sasrec,43
165,0,0.0,torch_sasrec,43
166,0,0.0,torch_sasrec,43
167,0,0.0,torch_sasrec,43
168,0,0.0,torch_sasrec,43
169,0,0.0,torch_sasrec,43
170,0,0.0,torch_sasrec,43
171,1,0.6309297535714575,torch_sasrec,43
172,1,0.5,torch_sasrec,43
173,0,0.0,torch_sasrec,43
174,0,0.0,torch_sasrec,43
175,0,0.0,torch_sasrec,43
176,0,0.0,torch_sasrec,43
177,0,0.0,torch_sasrec,43
178,0,0.0,torch_sasrec,43
179,0,0.0,torch_sasrec,43
180,0,0.0,torch_sasrec,43
181,0,0.0,torch_sasrec,43
182,1,1.0,torch_sasrec,43
183,0,0.0,torch_sasrec,43
184,0,0.0,torch_sasrec,43
185,0,0.0,torch_sasrec,43
186,1,0.2890648263178879,torch_sasrec,43
187,0,0.0,torch_sasrec,43
188,0,0.0,torch_sasrec,43
189,0,0.0,torch_sasrec,43
190,0,0.0,torch_sasrec,43
191,0,0.0,torch_sasrec,43
192,0,0.0,torch_sasrec,43
193,0,0.0,torch_sasrec,43
194,0,0.0,torch_sasrec,43
195,0,0.0,torch_sasrec,43
196,0,0.0,torch_sasrec,43
197,0,0.0,torch_sasrec,43
198,0,0.0,torch_sasrec,43
199,0,0.0,torch_sasrec,43
200,0,0.0,torch_sasrec,43
201,0,0.0,torch_sasrec,43
202,1,0.31546487678572877,torch_sasrec,43
203,0,0.0,torch_sasrec,43
204,0,0.0,torch_sasrec,43
205,0,0.0,torch_sasrec,43
206,0,0.0,torch_sasrec,43
207,0,0.0,torch_sasrec,43
208,0,0.0,torch_sasrec,43
209,0,0.0,torch_sasrec,43
210,1,0.6309297535714575,torch_sasrec,43
211,0,0.0,torch_sasrec,43
212,0,0.0,torch_sasrec,43
213,0,0.0,torch_sasrec,43
214,0,0.0,torch_sasrec,43
215,0,0.0,torch_sasrec,43
216,0,0.0,torch_sasrec,43
217,0,0.0,torch_sasrec,43
218,0,0.0,torch_sasrec,43
219,0,0.0,torch_sasrec,43
220,0,0.0,torch_sasrec,43
221,0,0.0,torch_sasrec,43
222,0,0.0,torch_sasrec,43
223,0,0.0,torch_sasrec,43
224,0,0.0,torch_sasrec,43
225,1,0.3333333333333333,torch_sasrec,43
226,0,0.0,torch_sasrec,43
227,1,0.43067655807339306,torch_sasrec,43
228,0,0.0,torch_sasrec,43
229,0,0.0,torch_sasrec,43
230,0,0.0,torch_sasrec,43
231,0,0.0,torch_sasrec,43
232,0,0.0,torch_sasrec,43
233,0,0.0,torch_sasrec,43
234,0,0.0,torch_sasrec,43
235,1,0.3562071871080222,torch_sasrec,43
236,0,0.0,torch_sasrec,43
237,0,0.0,torch_sasrec,43
238,0,0.0,torch_sasrec,43
239,0,0.0,torch_sasrec,43
240,0,0.0,torch_sasrec,43
241,0,0.0,torch_sasrec,43
242,0,0.0,torch_sasrec,43
243,1,0.38685280723454163,torch_sasrec,43
244,1,1.0,torch_sasrec,43
245,0,0.0,torch_sasrec,43
246,0,0.0,torch_sasrec,43
247,0,0.0,torch_sasrec,43
248,0,0.0,torch_sasrec,43
249,1,0.38685280723454163,torch_sasrec,43
250,0,0.0,torch_sasrec,43
251,0,0.0,torch_sasrec,43
252,0,0.0,torch_sasrec,43
253,0,0.0,torch_sasrec,43
254,0,0.0,torch_sasrec,43
255,1,0.6309297535714575,torch_sasrec,43
256,0,0.0,torch_sasrec,43
257,0,0.0,torch_sasrec,43
258,0,0.0,torch_sasrec,43
259,0,0.0,torch_sasrec,43
260,0,0.0,torch_sasrec,43
261,0,0.0,torch_sasrec,43
262,1,0.31546487678572877,torch_sasrec,43
263,0,0.0,torch_sasrec,43
264,0,0.0,torch_sasrec,43
265,0,0.0,torch_sasrec,43
266,0,0.0,torch_sasrec,43
267,0,0.0,torch_sasrec,43
268,0,0.0,torch_sasrec,43
269,0,0.0,torch_sasrec,43
270,1,0.5,torch_sasrec,43
271,0,0.0,torch_sasrec,43
272,0,0.0,torch_sasrec,43
273,0,0.0,torch_sasrec,43
274,0,0.0,torch_sasrec,43
275,0,0.0,torch_sasrec,43
276,0,0.0,torch_sasrec,43
277,1,1.0,torch_sasrec,43
278,0,0.0,torch_sasrec,43
279,0,0.0,torch_sasrec,43
280,0,0.0,torch_sasrec,43
281,0,0.0,torch_sasrec,43
282,1,0.3562071871080222,torch_sasrec,43
283,0,0.0,torch_sasrec,43
284,0,0.0,torch_sasrec,43
285,0,0.0,torch_sasrec,43
286,0,0.0,torch_sasrec,43
287,0,0.0,torch_sasrec,43
288,0,0.0,torch_sasrec,43
289,0,0.0,torch_sasrec,43
290,0,0.0,torch_sasrec,43
291,1,0.6309297535714575,torch_sasrec,43
292,0,0.0,torch_sasrec,43
293,0,0.0,torch_sasrec,43
294,0,0.0,torch_sasrec,43
295,0,0.0,torch_sasrec,43
296,0,0.0,torch_sasrec,43
297,0,0.0,torch_sasrec,43
298,0,0.0,torch_sasrec,43
299,0,0.0,torch_sasrec,43
300,0,0.0,torch_sasrec,43
301,0,0.0,torch_sasrec,43
302,0,0.0,torch_sasrec,43
303,0,0.0,torch_sasrec,43
304,0,0.0,torch_sasrec,43
305,0,0.0,torch_sasrec,43
306,0,0.0,torch_sasrec,43
307,0,0.0,torch_sasrec,43
308,0,0.0,torch_sasrec,43
309,0,0.0,torch_sasrec,43
310,0,0.0,torch_sasrec,43
311,1,0.5,torch_sasrec,43
312,0,0.0,torch_sasrec,43
313,0,0.0,torch_sasrec,43
314,0,0.0,torch_sasrec,43
315,0,0.0,torch_sasrec,43
316,0,0.0,torch_sasrec,43
317,0,0.0,torch_sasrec,43
318,1,0.31546487678572877,torch_sasrec,43
319,0,0.0,torch_sasrec,43
320,0,0.0,torch_sasrec,43
321,0,0.0,torch_sasrec,43
322,0,0.0,torch_sasrec,43
323,0,0.0,torch_sasrec,43
324,0,0.0,torch_sasrec,43
325,0,0.0,torch_sasrec,43
326,0,0.0,torch_sasrec,43
327,0,0.0,torch_sasrec,43
328,0,0.0,torch_sasrec,43
329,0,0.0,torch_sasrec,43
330,0,0.0,torch_sasrec,43
331,0,0.0,torch_sasrec,43
332,0,0.0,torch_sasrec,43
333,0,0.0,torch_sasrec,43
334,0,0.0,torch_sasrec,43
335,0,0.0,torch_sasrec,43
336,0,0.0,torch_sasrec,43
337,0,0.0,torch_sasrec,43
338,1,0.5,torch_sasrec,43
339,0,0.0,torch_sasrec,43
340,0,0.0,torch_sasrec,43
341,1,0.6309297535714575,torch_sasrec,43
342,0,0.0,torch_sasrec,43
343,1,0.3562071871080222,torch_sasrec,43
344,0,0.0,torch_sasrec,43
345,1,0.3333333333333333,torch_sasrec,43
346,1,1.0,torch_sasrec,43
347,0,0.0,torch_sasrec,43
348,0,0.0,torch_sasrec,43
349,0,0.0,torch_sasrec,43
350,1,0.6309297535714575,torch_sasrec,43
351,0,0.0,torch_sasrec,43
352,0,0.0,torch_sasrec,43
353,0,0.0,torch_sasrec,43
354,0,0.0,torch_sasrec,43
355,0,0.0,torch_sasrec,43
356,0,0.0,torch_sasrec,43
357,0,0.0,torch_sasrec,43
358,0,0.0,torch_sasrec,43
359,1,1.0,torch_sasrec,43
360,0,0.0,torch_sasrec,43
361,0,0.0,torch_sasrec,43
362,0,0.0,torch_sasrec,43
363,0,0.0,torch_sasrec,43
364,0,0.0,torch_sasrec,43
365,0,0.0,torch_sasrec,43
366,0,0.0,torch_sasrec,43
367,1,0.3010299956639812,torch_sasrec,43
368,0,0.0,torch_sasrec,43
369,0,0.0,torch_sasrec,43
370,0,0.0,torch_sasrec,43
371,0,0.0,torch_sasrec,43
372,0,0.0,torch_sasrec,43
373,0,0.0,torch_sasrec,43
374,0,0.0,torch_sasrec,43
375,0,0.0,torch_sasrec,43
376,0,0.0,torch_sasrec,43
377,0,0.0,torch_sasrec,43
378,0,0.0,torch_sasrec,43
379,0,0.0,torch_sasrec,43
380,0,0.0,torch_sasrec,43
381,0,0.0,torch_sasrec,43
382,0,0.0,torch_sasrec,43
383,0,0.0,torch_sasrec,43
384,0,0.0,torch_sasrec,43
385,0,0.0,torch_sasrec,43
386,1,0.5,torch_sasrec,43
387,1,1.0,torch_sasrec,43
388,0,0.0,torch_sasrec,43
389,1,0.3010299956639812,torch_sasrec,43
390,0,0.0,torch_sasrec,43
391,0,0.0,torch_sasrec,43
392,0,0.0,torch_sasrec,43
393,0,0.0,torch_sasrec,43
394,0,0.0,torch_sasrec,43
395,1,0.3562071871080222,torch_sasrec,43
396,0,0.0,torch_sasrec,43
397,0,0.0,torch_sasrec,43
398,0,0.0,torch_sasrec,43
399,0,0.0,torch_sasrec,43
400,1,0.3333333333333333,torch_sasrec,43
401,0,0.0,torch_sasrec,43
402,0,0.0,torch_sasrec,43
403,0,0.0,torch_sasrec,43
404,0,0.0,torch_sasrec,43
405,0,0.0,torch_sasrec,43
406,0,0.0,torch_sasrec,43
407,0,0.0,torch_sasrec,43
408,0,0.0,torch_sasrec,43
409,1,0.3562071871080222,torch_sasrec,43
410,1,1.0,torch_sasrec,43
411,0,0.0,torch_sasrec,43
412,0,0.0,torch_sasrec,43
413,0,0.0,torch_sasrec,43
414,0,0.0,torch_sasrec,43
415,1,0.3333333333333333,torch_sasrec,43
416,0,0.0,torch_sasrec,43
417,0,0.0,torch_sasrec,43
418,0,0.0,torch_sasrec,43
419,0,0.0,torch_sasrec,43
420,1,0.2890648263178879,torch_sasrec,43
421,0,0.0,torch_sasrec,43
422,0,0.0,torch_sasrec,43
423,1,0.3333333333333333,torch_sasrec,43
424,0,0.0,torch_sasrec,43
425,0,0.0,torch_sasrec,43
426,0,0.0,torch_sasrec,43
427,0,0.0,torch_sasrec,43
428,0,0.0,torch_sasrec,43
429,0,0.0,torch_sasrec,43
430,0,0.0,torch_sasrec,43
431,0,0.0,torch_sasrec,43
432,0,0.0,torch_sasrec,43
433,0,0.0,torch_sasrec,43
434,0,0.0,torch_sasrec,43
435,0,0.0,torch_sasrec,43
436,1,1.0,torch_sasrec,43
437,0,0.0,torch_sasrec,43
438,0,0.0,torch_sasrec,43
439,1,1.0,torch_sasrec,43
440,0,0.0,torch_sasrec,43
441,1,0.43067655807339306,torch_sasrec,43
442,0,0.0,torch_sasrec,43
443,0,0.0,torch_sasrec,43
444,0,0.0,torch_sasrec,43
445,0,0.0,torch_sasrec,43
446,0,0.0,torch_sasrec,43
447,0,0.0,torch_sasrec,43
448,0,0.0,torch_sasrec,43
449,0,0.0,torch_sasrec,43
450,1,0.3562071871080222,torch_sasrec,43
451,0,0.0,torch_sasrec,43
452,0,0.0,torch_sasrec,43
453,0,0.0,torch_sasrec,43
454,0,0.0,torch_sasrec,43
455,0,0.0,torch_sasrec,43
456,0,0.0,torch_sasrec,43
457,0,0.0,torch_sasrec,43
458,0,0.0,torch_sasrec,43
459,0,0.0,torch_sasrec,43
460,0,0.0,torch_sasrec,43
461,0,0.0,torch_sasrec,43
462,0,0.0,torch_sasrec,43
463,0,0.0,torch_sasrec,43
464,0,0.0,torch_sasrec,43
465,0,0.0,torch_sasrec,43
466,0,0.0,torch_sasrec,43
467,0,0.0,torch_sasrec,43
468,1,0.38685280723454163,torch_sasrec,43
469,0,0.0,torch_sasrec,43
470,0,0.0,torch_sasrec,43
471,1,0.2890648263178879,torch_sasrec,43
472,0,0.0,torch_sasrec,43
473,0,0.0,torch_sasrec,43
474,1,0.3333333333333333,torch_sasrec,43
475,1,0.6309297535714575,torch_sasrec,43
476,0,0.0,torch_sasrec,43
477,0,0.0,torch_sasrec,43
478,0,0.0,torch_sasrec,43
479,0,0.0,torch_sasrec,43
480,0,0.0,torch_sasrec,43
481,0,0.0,torch_sasrec,43
482,0,0.0,torch_sasrec,43
483,0,0.0,torch_sasrec,43
484,0,0.0,torch_sasrec,43
485,0,0.0,torch_sasrec,43
486,0,0.0,torch_sasrec,43
487,0,0.0,torch_sasrec,43
488,1,1.0,torch_sasrec,43
489,0,0.0,torch_sasrec,43
490,0,0.0,torch_sasrec,43
491,0,0.0,torch_sasrec,43
492,0,0.0,torch_sasrec,43
493,0,0.0,torch_sasrec,43
494,1,1.0,torch_sasrec,43
495,0,0.0,torch_sasrec,43
496,0,0.0,torch_sasrec,43
497,1,0.3010299956639812,torch_sasrec,43
498,0,0.0,torch_sasrec,43
499,0,0.0,torch_sasrec,43
500,0,0.0,torch_sasrec,43
501,0,0.0,torch_sasrec,43
502,1,0.6309297535714575,torch_sasrec,43
503,0,0.0,torch_sasrec,43
504,1,0.6309297535714575,torch_sasrec,43
505,0,0.0,torch_sasrec,43
506,0,0.0,torch_sasrec,43
507,0,0.0,torch_sasrec,43
508,1,0.43067655807339306,torch_sasrec,43
509,0,0.0,torch_sasrec,43
510,0,0.0,torch_sasrec,43
511,0,0.0,torch_sasrec,43
512,0,0.0,torch_sasrec,43
513,0,0.0,torch_sasrec,43
514,0,0.0,torch_sasrec,43
515,0,0.0,torch_sasrec,43
516,0,0.0,torch_sasrec,43
517,1,0.3562071871080222,torch_sasrec,43
518,0,0.0,torch_sasrec,43
519,0,0.0,torch_sasrec,43
520,0,0.0,torch_sasrec,43
521,1,0.3562071871080222,torch_sasrec,43
522,1,0.3562071871080222,torch_sasrec,43
523,1,0.5,torch_sasrec,43
524,0,0.0,torch_sasrec,43
525,0,0.0,torch_sasrec,43
526,0,0.0,torch_sasrec,43
527,0,0.0,torch_sasrec,43
528,0,0.0,torch_sasrec,43
529,0,0.0,torch_sasrec,43
530,1,0.3562071871080222,torch_sasrec,43
531,0,0.0,torch_sasrec,43
532,0,0.0,torch_sasrec,43
533,0,0.0,torch_sasrec,43
534,0,0.0,torch_sasrec,43
535,0,0.0,torch_sasrec,43
536,0,0.0,torch_sasrec,43
537,0,0.0,torch_sasrec,43
538,0,0.0,torch_sasrec,43
539,0,0.0,torch_sasrec,43
540,1,0.3562071871080222,torch_sasrec,43
541,0,0.0,torch_sasrec,43
542,0,0.0,torch_sasrec,43
543,0,0.0,torch_sasrec,43
544,0,0.0,torch_sasrec,43
545,0,0.0,torch_sasrec,43
546,0,0.0,torch_sasrec,43
547,0,0.0,torch_sasrec,43
548,0,0.0,torch_sasrec,43
549,0,0.0,torch_sasrec,43
550,0,0.0,torch_sasrec,43
551,0,0.0,torch_sasrec,43
552,0,0.0,torch_sasrec,43
553,0,0.0,torch_sasrec,43
554,0,0.0,torch_sasrec,43
555,1,0.3333333333333333,torch_sasrec,43
556,0,0.0,torch_sasrec,43
557,0,0.0,torch_sasrec,43
558,0,0.0,torch_sasrec,43
559,1,0.6309297535714575,torch_sasrec,43
560,1,0.38685280723454163,torch_sasrec,43
561,0,0.0,torch_sasrec,43
562,1,0.31546487678572877,torch_sasrec,43
563,0,0.0,torch_sasrec,43
564,0,0.0,torch_sasrec,43
565,1,0.31546487678572877,torch_sasrec,43
566,0,0.0,torch_sasrec,43
567,0,0.0,torch_sasrec,43
568,1,1.0,torch_sasrec,43
569,0,0.0,torch_sasrec,43
570,0,0.0,torch_sasrec,43
571,0,0.0,torch_sasrec,43
572,0,0.0,torch_sasrec,43
573,0,0.0,torch_sasrec,43
574,0,0.0,torch_sasrec,43
575,1,0.2890648263178879,torch_sasrec,43
576,1,0.3562071871080222,torch_sasrec,43
577,0,0.0,torch_sasrec,43
578,0,0.0,torch_sasrec,43
579,0,0.0,torch_sasrec,43
580,1,0.43067655807339306,torch_sasrec,43
581,0,0.0,torch_sasrec,43
582,0,0.0,torch_sasrec,43
583,0,0.0,torch_sasrec,43
584,0,0.0,torch_sasrec,43
585,0,0.0,torch_sasrec,43
586,0,0.0,torch_sasrec,43
587,0,0.0,torch_sasrec,43
588,0,0.0,torch_sasrec,43
589,0,0.0,torch_sasrec,43
590,0,0.0,torch_sasrec,43
591,0,0.0,torch_sasrec,43
592,1,0.3333333333333333,torch_sasrec,43
593,0,0.0,torch_sasrec,43
594,0,0.0,torch_sasrec,43
595,0,0.0,torch_sasrec,43
596,0,0.0,torch_sasrec,43
597,0,0.0,torch_sasrec,43
598,1,0.5,torch_sasrec,43
599,0,0.0,torch_sasrec,43
600,0,0.0,torch_sasrec,43
601,0,0.0,torch_sasrec,43
602,0,0.0,torch_sasrec,43
603,1,0.5,torch_sasrec,43
604,0,0.0,torch_sasrec,43
605,1,0.6309297535714575,torch_sasrec,43
606,0,0.0,torch_sasrec,43
607,0,0.0,torch_sasrec,43
608,0,0.0,torch_sasrec,43
609,0,0.0,torch_sasrec,43
610,0,0.0,torch_sasrec,43
611,0,0.0,torch_sasrec,43
612,0,0.0,torch_sasrec,43
613,0,0.0,torch_sasrec,43
614,0,0.0,torch_sasrec,43
615,0,0.0,torch_sasrec,43
616,0,0.0,torch_sasrec,43
617,1,0.3333333333333333,torch_sasrec,43
618,0,0.0,torch_sasrec,43
619,0,0.0,torch_sasrec,43
620,0,0.0,torch_sasrec,43
621,0,0.0,torch_sasrec,43
622,0,0.0,torch_sasrec,43
623,0,0.0,torch_sasrec,43
624,0,0.0,torch_sasrec,43
625,0,0.0,torch_sasrec,43
626,0,0.0,torch_sasrec,43
627,0,0.0,torch_sasrec,43
628,0,0.0,torch_sasrec,43
629,0,0.0,torch_sasrec,43
630,0,0.0,torch_sasrec,43
631,0,0.0,torch_sasrec,43
632,0,0.0,torch_sasrec,43
633,0,0.0,torch_sasrec,43
634,0,0.0,torch_sasrec,43
635,0,0.0,torch_sasrec,43
636,0,0.0,torch_sasrec,43
637,0,0.0,torch_sasrec,43
638,0,0.0,torch_sasrec,43
639,0,0.0,torch_sasrec,43
640,0,0.0,torch_sasrec,43
641,0,0.0,torch_sasrec,43
642,0,0.0,torch_sasrec,43
643,1,0.3562071871080222,torch_sasrec,43
644,0,0.0,torch_sasrec,43
645,0,0.0,torch_sasrec,43
646,0,0.0,torch_sasrec,43
647,0,0.0,torch_sasrec,43
648,0,0.0,torch_sasrec,43
649,0,0.0,torch_sasrec,43
650,0,0.0,torch_sasrec,43
651,0,0.0,torch_sasrec,43
652,0,0.0,torch_sasrec,43
653,0,0.0,torch_sasrec,43
654,1,0.3562071871080222,torch_sasrec,43
655,0,0.0,torch_sasrec,43
656,0,0.0,torch_sasrec,43
657,1,0.6309297535714575,torch_sasrec,43
658,0,0.0,torch_sasrec,43
659,0,0.0,torch_sasrec,43
660,0,0.0,torch_sasrec,43
661,0,0.0,torch_sasrec,43
662,0,0.0,torch_sasrec,43
663,0,0.0,torch_sasrec,43
664,0,0.0,torch_sasrec,43
665,0,0.0,torch_sasrec,43
666,0,0.0,torch_sasrec,43
667,0,0.0,torch_sasrec,43
668,0,0.0,torch_sasrec,43
669,1,0.6309297535714575,torch_sasrec,43
670,0,0.0,torch_sasrec,43
671,0,0.0,torch_sasrec,43
672,1,0.6309297535714575,torch_sasrec,43
673,0,0.0,torch_sasrec,43
674,1,0.6309297535714575,torch_sasrec,43
675,0,0.0,torch_sasrec,43
676,0,0.0,torch_sasrec,43
677,0,0.0,torch_sasrec,43
678,0,0.0,torch_sasrec,43
679,1,1.0,torch_sasrec,43
680,0,0.0,torch_sasrec,43
681,0,0.0,torch_sasrec,43
682,0,0.0,torch_sasrec,43
683,0,0.0,torch_sasrec,43
684,0,0.0,torch_sasrec,43
685,0,0.0,torch_sasrec,43
686,0,0.0,torch_sasrec,43
687,0,0.0,torch_sasrec,43
688,1,0.43067655807339306,torch_sasrec,43
689,1,0.5,torch_sasrec,43
690,0,0.0,torch_sasrec,43
691,0,0.0,torch_sasrec,43
692,0,0.0,torch_sasrec,43
693,0,0.0,torch_sasrec,43
694,1,0.6309297535714575,torch_sasrec,43
695,0,0.0,torch_sasrec,43
696,0,0.0,torch_sasrec,43
697,0,0.0,torch_sasrec,43
698,0,0.0,torch_sasrec,43
699,0,0.0,torch_sasrec,43
700,1,0.31546487678572877,torch_sasrec,43
701,0,0.0,torch_sasrec,43
702,0,0.0,torch_sasrec,43
703,1,0.6309297535714575,torch_sasrec,43
704,1,0.3010299956639812,torch_sasrec,43
705,0,0.0,torch_sasrec,43
706,0,0.0,torch_sasrec,43
707,1,0.5,torch_sasrec,43
708,0,0.0,torch_sasrec,43
709,0,0.0,torch_sasrec,43
710,0,0.0,torch_sasrec,43
711,0,0.0,torch_sasrec,43
712,0,0.0,torch_sasrec,43
713,0,0.0,torch_sasrec,43
714,0,0.0,torch_sasrec,43
715,1,1.0,torch_sasrec,43
716,0,0.0,torch_sasrec,43
717,0,0.0,torch_sasrec,43
718,0,0.0,torch_sasrec,43
719,0,0.0,torch_sasrec,43
720,1,0.31546487678572877,torch_sasrec,43
721,0,0.0,torch_sasrec,43
722,0,0.0,torch_sasrec,43
723,0,0.0,torch_sasrec,43
724,0,0.0,torch_sasrec,43
725,0,0.0,torch_sasrec,43
726,0,0.0,torch_sasrec,43
727,0,0.0,torch_sasrec,43
728,0,0.0,torch_sasrec,43
729,0,0.0,torch_sasrec,43
730,0,0.0,torch_sasrec,43
731,0,0.0,torch_sasrec,43
732,0,0.0,torch_sasrec,43
733,0,0.0,torch_sasrec,43
734,1,0.2890648263178879,torch_sasrec,43
735,0,0.0,torch_sasrec,43
736,0,0.0,torch_sasrec,43
737,0,0.0,torch_sasrec,43
738,0,0.0,torch_sasrec,43
739,0,0.0,torch_sasrec,43
740,0,0.0,torch_sasrec,43
741,0,0.0,torch_sasrec,43
742,0,0.0,torch_sasrec,43
743,0,0.0,torch_sasrec,43
744,0,0.0,torch_sasrec,43
745,0,0.0,torch_sasrec,43
746,0,0.0,torch_sasrec,43
747,0,0.0,torch_sasrec,43
748,0,0.0,torch_sasrec,43
749,0,0.0,torch_sasrec,43
750,0,0.0,torch_sasrec,43
751,0,0.0,torch_sasrec,43
752,0,0.0,torch_sasrec,43
753,0,0.0,torch_sasrec,43
754,0,0.0,torch_sasrec,43
755,0,0.0,torch_sasrec,43
756,0,0.0,torch_sasrec,43
757,1,0.43067655807339306,torch_sasrec,43
758,1,0.6309297535714575,torch_sasrec,43
759,1,0.2890648263178879,torch_sasrec,43
760,0,0.0,torch_sasrec,43
761,0,0.0,torch_sasrec,43
762,0,0.0,torch_sasrec,43
763,1,0.38685280723454163,torch_sasrec,43
764,0,0.0,torch_sasrec,43
765,0,0.0,torch_sasrec,43
766,0,0.0,torch_sasrec,43
767,0,0.0,torch_sasrec,43
768,0,0.0,torch_sasrec,43
769,0,0.0,torch_sasrec,43
770,0,0.0,torch_sasrec,43
771,0,0.0,torch_sasrec,43
772,0,0.0,torch_sasrec,43
773,0,0.0,torch_sasrec,43
774,1,0.6309297535714575,torch_sasrec,43
775,0,0.0,torch_sasrec,43
776,0,0.0,torch_sasrec,43
777,0,0.0,torch_sasrec,43
778,0,0.0,torch_sasrec,43
779,0,0.0,torch_sasrec,43
780,1,0.3010299956639812,torch_sasrec,43
781,0,0.0,torch_sasrec,43
782,0,0.0,torch_sasrec,43
783,1,0.5,torch_sasrec,43
784,0,0.0,torch_sasrec,43
785,0,0.0,torch_sasrec,43
786,0,0.0,torch_sasrec,43
787,0,0.0,torch_sasrec,43
788,0,0.0,torch_sasrec,43
789,1,0.3333333333333333,torch_sasrec,43
790,1,0.5,torch_sasrec,43
791,0,0.0,torch_sasrec,43
792,0,0.0,torch_sasrec,43
793,0,0.0,torch_sasrec,43
794,0,0.0,torch_sasrec,43
795,0,0.0,torch_sasrec,43
796,0,0.0,torch_sasrec,43
797,0,0.0,torch_sasrec,43
798,0,0.0,torch_sasrec,43
799,0,0.0,torch_sasrec,43
800,0,0.0,torch_sasrec,43
801,0,0.0,torch_sasrec,43
802,1,0.31546487678572877,torch_sasrec,43
803,0,0.0,torch_sasrec,43
804,0,0.0,torch_sasrec,43
805,0,0.0,torch_sasrec,43
806,0,0.0,torch_sasrec,43
807,0,0.0,torch_sasrec,43
808,0,0.0,torch_sasrec,43
809,0,0.0,torch_sasrec,43
810,0,0.0,torch_sasrec,43
811,0,0.0,torch_sasrec,43
812,0,0.0,torch_sasrec,43
813,0,0.0,torch_sasrec,43
814,0,0.0,torch_sasrec,43
815,0,0.0,torch_sasrec,43
816,0,0.0,torch_sasrec,43
817,0,0.0,torch_sasrec,43
818,1,0.6309297535714575,torch_sasrec,43
819,0,0.0,torch_sasrec,43
820,0,0.0,torch_sasrec,43
821,1,0.31546487678572877,torch_sasrec,43
822,0,0.0,torch_sasrec,43
823,0,0.0,torch_sasrec,43
824,0,0.0,torch_sasrec,43
825,0,0.0,torch_sasrec,43
826,0,0.0,torch_sasrec,43
827,0,0.0,torch_sasrec,43
828,0,0.0,torch_sasrec,43
829,0,0.0,torch_sasrec,43
830,0,0.0,torch_sasrec,43
831,1,0.43067655807339306,torch_sasrec,43
832,0,0.0,torch_sasrec,43
833,0,0.0,torch_sasrec,43
834,0,0.0,torch_sasrec,43
835,0,0.0,torch_sasrec,43
836,0,0.0,torch_sasrec,43
837,0,0.0,torch_sasrec,43
838,0,0.0,torch_sasrec,43
839,0,0.0,torch_sasrec,43
840,0,0.0,torch_sasrec,43
841,0,0.0,torch_sasrec,43
842,0,0.0,torch_sasrec,43
843,0,0.0,torch_sasrec,43
844,0,0.0,torch_sasrec,43
845,0,0.0,torch_sasrec,43
846,0,0.0,torch_sasrec,43
847,0,0.0,torch_sasrec,43
848,0,0.0,torch_sasrec,43
849,0,0.0,torch_sasrec,43
850,0,0.0,torch_sasrec,43
851,1,0.3010299956639812,torch_sasrec,43
852,0,0.0,torch_sasrec,43
853,0,0.0,torch_sasrec,43
854,0,0.0,torch_sasrec,43
855,1,0.2890648263178879,torch_sasrec,43
856,0,0.0,torch_sasrec,43
857,0,0.0,torch_sasrec,43
858,0,0.0,torch_sasrec,43
859,0,0.0,torch_sasrec,43
860,0,0.0,torch_sasrec,43
861,0,0.0,torch_sasrec,43
862,0,0.0,torch_sasrec,43
863,1,0.31546487678572877,torch_sasrec,43
864,0,0.0,torch_sasrec,43
865,0,0.0,torch_sasrec,43
866,0,0.0,torch_sasrec,43
867,0,0.0,torch_sasrec,43
868,0,0.0,torch_sasrec,43
869,0,0.0,torch_sasrec,43
870,0,0.0,torch_sasrec,43
871,1,0.2890648263178879,torch_sasrec,43
872,0,0.0,torch_sasrec,43
873,0,0.0,torch_sasrec,43
874,0,0.0,torch_sasrec,43
875,0,0.0,torch_sasrec,43
876,1,0.3010299956639812,torch_sasrec,43
877,1,0.43067655807339306,torch_sasrec,43
878,0,0.0,torch_sasrec,43
879,0,0.0,torch_sasrec,43
880,0,0.0,torch_sasrec,43
881,0,0.0,torch_sasrec,43
882,0,0.0,torch_sasrec,43
883,0,0.0,torch_sasrec,43
884,0,0.0,torch_sasrec,43
885,0,0.0,torch_sasrec,43
886,0,0.0,torch_sasrec,43
887,0,0.0,torch_sasrec,43
888,0,0.0,torch_sasrec,43
889,0,0.0,torch_sasrec,43
890,0,0.0,torch_sasrec,43
891,0,0.0,torch_sasrec,43
892,0,0.0,torch_sasrec,43
893,0,0.0,torch_sasrec,43
894,0,0.0,torch_sasrec,43
895,0,0.0,torch_sasrec,43
896,0,0.0,torch_sasrec,43
897,0,0.0,torch_sasrec,43
898,0,0.0,torch_sasrec,43
899,1,1.0,torch_sasrec,43
900,1,0.38685280723454163,torch_sasrec,43
901,0,0.0,torch_sasrec,43
902,0,0.0,torch_sasrec,43
903,0,0.0,torch_sasrec,43
904,1,0.31546487678572877,torch_sasrec,43
905,0,0.0,torch_sasrec,43
906,0,0.0,torch_sasrec,43
907,0,0.0,torch_sasrec,43
908,0,0.0,torch_sasrec,43
909,0,0.0,torch_sasrec,43
910,1,0.3010299956639812,torch_sasrec,43
911,0,0.0,torch_sasrec,43
912,0,0.0,torch_sasrec,43
913,0,0.0,torch_sasrec,43
914,0,0.0,torch_sasrec,43
915,0,0.0,torch_sasrec,43
916,0,0.0,torch_sasrec,43
917,0,0.0,torch_sasrec,43
918,0,0.0,torch_sasrec,43
919,0,0.0,torch_sasrec,43
920,0,0.0,torch_sasrec,43
921,0,0.0,torch_sasrec,43
922,1,0.43067655807339306,torch_sasrec,43
923,0,0.0,torch_sasrec,43
924,1,0.6309297535714575,torch_sasrec,43
925,1,0.3562071871080222,torch_sasrec,43
926,0,0.0,torch_sasrec,43
927,0,0.0,torch_sasrec,43
928,0,0.0,torch_sasrec,43
929,0,0.0,torch_sasrec,43
930,0,0.0,torch_sasrec,43
931,0,0.0,torch_sasrec,43
932,1,0.3333333333333333,torch_sasrec,43
933,0,0.0,torch_sasrec,43
934,0,0.0,torch_sasrec,43
935,0,0.0,torch_sasrec,43
936,0,0.0,torch_sasrec,43
937,0,0.0,torch_sasrec,43
938,0,0.0,torch_sasrec,43
939,0,0.0,torch_sasrec,43
940,0,0.0,torch_sasrec,43
941,1,0.6309297535714575,torch_sasrec,43
942,0,0.0,torch_sasrec,43
943,0,0.0,torch_sasrec,43
944,1,0.5,torch_sasrec,43
945,0,0.0,torch_sasrec,43
946,0,0.0,torch_sasrec,43
947,0,0.0,torch_sasrec,43
948,0,0.0,torch_sasrec,43
949,0,0.0,torch_sasrec,43
950,0,0.0,torch_sasrec,43
951,0,0.0,torch_sasrec,43
952,0,0.0,torch_sasrec,43
953,0,0.0,torch_sasrec,43
954,0,0.0,torch_sasrec,43
955,0,0.0,torch_sasrec,43
956,0,0.0,torch_sasrec,43
957,0,0.0,torch_sasrec,43
958,0,0.0,torch_sasrec,43
959,0,0.0,torch_sasrec,43
960,0,0.0,torch_sasrec,43
961,1,0.3010299956639812,torch_sasrec,43
962,0,0.0,torch_sasrec,43
963,0,0.0,torch_sasrec,43
964,0,0.0,torch_sasrec,43
965,0,0.0,torch_sasrec,43
966,0,0.0,torch_sasrec,43
967,0,0.0,torch_sasrec,43
968,0,0.0,torch_sasrec,43
969,0,0.0,torch_sasrec,43
970,0,0.0,torch_sasrec,43
971,0,0.0,torch_sasrec,43
972,0,0.0,torch_sasrec,43
973,0,0.0,torch_sasrec,43
974,0,0.0,torch_sasrec,43
975,0,0.0,torch_sasrec,43
976,1,0.3562071871080222,torch_sasrec,43
977,0,0.0,torch_sasrec,43
978,1,0.3562071871080222,torch_sasrec,43
979,0,0.0,torch_sasrec,43
980,0,0.0,torch_sasrec,43
981,0,0.0,torch_sasrec,43
982,0,0.0,torch_sasrec,43
983,0,0.0,torch_sasrec,43
984,0,0.0,torch_sasrec,43
985,0,0.0,torch_sasrec,43
986,1,0.43067655807339306,torch_sasrec,43
987,0,0.0,torch_sasrec,43
988,0,0.0,torch_sasrec,43
989,1,0.5,torch_sasrec,43
990,0,0.0,torch_sasrec,43
991,0,0.0,torch_sasrec,43
992,0,0.0,torch_sasrec,43
993,0,0.0,torch_sasrec,43
994,0,0.0,torch_sasrec,43
995,0,0.0,torch_sasrec,43
996,1,0.3010299956639812,torch_sasrec,43
997,0,0.0,torch_sasrec,43
998,0,0.0,torch_sasrec,43
999,0,0.0,torch_sasrec,43
1000,0,0.0,torch_sasrec,43
1001,0,0.0,torch_sasrec,43
1,0,0.0,torch_sasrec,44
2,0,0.0,torch_sasrec,44
3,0,0.0,torch_sasrec,44
4,0,0.0,torch_sasrec,44
5,0,0.0,torch_sasrec,44
6,0,0.0,torch_sasrec,44
7,0,0.0,torch_sasrec,44
8,0,0.0,torch_sasrec,44
9,0,0.0,torch_sasrec,44
10,0,0.0,torch_sasrec,44
11,0,0.0,torch_sasrec,44
12,0,0.0,torch_sasrec,44
13,0,0.0,torch_sasrec,44
14,0,0.0,torch_sasrec,44
15,0,0.0,torch_sasrec,44
16,0,0.0,torch_sasrec,44
17,1,0.3333333333333333,torch_sasrec,44
18,1,0.43067655807339306,torch_sasrec,44
19,0,0.0,torch_sasrec,44
20,0,0.0,torch_sasrec,44
21,0,0.0,torch_sasrec,44
22,0,0.0,torch_sasrec,44
23,0,0.0,torch_sasrec,44
24,0,0.0,torch_sasrec,44
25,0,0.0,torch_sasrec,44
26,0,0.0,torch_sasrec,44
27,1,1.0,torch_sasrec,44
28,0,0.0,torch_sasrec,44
29,0,0.0,torch_sasrec,44
30,0,0.0,torch_sasrec,44
31,0,0.0,torch_sasrec,44
32,0,0.0,torch_sasrec,44
33,0,0.0,torch_sasrec,44
34,0,0.0,torch_sasrec,44
35,0,0.0,torch_sasrec,44
36,0,0.0,torch_sasrec,44
37,1,0.6309297535714575,torch_sasrec,44
38,0,0.0,torch_sasrec,44
39,1,0.43067655807339306,torch_sasrec,44
40,0,0.0,torch_sasrec,44
41,0,0.0,torch_sasrec,44
42,1,0.38685280723454163,torch_sasrec,44
43,0,0.0,torch_sasrec,44
44,1,0.3562071871080222,torch_sasrec,44
45,0,0.0,torch_sasrec,44
47,0,0.0,torch_sasrec,44
48,0,0.0,torch_sasrec,44
49,0,0.0,torch_sasrec,44
50,0,0.0,torch_sasrec,44
51,0,0.0,torch_sasrec,44
52,0,0.0,torch_sasrec,44
53,0,0.0,torch_sasrec,44
54,0,0.0,torch_sasrec,44
55,0,0.0,torch_sasrec,44
56,1,0.3562071871080222,torch_sasrec,44
57,0,0.0,torch_sasrec,44
58,0,0.0,torch_sasrec,44
59,0,0.0,torch_sasrec,44
60,0,0.0,torch_sasrec,44
61,0,0.0,torch_sasrec,44
62,0,0.0,torch_sasrec,44
63,0,0.0,torch_sasrec,44
64,0,0.0,torch_sasrec,44
65,0,0.0,torch_sasrec,44
66,0,0.0,torch_sasrec,44
67,0,0.0,torch_sasrec,44
68,0,0.0,torch_sasrec,44
69,0,0.0,torch_sasrec,44
70,1,1.0,torch_sasrec,44
71,0,0.0,torch_sasrec,44
72,0,0.0,torch_sasrec,44
73,0,0.0,torch_sasrec,44
74,0,0.0,torch_sasrec,44
75,0,0.0,torch_sasrec,44
76,0,0.0,torch_sasrec,44
77,0,0.0,torch_sasrec,44
78,0,0.0,torch_sasrec,44
79,1,1.0,torch_sasrec,44
80,0,0.0,torch_sasrec,44
81,0,0.0,torch_sasrec,44
82,0,0.0,torch_sasrec,44
83,0,0.0,torch_sasrec,44
84,0,0.0,torch_sasrec,44
85,0,0.0,torch_sasrec,44
86,0,0.0,torch_sasrec,44
87,0,0.0,torch_sasrec,44
88,1,1.0,torch_sasrec,44
89,0,0.0,torch_sasrec,44
90,0,0.0,torch_sasrec,44
91,0,0.0,torch_sasrec,44
92,0,0.0,torch_sasrec,44
93,0,0.0,torch_sasrec,44
94,1,0.38685280723454163,torch_sasrec,44
95,0,0.0,torch_sasrec,44
96,0,0.0,torch_sasrec,44
97,0,0.0,torch_sasrec,44
98,1,0.5,torch_sasrec,44
99,0,0.0,torch_sasrec,44
100,0,0.0,torch_sasrec,44
101,0,0.0,torch_sasrec,44
102,0,0.0,torch_sasrec,44
103,0,0.0,torch_sasrec,44
104,0,0.0,torch_sasrec,44
105,0,0.0,torch_sasrec,44
106,0,0.0,torch_sasrec,44
107,0,0.0,torch_sasrec,44
108,0,0.0,torch_sasrec,44
109,1,0.38685280723454163,torch_sasrec,44
110,0,0.0,torch_sasrec,44
111,1,0.2890648263178879,torch_sasrec,44
112,1,0.43067655807339306,torch_sasrec,44
113,0,0.0,torch_sasrec,44
114,0,0.0,torch_sasrec,44
115,0,0.0,torch_sasrec,44
116,0,0.0,torch_sasrec,44
117,0,0.0,torch_sasrec,44
118,0,0.0,torch_sasrec,44
119,0,0.0,torch_sasrec,44
120,1,0.6309297535714575,torch_sasrec,44
121,0,0.0,torch_sasrec,44
122,0,0.0,torch_sasrec,44
123,0,0.0,torch_sasrec,44
124,0,0.0,torch_sasrec,44
125,0,0.0,torch_sasrec,44
126,0,0.0,torch_sasrec,44
127,0,0.0,torch_sasrec,44
128,0,0.0,torch_sasrec,44
129,0,0.0,torch_sasrec,44
130,0,0.0,torch_sasrec,44
131,0,0.0,torch_sasrec,44
132,1,0.38685280723454163,torch_sasrec,44
133,0,0.0,torch_sasrec,44
134,0,0.0,torch_sasrec,44
135,0,0.0,torch_sasrec,44
136,0,0.0,torch_sasrec,44
137,0,0.0,torch_sasrec,44
138,0,0.0,torch_sasrec,44
139,0,0.0,torch_sasrec,44
140,1,0.6309297535714575,torch_sasrec,44
141,0,0.0,torch_sasrec,44
142,0,0.0,torch_sasrec,44
143,0,0.0,torch_sasrec,44
144,0,0.0,torch_sasrec,44
145,1,0.6309297535714575,torch_sasrec,44
146,0,0.0,torch_sasrec,44
147,1,0.3010299956639812,torch_sasrec,44
148,0,0.0,torch_sasrec,44
149,0,0.0,torch_sasrec,44
150,0,0.0,torch_sasrec,44
151,0,0.0,torch_sasrec,44
152,0,0.0,torch_sasrec,44
153,0,0.0,torch_sasrec,44
154,0,0.0,torch_sasrec,44
155,0,0.0,torch_sasrec,44
156,0,0.0,torch_sasrec,44
157,0,0.0,torch_sasrec,44
158,0,0.0,torch_sasrec,44
159,0,0.0,torch_sasrec,44
160,0,0.0,torch_sasrec,44
161,0,0.0,torch_sasrec,44
162,0,0.0,torch_sasrec,44
163,0,0.0,torch_sasrec,44
164,1,0.3010299956639812,torch_sasrec,44
165,0,0.0,torch_sasrec,44
166,0,0.0,torch_sasrec,44
167,0,0.0,torch_sasrec,44
168,0,0.0,torch_sasrec,44
169,0,0.0,torch_sasrec,44
170,0,0.0,torch_sasrec,44
171,1,0.43067655807339306,torch_sasrec,44
172,1,0.3010299956639812,torch_sasrec,44
173,0,0.0,torch_sasrec,44
174,0,0.0,torch_sasrec,44
175,0,0.0,torch_sasrec,44
176,0,0.0,torch_sasrec,44
177,0,0.0,torch_sasrec,44
178,0,0.0,torch_sasrec,44
179,0,0.0,torch_sasrec,44
180,1,0.3333333333333333,torch_sasrec,44
181,0,0.0,torch_sasrec,44
182,1,1.0,torch_sasrec,44
183,0,0.0,torch_sasrec,44
184,1,0.3333333333333333,torch_sasrec,44
185,0,0.0,torch_sasrec,44
186,1,0.3562071871080222,torch_sasrec,44
187,0,0.0,torch_sasrec,44
188,0,0.0,torch_sasrec,44
189,0,0.0,torch_sasrec,44
190,0,0.0,torch_sasrec,44
191,0,0.0,torch_sasrec,44
192,0,0.0,torch_sasrec,44
193,0,0.0,torch_sasrec,44
194,0,0.0,torch_sasrec,44
195,0,0.0,torch_sasrec,44
196,0,0.0,torch_sasrec,44
197,0,0.0,torch_sasrec,44
198,0,0.0,torch_sasrec,44
199,0,0.0,torch_sasrec,44
200,0,0.0,torch_sasrec,44
201,0,0.0,torch_sasrec,44
202,1,0.6309297535714575,torch_sasrec,44
203,0,0.0,torch_sasrec,44
204,0,0.0,torch_sasrec,44
205,0,0.0,torch_sasrec,44
206,1,0.3333333333333333,torch_sasrec,44
207,0,0.0,torch_sasrec,44
208,0,0.0,torch_sasrec,44
209,0,0.0,torch_sasrec,44
210,0,0.0,torch_sasrec,44
211,0,0.0,torch_sasrec,44
212,0,0.0,torch_sasrec,44
213,0,0.0,torch_sasrec,44
214,0,0.0,torch_sasrec,44
215,0,0.0,torch_sasrec,44
216,0,0.0,torch_sasrec,44
217,0,0.0,torch_sasrec,44
218,1,0.6309297535714575,torch_sasrec,44
219,0,0.0,torch_sasrec,44
220,0,0.0,torch_sasrec,44
221,0,0.0,torch_sasrec,44
222,0,0.0,torch_sasrec,44
223,0,0.0,torch_sasrec,44
224,1,0.43067655807339306,torch_sasrec,44
225,0,0.0,torch_sasrec,44
226,0,0.0,torch_sasrec,44
227,0,0.0,torch_sasrec,44
228,0,0.0,torch_sasrec,44
229,0,0.0,torch_sasrec,44
230,0,0.0,torch_sasrec,44
231,0,0.0,torch_sasrec,44
232,0,0.0,torch_sasrec,44
233,0,0.0,torch_sasrec,44
234,0,0.0,torch_sasrec,44
235,0,0.0,torch_sasrec,44
236,0,0.0,torch_sasrec,44
237,0,0.0,torch_sasrec,44
238,0,0.0,torch_sasrec,44
239,0,0.0,torch_sasrec,44
240,0,0.0,torch_sasrec,44
241,0,0.0,torch_sasrec,44
242,0,0.0,torch_sasrec,44
243,1,0.43067655807339306,torch_sasrec,44
244,1,0.6309297535714575,torch_sasrec,44
245,0,0.0,torch_sasrec,44
246,0,0.0,torch_sasrec,44
247,0,0.0,torch_sasrec,44
248,0,0.0,torch_sasrec,44
249,0,0.0,torch_sasrec,44
250,0,0.0,torch_sasrec,44
251,0,0.0,torch_sasrec,44
252,0,0.0,torch_sasrec,44
253,0,0.0,torch_sasrec,44
254,0,0.0,torch_sasrec,44
255,0,0.0,torch_sasrec,44
256,0,0.0,torch_sasrec,44
257,0,0.0,torch_sasrec,44
258,0,0.0,torch_sasrec,44
259,0,0.0,torch_sasrec,44
260,0,0.0,torch_sasrec,44
261,0,0.0,torch_sasrec,44
262,1,0.3562071871080222,torch_sasrec,44
263,0,0.0,torch_sasrec,44
264,0,0.0,torch_sasrec,44
265,0,0.0,torch_sasrec,44
266,0,0.0,torch_sasrec,44
267,0,0.0,torch_sasrec,44
268,0,0.0,torch_sasrec,44
269,0,0.0,torch_sasrec,44
270,1,1.0,torch_sasrec,44
271,0,0.0,torch_sasrec,44
272,0,0.0,torch_sasrec,44
273,0,0.0,torch_sasrec,44
274,0,0.0,torch_sasrec,44
275,0,0.0,torch_sasrec,44
276,0,0.0,torch_sasrec,44
277,1,0.5,torch_sasrec,44
278,0,0.0,torch_sasrec,44
279,0,0.0,torch_sasrec,44
280,0,0.0,torch_sasrec,44
281,0,0.0,torch_sasrec,44
282,1,0.3562071871080222,torch_sasrec,44
283,0,0.0,torch_sasrec,44
284,0,0.0,torch_sasrec,44
285,0,0.0,torch_sasrec,44
286,0,0.0,torch_sasrec,44
287,0,0.0,torch_sasrec,44
288,0,0.0,torch_sasrec,44
289,0,0.0,torch_sasrec,44
290,0,0.0,torch_sasrec,44
291,0,0.0,torch_sasrec,44
292,0,0.0,torch_sasrec,44
293,0,0.0,torch_sasrec,44
294,0,0.0,torch_sasrec,44
295,0,0.0,torch_sasrec,44
296,0,0.0,torch_sasrec,44
297,0,0.0,torch_sasrec,44
298,0,0.0,torch_sasrec,44
299,0,0.0,torch_sasrec,44
300,0,0.0,torch_sasrec,44
301,0,0.0,torch_sasrec,44
302,1,0.3333333333333333,torch_sasrec,44
303,0,0.0,torch_sasrec,44
304,0,0.0,torch_sasrec,44
305,0,0.0,torch_sasrec,44
306,0,0.0,torch_sasrec,44
307,0,0.0,torch_sasrec,44
308,0,0.0,torch_sasrec,44
309,0,0.0,torch_sasrec,44
310,0,0.0,torch_sasrec,44
311,1,0.6309297535714575,torch_sasrec,44
312,0,0.0,torch_sasrec,44
313,0,0.0,torch_sasrec,44
314,0,0.0,torch_sasrec,44
315,0,0.0,torch_sasrec,44
316,1,0.5,torch_sasrec,44
317,0,0.0,torch_sasrec,44
318,1,0.3562071871080222,torch_sasrec,44
319,0,0.0,torch_sasrec,44
320,0,0.0,torch_sasrec,44
321,0,0.0,torch_sasrec,44
322,0,0.0,torch_sasrec,44
323,0,0.0,torch_sasrec,44
324,0,0.0,torch_sasrec,44
325,0,0.0,torch_sasrec,44
326,0,0.0,torch_sasrec,44
327,0,0.0,torch_sasrec,44
328,0,0.0,torch_sasrec,44
329,1,0.5,torch_sasrec,44
330,0,0.0,torch_sasrec,44
331,0,0.0,torch_sasrec,44
332,0,0.0,torch_sasrec,44
333,0,0.0,torch_sasrec,44
334,0,0.0,torch_sasrec,44
335,0,0.0,torch_sasrec,44
336,0,0.0,torch_sasrec,44
337,0,0.0,torch_sasrec,44
338,1,0.38685280723454163,torch_sasrec,44
339,0,0.0,torch_sasrec,44
340,0,0.0,torch_sasrec,44
341,0,0.0,torch_sasrec,44
342,0,0.0,torch_sasrec,44
343,0,0.0,torch_sasrec,44
344,0,0.0,torch_sasrec,44
345,0,0.0,torch_sasrec,44
346,1,0.38685280723454163,torch_sasrec,44
347,0,0.0,torch_sasrec,44
348,0,0.0,torch_sasrec,44
349,0,0.0,torch_sasrec,44
350,1,1.0,torch_sasrec,44
351,0,0.0,torch_sasrec,44
352,0,0.0,torch_sasrec,44
353,0,0.0,torch_sasrec,44
354,0,0.0,torch_sasrec,44
355,0,0.0,torch_sasrec,44
356,0,0.0,torch_sasrec,44
357,0,0.0,torch_sasrec,44
358,0,0.0,torch_sasrec,44
359,1,1.0,torch_sasrec,44
360,0,0.0,torch_sasrec,44
361,1,0.43067655807339306,torch_sasrec,44
362,0,0.0,torch_sasrec,44
363,0,0.0,torch_sasrec,44
364,0,0.0,torch_sasrec,44
365,0,0.0,torch_sasrec,44
366,0,0.0,torch_sasrec,44
367,0,0.0,torch_sasrec,44
368,0,0.0,torch_sasrec,44
369,0,0.0,torch_sasrec,44
370,0,0.0,torch_sasrec,44
371,0,0.0,torch_sasrec,44
372,0,0.0,torch_sasrec,44
373,0,0.0,torch_sasrec,44
374,0,0.0,torch_sasrec,44
375,0,0.0,torch_sasrec,44
376,0,0.0,torch_sasrec,44
377,0,0.0,torch_sasrec,44
378,0,0.0,torch_sasrec,44
379,0,0.0,torch_sasrec,44
380,0,0.0,torch_sasrec,44
381,0,0.0,torch_sasrec,44
382,0,0.0,torch_sasrec,44
383,0,0.0,torch_sasrec,44
384,0,0.0,torch_sasrec,44
385,0,0.0,torch_sasrec,44
386,1,0.6309297535714575,torch_sasrec,44
387,1,1.0,torch_sasrec,44
388,0,0.0,torch_sasrec,44
389,1,0.3333333333333333,torch_sasrec,44
390,0,0.0,torch_sasrec,44
391,0,0.0,torch_sasrec,44
392,0,0.0,torch_sasrec,44
393,0,0.0,torch_sasrec,44
394,0,0.0,torch_sasrec,44
395,1,0.6309297535714575,torch_sasrec,44
396,0,0.0,torch_sasrec,44
397,0,0.0,torch_sasrec,44
398,0,0.0,torch_sasrec,44
399,0,0.0,torch_sasrec,44
400,1,0.2890648263178879,torch_sasrec,44
401,1,0.5,torch_sasrec,44
402,0,0.0,torch_sasrec,44
403,0,0.0,torch_sasrec,44
404,0,0.0,torch_sasrec,44
405,0,0.0,torch_sasrec,44
406,0,0.0,torch_sasrec,44
407,0,0.0,torch_sasrec,44
408,0,0.0,torch_sasrec,44
409,1,1.0,torch_sasrec,44
410,0,0.0,torch_sasrec,44
411,0,0.0,torch_sasrec,44
412,0,0.0,torch_sasrec,44
413,0,0.0,torch_sasrec,44
414,0,0.0,torch_sasrec,44
415,1,0.38685280723454163,torch_sasrec,44
416,0,0.0,torch_sasrec,44
417,0,0.0,torch_sasrec,44
418,0,0.0,torch_sasrec,44
419,0,0.0,torch_sasrec,44
420,0,0.0,torch_sasrec,44
421,0,0.0,torch_sasrec,44
422,0,0.0,torch_sasrec,44
423,1,0.5,torch_sasrec,44
424,0,0.0,torch_sasrec,44
425,0,0.0,torch_sasrec,44
426,0,0.0,torch_sasrec,44
427,0,0.0,torch_sasrec,44
428,0,0.0,torch_sasrec,44
429,0,0.0,torch_sasrec,44
430,0,0.0,torch_sasrec,44
431,0,0.0,torch_sasrec,44
432,0,0.0,torch_sasrec,44
433,1,0.31546487678572877,torch_sasrec,44
434,0,0.0,torch_sasrec,44
435,0,0.0,torch_sasrec,44
436,1,0.38685280723454163,torch_sasrec,44
437,0,0.0,torch_sasrec,44
438,0,0.0,torch_sasrec,44
439,0,0.0,torch_sasrec,44
440,0,0.0,torch_sasrec,44
441,1,0.5,torch_sasrec,44
442,1,0.3562071871080222,torch_sasrec,44
443,0,0.0,torch_sasrec,44
444,0,0.0,torch_sasrec,44
445,0,0.0,torch_sasrec,44
446,0,0.0,torch_sasrec,44
447,0,0.0,torch_sasrec,44
448,1,0.43067655807339306,torch_sasrec,44
449,0,0.0,torch_sasrec,44
450,0,0.0,torch_sasrec,44
451,0,0.0,torch_sasrec,44
452,0,0.0,torch_sasrec,44
453,0,0.0,torch_sasrec,44
454,0,0.0,torch_sasrec,44
455,0,0.0,torch_sasrec,44
456,0,0.0,torch_sasrec,44
457,0,0.0,torch_sasrec,44
458,0,0.0,torch_sasrec,44
459,0,0.0,torch_sasrec,44
460,0,0.0,torch_sasrec,44
461,0,0.0,torch_sasrec,44
462,0,0.0,torch_sasrec,44
463,0,0.0,torch_sasrec,44
464,0,0.0,torch_sasrec,44
465,0,0.0,torch_sasrec,44
466,0,0.0,torch_sasrec,44
467,0,0.0,torch_sasrec,44
468,1,0.6309297535714575,torch_sasrec,44
469,0,0.0,torch_sasrec,44
470,0,0.0,torch_sasrec,44
471,1,0.43067655807339306,torch_sasrec,44
472,0,0.0,torch_sasrec,44
473,0,0.0,torch_sasrec,44
474,0,0.0,torch_sasrec,44
475,1,0.38685280723454163,torch_sasrec,44
476,0,0.0,torch_sasrec,44
477,0,0.0,torch_sasrec,44
478,0,0.0,torch_sasrec,44
479,0,0.0,torch_sasrec,44
480,0,0.0,torch_sasrec,44
481,0,0.0,torch_sasrec,44
482,0,0.0,torch_sasrec,44
483,0,0.0,torch_sasrec,44
484,0,0.0,torch_sasrec,44
485,0,0.0,torch_sasrec,44
486,0,0.0,torch_sasrec,44
487,0,0.0,torch_sasrec,44
488,1,0.6309297535714575,torch_sasrec,44
489,0,0.0,torch_sasrec,44
490,0,0.0,torch_sasrec,44
491,0,0.0,torch_sasrec,44
492,0,0.0,torch_sasrec,44
493,0,0.0,torch_sasrec,44
494,1,0.3010299956639812,torch_sasrec,44
495,0,0.0,torch_sasrec,44
496,0,0.0,torch_sasrec,44
497,1,0.3010299956639812,torch_sasrec,44
498,0,0.0,torch_sasrec,44
499,0,0.0,torch_sasrec,44
500,0,0.0,torch_sasrec,44
501,0,0.0,torch_sasrec,44
502,1,0.5,torch_sasrec,44
503,1,0.2890648263178879,torch_sasrec,44
504,1,0.6309297535714575,torch_sasrec,44
505,0,0.0,torch_sasrec,44
506,1,0.2890648263178879,torch_sasrec,44
507,0,0.0,torch_sasrec,44
508,0,0.0,torch_sasrec,44
509,0,0.0,torch_sasrec,44
510,0,0.0,torch_sasrec,44
511,0,0.0,torch_sasrec,44
512,0,0.0,torch_sasrec,44
513,0,0.0,torch_sasrec,44
514,0,0.0,torch_sasrec,44
515,0,0.0,torch_sasrec,44
516,0,0.0,torch_sasrec,44
517,0,0.0,torch_sasrec,44
518,0,0.0,torch_sasrec,44
519,0,0.0,torch_sasrec,44
520,0,0.0,torch_sasrec,44
521,1,0.3333333333333333,torch_sasrec,44
522,1,1.0,torch_sasrec,44
523,0,0.0,torch_sasrec,44
524,0,0.0,torch_sasrec,44
525,0,0.0,torch_sasrec,44
526,0,0.0,torch_sasrec,44
527,0,0.0,torch_sasrec,44
528,0,0.0,torch_sasrec,44
529,0,0.0,torch_sasrec,44
530,0,0.0,torch_sasrec,44
531,0,0.0,torch_sasrec,44
532,0,0.0,torch_sasrec,44
533,0,0.0,torch_sasrec,44
534,0,0.0,torch_sasrec,44
535,0,0.0,torch_sasrec,44
536,0,0.0,torch_sasrec,44
537,0,0.0,torch_sasrec,44
538,0,0.0,torch_sasrec,44
539,0,0.0,torch_sasrec,44
540,1,0.43067655807339306,torch_sasrec,44
541,0,0.0,torch_sasrec,44
542,0,0.0,torch_sasrec,44
543,0,0.0,torch_sasrec,44
544,0,0.0,torch_sasrec,44
545,0,0.0,torch_sasrec,44
546,0,0.0,torch_sasrec,44
547,0,0.0,torch_sasrec,44
548,0,0.0,torch_sasrec,44
549,1,0.38685280723454163,torch_sasrec,44
550,0,0.0,torch_sasrec,44
551,0,0.0,torch_sasrec,44
552,0,0.0,torch_sasrec,44
553,0,0.0,torch_sasrec,44
554,0,0.0,torch_sasrec,44
555,0,0.0,torch_sasrec,44
556,1,0.3333333333333333,torch_sasrec,44
557,1,0.3562071871080222,torch_sasrec,44
558,0,0.0,torch_sasrec,44
559,1,0.3333333333333333,torch_sasrec,44
560,1,1.0,torch_sasrec,44
561,0,0.0,torch_sasrec,44
562,0,0.0,torch_sasrec,44
563,0,0.0,torch_sasrec,44
564,0,0.0,torch_sasrec,44
565,0,0.0,torch_sasrec,44
566,0,0.0,torch_sasrec,44
567,0,0.0,torch_sasrec,44
568,0,0.0,torch_sasrec,44
569,0,0.0,torch_sasrec,44
570,0,0.0,torch_sasrec,44
571,0,0.0,torch_sasrec,44
572,0,0.0,torch_sasrec,44
573,0,0.0,torch_sasrec,44
574,0,0.0,torch_sasrec,44
575,0,0.0,torch_sasrec,44
576,0,0.0,torch_sasrec,44
577,0,0.0,torch_sasrec,44
578,0,0.0,torch_sasrec,44
579,0,0.0,torch_sasrec,44
580,1,0.3562071871080222,torch_sasrec,44
581,0,0.0,torch_sasrec,44
582,0,0.0,torch_sasrec,44
583,0,0.0,torch_sasrec,44
584,0,0.0,torch_sasrec,44
585,1,0.31546487678572877,torch_sasrec,44
586,0,0.0,torch_sasrec,44
587,0,0.0,torch_sasrec,44
588,0,0.0,torch_sasrec,44
589,1,0.31546487678572877,torch_sasrec,44
590,0,0.0,torch_sasrec,44
591,0,0.0,torch_sasrec,44
592,1,0.3010299956639812,torch_sasrec,44
593,0,0.0,torch_sasrec,44
594,0,0.0,torch_sasrec,44
595,0,0.0,torch_sasrec,44
596,1,0.6309297535714575,torch_sasrec,44
597,0,0.0,torch_sasrec,44
598,1,1.0,torch_sasrec,44
599,0,0.0,torch_sasrec,44
600,0,0.0,torch_sasrec,44
601,0,0.0,torch_sasrec,44
602,0,0.0,torch_sasrec,44
603,0,0.0,torch_sasrec,44
604,0,0.0,torch_sasrec,44
605,1,0.3333333333333333,torch_sasrec,44
606,0,0.0,torch_sasrec,44
607,1,0.3333333333333333,torch_sasrec,44
608,0,0.0,torch_sasrec,44
609,0,0.0,torch_sasrec,44
610,0,0.0,torch_sasrec,44
611,0,0.0,torch_sasrec,44
612,0,0.0,torch_sasrec,44
613,1,0.3010299956639812,torch_sasrec,44
614,1,0.31546487678572877,torch_sasrec,44
615,0,0.0,torch_sasrec,44
616,0,0.0,torch_sasrec,44
617,0,0.0,torch_sasrec,44
618,0,0.0,torch_sasrec,44
619,0,0.0,torch_sasrec,44
620,0,0.0,torch_sasrec,44
621,0,0.0,torch_sasrec,44
622,0,0.0,torch_sasrec,44
623,0,0.0,torch_sasrec,44
624,0,0.0,torch_sasrec,44
625,0,0.0,torch_sasrec,44
626,0,0.0,torch_sasrec,44
627,0,0.0,torch_sasrec,44
628,0,0.0,torch_sasrec,44
629,0,0.0,torch_sasrec,44
630,0,0.0,torch_sasrec,44
631,0,0.0,torch_sasrec,44
632,0,0.0,torch_sasrec,44
633,1,0.31546487678572877,torch_sasrec,44
634,0,0.0,torch_sasrec,44
635,0,0.0,torch_sasrec,44
636,0,0.0,torch_sasrec,44
637,0,0.0,torch_sasrec,44
638,0,0.0,torch_sasrec,44
639,0,0.0,torch_sasrec,44
640,0,0.0,torch_sasrec,44
641,0,0.0,torch_sasrec,44
642,0,0.0,torch_sasrec,44
643,1,0.43067655807339306,torch_sasrec,44
644,0,0.0,torch_sasrec,44
645,0,0.0,torch_sasrec,44
646,0,0.0,torch_sasrec,44
647,0,0.0,torch_sasrec,44
648,0,0.0,torch_sasrec,44
649,0,0.0,torch_sasrec,44
650,0,0.0,torch_sasrec,44
651,0,0.0,torch_sasrec,44
652,0,0.0,torch_sasrec,44
653,0,0.0,torch_sasrec,44
654,1,0.3333333333333333,torch_sasrec,44
655,0,0.0,torch_sasrec,44
656,0,0.0,torch_sasrec,44
657,1,1.0,torch_sasrec,44
658,0,0.0,torch_sasrec,44
659,0,0.0,torch_sasrec,44
660,0,0.0,torch_sasrec,44
661,0,0.0,torch_sasrec,44
662,0,0.0,torch_sasrec,44
663,0,0.0,torch_sasrec,44
664,0,0.0,torch_sasrec,44
665,0,0.0,torch_sasrec,44
666,0,0.0,torch_sasrec,44
667,0,0.0,torch_sasrec,44
668,0,0.0,torch_sasrec,44
669,1,0.5,torch_sasrec,44
670,0,0.0,torch_sasrec,44
671,0,0.0,torch_sasrec,44
672,0,0.0,torch_sasrec,44
673,0,0.0,torch_sasrec,44
674,1,0.5,torch_sasrec,44
675,1,0.3333333333333333,torch_sasrec,44
676,0,0.0,torch_sasrec,44
677,0,0.0,torch_sasrec,44
678,0,0.0,torch_sasrec,44
679,1,1.0,torch_sasrec,44
680,0,0.0,torch_sasrec,44
681,0,0.0,torch_sasrec,44
682,0,0.0,torch_sasrec,44
683,0,0.0,torch_sasrec,44
684,0,0.0,torch_sasrec,44
685,0,0.0,torch_sasrec,44
686,0,0.0,torch_sasrec,44
687,0,0.0,torch_sasrec,44
688,0,0.0,torch_sasrec,44
689,1,0.38685280723454163,torch_sasrec,44
690,0,0.0,torch_sasrec,44
691,0,0.0,torch_sasrec,44
692,0,0.0,torch_sasrec,44
693,0,0.0,torch_sasrec,44
694,1,0.3562071871080222,torch_sasrec,44
695,0,0.0,torch_sasrec,44
696,0,0.0,torch_sasrec,44
697,0,0.0,torch_sasrec,44
698,0,0.0,torch_sasrec,44
699,0,0.0,torch_sasrec,44
700,0,0.0,torch_sasrec,44
701,0,0.0,torch_sasrec,44
702,0,0.0,torch_sasrec,44
703,1,0.5,torch_sasrec,44
704,1,0.38685280723454163,torch_sasrec,44
705,0,0.0,torch_sasrec,44
706,0,0.0,torch_sasrec,44
707,1,0.6309297535714575,torch_sasrec,44
708,0,0.0,torch_sasrec,44
709,0,0.0,torch_sasrec,44
710,0,0.0,torch_sasrec,44
711,0,0.0,torch_sasrec,44
712,0,0.0,torch_sasrec,44
713,0,0.0,torch_sasrec,44
714,0,0.0,torch_sasrec,44
715,1,1.0,torch_sasrec,44
716,0,0.0,torch_sasrec,44
717,0,0.0,torch_sasrec,44
718,0,0.0,torch_sasrec,44
719,1,0.43067655807339306,torch_sasrec,44
720,0,0.0,torch_sasrec,44
721,0,0.0,torch_sasrec,44
722,0,0.0,torch_sasrec,44
723,0,0.0,torch_sasrec,44
724,0,0.0,torch_sasrec,44
725,0,0.0,torch_sasrec,44
726,0,0.0,torch_sasrec,44
727,0,0.0,torch_sasrec,44
728,0,0.0,torch_sasrec,44
729,0,0.0,torch_sasrec,44
730,0,0.0,torch_sasrec,44
731,0,0.0,torch_sasrec,44
732,0,0.0,torch_sasrec,44
733,0,0.0,torch_sasrec,44
734,0,0.0,torch_sasrec,44
735,0,0.0,torch_sasrec,44
736,0,0.0,torch_sasrec,44
737,0,0.0,torch_sasrec,44
738,0,0.0,torch_sasrec,44
739,0,0.0,torch_sasrec,44
740,1,0.38685280723454163,torch_sasrec,44
741,0,0.0,torch_sasrec,44
742,0,0.0,torch_sasrec,44
743,0,0.0,torch_sasrec,44
744,0,0.0,torch_sasrec,44
745,0,0.0,torch_sasrec,44
746,1,0.5,torch_sasrec,44
747,0,0.0,torch_sasrec,44
748,0,0.0,torch_sasrec,44
749,0,0.0,torch_sasrec,44
750,1,0.6309297535714575,torch_sasrec,44
751,0,0.0,torch_sasrec,44
752,0,0.0,torch_sasrec,44
753,0,0.0,torch_sasrec,44
754,0,0.0,torch_sasrec,44
755,0,0.0,torch_sasrec,44
756,0,0.0,torch_sasrec,44
757,1,0.31546487678572877,torch_sasrec,44
758,1,0.38685280723454163,torch_sasrec,44
759,0,0.0,torch_sasrec,44
760,0,0.0,torch_sasrec,44
761,0,0.0,torch_sasrec,44
762,0,0.0,torch_sasrec,44
763,0,0.0,torch_sasrec,44
764,0,0.0,torch_sasrec,44
765,0,0.0,torch_sasrec,44
766,0,0.0,torch_sasrec,44
767,0,0.0,torch_sasrec,44
768,0,0.0,torch_sasrec,44
769,1,0.2890648263178879,torch_sasrec,44
770,0,0.0,torch_sasrec,44
771,0,0.0,torch_sasrec,44
772,0,0.0,torch_sasrec,44
773,0,0.0,torch_sasrec,44
774,0,0.0,torch_sasrec,44
775,0,0.0,torch_sasrec,44
776,0,0.0,torch_sasrec,44
777,0,0.0,torch_sasrec,44
778,0,0.0,torch_sasrec,44
779,1,0.2890648263178879,torch_sasrec,44
780,0,0.0,torch_sasrec,44
781,0,0.0,torch_sasrec,44
782,0,0.0,torch_sasrec,44
783,1,0.6309297535714575,torch_sasrec,44
784,0,0.0,torch_sasrec,44
785,0,0.0,torch_sasrec,44
786,1,1.0,torch_sasrec,44
787,0,0.0,torch_sasrec,44
788,0,0.0,torch_sasrec,44
789,1,0.43067655807339306,torch_sasrec,44
790,1,0.6309297535714575,torch_sasrec,44
791,0,0.0,torch_sasrec,44
792,0,0.0,torch_sasrec,44
793,0,0.0,torch_sasrec,44
794,0,0.0,torch_sasrec,44
795,0,0.0,torch_sasrec,44
796,0,0.0,torch_sasrec,44
797,0,0.0,torch_sasrec,44
798,0,0.0,torch_sasrec,44
799,0,0.0,torch_sasrec,44
800,0,0.0,torch_sasrec,44
801,0,0.0,torch_sasrec,44
802,0,0.0,torch_sasrec,44
803,1,0.3562071871080222,torch_sasrec,44
804,0,0.0,torch_sasrec,44
805,0,0.0,torch_sasrec,44
806,0,0.0,torch_sasrec,44
807,0,0.0,torch_sasrec,44
808,1,0.43067655807339306,torch_sasrec,44
809,0,0.0,torch_sasrec,44
810,0,0.0,torch_sasrec,44
811,0,0.0,torch_sasrec,44
812,0,0.0,torch_sasrec,44
813,0,0.0,torch_sasrec,44
814,0,0.0,torch_sasrec,44
815,0,0.0,torch_sasrec,44
816,0,0.0,torch_sasrec,44
817,0,0.0,torch_sasrec,44
818,1,0.2890648263178879,torch_sasrec,44
819,0,0.0,torch_sasrec,44
820,1,0.31546487678572877,torch_sasrec,44
821,1,0.3333333333333333,torch_sasrec,44
822,0,0.0,torch_sasrec,44
823,0,0.0,torch_sasrec,44
824,0,0.0,torch_sasrec,44
825,0,0.0,torch_sasrec,44
826,0,0.0,torch_sasrec,44
827,0,0.0,torch_sasrec,44
828,0,0.0,torch_sasrec,44
829,0,0.0,torch_sasrec,44
830,0,0.0,torch_sasrec,44
831,1,1.0,torch_sasrec,44
832,0,0.0,torch_sasrec,44
833,0,0.0,torch_sasrec,44
834,0,0.0,torch_sasrec,44
835,0,0.0,torch_sasrec,44
836,0,0.0,torch_sasrec,44
837,0,0.0,torch_sasrec,44
838,0,0.0,torch_sasrec,44
839,0,0.0,torch_sasrec,44
840,0,0.0,torch_sasrec,44
841,0,0.0,torch_sasrec,44
842,0,0.0,torch_sasrec,44
843,0,0.0,torch_sasrec,44
844,0,0.0,torch_sasrec,44
845,1,1.0,torch_sasrec,44
846,0,0.0,torch_sasrec,44
847,0,0.0,torch_sasrec,44
848,0,0.0,torch_sasrec,44
849,0,0.0,torch_sasrec,44
850,0,0.0,torch_sasrec,44
851,0,0.0,torch_sasrec,44
852,0,0.0,torch_sasrec,44
853,0,0.0,torch_sasrec,44
854,0,0.0,torch_sasrec,44
855,0,0.0,torch_sasrec,44
856,0,0.0,torch_sasrec,44
857,0,0.0,torch_sasrec,44
858,0,0.0,torch_sasrec,44
859,0,0.0,torch_sasrec,44
860,0,0.0,torch_sasrec,44
861,0,0.0,torch_sasrec,44
862,0,0.0,torch_sasrec,44
863,0,0.0,torch_sasrec,44
864,0,0.0,torch_sasrec,44
865,0,0.0,torch_sasrec,44
866,0,0.0,torch_sasrec,44
867,0,0.0,torch_sasrec,44
868,0,0.0,torch_sasrec,44
869,0,0.0,torch_sasrec,44
870,0,0.0,torch_sasrec,44
871,1,0.3333333333333333,torch_sasrec,44
872,0,0.0,torch_sasrec,44
873,0,0.0,torch_sasrec,44
874,1,0.43067655807339306,torch_sasrec,44
875,0,0.0,torch_sasrec,44
876,0,0.0,torch_sasrec,44
877,1,1.0,torch_sasrec,44
878,0,0.0,torch_sasrec,44
879,0,0.0,torch_sasrec,44
880,0,0.0,torch_sasrec,44
881,0,0.0,torch_sasrec,44
882,0,0.0,torch_sasrec,44
883,0,0.0,torch_sasrec,44
884,0,0.0,torch_sasrec,44
885,0,0.0,torch_sasrec,44
886,0,0.0,torch_sasrec,44
887,0,0.0,torch_sasrec,44
888,0,0.0,torch_sasrec,44
889,0,0.0,torch_sasrec,44
890,0,0.0,torch_sasrec,44
891,0,0.0,torch_sasrec,44
892,1,0.5,torch_sasrec,44
893,0,0.0,torch_sasrec,44
894,0,0.0,torch_sasrec,44
895,0,0.0,torch_sasrec,44
896,0,0.0,torch_sasrec,44
897,0,0.0,torch_sasrec,44
898,0,0.0,torch_sasrec,44
899,1,0.3562071871080222,torch_sasrec,44
900,0,0.0,torch_sasrec,44
901,0,0.0,torch_sasrec,44
902,0,0.0,torch_sasrec,44
903,0,0.0,torch_sasrec,44
904,0,0.0,torch_sasrec,44
905,0,0.0,torch_sasrec,44
906,0,0.0,torch_sasrec,44
907,1,1.0,torch_sasrec,44
908,0,0.0,torch_sasrec,44
909,0,0.0,torch_sasrec,44
910,0,0.0,torch_sasrec,44
911,0,0.0,torch_sasrec,44
912,0,0.0,torch_sasrec,44
913,0,0.0,torch_sasrec,44
914,0,0.0,torch_sasrec,44
915,0,0.0,torch_sasrec,44
916,0,0.0,torch_sasrec,44
917,0,0.0,torch_sasrec,44
918,0,0.0,torch_sasrec,44
919,0,0.0,torch_sasrec,44
920,0,0.0,torch_sasrec,44
921,0,0.0,torch_sasrec,44
922,0,0.0,torch_sasrec,44
923,0,0.0,torch_sasrec,44
924,0,0.0,torch_sasrec,44
925,1,0.3010299956639812,torch_sasrec,44
926,0,0.0,torch_sasrec,44
927,0,0.0,torch_sasrec,44
928,0,0.0,torch_sasrec,44
929,0,0.0,torch_sasrec,44
930,0,0.0,torch_sasrec,44
931,0,0.0,torch_sasrec,44
932,0,0.0,torch_sasrec,44
933,0,0.0,torch_sasrec,44
934,0,0.0,torch_sasrec,44
935,0,0.0,torch_sasrec,44
936,0,0.0,torch_sasrec,44
937,0,0.0,torch_sasrec,44
938,0,0.0,torch_sasrec,44
939,0,0.0,torch_sasrec,44
940,0,0.0,torch_sasrec,44
941,1,0.38685280723454163,torch_sasrec,44
942,0,0.0,torch_sasrec,44
943,0,0.0,torch_sasrec,44
944,1,0.6309297535714575,torch_sasrec,44
945,0,0.0,torch_sasrec,44
946,0,0.0,torch_sasrec,44
947,0,0.0,torch_sasrec,44
948,0,0.0,torch_sasrec,44
949,0,0.0,torch_sasrec,44
950,0,0.0,torch_sasrec,44
951,0,0.0,torch_sasrec,44
952,0,0.0,torch_sasrec,44
953,0,0.0,torch_sasrec,44
954,0,0.0,torch_sasrec,44
955,0,0.0,torch_sasrec,44
956,0,0.0,torch_sasrec,44
957,0,0.0,torch_sasrec,44
958,0,0.0,torch_sasrec,44
959,0,0.0,torch_sasrec,44
960,0,0.0,torch_sasrec,44
961,0,0.0,torch_sasrec,44
962,0,0.0,torch_sasrec,44
963,0,0.0,torch_sasrec,44
964,0,0.0,torch_sasrec,44
965,0,0.0,torch_sasrec,44
966,0,0.0,torch_sasrec,44
967,0,0.0,torch_sasrec,44
968,0,0.0,torch_sasrec,44
969,0,0.0,torch_sasrec,44
970,0,0.0,torch_sasrec,44
971,0,0.0,torch_sasrec,44
972,1,0.3333333333333333,torch_sasrec,44
973,0,0.0,torch_sasrec,44
974,0,0.0,torch_sasrec,44
975,0,0.0,torch_sasrec,44
976,0,0.0,torch_sasrec,44
977,0,0.0,torch_sasrec,44
978,1,0.38685280723454163,torch_sasrec,44
979,0,0.0,torch_sasrec,44
980,1,0.3010299956639812,torch_sasrec,44
981,0,0.0,torch_sasrec,44
982,0,0.0,torch_sasrec,44
983,0,0.0,torch_sasrec,44
984,0,0.0,torch_sasrec,44
985,0,0.0,torch_sasrec,44
986,1,0.5,torch_sasrec,44
987,0,0.0,torch_sasrec,44
988,0,0.0,torch_sasrec,44
989,1,0.43067655807339306,torch_sasrec,44
990,0,0.0,torch_sasrec,44
991,0,0.0,torch_sasrec,44
992,0,0.0,torch_sasrec,44
993,0,0.0,torch_sasrec,44
994,0,0.0,torch_sasrec,44
995,1,0.3010299956639812,torch_sasrec,44
996,1,0.6309297535714575,torch_sasrec,44
997,1,0.5,torch_sasrec,44
998,0,0.0,torch_sasrec,44
999,0,0.0,torch_sasrec,44
1000,0,0.0,torch_sasrec,44
1001,0,0.0,torch_sasrec,44
1,1,0.38685280723454163,torch_sasrec,45
2,0,0.0,torch_sasrec,45
3,0,0.0,torch_sasrec,45
4,0,0.0,torch_sasrec,45
5,0,0.0,torch_sasrec,45
6,0,0.0,torch_sasrec,45
7,1,0.31546487678572877,torch_sasrec,45
8,0,0.0,torch_sasrec,45
9,1,0.6309297535714575,torch_sasrec,45
10,0,0.0,torch_sasrec,45
11,0,0.0,torch_sasrec,45
12,0,0.0,torch_sasrec,45
13,0,0.0,torch_sasrec,45
14,0,0.0,torch_sasrec,45
15,0,0.0,torch_sasrec,45
16,0,0.0,torch_sasrec,45
17,1,0.5,torch_sasrec,45
18,0,0.0,torch_sasrec,45
19,0,0.0,torch_sasrec,45
20,0,0.0,torch_sasrec,45
21,0,0.0,torch_sasrec,45
22,0,0.0,torch_sasrec,45
23,0,0.0,torch_sasrec,45
24,0,0.0,torch_sasrec,45
25,0,0.0,torch_sasrec,45
26,0,0.0,torch_sasrec,45
27,1,0.6309297535714575,torch_sasrec,45
28,0,0.0,torch_sasrec,45
29,0,0.0,torch_sasrec,45
30,0,0.0,torch_sasrec,45
31,0,0.0,torch_sasrec,45
32,0,0.0,torch_sasrec,45
33,0,0.0,torch_sasrec,45
34,0,0.0,torch_sasrec,45
35,0,0.0,torch_sasrec,45
36,0,0.0,torch_sasrec,45
37,0,0.0,torch_sasrec,45
38,0,0.0,torch_sasrec,45
39,1,0.3010299956639812,torch_sasrec,45
40,0,0.0,torch_sasrec,45
41,0,0.0,torch_sasrec,45
42,1,0.31546487678572877,torch_sasrec,45
43,1,0.3333333333333333,torch_sasrec,45
44,0,0.0,torch_sasrec,45
45,0,0.0,torch_sasrec,45
47,0,0.0,torch_sasrec,45
48,0,0.0,torch_sasrec,45
49,0,0.0,torch_sasrec,45
50,0,0.0,torch_sasrec,45
51,0,0.0,torch_sasrec,45
52,0,0.0,torch_sasrec,45
53,0,0.0,torch_sasrec,45
54,1,0.6309297535714575,torch_sasrec,45
55,1,0.43067655807339306,torch_sasrec,45
56,1,0.5,torch_sasrec,45
57,0,0.0,torch_sasrec,45
58,0,0.0,torch_sasrec,45
59,0,0.0,torch_sasrec,45
60,0,0.0,torch_sasrec,45
61,0,0.0,torch_sasrec,45
62,0,0.0,torch_sasrec,45
63,0,0.0,torch_sasrec,45
64,0,0.0,torch_sasrec,45
65,0,0.0,torch_sasrec,45
66,0,0.0,torch_sasrec,45
67,0,0.0,torch_sasrec,45
68,0,0.0,torch_sasrec,45
69,0,0.0,torch_sasrec,45
70,1,0.5,torch_sasrec,45
71,0,0.0,torch_sasrec,45
72,0,0.0,torch_sasrec,45
73,0,0.0,torch_sasrec,45
74,0,0.0,torch_sasrec,45
75,0,0.0,torch_sasrec,45
76,0,0.0,torch_sasrec,45
77,1,0.3010299956639812,torch_sasrec,45
78,0,0.0,torch_sasrec,45
79,1,0.3333333333333333,torch_sasrec,45
80,0,0.0,torch_sasrec,45
81,0,0.0,torch_sasrec,45
82,0,0.0,torch_sasrec,45
83,0,0.0,torch_sasrec,45
84,0,0.0,torch_sasrec,45
85,1,0.43067655807339306,torch_sasrec,45
86,0,0.0,torch_sasrec,45
87,0,0.0,torch_sasrec,45
88,1,0.3562071871080222,torch_sasrec,45
89,0,0.0,torch_sasrec,45
90,0,0.0,torch_sasrec,45
91,0,0.0,torch_sasrec,45
92,0,0.0,torch_sasrec,45
93,0,0.0,torch_sasrec,45
94,1,0.38685280723454163,torch_sasrec,45
95,0,0.0,torch_sasrec,45
96,0,0.0,torch_sasrec,45
97,0,0.0,torch_sasrec,45
98,1,0.5,torch_sasrec,45
99,0,0.0,torch_sasrec,45
100,0,0.0,torch_sasrec,45
101,0,0.0,torch_sasrec,45
102,0,0.0,torch_sasrec,45
103,1,0.38685280723454163,torch_sasrec,45
104,0,0.0,torch_sasrec,45
105,0,0.0,torch_sasrec,45
106,0,0.0,torch_sasrec,45
107,0,0.0,torch_sasrec,45
108,0,0.0,torch_sasrec,45
109,0,0.0,torch_sasrec,45
110,0,0.0,torch_sasrec,45
111,0,0.0,torch_sasrec,45
112,1,1.0,torch_sasrec,45
113,0,0.0,torch_sasrec,45
114,0,0.0,torch_sasrec,45
115,1,0.5,torch_sasrec,45
116,0,0.0,torch_sasrec,45
117,0,0.0,torch_sasrec,45
118,0,0.0,torch_sasrec,45
119,0,0.0,torch_sasrec,45
120,0,0.0,torch_sasrec,45
121,0,0.0,torch_sasrec,45
122,0,0.0,torch_sasrec,45
123,0,0.0,torch_sasrec,45
124,0,0.0,torch_sasrec,45
125,0,0.0,torch_sasrec,45
126,1,0.6309297535714575,torch_sasrec,45
127,0,0.0,torch_sasrec,45
128,0,0.0,torch_sasrec,45
129,0,0.0,torch_sasrec,45
130,0,0.0,torch_sasrec,45
131,0,0.0,torch_sasrec,45
132,1,1.0,torch_sasrec,45
133,0,0.0,torch_sasrec,45
134,0,0.0,torch_sasrec,45
135,0,0.0,torch_sasrec,45
136,0,0.0,torch_sasrec,45
137,0,0.0,torch_sasrec,45
138,0,0.0,torch_sasrec,45
139,1,0.5,torch_sasrec,45
140,1,0.31546487678572877,torch_sasrec,45
141,0,0.0,torch_sasrec,45
142,0,0.0,torch_sasrec,45
143,0,0.0,torch_sasrec,45
144,1,0.6309297535714575,torch_sasrec,45
145,1,0.5,torch_sasrec,45
146,0,0.0,torch_sasrec,45
147,1,0.31546487678572877,torch_sasrec,45
148,0,0.0,torch_sasrec,45
149,0,0.0,torch_sasrec,45
150,0,0.0,torch_sasrec,45
151,0,0.0,torch_sasrec,45
152,0,0.0,torch_sasrec,45
153,0,0.0,torch_sasrec,45
154,0,0.0,torch_sasrec,45
155,0,0.0,torch_sasrec,45
156,0,0.0,torch_sasrec,45
157,1,0.2890648263178879,torch_sasrec,45
158,0,0.0,torch_sasrec,45
159,1,0.43067655807339306,torch_sasrec,45
160,0,0.0,torch_sasrec,45
161,0,0.0,torch_sasrec,45
162,0,0.0,torch_sasrec,45
163,0,0.0,torch_sasrec,45
164,0,0.0,torch_sasrec,45
165,0,0.0,torch_sasrec,45
166,0,0.0,torch_sasrec,45
167,0,0.0,torch_sasrec,45
168,0,0.0,torch_sasrec,45
169,0,0.0,torch_sasrec,45
170,0,0.0,torch_sasrec,45
171,1,0.3562071871080222,torch_sasrec,45
172,1,0.3010299956639812,torch_sasrec,45
173,0,0.0,torch_sasrec,45
174,0,0.0,torch_sasrec,45
175,0,0.0,torch_sasrec,45
176,0,0.0,torch_sasrec,45
177,0,0.0,torch_sasrec,45
178,0,0.0,torch_sasrec,45
179,0,0.0,torch_sasrec,45
180,1,1.0,torch_sasrec,45
181,0,0.0,torch_sasrec,45
182,1,1.0,torch_sasrec,45
183,0,0.0,torch_sasrec,45
184,0,0.0,torch_sasrec,45
185,0,0.0,torch_sasrec,45
186,0,0.0,torch_sasrec,45
187,0,0.0,torch_sasrec,45
188,1,0.38685280723454163,torch_sasrec,45
189,0,0.0,torch_sasrec,45
190,0,0.0,torch_sasrec,45
191,1,0.43067655807339306,torch_sasrec,45
192,0,0.0,torch_sasrec,45
193,0,0.0,torch_sasrec,45
194,0,0.0,torch_sasrec,45
195,0,0.0,torch_sasrec,45
196,1,0.31546487678572877,torch_sasrec,45
197,0,0.0,torch_sasrec,45
198,0,0.0,torch_sasrec,45
199,0,0.0,torch_sasrec,45
200,0,0.0,torch_sasrec,45
201,0,0.0,torch_sasrec,45
202,1,0.31546487678572877,torch_sasrec,45
203,0,0.0,torch_sasrec,45
204,1,0.3010299956639812,torch_sasrec,45
205,0,0.0,torch_sasrec,45
206,0,0.0,torch_sasrec,45
207,0,0.0,torch_sasrec,45
208,0,0.0,torch_sasrec,45
209,0,0.0,torch_sasrec,45
210,1,0.31546487678572877,torch_sasrec,45
211,0,0.0,torch_sasrec,45
212,0,0.0,torch_sasrec,45
213,0,0.0,torch_sasrec,45
214,0,0.0,torch_sasrec,45
215,0,0.0,torch_sasrec,45
216,0,0.0,torch_sasrec,45
217,0,0.0,torch_sasrec,45
218,0,0.0,torch_sasrec,45
219,0,0.0,torch_sasrec,45
220,0,0.0,torch_sasrec,45
221,0,0.0,torch_sasrec,45
222,0,0.0,torch_sasrec,45
223,0,0.0,torch_sasrec,45
224,1,0.3562071871080222,torch_sasrec,45
225,0,0.0,torch_sasrec,45
226,0,0.0,torch_sasrec,45
227,0,0.0,torch_sasrec,45
228,0,0.0,torch_sasrec,45
229,0,0.0,torch_sasrec,45
230,0,0.0,torch_sasrec,45
231,1,0.5,torch_sasrec,45
232,0,0.0,torch_sasrec,45
233,0,0.0,torch_sasrec,45
234,0,0.0,torch_sasrec,45
235,0,0.0,torch_sasrec,45
236,0,0.0,torch_sasrec,45
237,0,0.0,torch_sasrec,45
238,0,0.0,torch_sasrec,45
239,0,0.0,torch_sasrec,45
240,0,0.0,torch_sasrec,45
241,0,0.0,torch_sasrec,45
242,0,0.0,torch_sasrec,45
243,0,0.0,torch_sasrec,45
244,1,1.0,torch_sasrec,45
245,0,0.0,torch_sasrec,45
246,0,0.0,torch_sasrec,45
247,0,0.0,torch_sasrec,45
248,1,0.31546487678572877,torch_sasrec,45
249,0,0.0,torch_sasrec,45
250,0,0.0,torch_sasrec,45
251,0,0.0,torch_sasrec,45
252,0,0.0,torch_sasrec,45
253,0,0.0,torch_sasrec,45
254,0,0.0,torch_sasrec,45
255,0,0.0,torch_sasrec,45
256,0,0.0,torch_sasrec,45
257,0,0.0,torch_sasrec,45
258,0,0.0,torch_sasrec,45
259,0,0.0,torch_sasrec,45
260,0,0.0,torch_sasrec,45
261,0,0.0,torch_sasrec,45
262,0,0.0,torch_sasrec,45
263,0,0.0,torch_sasrec,45
264,0,0.0,torch_sasrec,45
265,0,0.0,torch_sasrec,45
266,0,0.0,torch_sasrec,45
267,0,0.0,torch_sasrec,45
268,0,0.0,torch_sasrec,45
269,0,0.0,torch_sasrec,45
270,1,0.5,torch_sasrec,45
271,0,0.0,torch_sasrec,45
272,0,0.0,torch_sasrec,45
273,0,0.0,torch_sasrec,45
274,0,0.0,torch_sasrec,45
275,0,0.0,torch_sasrec,45
276,0,0.0,torch_sasrec,45
277,1,0.31546487678572877,torch_sasrec,45
278,0,0.0,torch_sasrec,45
279,0,0.0,torch_sasrec,45
280,0,0.0,torch_sasrec,45
281,0,0.0,torch_sasrec,45
282,1,1.0,torch_sasrec,45
283,0,0.0,torch_sasrec,45
284,0,0.0,torch_sasrec,45
285,0,0.0,torch_sasrec,45
286,0,0.0,torch_sasrec,45
287,0,0.0,torch_sasrec,45
288,0,0.0,torch_sasrec,45
289,0,0.0,torch_sasrec,45
290,0,0.0,torch_sasrec,45
291,1,1.0,torch_sasrec,45
292,0,0.0,torch_sasrec,45
293,0,0.0,torch_sasrec,45
294,0,0.0,torch_sasrec,45
295,0,0.0,torch_sasrec,45
296,0,0.0,torch_sasrec,45
297,0,0.0,torch_sasrec,45
298,0,0.0,torch_sasrec,45
299,0,0.0,torch_sasrec,45
300,0,0.0,torch_sasrec,45
301,0,0.0,torch_sasrec,45
302,0,0.0,torch_sasrec,45
303,0,0.0,torch_sasrec,45
304,0,0.0,torch_sasrec,45
305,0,0.0,torch_sasrec,45
306,0,0.0,torch_sasrec,45
307,0,0.0,torch_sasrec,45
308,0,0.0,torch_sasrec,45
309,0,0.0,torch_sasrec,45
310,0,0.0,torch_sasrec,45
311,1,0.6309297535714575,torch_sasrec,45
312,0,0.0,torch_sasrec,45
313,0,0.0,torch_sasrec,45
314,0,0.0,torch_sasrec,45
315,0,0.0,torch_sasrec,45
316,0,0.0,torch_sasrec,45
317,0,0.0,torch_sasrec,45
318,0,0.0,torch_sasrec,45
319,0,0.0,torch_sasrec,45
320,0,0.0,torch_sasrec,45
321,0,0.0,torch_sasrec,45
322,1,0.3010299956639812,torch_sasrec,45
323,0,0.0,torch_sasrec,45
324,0,0.0,torch_sasrec,45
325,0,0.0,torch_sasrec,45
326,0,0.0,torch_sasrec,45
327,0,0.0,torch_sasrec,45
328,0,0.0,torch_sasrec,45
329,1,0.5,torch_sasrec,45
330,0,0.0,torch_sasrec,45
331,0,0.0,torch_sasrec,45
332,0,0.0,torch_sasrec,45
333,0,0.0,torch_sasrec,45
334,0,0.0,torch_sasrec,45
335,0,0.0,torch_sasrec,45
336,0,0.0,torch_sasrec,45
337,0,0.0,torch_sasrec,45
338,1,0.38685280723454163,torch_sasrec,45
339,0,0.0,torch_sasrec,45
340,0,0.0,torch_sasrec,45
341,1,0.3562071871080222,torch_sasrec,45
342,0,0.0,torch_sasrec,45
343,0,0.0,torch_sasrec,45
344,1,0.3562071871080222,torch_sasrec,45
345,0,0.0,torch_sasrec,45
346,0,0.0,torch_sasrec,45
347,0,0.0,torch_sasrec,45
348,0,0.0,torch_sasrec,45
349,0,0.0,torch_sasrec,45
350,0,0.0,torch_sasrec,45
351,0,0.0,torch_sasrec,45
352,0,0.0,torch_sasrec,45
353,0,0.0,torch_sasrec,45
354,0,0.0,torch_sasrec,45
355,0,0.0,torch_sasrec,45
356,0,0.0,torch_sasrec,45
357,0,0.0,torch_sasrec,45
358,0,0.0,torch_sasrec,45
359,1,0.5,torch_sasrec,45
360,0,0.0,torch_sasrec,45
361,0,0.0,torch_sasrec,45
362,0,0.0,torch_sasrec,45
363,0,0.0,torch_sasrec,45
364,0,0.0,torch_sasrec,45
365,0,0.0,torch_sasrec,45
366,0,0.0,torch_sasrec,45
367,0,0.0,torch_sasrec,45
368,0,0.0,torch_sasrec,45
369,0,0.0,torch_sasrec,45
370,0,0.0,torch_sasrec,45
371,0,0.0,torch_sasrec,45
372,0,0.0,torch_sasrec,45
373,0,0.0,torch_sasrec,45
374,0,0.0,torch_sasrec,45
375,1,0.38685280723454163,torch_sasrec,45
376,0,0.0,torch_sasrec,45
377,0,0.0,torch_sasrec,45
378,0,0.0,torch_sasrec,45
379,0,0.0,torch_sasrec,45
380,0,0.0,torch_sasrec,45
381,0,0.0,torch_sasrec,45
382,0,0.0,torch_sasrec,45
383,0,0.0,torch_sasrec,45
384,0,0.0,torch_sasrec,45
385,0,0.0,torch_sasrec,45
386,0,0.0,torch_sasrec,45
387,1,1.0,torch_sasrec,45
388,0,0.0,torch_sasrec,45
389,1,0.31546487678572877,torch_sasrec,45
390,0,0.0,torch_sasrec,45
391,0,0.0,torch_sasrec,45
392,0,0.0,torch_sasrec,45
393,0,0.0,torch_sasrec,45
394,0,0.0,torch_sasrec,45
395,1,0.6309297535714575,torch_sasrec,45
396,0,0.0,torch_sasrec,45
397,0,0.0,torch_sasrec,45
398,0,0.0,torch_sasrec,45
399,0,0.0,torch_sasrec,45
400,0,0.0,torch_sasrec,45
401,0,0.0,torch_sasrec,45
402,0,0.0,torch_sasrec,45
403,0,0.0,torch_sasrec,45
404,0,0.0,torch_sasrec,45
405,0,0.0,torch_sasrec,45
406,0,0.0,torch_sasrec,45
407,0,0.0,torch_sasrec,45
408,0,0.0,torch_sasrec,45
409,1,0.43067655807339306,torch_sasrec,45
410,0,0.0,torch_sasrec,45
411,0,0.0,torch_sasrec,45
412,0,0.0,torch_sasrec,45
413,0,0.0,torch_sasrec,45
414,0,0.0,torch_sasrec,45
415,0,0.0,torch_sasrec,45
416,0,0.0,torch_sasrec,45
417,0,0.0,torch_sasrec,45
418,0,0.0,torch_sasrec,45
419,0,0.0,torch_sasrec,45
420,1,0.6309297535714575,torch_sasrec,45
421,0,0.0,torch_sasrec,45
422,0,0.0,torch_sasrec,45
423,0,0.0,torch_sasrec,45
424,0,0.0,torch_sasrec,45
425,0,0.0,torch_sasrec,45
426,0,0.0,torch_sasrec,45
427,0,0.0,torch_sasrec,45
428,0,0.0,torch_sasrec,45
429,0,0.0,torch_sasrec,45
430,0,0.0,torch_sasrec,45
431,0,0.0,torch_sasrec,45
432,0,0.0,torch_sasrec,45
433,0,0.0,torch_sasrec,45
434,0,0.0,torch_sasrec,45
435,0,0.0,torch_sasrec,45
436,0,0.0,torch_sasrec,45
437,0,0.0,torch_sasrec,45
438,0,0.0,torch_sasrec,45
439,1,0.6309297535714575,torch_sasrec,45
440,0,0.0,torch_sasrec,45
441,1,1.0,torch_sasrec,45
442,0,0.0,torch_sasrec,45
443,0,0.0,torch_sasrec,45
444,0,0.0,torch_sasrec,45
445,0,0.0,torch_sasrec,45
446,0,0.0,torch_sasrec,45
447,0,0.0,torch_sasrec,45
448,0,0.0,torch_sasrec,45
449,0,0.0,torch_sasrec,45
450,0,0.0,torch_sasrec,45
451,0,0.0,torch_sasrec,45
452,0,0.0,torch_sasrec,45
453,0,0.0,torch_sasrec,45
454,0,0.0,torch_sasrec,45
455,0,0.0,torch_sasrec,45
456,0,0.0,torch_sasrec,45
457,0,0.0,torch_sasrec,45
458,0,0.0,torch_sasrec,45
459,0,0.0,torch_sasrec,45
460,1,0.3562071871080222,torch_sasrec,45
461,0,0.0,torch_sasrec,45
462,0,0.0,torch_sasrec,45
463,0,0.0,torch_sasrec,45
464,0,0.0,torch_sasrec,45
465,0,0.0,torch_sasrec,45
466,0,0.0,torch_sasrec,45
467,0,0.0,torch_sasrec,45
468,1,1.0,torch_sasrec,45
469,0,0.0,torch_sasrec,45
470,1,0.38685280723454163,torch_sasrec,45
471,0,0.0,torch_sasrec,45
472,0,0.0,torch_sasrec,45
473,0,0.0,torch_sasrec,45
474,1,0.38685280723454163,torch_sasrec,45
475,1,0.43067655807339306,torch_sasrec,45
476,0,0.0,torch_sasrec,45
477,0,0.0,torch_sasrec,45
478,0,0.0,torch_sasrec,45
479,0,0.0,torch_sasrec,45
480,0,0.0,torch_sasrec,45
481,0,0.0,torch_sasrec,45
482,0,0.0,torch_sasrec,45
483,0,0.0,torch_sasrec,45
484,0,0.0,torch_sasrec,45
485,0,0.0,torch_sasrec,45
486,0,0.0,torch_sasrec,45
487,0,0.0,torch_sasrec,45
488,1,0.5,torch_sasrec,45
489,0,0.0,torch_sasrec,45
490,0,0.0,torch_sasrec,45
491,0,0.0,torch_sasrec,45
492,0,0.0,torch_sasrec,45
493,0,0.0,torch_sasrec,45
494,1,0.3010299956639812,torch_sasrec,45
495,0,0.0,torch_sasrec,45
496,0,0.0,torch_sasrec,45
497,1,0.6309297535714575,torch_sasrec,45
498,0,0.0,torch_sasrec,45
499,0,0.0,torch_sasrec,45
500,0,0.0,torch_sasrec,45
501,0,0.0,torch_sasrec,45
502,1,0.5,torch_sasrec,45
503,1,0.3010299956639812,torch_sasrec,45
504,1,0.3562071871080222,torch_sasrec,45
505,0,0.0,torch_sasrec,45
506,1,0.31546487678572877,torch_sasrec,45
507,0,0.0,torch_sasrec,45
508,1,0.3562071871080222,torch_sasrec,45
509,0,0.0,torch_sasrec,45
510,0,0.0,torch_sasrec,45
511,0,0.0,torch_sasrec,45
512,0,0.0,torch_sasrec,45
513,0,0.0,torch_sasrec,45
514,0,0.0,torch_sasrec,45
515,0,0.0,torch_sasrec,45
516,0,0.0,torch_sasrec,45
517,1,0.3333333333333333,torch_sasrec,45
518,0,0.0,torch_sasrec,45
519,0,0.0,torch_sasrec,45
520,0,0.0,torch_sasrec,45
521,0,0.0,torch_sasrec,45
522,1,1.0,torch_sasrec,45
523,0,0.0,torch_sasrec,45
524,0,0.0,torch_sasrec,45
525,0,0.0,torch_sasrec,45
526,0,0.0,torch_sasrec,45
527,0,0.0,torch_sasrec,45
528,0,0.0,torch_sasrec,45
529,0,0.0,torch_sasrec,45
530,1,0.43067655807339306,torch_sasrec,45
531,0,0.0,torch_sasrec,45
532,0,0.0,torch_sasrec,45
533,0,0.0,torch_sasrec,45
534,0,0.0,torch_sasrec,45
535,0,0.0,torch_sasrec,45
536,1,0.2890648263178879,torch_sasrec,45
537,0,0.0,torch_sasrec,45
538,0,0.0,torch_sasrec,45
539,0,0.0,torch_sasrec,45
540,0,0.0,torch_sasrec,45
541,0,0.0,torch_sasrec,45
542,0,0.0,torch_sasrec,45
543,0,0.0,torch_sasrec,45
544,0,0.0,torch_sasrec,45
545,0,0.0,torch_sasrec,45
546,0,0.0,torch_sasrec,45
547,0,0.0,torch_sasrec,45
548,0,0.0,torch_sasrec,45
549,1,0.38685280723454163,torch_sasrec,45
550,0,0.0,torch_sasrec,45
551,1,0.6309297535714575,torch_sasrec,45
552,0,0.0,torch_sasrec,45
553,0,0.0,torch_sasrec,45
554,0,0.0,torch_sasrec,45
555,1,0.38685280723454163,torch_sasrec,45
556,0,0.0,torch_sasrec,45
557,0,0.0,torch_sasrec,45
558,0,0.0,torch_sasrec,45
559,1,0.43067655807339306,torch_sasrec,45
560,1,1.0,torch_sasrec,45
561,0,0.0,torch_sasrec,45
562,1,0.6309297535714575,torch_sasrec,45
563,0,0.0,torch_sasrec,45
564,0,0.0,torch_sasrec,45
565,0,0.0,torch_sasrec,45
566,0,0.0,torch_sasrec,45
567,0,0.0,torch_sasrec,45
568,1,1.0,torch_sasrec,45
569,0,0.0,torch_sasrec,45
570,0,0.0,torch_sasrec,45
571,0,0.0,torch_sasrec,45
572,0,0.0,torch_sasrec,45
573,1,1.0,torch_sasrec,45
574,0,0.0,torch_sasrec,45
575,0,0.0,torch_sasrec,45
576,1,0.43067655807339306,torch_sasrec,45
577,0,0.0,torch_sasrec,45
578,1,0.3562071871080222,torch_sasrec,45
579,0,0.0,torch_sasrec,45
580,1,0.5,torch_sasrec,45
581,0,0.0,torch_sasrec,45
582,0,0.0,torch_sasrec,45
583,0,0.0,torch_sasrec,45
584,0,0.0,torch_sasrec,45
585,0,0.0,torch_sasrec,45
586,0,0.0,torch_sasrec,45
587,0,0.0,torch_sasrec,45
588,0,0.0,torch_sasrec,45
589,0,0.0,torch_sasrec,45
590,0,0.0,torch_sasrec,45
591,1,0.3010299956639812,torch_sasrec,45
592,0,0.0,torch_sasrec,45
593,0,0.0,torch_sasrec,45
594,0,0.0,torch_sasrec,45
595,0,0.0,torch_sasrec,45
596,1,0.38685280723454163,torch_sasrec,45
597,0,0.0,torch_sasrec,45
598,1,0.6309297535714575,torch_sasrec,45
599,0,0.0,torch_sasrec,45
600,0,0.0,torch_sasrec,45
601,0,0.0,torch_sasrec,45
602,0,0.0,torch_sasrec,45
603,0,0.0,torch_sasrec,45
604,0,0.0,torch_sasrec,45
605,1,1.0,torch_sasrec,45
606,0,0.0,torch_sasrec,45
607,0,0.0,torch_sasrec,45
608,0,0.0,torch_sasrec,45
609,0,0.0,torch_sasrec,45
610,0,0.0,torch_sasrec,45
611,0,0.0,torch_sasrec,45
612,0,0.0,torch_sasrec,45
613,1,0.3010299956639812,torch_sasrec,45
614,0,0.0,torch_sasrec,45
615,0,0.0,torch_sasrec,45
616,0,0.0,torch_sasrec,45
617,0,0.0,torch_sasrec,45
618,0,0.0,torch_sasrec,45
619,0,0.0,torch_sasrec,45
620,0,0.0,torch_sasrec,45
621,0,0.0,torch_sasrec,45
622,0,0.0,torch_sasrec,45
623,1,1.0,torch_sasrec,45
624,0,0.0,torch_sasrec,45
625,0,0.0,torch_sasrec,45
626,0,0.0,torch_sasrec,45
627,0,0.0,torch_sasrec,45
628,0,0.0,torch_sasrec,45
629,0,0.0,torch_sasrec,45
630,0,0.0,torch_sasrec,45
631,0,0.0,torch_sasrec,45
632,0,0.0,torch_sasrec,45
633,0,0.0,torch_sasrec,45
634,0,0.0,torch_sasrec,45
635,0,0.0,torch_sasrec,45
636,0,0.0,torch_sasrec,45
637,0,0.0,torch_sasrec,45
638,1,0.3333333333333333,torch_sasrec,45
639,0,0.0,torch_sasrec,45
640,0,0.0,torch_sasrec,45
641,0,0.0,torch_sasrec,45
642,0,0.0,torch_sasrec,45
643,1,0.3010299956639812,torch_sasrec,45
644,0,0.0,torch_sasrec,45
645,0,0.0,torch_sasrec,45
646,0,0.0,torch_sasrec,45
647,0,0.0,torch_sasrec,45
648,1,0.3562071871080222,torch_sasrec,45
649,0,0.0,torch_sasrec,45
650,0,0.0,torch_sasrec,45
651,0,0.0,torch_sasrec,45
652,0,0.0,torch_sasrec,45
653,1,0.38685280723454163,torch_sasrec,45
654,0,0.0,torch_sasrec,45
655,0,0.0,torch_sasrec,45
656,0,0.0,torch_sasrec,45
657,1,0.43067655807339306,torch_sasrec,45
658,0,0.0,torch_sasrec,45
659,0,0.0,torch_sasrec,45
660,0,0.0,torch_sasrec,45
661,0,0.0,torch_sasrec,45
662,0,0.0,torch_sasrec,45
663,0,0.0,torch_sasrec,45
664,0,0.0,torch_sasrec,45
665,0,0.0,torch_sasrec,45
666,0,0.0,torch_sasrec,45
667,0,0.0,torch_sasrec,45
668,0,0.0,torch_sasrec,45
669,1,1.0,torch_sasrec,45
670,0,0.0,torch_sasrec,45
671,0,0.0,torch_sasrec,45
672,0,0.0,torch_sasrec,45
673,0,0.0,torch_sasrec,45
674,1,1.0,torch_sasrec,45
675,1,0.2890648263178879,torch_sasrec,45
676,0,0.0,torch_sasrec,45
677,0,0.0,torch_sasrec,45
678,0,0.0,torch_sasrec,45
679,1,1.0,torch_sasrec,45
680,0,0.0,torch_sasrec,45
681,0,0.0,torch_sasrec,45
682,0,0.0,torch_sasrec,45
683,0,0.0,torch_sasrec,45
684,0,0.0,torch_sasrec,45
685,0,0.0,torch_sasrec,45
686,0,0.0,torch_sasrec,45
687,0,0.0,torch_sasrec,45
688,0,0.0,torch_sasrec,45
689,1,0.3562071871080222,torch_sasrec,45
690,0,0.0,torch_sasrec,45
691,0,0.0,torch_sasrec,45
692,0,0.0,torch_sasrec,45
693,0,0.0,torch_sasrec,45
694,0,0.0,torch_sasrec,45
695,1,0.2890648263178879,torch_sasrec,45
696,0,0.0,torch_sasrec,45
697,0,0.0,torch_sasrec,45
698,0,0.0,torch_sasrec,45
699,0,0.0,torch_sasrec,45
700,0,0.0,torch_sasrec,45
701,0,0.0,torch_sasrec,45
702,0,0.0,torch_sasrec,45
703,1,0.5,torch_sasrec,45
704,0,0.0,torch_sasrec,45
705,0,0.0,torch_sasrec,45
706,0,0.0,torch_sasrec,45
707,1,1.0,torch_sasrec,45
708,0,0.0,torch_sasrec,45
709,0,0.0,torch_sasrec,45
710,0,0.0,torch_sasrec,45
711,0,0.0,torch_sasrec,45
712,0,0.0,torch_sasrec,45
713,0,0.0,torch_sasrec,45
714,0,0.0,torch_sasrec,45
715,1,1.0,torch_sasrec,45
716,0,0.0,torch_sasrec,45
717,0,0.0,torch_sasrec,45
718,0,0.0,torch_sasrec,45
719,0,0.0,torch_sasrec,45
720,1,1.0,torch_sasrec,45
721,0,0.0,torch_sasrec,45
722,0,0.0,torch_sasrec,45
723,0,0.0,torch_sasrec,45
724,0,0.0,torch_sasrec,45
725,0,0.0,torch_sasrec,45
726,0,0.0,torch_sasrec,45
727,0,0.0,torch_sasrec,45
728,0,0.0,torch_sasrec,45
729,0,0.0,torch_sasrec,45
730,0,0.0,torch_sasrec,45
731,0,0.0,torch_sasrec,45
732,0,0.0,torch_sasrec,45
733,0,0.0,torch_sasrec,45
734,0,0.0,torch_sasrec,45
735,0,0.0,torch_sasrec,45
736,0,0.0,torch_sasrec,45
737,0,0.0,torch_sasrec,45
738,0,0.0,torch_sasrec,45
739,0,0.0,torch_sasrec,45
740,1,0.3562071871080222,torch_sasrec,45
741,0,0.0,torch_sasrec,45
742,0,0.0,torch_sasrec,45
743,1,0.3010299956639812,torch_sasrec,45
744,0,0.0,torch_sasrec,45
745,0,0.0,torch_sasrec,45
746,0,0.0,torch_sasrec,45
747,0,0.0,torch_sasrec,45
748,0,0.0,torch_sasrec,45
749,0,0.0,torch_sasrec,45
750,0,0.0,torch_sasrec,45
751,1,0.31546487678572877,torch_sasrec,45
752,0,0.0,torch_sasrec,45
753,0,0.0,torch_sasrec,45
754,0,0.0,torch_sasrec,45
755,1,0.3333333333333333,torch_sasrec,45
756,0,0.0,torch_sasrec,45
757,0,0.0,torch_sasrec,45
758,1,1.0,torch_sasrec,45
759,0,0.0,torch_sasrec,45
760,0,0.0,torch_sasrec,45
761,0,0.0,torch_sasrec,45
762,0,0.0,torch_sasrec,45
763,0,0.0,torch_sasrec,45
764,0,0.0,torch_sasrec,45
765,0,0.0,torch_sasrec,45
766,0,0.0,torch_sasrec,45
767,0,0.0,torch_sasrec,45
768,0,0.0,torch_sasrec,45
769,0,0.0,torch_sasrec,45
770,0,0.0,torch_sasrec,45
771,0,0.0,torch_sasrec,45
772,0,0.0,torch_sasrec,45
773,0,0.0,torch_sasrec,45
774,0,0.0,torch_sasrec,45
775,0,0.0,torch_sasrec,45
776,0,0.0,torch_sasrec,45
777,0,0.0,torch_sasrec,45
778,0,0.0,torch_sasrec,45
779,1,0.3562071871080222,torch_sasrec,45
780,0,0.0,torch_sasrec,45
781,0,0.0,torch_sasrec,45
782,0,0.0,torch_sasrec,45
783,1,0.43067655807339306,torch_sasrec,45
784,0,0.0,torch_sasrec,45
785,0,0.0,torch_sasrec,45
786,1,0.43067655807339306,torch_sasrec,45
787,0,0.0,torch_sasrec,45
788,0,0.0,torch_sasrec,45
789,1,0.43067655807339306,torch_sasrec,45
790,1,1.0,torch_sasrec,45
791,0,0.0,torch_sasrec,45
792,0,0.0,torch_sasrec,45
793,0,0.0,torch_sasrec,45
794,0,0.0,torch_sasrec,45
795,0,0.0,torch_sasrec,45
796,0,0.0,torch_sasrec,45
797,0,0.0,torch_sasrec,45
798,0,0.0,torch_sasrec,45
799,0,0.0,torch_sasrec,45
800,0,0.0,torch_sasrec,45
801,0,0.0,torch_sasrec,45
802,0,0.0,torch_sasrec,45
803,0,0.0,torch_sasrec,45
804,0,0.0,torch_sasrec,45
805,0,0.0,torch_sasrec,45
806,0,0.0,torch_sasrec,45
807,0,0.0,torch_sasrec,45
808,0,0.0,torch_sasrec,45
809,0,0.0,torch_sasrec,45
810,0,0.0,torch_sasrec,45
811,0,0.0,torch_sasrec,45
812,0,0.0,torch_sasrec,45
813,0,0.0,torch_sasrec,45
814,0,0.0,torch_sasrec,45
815,0,0.0,torch_sasrec,45
816,0,0.0,torch_sasrec,45
817,0,0.0,torch_sasrec,45
818,1,0.5,torch_sasrec,45
819,0,0.0,torch_sasrec,45
820,0,0.0,torch_sasrec,45
821,1,0.5,torch_sasrec,45
822,0,0.0,torch_sasrec,45
823,1,0.5,torch_sasrec,45
824,0,0.0,torch_sasrec,45
825,0,0.0,torch_sasrec,45
826,0,0.0,torch_sasrec,45
827,0,0.0,torch_sasrec,45
828,0,0.0,torch_sasrec,45
829,0,0.0,torch_sasrec,45
830,0,0.0,torch_sasrec,45
831,0,0.0,torch_sasrec,45
832,0,0.0,torch_sasrec,45
833,0,0.0,torch_sasrec,45
834,0,0.0,torch_sasrec,45
835,1,0.6309297535714575,torch_sasrec,45
836,0,0.0,torch_sasrec,45
837,0,0.0,torch_sasrec,45
838,0,0.0,torch_sasrec,45
839,0,0.0,torch_sasrec,45
840,0,0.0,torch_sasrec,45
841,0,0.0,torch_sasrec,45
842,0,0.0,torch_sasrec,45
843,0,0.0,torch_sasrec,45
844,0,0.0,torch_sasrec,45
845,1,0.38685280723454163,torch_sasrec,45
846,0,0.0,torch_sasrec,45
847,0,0.0,torch_sasrec,45
848,0,0.0,torch_sasrec,45
849,0,0.0,torch_sasrec,45
850,0,0.0,torch_sasrec,45
851,0,0.0,torch_sasrec,45
852,0,0.0,torch_sasrec,45
853,0,0.0,torch_sasrec,45
854,0,0.0,torch_sasrec,45
855,0,0.0,torch_sasrec,45
856,0,0.0,torch_sasrec,45
857,0,0.0,torch_sasrec,45
858,0,0.0,torch_sasrec,45
859,0,0.0,torch_sasrec,45
860,0,0.0,torch_sasrec,45
861,0,0.0,torch_sasrec,45
862,0,0.0,torch_sasrec,45
863,0,0.0,torch_sasrec,45
864,0,0.0,torch_sasrec,45
865,0,0.0,torch_sasrec,45
866,0,0.0,torch_sasrec,45
867,0,0.0,torch_sasrec,45
868,0,0.0,torch_sasrec,45
869,0,0.0,torch_sasrec,45
870,0,0.0,torch_sasrec,45
871,1,0.38685280723454163,torch_sasrec,45
872,0,0.0,torch_sasrec,45
873,0,0.0,torch_sasrec,45
874,1,0.5,torch_sasrec,45
875,0,0.0,torch_sasrec,45
876,0,0.0,torch_sasrec,45
877,1,0.5,torch_sasrec,45
878,0,0.0,torch_sasrec,45
879,0,0.0,torch_sasrec,45
880,0,0.0,torch_sasrec,45
881,0,0.0,torch_sasrec,45
882,0,0.0,torch_sasrec,45
883,0,0.0,torch_sasrec,45
884,0,0.0,torch_sasrec,45
885,0,0.0,torch_sasrec,45
886,1,1.0,torch_sasrec,45
887,0,0.0,torch_sasrec,45
888,0,0.0,torch_sasrec,45
889,0,0.0,torch_sasrec,45
890,0,0.0,torch_sasrec,45
891,0,0.0,torch_sasrec,45
892,0,0.0,torch_sasrec,45
893,0,0.0,torch_sasrec,45
894,0,0.0,torch_sasrec,45
895,0,0.0,torch_sasrec,45
896,0,0.0,torch_sasrec,45
897,0,0.0,torch_sasrec,45
898,0,0.0,torch_sasrec,45
899,1,0.6309297535714575,torch_sasrec,45
900,1,0.5,torch_sasrec,45
901,0,0.0,torch_sasrec,45
902,1,0.3562071871080222,torch_sasrec,45
903,0,0.0,torch_sasrec,45
904,0,0.0,torch_sasrec,45
905,1,0.38685280723454163,torch_sasrec,45
906,0,0.0,torch_sasrec,45
907,1,1.0,torch_sasrec,45
908,0,0.0,torch_sasrec,45
909,0,0.0,torch_sasrec,45
910,0,0.0,torch_sasrec,45
911,0,0.0,torch_sasrec,45
912,0,0.0,torch_sasrec,45
913,0,0.0,torch_sasrec,45
914,0,0.0,torch_sasrec,45
915,0,0.0,torch_sasrec,45
916,0,0.0,torch_sasrec,45
917,0,0.0,torch_sasrec,45
918,0,0.0,torch_sasrec,45
919,0,0.0,torch_sasrec,45
920,0,0.0,torch_sasrec,45
921,0,0.0,torch_sasrec,45
922,0,0.0,torch_sasrec,45
923,0,0.0,torch_sasrec,45
924,1,0.31546487678572877,torch_sasrec,45
925,1,0.3562071871080222,torch_sasrec,45
926,0,0.0,torch_sasrec,45
927,0,0.0,torch_sasrec,45
928,0,0.0,torch_sasrec,45
929,0,0.0,torch_sasrec,45
930,0,0.0,torch_sasrec,45
931,0,0.0,torch_sasrec,45
932,0,0.0,torch_sasrec,45
933,0,0.0,torch_sasrec,45
934,0,0.0,torch_sasrec,45
935,0,0.0,torch_sasrec,45
936,0,0.0,torch_sasrec,45
937,0,0.0,torch_sasrec,45
938,0,0.0,torch_sasrec,45
939,0,0.0,torch_sasrec,45
940,1,0.43067655807339306,torch_sasrec,45
941,1,0.3333333333333333,torch_sasrec,45
942,0,0.0,torch_sasrec,45
943,0,0.0,torch_sasrec,45
944,1,0.6309297535714575,torch_sasrec,45
945,0,0.0,torch_sasrec,45
946,0,0.0,torch_sasrec,45
947,0,0.0,torch_sasrec,45
948,0,0.0,torch_sasrec,45
949,0,0.0,torch_sasrec,45
950,0,0.0,torch_sasrec,45
951,0,0.0,torch_sasrec,45
952,0,0.0,torch_sasrec,45
953,0,0.0,torch_sasrec,45
954,0,0.0,torch_sasrec,45
955,0,0.0,torch_sasrec,45
956,0,0.0,torch_sasrec,45
957,0,0.0,torch_sasrec,45
958,0,0.0,torch_sasrec,45
959,0,0.0,torch_sasrec,45
960,0,0.0,torch_sasrec,45
961,0,0.0,torch_sasrec,45
962,0,0.0,torch_sasrec,45
963,0,0.0,torch_sasrec,45
964,0,0.0,torch_sasrec,45
965,0,0.0,torch_sasrec,45
966,0,0.0,torch_sasrec,45
967,0,0.0,torch_sasrec,45
968,0,0.0,torch_sasrec,45
969,0,0.0,torch_sasrec,45
970,0,0.0,torch_sasrec,45
971,0,0.0,torch_sasrec,45
972,0,0.0,torch_sasrec,45
973,0,0.0,torch_sasrec,45
974,0,0.0,torch_sasrec,45
975,0,0.0,torch_sasrec,45
976,0,0.0,torch_sasrec,45
977,0,0.0,torch_sasrec,45
978,1,0.38685280723454163,torch_sasrec,45
979,0,0.0,torch_sasrec,45
980,0,0.0,torch_sasrec,45
981,0,0.0,torch_sasrec,45
982,0,0.0,torch_sasrec,45
983,0,0.0,torch_sasrec,45
984,0,0.0,torch_sasrec,45
985,0,0.0,torch_sasrec,45
986,0,0.0,torch_sasrec,45
987,0,0.0,torch_sasrec,45
988,0,0.0,torch_sasrec,45
989,1,1.0,torch_sasrec,45
990,0,0.0,torch_sasrec,45
991,0,0.0,torch_sasrec,45
992,1,1.0,torch_sasrec,45
993,0,0.0,torch_sasrec,45
994,0,0.0,torch_sasrec,45
995,1,0.3333333333333333,torch_sasrec,45
996,1,1.0,torch_sasrec,45
997,1,0.38685280723454163,torch_sasrec,45
998,0,0.0,torch_sasrec,45
999,0,0.0,torch_sasrec,45
1000,0,0.0,torch_sasrec,45
1001,0,0.0,torch_sasrec,45
1,1,0.3562071871080222,torch_sasrec,46
2,0,0.0,torch_sasrec,46
3,0,0.0,torch_sasrec,46
4,0,0.0,torch_sasrec,46
5,0,0.0,torch_sasrec,46
6,0,0.0,torch_sasrec,46
7,1,0.6309297535714575,torch_sasrec,46
8,0,0.0,torch_sasrec,46
9,0,0.0,torch_sasrec,46
10,0,0.0,torch_sasrec,46
11,0,0.0,torch_sasrec,46
12,0,0.0,torch_sasrec,46
13,0,0.0,torch_sasrec,46
14,0,0.0,torch_sasrec,46
15,0,0.0,torch_sasrec,46
16,1,0.6309297535714575,torch_sasrec,46
17,0,0.0,torch_sasrec,46
18,0,0.0,torch_sasrec,46
19,0,0.0,torch_sasrec,46
20,0,0.0,torch_sasrec,46
21,0,0.0,torch_sasrec,46
22,0,0.0,torch_sasrec,46
23,0,0.0,torch_sasrec,46
24,0,0.0,torch_sasrec,46
25,0,0.0,torch_sasrec,46
26,0,0.0,torch_sasrec,46
27,1,0.43067655807339306,torch_sasrec,46
28,0,0.0,torch_sasrec,46
29,0,0.0,torch_sasrec,46
30,0,0.0,torch_sasrec,46
31,0,0.0,torch_sasrec,46
32,0,0.0,torch_sasrec,46
33,0,0.0,torch_sasrec,46
34,0,0.0,torch_sasrec,46
35,0,0.0,torch_sasrec,46
36,0,0.0,torch_sasrec,46
37,0,0.0,torch_sasrec,46
38,0,0.0,torch_sasrec,46
39,1,0.5,torch_sasrec,46
40,0,0.0,torch_sasrec,46
41,0,0.0,torch_sasrec,46
42,1,0.38685280723454163,torch_sasrec,46
43,0,0.0,torch_sasrec,46
44,1,1.0,torch_sasrec,46
45,0,0.0,torch_sasrec,46
47,0,0.0,torch_sasrec,46
48,0,0.0,torch_sasrec,46
49,0,0.0,torch_sasrec,46
50,0,0.0,torch_sasrec,46
51,0,0.0,torch_sasrec,46
52,0,0.0,torch_sasrec,46
53,0,0.0,torch_sasrec,46
54,0,0.0,torch_sasrec,46
55,1,0.43067655807339306,torch_sasrec,46
56,1,0.43067655807339306,torch_sasrec,46
57,1,0.2890648263178879,torch_sasrec,46
58,0,0.0,torch_sasrec,46
59,0,0.0,torch_sasrec,46
60,1,0.2890648263178879,torch_sasrec,46
61,1,0.43067655807339306,torch_sasrec,46
62,0,0.0,torch_sasrec,46
63,0,0.0,torch_sasrec,46
64,0,0.0,torch_sasrec,46
65,0,0.0,torch_sasrec,46
66,0,0.0,torch_sasrec,46
67,0,0.0,torch_sasrec,46
68,0,0.0,torch_sasrec,46
69,0,0.0,torch_sasrec,46
70,1,0.6309297535714575,torch_sasrec,46
71,0,0.0,torch_sasrec,46
72,0,0.0,torch_sasrec,46
73,0,0.0,torch_sasrec,46
74,0,0.0,torch_sasrec,46
75,0,0.0,torch_sasrec,46
76,0,0.0,torch_sasrec,46
77,0,0.0,torch_sasrec,46
78,0,0.0,torch_sasrec,46
79,1,0.3562071871080222,torch_sasrec,46
80,0,0.0,torch_sasrec,46
81,0,0.0,torch_sasrec,46
82,0,0.0,torch_sasrec,46
83,1,0.31546487678572877,torch_sasrec,46
84,0,0.0,torch_sasrec,46
85,0,0.0,torch_sasrec,46
86,0,0.0,torch_sasrec,46
87,0,0.0,torch_sasrec,46
88,0,0.0,torch_sasrec,46
89,0,0.0,torch_sasrec,46
90,0,0.0,torch_sasrec,46
91,0,0.0,torch_sasrec,46
92,0,0.0,torch_sasrec,46
93,0,0.0,torch_sasrec,46
94,1,0.2890648263178879,torch_sasrec,46
95,0,0.0,torch_sasrec,46
96,0,0.0,torch_sasrec,46
97,0,0.0,torch_sasrec,46
98,1,0.6309297535714575,torch_sasrec,46
99,0,0.0,torch_sasrec,46
100,0,0.0,torch_sasrec,46
101,0,0.0,torch_sasrec,46
102,0,0.0,torch_sasrec,46
103,1,0.5,torch_sasrec,46
104,0,0.0,torch_sasrec,46
105,0,0.0,torch_sasrec,46
106,0,0.0,torch_sasrec,46
107,0,0.0,torch_sasrec,46
108,0,0.0,torch_sasrec,46
109,1,0.31546487678572877,torch_sasrec,46
110,0,0.0,torch_sasrec,46
111,0,0.0,torch_sasrec,46
112,1,1.0,torch_sasrec,46
113,0,0.0,torch_sasrec,46
114,0,0.0,torch_sasrec,46
115,0,0.0,torch_sasrec,46
116,0,0.0,torch_sasrec,46
117,0,0.0,torch_sasrec,46
118,0,0.0,torch_sasrec,46
119,0,0.0,torch_sasrec,46
120,1,0.5,torch_sasrec,46
121,0,0.0,torch_sasrec,46
122,0,0.0,torch_sasrec,46
123,0,0.0,torch_sasrec,46
124,0,0.0,torch_sasrec,46
125,0,0.0,torch_sasrec,46
126,0,0.0,torch_sasrec,46
127,0,0.0,torch_sasrec,46
128,0,0.0,torch_sasrec,46
129,1,0.38685280723454163,torch_sasrec,46
130,0,0.0,torch_sasrec,46
131,0,0.0,torch_sasrec,46
132,1,0.3333333333333333,torch_sasrec,46
133,0,0.0,torch_sasrec,46
134,0,0.0,torch_sasrec,46
135,0,0.0,torch_sasrec,46
136,0,0.0,torch_sasrec,46
137,0,0.0,torch_sasrec,46
138,0,0.0,torch_sasrec,46
139,0,0.0,torch_sasrec,46
140,0,0.0,torch_sasrec,46
141,0,0.0,torch_sasrec,46
142,0,0.0,torch_sasrec,46
143,0,0.0,torch_sasrec,46
144,0,0.0,torch_sasrec,46
145,1,0.6309297535714575,torch_sasrec,46
146,0,0.0,torch_sasrec,46
147,0,0.0,torch_sasrec,46
148,0,0.0,torch_sasrec,46
149,0,0.0,torch_sasrec,46
150,0,0.0,torch_sasrec,46
151,0,0.0,torch_sasrec,46
152,0,0.0,torch_sasrec,46
153,0,0.0,torch_sasrec,46
154,0,0.0,torch_sasrec,46
155,0,0.0,torch_sasrec,46
156,0,0.0,torch_sasrec,46
157,0,0.0,torch_sasrec,46
158,0,0.0,torch_sasrec,46
159,1,0.3333333333333333,torch_sasrec,46
160,0,0.0,torch_sasrec,46
161,0,0.0,torch_sasrec,46
162,0,0.0,torch_sasrec,46
163,0,0.0,torch_sasrec,46
164,0,0.0,torch_sasrec,46
165,0,0.0,torch_sasrec,46
166,0,0.0,torch_sasrec,46
167,0,0.0,torch_sasrec,46
168,0,0.0,torch_sasrec,46
169,0,0.0,torch_sasrec,46
170,0,0.0,torch_sasrec,46
171,1,0.2890648263178879,torch_sasrec,46
172,1,0.3010299956639812,torch_sasrec,46
173,0,0.0,torch_sasrec,46
174,0,0.0,torch_sasrec,46
175,0,0.0,torch_sasrec,46
176,0,0.0,torch_sasrec,46
177,0,0.0,torch_sasrec,46
178,0,0.0,torch_sasrec,46
179,0,0.0,torch_sasrec,46
180,1,0.38685280723454163,torch_sasrec,46
181,1,0.3010299956639812,torch_sasrec,46
182,1,1.0,torch_sasrec,46
183,0,0.0,torch_sasrec,46
184,0,0.0,torch_sasrec,46
185,0,0.0,torch_sasrec,46
186,1,0.3333333333333333,torch_sasrec,46
187,0,0.0,torch_sasrec,46
188,1,0.2890648263178879,torch_sasrec,46
189,0,0.0,torch_sasrec,46
190,0,0.0,torch_sasrec,46
191,0,0.0,torch_sasrec,46
192,0,0.0,torch_sasrec,46
193,0,0.0,torch_sasrec,46
194,0,0.0,torch_sasrec,46
195,0,0.0,torch_sasrec,46
196,0,0.0,torch_sasrec,46
197,1,0.5,torch_sasrec,46
198,0,0.0,torch_sasrec,46
199,0,0.0,torch_sasrec,46
200,0,0.0,torch_sasrec,46
201,0,0.0,torch_sasrec,46
202,1,0.3010299956639812,torch_sasrec,46
203,0,0.0,torch_sasrec,46
204,0,0.0,torch_sasrec,46
205,0,0.0,torch_sasrec,46
206,0,0.0,torch_sasrec,46
207,0,0.0,torch_sasrec,46
208,0,0.0,torch_sasrec,46
209,0,0.0,torch_sasrec,46
210,1,1.0,torch_sasrec,46
211,0,0.0,torch_sasrec,46
212,0,0.0,torch_sasrec,46
213,0,0.0,torch_sasrec,46
214,0,0.0,torch_sasrec,46
215,0,0.0,torch_sasrec,46
216,0,0.0,torch_sasrec,46
217,0,0.0,torch_sasrec,46
218,0,0.0,torch_sasrec,46
219,0,0.0,torch_sasrec,46
220,0,0.0,torch_sasrec,46
221,0,0.0,torch_sasrec,46
222,0,0.0,torch_sasrec,46
223,0,0.0,torch_sasrec,46
224,1,0.3562071871080222,torch_sasrec,46
225,0,0.0,torch_sasrec,46
226,0,0.0,torch_sasrec,46
227,1,0.6309297535714575,torch_sasrec,46
228,0,0.0,torch_sasrec,46
229,0,0.0,torch_sasrec,46
230,0,0.0,torch_sasrec,46
231,1,0.38685280723454163,torch_sasrec,46
232,0,0.0,torch_sasrec,46
233,0,0.0,torch_sasrec,46
234,0,0.0,torch_sasrec,46
235,0,0.0,torch_sasrec,46
236,0,0.0,torch_sasrec,46
237,0,0.0,torch_sasrec,46
238,0,0.0,torch_sasrec,46
239,0,0.0,torch_sasrec,46
240,0,0.0,torch_sasrec,46
241,0,0.0,torch_sasrec,46
242,0,0.0,torch_sasrec,46
243,1,0.43067655807339306,torch_sasrec,46
244,1,0.6309297535714575,torch_sasrec,46
245,0,0.0,torch_sasrec,46
246,0,0.0,torch_sasrec,46
247,0,0.0,torch_sasrec,46
248,1,0.3010299956639812,torch_sasrec,46
249,0,0.0,torch_sasrec,46
250,0,0.0,torch_sasrec,46
251,0,0.0,torch_sasrec,46
252,0,0.0,torch_sasrec,46
253,0,0.0,torch_sasrec,46
254,0,0.0,torch_sasrec,46
255,1,0.3010299956639812,torch_sasrec,46
256,0,0.0,torch_sasrec,46
257,0,0.0,torch_sasrec,46
258,0,0.0,torch_sasrec,46
259,0,0.0,torch_sasrec,46
260,1,0.6309297535714575,torch_sasrec,46
261,0,0.0,torch_sasrec,46
262,0,0.0,torch_sasrec,46
263,0,0.0,torch_sasrec,46
264,0,0.0,torch_sasrec,46
265,0,0.0,torch_sasrec,46
266,0,0.0,torch_sasrec,46
267,0,0.0,torch_sasrec,46
268,0,0.0,torch_sasrec,46
269,0,0.0,torch_sasrec,46
270,1,1.0,torch_sasrec,46
271,0,0.0,torch_sasrec,46
272,1,0.2890648263178879,torch_sasrec,46
273,0,0.0,torch_sasrec,46
274,0,0.0,torch_sasrec,46
275,0,0.0,torch_sasrec,46
276,0,0.0,torch_sasrec,46
277,1,0.2890648263178879,torch_sasrec,46
278,0,0.0,torch_sasrec,46
279,0,0.0,torch_sasrec,46
280,0,0.0,torch_sasrec,46
281,0,0.0,torch_sasrec,46
282,1,0.6309297535714575,torch_sasrec,46
283,0,0.0,torch_sasrec,46
284,0,0.0,torch_sasrec,46
285,0,0.0,torch_sasrec,46
286,0,0.0,torch_sasrec,46
287,0,0.0,torch_sasrec,46
288,0,0.0,torch_sasrec,46
289,0,0.0,torch_sasrec,46
290,0,0.0,torch_sasrec,46
291,1,0.43067655807339306,torch_sasrec,46
292,0,0.0,torch_sasrec,46
293,0,0.0,torch_sasrec,46
294,0,0.0,torch_sasrec,46
295,0,0.0,torch_sasrec,46
296,0,0.0,torch_sasrec,46
297,0,0.0,torch_sasrec,46
298,0,0.0,torch_sasrec,46
299,1,0.31546487678572877,torch_sasrec,46
300,0,0.0,torch_sasrec,46
301,0,0.0,torch_sasrec,46
302,0,0.0,torch_sasrec,46
303,0,0.0,torch_sasrec,46
304,0,0.0,torch_sasrec,46
305,0,0.0,torch_sasrec,46
306,0,0.0,torch_sasrec,46
307,0,0.0,torch_sasrec,46
308,0,0.0,torch_sasrec,46
309,0,0.0,torch_sasrec,46
310,0,0.0,torch_sasrec,46
311,1,0.5,torch_sasrec,46
312,0,0.0,torch_sasrec,46
313,0,0.0,torch_sasrec,46
314,0,0.0,torch_sasrec,46
315,0,0.0,torch_sasrec,46
316,0,0.0,torch_sasrec,46
317,0,0.0,torch_sasrec,46
318,1,0.38685280723454163,torch_sasrec,46
319,0,0.0,torch_sasrec,46
320,0,0.0,torch_sasrec,46
321,0,0.0,torch_sasrec,46
322,0,0.0,torch_sasrec,46
323,0,0.0,torch_sasrec,46
324,0,0.0,torch_sasrec,46
325,0,0.0,torch_sasrec,46
326,0,0.0,torch_sasrec,46
327,0,0.0,torch_sasrec,46
328,0,0.0,torch_sasrec,46
329,0,0.0,torch_sasrec,46
330,0,0.0,torch_sasrec,46
331,0,0.0,torch_sasrec,46
332,0,0.0,torch_sasrec,46
333,0,0.0,torch_sasrec,46
334,0,0.0,torch_sasrec,46
335,0,0.0,torch_sasrec,46
336,0,0.0,torch_sasrec,46
337,0,0.0,torch_sasrec,46
338,1,1.0,torch_sasrec,46
339,0,0.0,torch_sasrec,46
340,0,0.0,torch_sasrec,46
341,1,1.0,torch_sasrec,46
342,0,0.0,torch_sasrec,46
343,0,0.0,torch_sasrec,46
344,1,0.38685280723454163,torch_sasrec,46
345,0,0.0,torch_sasrec,46
346,1,1.0,torch_sasrec,46
347,0,0.0,torch_sasrec,46
348,0,0.0,torch_sasrec,46
349,0,0.0,torch_sasrec,46
350,1,0.5,torch_sasrec,46
351,0,0.0,torch_sasrec,46
352,0,0.0,torch_sasrec,46
353,0,0.0,torch_sasrec,46
354,0,0.0,torch_sasrec,46
355,0,0.0,torch_sasrec,46
356,0,0.0,torch_sasrec,46
357,0,0.0,torch_sasrec,46
358,1,0.3562071871080222,torch_sasrec,46
359,1,1.0,torch_sasrec,46
360,0,0.0,torch_sasrec,46
361,1,0.38685280723454163,torch_sasrec,46
362,0,0.0,torch_sasrec,46
363,1,0.38685280723454163,torch_sasrec,46
364,0,0.0,torch_sasrec,46
365,0,0.0,torch_sasrec,46
366,0,0.0,torch_sasrec,46
367,0,0.0,torch_sasrec,46
368,0,0.0,torch_sasrec,46
369,0,0.0,torch_sasrec,46
370,0,0.0,torch_sasrec,46
371,0,0.0,torch_sasrec,46
372,0,0.0,torch_sasrec,46
373,0,0.0,torch_sasrec,46
374,0,0.0,torch_sasrec,46
375,0,0.0,torch_sasrec,46
376,0,0.0,torch_sasrec,46
377,0,0.0,torch_sasrec,46
378,0,0.0,torch_sasrec,46
379,0,0.0,torch_sasrec,46
380,0,0.0,torch_sasrec,46
381,0,0.0,torch_sasrec,46
382,0,0.0,torch_sasrec,46
383,0,0.0,torch_sasrec,46
384,0,0.0,torch_sasrec,46
385,0,0.0,torch_sasrec,46
386,1,0.43067655807339306,torch_sasrec,46
387,1,1.0,torch_sasrec,46
388,0,0.0,torch_sasrec,46
389,1,1.0,torch_sasrec,46
390,0,0.0,torch_sasrec,46
391,0,0.0,torch_sasrec,46
392,0,0.0,torch_sasrec,46
393,0,0.0,torch_sasrec,46
394,0,0.0,torch_sasrec,46
395,1,1.0,torch_sasrec,46
396,0,0.0,torch_sasrec,46
397,0,0.0,torch_sasrec,46
398,1,0.38685280723454163,torch_sasrec,46
399,0,0.0,torch_sasrec,46
400,0,0.0,torch_sasrec,46
401,1,0.5,torch_sasrec,46
402,0,0.0,torch_sasrec,46
403,0,0.0,torch_sasrec,46
404,0,0.0,torch_sasrec,46
405,0,0.0,torch_sasrec,46
406,0,0.0,torch_sasrec,46
407,0,0.0,torch_sasrec,46
408,0,0.0,torch_sasrec,46
409,1,0.31546487678572877,torch_sasrec,46
410,0,0.0,torch_sasrec,46
411,0,0.0,torch_sasrec,46
412,0,0.0,torch_sasrec,46
413,0,0.0,torch_sasrec,46
414,0,0.0,torch_sasrec,46
415,0,0.0,torch_sasrec,46
416,0,0.0,torch_sasrec,46
417,1,0.43067655807339306,torch_sasrec,46
418,0,0.0,torch_sasrec,46
419,0,0.0,torch_sasrec,46
420,1,0.38685280723454163,torch_sasrec,46
421,0,0.0,torch_sasrec,46
422,0,0.0,torch_sasrec,46
423,0,0.0,torch_sasrec,46
424,0,0.0,torch_sasrec,46
425,0,0.0,torch_sasrec,46
426,0,0.0,torch_sasrec,46
427,0,0.0,torch_sasrec,46
428,0,0.0,torch_sasrec,46
429,0,0.0,torch_sasrec,46
430,0,0.0,torch_sasrec,46
431,0,0.0,torch_sasrec,46
432,0,0.0,torch_sasrec,46
433,1,0.6309297535714575,torch_sasrec,46
434,0,0.0,torch_sasrec,46
435,0,0.0,torch_sasrec,46
436,0,0.0,torch_sasrec,46
437,0,0.0,torch_sasrec,46
438,0,0.0,torch_sasrec,46
439,1,0.31546487678572877,torch_sasrec,46
440,0,0.0,torch_sasrec,46
441,1,0.43067655807339306,torch_sasrec,46
442,1,0.31546487678572877,torch_sasrec,46
443,0,0.0,torch_sasrec,46
444,0,0.0,torch_sasrec,46
445,0,0.0,torch_sasrec,46
446,0,0.0,torch_sasrec,46
447,0,0.0,torch_sasrec,46
448,0,0.0,torch_sasrec,46
449,0,0.0,torch_sasrec,46
450,0,0.0,torch_sasrec,46
451,0,0.0,torch_sasrec,46
452,0,0.0,torch_sasrec,46
453,0,0.0,torch_sasrec,46
454,0,0.0,torch_sasrec,46
455,0,0.0,torch_sasrec,46
456,0,0.0,torch_sasrec,46
457,0,0.0,torch_sasrec,46
458,1,0.3562071871080222,torch_sasrec,46
459,0,0.0,torch_sasrec,46
460,0,0.0,torch_sasrec,46
461,0,0.0,torch_sasrec,46
462,0,0.0,torch_sasrec,46
463,0,0.0,torch_sasrec,46
464,0,0.0,torch_sasrec,46
465,0,0.0,torch_sasrec,46
466,0,0.0,torch_sasrec,46
467,0,0.0,torch_sasrec,46
468,0,0.0,torch_sasrec,46
469,0,0.0,torch_sasrec,46
470,1,0.31546487678572877,torch_sasrec,46
471,1,0.2890648263178879,torch_sasrec,46
472,0,0.0,torch_sasrec,46
473,0,0.0,torch_sasrec,46
474,1,0.3562071871080222,torch_sasrec,46
475,1,0.3562071871080222,torch_sasrec,46
476,0,0.0,torch_sasrec,46
477,0,0.0,torch_sasrec,46
478,0,0.0,torch_sasrec,46
479,0,0.0,torch_sasrec,46
480,0,0.0,torch_sasrec,46
481,0,0.0,torch_sasrec,46
482,0,0.0,torch_sasrec,46
483,0,0.0,torch_sasrec,46
484,0,0.0,torch_sasrec,46
485,1,0.43067655807339306,torch_sasrec,46
486,0,0.0,torch_sasrec,46
487,0,0.0,torch_sasrec,46
488,1,1.0,torch_sasrec,46
489,0,0.0,torch_sasrec,46
490,0,0.0,torch_sasrec,46
491,0,0.0,torch_sasrec,46
492,0,0.0,torch_sasrec,46
493,0,0.0,torch_sasrec,46
494,0,0.0,torch_sasrec,46
495,0,0.0,torch_sasrec,46
496,0,0.0,torch_sasrec,46
497,1,0.43067655807339306,torch_sasrec,46
498,0,0.0,torch_sasrec,46
499,0,0.0,torch_sasrec,46
500,0,0.0,torch_sasrec,46
501,0,0.0,torch_sasrec,46
502,1,0.6309297535714575,torch_sasrec,46
503,0,0.0,torch_sasrec,46
504,1,0.38685280723454163,torch_sasrec,46
505,0,0.0,torch_sasrec,46
506,1,0.31546487678572877,torch_sasrec,46
507,0,0.0,torch_sasrec,46
508,1,0.5,torch_sasrec,46
509,0,0.0,torch_sasrec,46
510,0,0.0,torch_sasrec,46
511,0,0.0,torch_sasrec,46
512,0,0.0,torch_sasrec,46
513,0,0.0,torch_sasrec,46
514,0,0.0,torch_sasrec,46
515,0,0.0,torch_sasrec,46
516,0,0.0,torch_sasrec,46
517,0,0.0,torch_sasrec,46
518,0,0.0,torch_sasrec,46
519,0,0.0,torch_sasrec,46
520,0,0.0,torch_sasrec,46
521,0,0.0,torch_sasrec,46
522,1,1.0,torch_sasrec,46
523,1,1.0,torch_sasrec,46
524,0,0.0,torch_sasrec,46
525,0,0.0,torch_sasrec,46
526,0,0.0,torch_sasrec,46
527,0,0.0,torch_sasrec,46
528,0,0.0,torch_sasrec,46
529,0,0.0,torch_sasrec,46
530,0,0.0,torch_sasrec,46
531,0,0.0,torch_sasrec,46
532,0,0.0,torch_sasrec,46
533,0,0.0,torch_sasrec,46
534,0,0.0,torch_sasrec,46
535,0,0.0,torch_sasrec,46
536,0,0.0,torch_sasrec,46
537,0,0.0,torch_sasrec,46
538,0,0.0,torch_sasrec,46
539,0,0.0,torch_sasrec,46
540,1,0.3333333333333333,torch_sasrec,46
541,0,0.0,torch_sasrec,46
542,0,0.0,torch_sasrec,46
543,0,0.0,torch_sasrec,46
544,0,0.0,torch_sasrec,46
545,0,0.0,torch_sasrec,46
546,0,0.0,torch_sasrec,46
547,0,0.0,torch_sasrec,46
548,0,0.0,torch_sasrec,46
549,0,0.0,torch_sasrec,46
550,0,0.0,torch_sasrec,46
551,0,0.0,torch_sasrec,46
552,0,0.0,torch_sasrec,46
553,0,0.0,torch_sasrec,46
554,0,0.0,torch_sasrec,46
555,0,0.0,torch_sasrec,46
556,0,0.0,torch_sasrec,46
557,0,0.0,torch_sasrec,46
558,0,0.0,torch_sasrec,46
559,0,0.0,torch_sasrec,46
560,1,0.38685280723454163,torch_sasrec,46
561,0,0.0,torch_sasrec,46
562,1,1.0,torch_sasrec,46
563,0,0.0,torch_sasrec,46
564,0,0.0,torch_sasrec,46
565,0,0.0,torch_sasrec,46
566,0,0.0,torch_sasrec,46
567,0,0.0,torch_sasrec,46
568,1,0.3333333333333333,torch_sasrec,46
569,0,0.0,torch_sasrec,46
570,0,0.0,torch_sasrec,46
571,1,0.3333333333333333,torch_sasrec,46
572,0,0.0,torch_sasrec,46
573,1,0.6309297535714575,torch_sasrec,46
574,0,0.0,torch_sasrec,46
575,0,0.0,torch_sasrec,46
576,0,0.0,torch_sasrec,46
577,0,0.0,torch_sasrec,46
578,0,0.0,torch_sasrec,46
579,0,0.0,torch_sasrec,46
580,1,0.43067655807339306,torch_sasrec,46
581,0,0.0,torch_sasrec,46
582,0,0.0,torch_sasrec,46
583,0,0.0,torch_sasrec,46
584,0,0.0,torch_sasrec,46
585,0,0.0,torch_sasrec,46
586,1,0.3010299956639812,torch_sasrec,46
587,0,0.0,torch_sasrec,46
588,0,0.0,torch_sasrec,46
589,0,0.0,torch_sasrec,46
590,0,0.0,torch_sasrec,46
591,0,0.0,torch_sasrec,46
592,0,0.0,torch_sasrec,46
593,0,0.0,torch_sasrec,46
594,0,0.0,torch_sasrec,46
595,0,0.0,torch_sasrec,46
596,1,0.3333333333333333,torch_sasrec,46
597,0,0.0,torch_sasrec,46
598,1,1.0,torch_sasrec,46
599,0,0.0,torch_sasrec,46
600,0,0.0,torch_sasrec,46
601,0,0.0,torch_sasrec,46
602,0,0.0,torch_sasrec,46
603,0,0.0,torch_sasrec,46
604,0,0.0,torch_sasrec,46
605,1,0.38685280723454163,torch_sasrec,46
606,0,0.0,torch_sasrec,46
607,0,0.0,torch_sasrec,46
608,0,0.0,torch_sasrec,46
609,0,0.0,torch_sasrec,46
610,0,0.0,torch_sasrec,46
611,0,0.0,torch_sasrec,46
612,0,0.0,torch_sasrec,46
613,1,0.31546487678572877,torch_sasrec,46
614,0,0.0,torch_sasrec,46
615,0,0.0,torch_sasrec,46
616,0,0.0,torch_sasrec,46
617,1,0.3010299956639812,torch_sasrec,46
618,0,0.0,torch_sasrec,46
619,0,0.0,torch_sasrec,46
620,0,0.0,torch_sasrec,46
621,0,0.0,torch_sasrec,46
622,0,0.0,torch_sasrec,46
623,0,0.0,torch_sasrec,46
624,0,0.0,torch_sasrec,46
625,0,0.0,torch_sasrec,46
626,0,0.0,torch_sasrec,46
627,0,0.0,torch_sasrec,46
628,0,0.0,torch_sasrec,46
629,0,0.0,torch_sasrec,46
630,0,0.0,torch_sasrec,46
631,0,0.0,torch_sasrec,46
632,0,0.0,torch_sasrec,46
633,0,0.0,torch_sasrec,46
634,0,0.0,torch_sasrec,46
635,0,0.0,torch_sasrec,46
636,0,0.0,torch_sasrec,46
637,0,0.0,torch_sasrec,46
638,0,0.0,torch_sasrec,46
639,0,0.0,torch_sasrec,46
640,0,0.0,torch_sasrec,46
641,0,0.0,torch_sasrec,46
642,0,0.0,torch_sasrec,46
643,1,0.3333333333333333,torch_sasrec,46
644,0,0.0,torch_sasrec,46
645,0,0.0,torch_sasrec,46
646,0,0.0,torch_sasrec,46
647,0,0.0,torch_sasrec,46
648,0,0.0,torch_sasrec,46
649,1,0.31546487678572877,torch_sasrec,46
650,0,0.0,torch_sasrec,46
651,0,0.0,torch_sasrec,46
652,0,0.0,torch_sasrec,46
653,1,0.3333333333333333,torch_sasrec,46
654,0,0.0,torch_sasrec,46
655,0,0.0,torch_sasrec,46
656,0,0.0,torch_sasrec,46
657,1,0.3010299956639812,torch_sasrec,46
658,0,0.0,torch_sasrec,46
659,0,0.0,torch_sasrec,46
660,0,0.0,torch_sasrec,46
661,0,0.0,torch_sasrec,46
662,0,0.0,torch_sasrec,46
663,0,0.0,torch_sasrec,46
664,0,0.0,torch_sasrec,46
665,0,0.0,torch_sasrec,46
666,0,0.0,torch_sasrec,46
667,0,0.0,torch_sasrec,46
668,0,0.0,torch_sasrec,46
669,1,0.3010299956639812,torch_sasrec,46
670,0,0.0,torch_sasrec,46
671,0,0.0,torch_sasrec,46
672,1,0.43067655807339306,torch_sasrec,46
673,0,0.0,torch_sasrec,46
674,1,0.38685280723454163,torch_sasrec,46
675,1,0.31546487678572877,torch_sasrec,46
676,0,0.0,torch_sasrec,46
677,0,0.0,torch_sasrec,46
678,0,0.0,torch_sasrec,46
679,1,1.0,torch_sasrec,46
680,0,0.0,torch_sasrec,46
681,0,0.0,torch_sasrec,46
682,0,0.0,torch_sasrec,46
683,0,0.0,torch_sasrec,46
684,0,0.0,torch_sasrec,46
685,0,0.0,torch_sasrec,46
686,0,0.0,torch_sasrec,46
687,0,0.0,torch_sasrec,46
688,0,0.0,torch_sasrec,46
689,0,0.0,torch_sasrec,46
690,0,0.0,torch_sasrec,46
691,0,0.0,torch_sasrec,46
692,0,0.0,torch_sasrec,46
693,0,0.0,torch_sasrec,46
694,0,0.0,torch_sasrec,46
695,0,0.0,torch_sasrec,46
696,0,0.0,torch_sasrec,46
697,0,0.0,torch_sasrec,46
698,0,0.0,torch_sasrec,46
699,0,0.0,torch_sasrec,46
700,0,0.0,torch_sasrec,46
701,0,0.0,torch_sasrec,46
702,0,0.0,torch_sasrec,46
703,0,0.0,torch_sasrec,46
704,0,0.0,torch_sasrec,46
705,0,0.0,torch_sasrec,46
706,0,0.0,torch_sasrec,46
707,1,0.43067655807339306,torch_sasrec,46
708,1,0.5,torch_sasrec,46
709,0,0.0,torch_sasrec,46
710,0,0.0,torch_sasrec,46
711,0,0.0,torch_sasrec,46
712,0,0.0,torch_sasrec,46
713,0,0.0,torch_sasrec,46
714,0,0.0,torch_sasrec,46
715,1,0.43067655807339306,torch_sasrec,46
716,0,0.0,torch_sasrec,46
717,0,0.0,torch_sasrec,46
718,0,0.0,torch_sasrec,46
719,0,0.0,torch_sasrec,46
720,0,0.0,torch_sasrec,46
721,0,0.0,torch_sasrec,46
722,0,0.0,torch_sasrec,46
723,0,0.0,torch_sasrec,46
724,0,0.0,torch_sasrec,46
725,0,0.0,torch_sasrec,46
726,0,0.0,torch_sasrec,46
727,0,0.0,torch_sasrec,46
728,0,0.0,torch_sasrec,46
729,0,0.0,torch_sasrec,46
730,0,0.0,torch_sasrec,46
731,0,0.0,torch_sasrec,46
732,0,0.0,torch_sasrec,46
733,0,0.0,torch_sasrec,46
734,0,0.0,torch_sasrec,46
735,0,0.0,torch_sasrec,46
736,0,0.0,torch_sasrec,46
737,0,0.0,torch_sasrec,46
738,0,0.0,torch_sasrec,46
739,0,0.0,torch_sasrec,46
740,1,0.38685280723454163,torch_sasrec,46
741,0,0.0,torch_sasrec,46
742,0,0.0,torch_sasrec,46
743,0,0.0,torch_sasrec,46
744,0,0.0,torch_sasrec,46
745,0,0.0,torch_sasrec,46
746,0,0.0,torch_sasrec,46
747,0,0.0,torch_sasrec,46
748,0,0.0,torch_sasrec,46
749,0,0.0,torch_sasrec,46
750,1,0.6309297535714575,torch_sasrec,46
751,1,0.3333333333333333,torch_sasrec,46
752,0,0.0,torch_sasrec,46
753,0,0.0,torch_sasrec,46
754,0,0.0,torch_sasrec,46
755,0,0.0,torch_sasrec,46
756,0,0.0,torch_sasrec,46
757,1,0.38685280723454163,torch_sasrec,46
758,1,0.3333333333333333,torch_sasrec,46
759,0,0.0,torch_sasrec,46
760,0,0.0,torch_sasrec,46
761,0,0.0,torch_sasrec,46
762,0,0.0,torch_sasrec,46
763,1,0.3562071871080222,torch_sasrec,46
764,0,0.0,torch_sasrec,46
765,0,0.0,torch_sasrec,46
766,0,0.0,torch_sasrec,46
767,0,0.0,torch_sasrec,46
768,0,0.0,torch_sasrec,46
769,0,0.0,torch_sasrec,46
770,0,0.0,torch_sasrec,46
771,0,0.0,torch_sasrec,46
772,0,0.0,torch_sasrec,46
773,0,0.0,torch_sasrec,46
774,0,0.0,torch_sasrec,46
775,0,0.0,torch_sasrec,46
776,0,0.0,torch_sasrec,46
777,0,0.0,torch_sasrec,46
778,0,0.0,torch_sasrec,46
779,1,0.43067655807339306,torch_sasrec,46
780,0,0.0,torch_sasrec,46
781,0,0.0,torch_sasrec,46
782,0,0.0,torch_sasrec,46
783,1,0.43067655807339306,torch_sasrec,46
784,0,0.0,torch_sasrec,46
785,0,0.0,torch_sasrec,46
786,0,0.0,torch_sasrec,46
787,0,0.0,torch_sasrec,46
788,0,0.0,torch_sasrec,46
789,1,0.5,torch_sasrec,46
790,1,0.6309297535714575,torch_sasrec,46
791,0,0.0,torch_sasrec,46
792,0,0.0,torch_sasrec,46
793,0,0.0,torch_sasrec,46
794,0,0.0,torch_sasrec,46
795,0,0.0,torch_sasrec,46
796,0,0.0,torch_sasrec,46
797,0,0.0,torch_sasrec,46
798,0,0.0,torch_sasrec,46
799,1,0.5,torch_sasrec,46
800,0,0.0,torch_sasrec,46
801,0,0.0,torch_sasrec,46
802,0,0.0,torch_sasrec,46
803,0,0.0,torch_sasrec,46
804,0,0.0,torch_sasrec,46
805,0,0.0,torch_sasrec,46
806,0,0.0,torch_sasrec,46
807,0,0.0,torch_sasrec,46
808,1,0.3562071871080222,torch_sasrec,46
809,0,0.0,torch_sasrec,46
810,0,0.0,torch_sasrec,46
811,0,0.0,torch_sasrec,46
812,0,0.0,torch_sasrec,46
813,0,0.0,torch_sasrec,46
814,0,0.0,torch_sasrec,46
815,0,0.0,torch_sasrec,46
816,0,0.0,torch_sasrec,46
817,0,0.0,torch_sasrec,46
818,1,1.0,torch_sasrec,46
819,0,0.0,torch_sasrec,46
820,0,0.0,torch_sasrec,46
821,1,0.6309297535714575,torch_sasrec,46
822,0,0.0,torch_sasrec,46
823,0,0.0,torch_sasrec,46
824,0,0.0,torch_sasrec,46
825,0,0.0,torch_sasrec,46
826,0,0.0,torch_sasrec,46
827,0,0.0,torch_sasrec,46
828,0,0.0,torch_sasrec,46
829,0,0.0,torch_sasrec,46
830,0,0.0,torch_sasrec,46
831,0,0.0,torch_sasrec,46
832,0,0.0,torch_sasrec,46
833,0,0.0,torch_sasrec,46
834,0,0.0,torch_sasrec,46
835,0,0.0,torch_sasrec,46
836,0,0.0,torch_sasrec,46
837,0,0.0,torch_sasrec,46
838,0,0.0,torch_sasrec,46
839,0,0.0,torch_sasrec,46
840,0,0.0,torch_sasrec,46
841,0,0.0,torch_sasrec,46
842,0,0.0,torch_sasrec,46
843,0,0.0,torch_sasrec,46
844,0,0.0,torch_sasrec,46
845,1,0.2890648263178879,torch_sasrec,46
846,0,0.0,torch_sasrec,46
847,0,0.0,torch_sasrec,46
848,0,0.0,torch_sasrec,46
849,0,0.0,torch_sasrec,46
850,0,0.0,torch_sasrec,46
851,0,0.0,torch_sasrec,46
852,0,0.0,torch_sasrec,46
853,0,0.0,torch_sasrec,46
854,0,0.0,torch_sasrec,46
855,0,0.0,torch_sasrec,46
856,0,0.0,torch_sasrec,46
857,0,0.0,torch_sasrec,46
858,0,0.0,torch_sasrec,46
859,0,0.0,torch_sasrec,46
860,0,0.0,torch_sasrec,46
861,0,0.0,torch_sasrec,46
862,0,0.0,torch_sasrec,46
863,1,0.43067655807339306,torch_sasrec,46
864,0,0.0,torch_sasrec,46
865,0,0.0,torch_sasrec,46
866,0,0.0,torch_sasrec,46
867,0,0.0,torch_sasrec,46
868,0,0.0,torch_sasrec,46
869,0,0.0,torch_sasrec,46
870,0,0.0,torch_sasrec,46
871,0,0.0,torch_sasrec,46
872,0,0.0,torch_sasrec,46
873,0,0.0,torch_sasrec,46
874,0,0.0,torch_sasrec,46
875,0,0.0,torch_sasrec,46
876,1,0.31546487678572877,torch_sasrec,46
877,1,0.3562071871080222,torch_sasrec,46
878,0,0.0,torch_sasrec,46
879,0,0.0,torch_sasrec,46
880,0,0.0,torch_sasrec,46
881,0,0.0,torch_sasrec,46
882,0,0.0,torch_sasrec,46
883,0,0.0,torch_sasrec,46
884,0,0.0,torch_sasrec,46
885,1,0.31546487678572877,torch_sasrec,46
886,0,0.0,torch_sasrec,46
887,0,0.0,torch_sasrec,46
888,0,0.0,torch_sasrec,46
889,0,0.0,torch_sasrec,46
890,0,0.0,torch_sasrec,46
891,0,0.0,torch_sasrec,46
892,0,0.0,torch_sasrec,46
893,0,0.0,torch_sasrec,46
894,0,0.0,torch_sasrec,46
895,0,0.0,torch_sasrec,46
896,0,0.0,torch_sasrec,46
897,0,0.0,torch_sasrec,46
898,0,0.0,torch_sasrec,46
899,0,0.0,torch_sasrec,46
900,1,0.3333333333333333,torch_sasrec,46
901,0,0.0,torch_sasrec,46
902,0,0.0,torch_sasrec,46
903,0,0.0,torch_sasrec,46
904,0,0.0,torch_sasrec,46
905,1,0.38685280723454163,torch_sasrec,46
906,0,0.0,torch_sasrec,46
907,1,0.6309297535714575,torch_sasrec,46
908,0,0.0,torch_sasrec,46
909,0,0.0,torch_sasrec,46
910,1,0.31546487678572877,torch_sasrec,46
911,0,0.0,torch_sasrec,46
912,0,0.0,torch_sasrec,46
913,0,0.0,torch_sasrec,46
914,0,0.0,torch_sasrec,46
915,0,0.0,torch_sasrec,46
916,0,0.0,torch_sasrec,46
917,0,0.0,torch_sasrec,46
918,0,0.0,torch_sasrec,46
919,0,0.0,torch_sasrec,46
920,0,0.0,torch_sasrec,46
921,0,0.0,torch_sasrec,46
922,0,0.0,torch_sasrec,46
923,0,0.0,torch_sasrec,46
924,0,0.0,torch_sasrec,46
925,1,1.0,torch_sasrec,46
926,0,0.0,torch_sasrec,46
927,0,0.0,torch_sasrec,46
928,0,0.0,torch_sasrec,46
929,0,0.0,torch_sasrec,46
930,0,0.0,torch_sasrec,46
931,0,0.0,torch_sasrec,46
932,0,0.0,torch_sasrec,46
933,0,0.0,torch_sasrec,46
934,0,0.0,torch_sasrec,46
935,0,0.0,torch_sasrec,46
936,0,0.0,torch_sasrec,46
937,0,0.0,torch_sasrec,46
938,0,0.0,torch_sasrec,46
939,0,0.0,torch_sasrec,46
940,0,0.0,torch_sasrec,46
941,1,0.6309297535714575,torch_sasrec,46
942,0,0.0,torch_sasrec,46
943,0,0.0,torch_sasrec,46
944,1,0.6309297535714575,torch_sasrec,46
945,0,0.0,torch_sasrec,46
946,0,0.0,torch_sasrec,46
947,0,0.0,torch_sasrec,46
948,0,0.0,torch_sasrec,46
949,0,0.0,torch_sasrec,46
950,0,0.0,torch_sasrec,46
951,0,0.0,torch_sasrec,46
952,0,0.0,torch_sasrec,46
953,0,0.0,torch_sasrec,46
954,0,0.0,torch_sasrec,46
955,0,0.0,torch_sasrec,46
956,0,0.0,torch_sasrec,46
957,0,0.0,torch_sasrec,46
958,0,0.0,torch_sasrec,46
959,0,0.0,torch_sasrec,46
960,0,0.0,torch_sasrec,46
961,0,0.0,torch_sasrec,46
962,0,0.0,torch_sasrec,46
963,0,0.0,torch_sasrec,46
964,0,0.0,torch_sasrec,46
965,0,0.0,torch_sasrec,46
966,0,0.0,torch_sasrec,46
967,0,0.0,torch_sasrec,46
968,0,0.0,torch_sasrec,46
969,0,0.0,torch_sasrec,46
970,0,0.0,torch_sasrec,46
971,0,0.0,torch_sasrec,46
972,0,0.0,torch_sasrec,46
973,0,0.0,torch_sasrec,46
974,0,0.0,torch_sasrec,46
975,0,0.0,torch_sasrec,46
976,1,0.31546487678572877,torch_sasrec,46
977,0,0.0,torch_sasrec,46
978,1,0.3333333333333333,torch_sasrec,46
979,0,0.0,torch_sasrec,46
980,1,0.3562071871080222,torch_sasrec,46
981,0,0.0,torch_sasrec,46
982,1,0.43067655807339306,torch_sasrec,46
983,0,0.0,torch_sasrec,46
984,1,0.2890648263178879,torch_sasrec,46
985,0,0.0,torch_sasrec,46
986,0,0.0,torch_sasrec,46
987,0,0.0,torch_sasrec,46
988,0,0.0,torch_sasrec,46
989,1,0.2890648263178879,torch_sasrec,46
990,0,0.0,torch_sasrec,46
991,0,0.0,torch_sasrec,46
992,1,0.38685280723454163,torch_sasrec,46
993,0,0.0,torch_sasrec,46
994,0,0.0,torch_sasrec,46
995,0,0.0,torch_sasrec,46
996,1,1.0,torch_sasrec,46
997,1,0.3562071871080222,torch_sasrec,46
998,0,0.0,torch_sasrec,46
999,0,0.0,torch_sasrec,46
1000,1,0.31546487678572877,torch_sasrec,46
1001,0,0.0,torch_sasrec,46
