user_id,item_id,response,timestamp,position
0,193,0,0,0
0,67,1,0,1
0,190,0,0,2
0,149,1,0,3
0,229,1,0,4
0,196,0,0,5
0,232,1,0,6
0,150,1,0,7
0,239,1,0,8
0,66,0,0,9
1,231,1,0,0
1,184,1,0,1
1,226,0,0,2
1,213,0,0,3
1,208,0,0,4
1,185,1,0,5
1,107,1,0,6
1,98,1,0,7
1,192,1,0,8
1,79,0,0,9
2,52,1,0,0
2,113,1,0,1
2,190,1,0,2
2,144,1,0,3
2,137,0,0,4
2,39,0,0,5
2,61,0,0,6
2,115,0,0,7
2,157,1,0,8
2,206,0,0,9
3,107,0,0,0
3,83,0,0,1
3,57,0,0,2
3,102,1,0,3
3,26,1,0,4
3,74,0,0,5
3,219,1,0,6
3,116,1,0,7
3,20,1,0,8
3,12,1,0,9
4,129,1,0,0
4,137,1,0,1
4,189,1,0,2
4,101,1,0,3
4,166,0,0,4
4,206,1,0,5
4,91,0,0,6
4,77,1,0,7
4,32,1,0,8
4,42,1,0,9
5,124,0,0,0
5,168,1,0,1
5,115,1,0,2
5,130,1,0,3
5,53,0,0,4
5,229,1,0,5
5,123,0,0,6
5,97,1,0,7
5,45,0,0,8
5,138,0,0,9
6,129,0,0,0
6,215,1,0,1
6,53,0,0,2
6,0,1,0,3
6,173,1,0,4
6,36,1,0,5
6,70,1,0,6
6,209,1,0,7
6,152,1,0,8
6,214,1,0,9
7,64,1,0,0
7,169,0,0,1
7,49,1,0,2
7,178,0,0,3
7,47,0,0,4
7,163,1,0,5
7,74,1,0,6
7,72,1,0,7
7,161,1,0,8
7,90,1,0,9
8,180,1,0,0
8,7,0,0,1
8,190,1,0,2
8,73,1,0,3
8,4,1,0,4
8,184,1,0,5
8,211,1,0,6
8,130,1,0,7
8,213,1,0,8
8,141,1,0,9
9,138,0,0,0
9,146,0,0,1
9,129,0,0,2
9,66,1,0,3
9,140,0,0,4
9,90,0,0,5
9,111,1,0,6
9,50,1,0,7
9,199,1,0,8
9,123,1,0,9
10,105,0,0,0
10,10,1,0,1
10,80,1,0,2
10,41,1,0,3
10,185,1,0,4
10,231,0,0,5
10,56,0,0,6
10,9,1,0,7
10,107,1,0,8
10,203,1,0,9
11,208,1,0,0
11,67,1,0,1
11,64,1,0,2
11,74,1,0,3
11,26,1,0,4
11,98,1,0,5
11,96,1,0,6
11,70,0,0,7
11,114,1,0,8
11,20,1,0,9
12,210,1,0,0
12,239,0,0,1
12,209,1,0,2
12,124,1,0,3
12,97,0,0,4
12,102,0,0,5
12,177,1,0,6
12,109,1,0,7
12,199,1,0,8
12,127,0,0,9
13,213,1,0,0
13,225,0,0,1
13,73,0,0,2
13,129,1,0,3
13,120,1,0,4
13,189,0,0,5
13,66,1,0,6
13,39,0,0,7
13,24,0,0,8
13,108,1,0,9
14,37,0,0,0
14,116,1,0,1
14,41,1,0,2
14,81,1,0,3
14,217,0,0,4
14,67,1,0,5
14,122,1,0,6
14,131,0,0,7
14,160,1,0,8
14,45,1,0,9
15,11,1,0,0
15,238,1,0,1
15,54,1,0,2
15,187,1,0,3
15,239,1,0,4
15,99,0,0,5
15,153,0,0,6
15,122,1,0,7
15,143,1,0,8
15,170,1,0,9
16,68,1,0,0
16,10,1,0,1
16,105,1,0,2
16,170,0,0,3
16,210,1,0,4
16,220,1,0,5
16,102,1,0,6
16,95,0,0,7
16,109,1,0,8
16,183,1,0,9
17,126,1,0,0
17,47,1,0,1
17,195,1,0,2
17,33,1,0,3
17,161,0,0,4
17,52,1,0,5
17,72,1,0,6
17,70,1,0,7
17,23,0,0,8
17,234,0,0,9
18,10,1,0,0
18,70,0,0,1
18,220,1,0,2
18,139,1,0,3
18,68,1,0,4
18,56,1,0,5
18,22,1,0,6
18,51,0,0,7
18,187,0,0,8
18,162,1,0,9
19,32,1,0,0
19,80,1,0,1
19,121,0,0,2
19,178,0,0,3
19,90,0,0,4
19,206,1,0,5
19,177,1,0,6
19,74,0,0,7
19,110,0,0,8
19,26,1,0,9
20,184,1,0,0
20,7,1,0,1
20,192,1,0,2
20,172,1,0,3
20,19,0,0,4
20,43,0,0,5
20,91,0,0,6
20,169,1,0,7
20,57,0,0,8
20,190,1,0,9
21,239,1,0,0
21,141,1,0,1
21,99,1,0,2
21,69,1,0,3
21,214,1,0,4
21,197,1,0,5
21,129,0,0,6
21,115,0,0,7
21,150,0,0,8
21,190,0,0,9
22,186,0,0,0
22,94,0,0,1
22,76,0,0,2
22,184,1,0,3
22,105,1,0,4
22,206,1,0,5
22,159,0,0,6
22,92,0,0,7
22,224,0,0,8
22,82,0,0,9
23,66,1,0,0
23,129,1,0,1
23,190,0,0,2
23,199,1,0,3
23,146,0,0,4
23,225,1,0,5
23,138,1,0,6
23,7,1,0,7
23,110,1,0,8
23,29,1,0,9
24,121,1,0,0
24,109,1,0,1
24,97,1,0,2
24,198,0,0,3
24,154,0,0,4
24,52,1,0,5
24,33,0,0,6
24,61,0,0,7
24,124,1,0,8
24,36,1,0,9
25,39,1,0,0
25,225,1,0,1
25,73,1,0,2
25,144,1,0,3
25,54,1,0,4
25,141,1,0,5
25,91,1,0,6
25,189,1,0,7
25,77,1,0,8
25,24,1,0,9
26,123,1,0,0
26,48,1,0,1
26,229,1,0,2
26,168,1,0,3
26,117,0,0,4
26,26,1,0,5
26,93,0,0,6
26,112,1,0,7
26,3,0,0,8
26,223,0,0,9
27,129,0,0,0
27,190,0,0,1
27,78,1,0,2
27,166,1,0,3
27,195,0,0,4
27,14,1,0,5
27,43,1,0,6
27,144,1,0,7
27,137,1,0,8
27,119,0,0,9
28,227,1,0,0
28,47,0,0,1
28,37,1,0,2
28,34,1,0,3
28,89,1,0,4
28,218,1,0,5
28,133,1,0,6
28,27,1,0,7
28,62,1,0,8
28,75,1,0,9
29,10,1,0,0
29,168,0,0,1
29,83,1,0,2
29,220,1,0,3
29,107,1,0,4
29,172,1,0,5
29,77,0,0,6
29,221,0,0,7
29,142,1,0,8
29,39,1,0,9
30,218,1,0,0
30,67,0,0,1
30,75,1,0,2
30,89,1,0,3
30,44,1,0,4
30,62,1,0,5
30,131,0,0,6
30,136,1,0,7
30,163,1,0,8
30,145,1,0,9
31,184,1,0,0
31,218,1,0,1
31,93,1,0,2
31,2,0,0,3
31,141,1,0,4
31,158,1,0,5
31,136,1,0,6
31,62,1,0,7
31,25,0,0,8
31,192,0,0,9
32,142,1,0,0
32,235,1,0,1
32,1,1,0,2
32,81,1,0,3
32,150,0,0,4
32,222,1,0,5
32,188,1,0,6
32,59,1,0,7
32,101,1,0,8
32,48,0,0,9
33,129,0,0,0
33,70,1,0,1
33,38,1,0,2
33,78,1,0,3
33,189,1,0,4
33,195,1,0,5
33,54,1,0,6
33,28,1,0,7
33,169,0,0,8
33,236,0,0,9
34,105,1,0,0
34,206,0,0,1
34,186,1,0,2
34,94,1,0,3
34,50,1,0,4
34,80,0,0,5
34,25,1,0,6
34,19,1,0,7
34,184,1,0,8
34,84,1,0,9
35,239,0,0,0
35,29,0,0,1
35,141,1,0,2
35,110,1,0,3
35,190,1,0,4
35,150,0,0,5
35,93,0,0,6
35,99,1,0,7
35,197,1,0,8
35,167,1,0,9
36,215,1,0,0
36,37,1,0,1
36,108,0,0,2
36,42,0,0,3
36,105,1,0,4
36,204,1,0,5
36,92,1,0,6
36,0,0,0,7
36,76,0,0,8
36,186,1,0,9
37,102,1,0,0
37,124,1,0,1
37,210,1,0,2
37,173,1,0,3
37,239,1,0,4
37,68,0,0,5
37,209,1,0,6
37,105,1,0,7
37,177,1,0,8
37,215,0,0,9
38,41,0,0,0
38,69,1,0,1
38,81,1,0,2
38,159,0,0,3
38,122,1,0,4
38,206,0,0,5
38,224,1,0,6
38,79,1,0,7
38,234,0,0,8
38,100,0,0,9
39,73,0,0,0
39,141,1,0,1
39,180,1,0,2
39,49,0,0,3
39,130,1,0,4
39,190,1,0,5
39,7,1,0,6
39,163,0,0,7
39,131,1,0,8
39,227,0,0,9
40,10,1,0,0
40,23,1,0,1
40,0,1,0,2
40,210,1,0,3
40,65,1,0,4
40,220,1,0,5
40,124,1,0,6
40,70,1,0,7
40,215,1,0,8
40,221,1,0,9
41,53,1,0,0
41,154,1,0,1
41,18,1,0,2
41,209,1,0,3
41,202,1,0,4
41,123,0,0,5
41,162,0,0,6
41,61,0,0,7
41,112,1,0,8
41,124,0,0,9
42,15,1,0,0
42,102,1,0,1
42,2,0,0,2
42,219,0,0,3
42,108,1,0,4
42,186,0,0,5
42,105,1,0,6
42,41,0,0,7
42,95,0,0,8
42,231,0,0,9
43,189,1,0,0
43,184,1,0,1
43,129,1,0,2
43,225,1,0,3
43,213,1,0,4
43,87,0,0,5
43,54,1,0,6
43,110,0,0,7
43,79,0,0,8
43,179,1,0,9
44,206,1,0,0
44,229,1,0,1
44,165,0,0,2
44,26,1,0,3
44,155,1,0,4
44,159,0,0,5
44,115,1,0,6
44,48,0,0,7
44,3,1,0,8
44,184,1,0,9
45,239,0,0,0
45,194,0,0,1
45,101,1,0,2
45,162,1,0,3
45,187,1,0,4
45,137,0,0,5
45,127,0,0,6
45,129,1,0,7
45,41,1,0,8
45,61,0,0,9
46,170,1,0,0
46,30,1,0,1
46,231,1,0,2
46,94,1,0,3
46,187,1,0,4
46,80,1,0,5
46,15,1,0,6
46,68,0,0,7
46,186,1,0,8
46,11,1,0,9
47,40,1,0,0
47,37,1,0,1
47,20,1,0,2
47,26,0,0,3
47,83,1,0,4
47,98,0,0,5
47,81,1,0,6
47,22,0,0,7
47,220,0,0,8
47,128,1,0,9
48,158,1,0,0
48,77,1,0,1
48,141,1,0,2
48,24,1,0,3
48,218,0,0,4
48,223,1,0,5
48,168,1,0,6
48,111,1,0,7
48,69,0,0,8
48,166,0,0,9
49,175,1,0,0
49,224,1,0,1
49,64,1,0,2
49,178,1,0,3
49,131,0,0,4
49,17,1,0,5
49,26,1,0,6
49,59,1,0,7
49,154,0,0,8
49,233,1,0,9
50,141,1,0,0
50,235,1,0,1
50,118,1,0,2
50,131,0,0,3
50,116,0,0,4
50,30,1,0,5
50,69,1,0,6
50,145,0,0,7
50,217,1,0,8
50,142,0,0,9
51,181,1,0,0
51,64,1,0,1
51,158,1,0,2
51,26,1,0,3
51,136,1,0,4
51,72,1,0,5
51,49,1,0,6
51,161,1,0,7
51,121,1,0,8
51,178,1,0,9
52,39,1,0,0
52,129,1,0,1
52,148,1,0,2
52,78,1,0,3
52,166,1,0,4
52,77,1,0,5
52,144,0,0,6
52,28,1,0,7
52,73,0,0,8
52,38,1,0,9
53,184,1,0,0
53,76,0,0,1
53,234,0,0,2
53,93,0,0,3
53,222,0,0,4
53,62,1,0,5
53,207,0,0,6
53,26,1,0,7
53,211,0,0,8
53,48,1,0,9
54,186,1,0,0
54,189,0,0,1
54,184,1,0,2
54,179,0,0,3
54,2,0,0,4
54,238,1,0,5
54,234,1,0,6
54,106,0,0,7
54,110,1,0,8
54,24,1,0,9
55,164,1,0,0
55,188,1,0,1
55,70,1,0,2
55,220,1,0,3
55,239,0,0,4
55,166,1,0,5
55,22,1,0,6
55,32,0,0,7
55,129,1,0,8
55,195,1,0,9
56,70,1,0,0
56,27,1,0,1
56,36,1,0,2
56,101,1,0,3
56,88,1,0,4
56,113,1,0,5
56,132,1,0,6
56,16,1,0,7
56,81,1,0,8
56,137,0,0,9
57,239,1,0,0
57,141,1,0,1
57,225,1,0,2
57,167,1,0,3
57,153,1,0,4
57,91,0,0,5
57,93,1,0,6
57,150,1,0,7
57,199,0,0,8
57,232,0,0,9
58,152,1,0,0
58,153,1,0,1
58,21,1,0,2
58,161,1,0,3
58,76,0,0,4
58,143,0,0,5
58,214,1,0,6
58,170,1,0,7
58,60,0,0,8
58,99,1,0,9
59,91,0,0,0
59,10,1,0,1
59,168,1,0,2
59,239,1,0,3
59,187,1,0,4
59,39,0,0,5
59,220,0,0,6
59,22,0,0,7
59,70,1,0,8
59,204,1,0,9
60,29,1,0,0
60,66,1,0,1
60,184,1,0,2
60,7,1,0,3
60,229,0,0,4
60,149,1,0,5
60,190,1,0,6
60,222,0,0,7
60,194,0,0,8
60,58,1,0,9
61,239,1,0,0
61,37,1,0,1
61,116,0,0,2
61,217,1,0,3
61,81,1,0,4
61,160,1,0,5
61,122,0,0,6
61,233,1,0,7
61,212,1,0,8
61,22,0,0,9
62,33,0,0,0
62,158,1,0,1
62,119,1,0,2
62,70,1,0,3
62,23,0,0,4
62,195,1,0,5
62,169,1,0,6
62,49,0,0,7
62,236,1,0,8
62,72,1,0,9
63,177,0,0,0
63,238,0,0,1
63,80,0,0,2
63,90,0,0,3
63,102,1,0,4
63,153,1,0,5
63,11,1,0,6
63,121,0,0,7
63,114,1,0,8
63,170,0,0,9
64,239,0,0,0
64,212,1,0,1
64,154,1,0,2
64,168,0,0,3
64,61,1,0,4
64,210,1,0,5
64,209,1,0,6
64,36,1,0,7
64,160,1,0,8
64,18,0,0,9
65,172,0,0,0
65,13,1,0,1
65,95,1,0,2
65,72,0,0,3
65,91,1,0,4
65,166,1,0,5
65,168,1,0,6
65,16,1,0,7
65,113,1,0,8
65,32,1,0,9
66,162,1,0,0
66,125,1,0,1
66,187,0,0,2
66,36,1,0,3
66,61,0,0,4
66,216,1,0,5
66,30,1,0,6
66,134,0,0,7
66,56,0,0,8
66,76,1,0,9
67,218,1,0,0
67,131,0,0,1
67,62,1,0,2
67,202,1,0,3
67,194,0,0,4
67,2,1,0,5
67,168,1,0,6
67,116,1,0,7
67,154,1,0,8
67,89,0,0,9
68,168,1,0,0
68,48,1,0,1
68,32,1,0,2
68,93,1,0,3
68,113,1,0,4
68,117,1,0,5
68,123,1,0,6
68,172,0,0,7
68,110,0,0,8
68,195,0,0,9
69,48,1,0,0
69,61,0,0,1
69,180,1,0,2
69,101,1,0,3
69,35,1,0,4
69,168,1,0,5
69,142,1,0,6
69,141,1,0,7
69,7,1,0,8
69,106,0,0,9
70,64,1,0,0
70,116,1,0,1
70,178,0,0,2
70,74,1,0,3
70,20,1,0,4
70,217,1,0,5
70,12,1,0,6
70,233,1,0,7
70,98,1,0,8
70,161,1,0,9
71,36,1,0,0
71,162,0,0,1
71,53,1,0,2
71,142,1,0,3
71,5,1,0,4
71,38,1,0,5
71,9,0,0,6
71,235,1,0,7
71,33,0,0,8
71,23,1,0,9
72,10,0,0,0
72,142,1,0,1
72,169,1,0,2
72,9,1,0,3
72,162,0,0,4
72,235,1,0,5
72,148,0,0,6
72,221,1,0,7
72,84,1,0,8
72,220,1,0,9
73,194,1,0,0
73,2,1,0,1
73,226,0,0,2
73,66,0,0,3
73,9,0,0,4
73,218,0,0,5
73,62,1,0,6
73,162,1,0,7
73,225,1,0,8
73,10,1,0,9
74,48,1,0,0
74,141,1,0,1
74,180,0,0,2
74,234,1,0,3
74,5,1,0,4
74,106,1,0,5
74,103,1,0,6
74,93,1,0,7
74,176,0,0,8
74,35,0,0,9
75,2,1,0,0
75,62,0,0,1
75,184,1,0,2
75,108,1,0,3
75,218,0,0,4
75,176,1,0,5
75,8,1,0,6
75,10,0,0,7
75,168,1,0,8
75,19,1,0,9
76,33,1,0,0
76,28,1,0,1
76,48,0,0,2
76,52,1,0,3
76,9,1,0,4
76,49,1,0,5
76,198,1,0,6
76,180,1,0,7
76,133,1,0,8
76,59,1,0,9
77,184,0,0,0
77,176,1,0,1
77,2,1,0,2
77,76,1,0,3
77,82,0,0,4
77,60,1,0,5
77,191,1,0,6
77,186,0,0,7
77,188,0,0,8
77,94,1,0,9
78,218,1,0,0
78,145,1,0,1
78,9,0,0,2
78,10,1,0,3
78,203,1,0,4
78,237,1,0,5
78,158,1,0,6
78,183,1,0,7
78,144,1,0,8
78,106,0,0,9
79,190,0,0,0
79,195,0,0,1
79,239,1,0,2
79,150,1,0,3
79,153,1,0,4
79,60,0,0,5
79,6,1,0,6
79,93,1,0,7
79,110,1,0,8
79,197,1,0,9
80,235,1,0,0
80,81,1,0,1
80,36,1,0,2
80,142,0,0,3
80,1,1,0,4
80,59,1,0,5
80,180,0,0,6
80,38,1,0,7
80,211,1,0,8
80,5,1,0,9
81,239,1,0,0
81,41,1,0,1
81,186,1,0,2
81,102,0,0,3
81,170,1,0,4
81,15,1,0,5
81,156,0,0,6
81,210,0,0,7
81,209,1,0,8
81,215,1,0,9
82,138,1,0,0
82,131,1,0,1
82,194,1,0,2
82,180,0,0,3
82,9,1,0,4
82,162,1,0,5
82,148,1,0,6
82,121,1,0,7
82,80,1,0,8
82,50,0,0,9
83,61,1,0,0
83,209,1,0,1
83,162,1,0,2
83,112,1,0,3
83,186,0,0,4
83,36,1,0,5
83,206,1,0,6
83,103,1,0,7
83,9,1,0,8
83,165,1,0,9
84,190,1,0,0
84,14,1,0,1
84,115,1,0,2
84,177,1,0,3
84,224,1,0,4
84,206,1,0,5
84,195,0,0,6
84,239,0,0,7
84,191,1,0,8
84,47,1,0,9
85,136,1,0,0
85,3,1,0,1
85,155,1,0,2
85,206,1,0,3
85,172,1,0,4
85,45,1,0,5
85,115,1,0,6
85,25,1,0,7
85,43,0,0,8
85,121,1,0,9
86,10,0,0,0
86,221,1,0,1
86,168,1,0,2
86,148,1,0,3
86,23,1,0,4
86,84,1,0,5
86,169,1,0,6
86,9,1,0,7
86,111,1,0,8
86,220,1,0,9
87,194,0,0,0
87,239,1,0,1
87,187,1,0,2
87,79,1,0,3
87,118,1,0,4
87,29,0,0,5
87,57,1,0,6
87,19,1,0,7
87,134,1,0,8
87,101,1,0,9
88,137,1,0,0
88,190,1,0,1
88,180,1,0,2
88,115,0,0,3
88,206,1,0,4
88,43,0,0,5
88,7,0,0,6
88,88,1,0,7
88,81,1,0,8
88,155,0,0,9
89,129,1,0,0
89,10,1,0,1
89,164,1,0,2
89,0,0,0,3
89,166,1,0,4
89,70,1,0,5
89,32,0,0,6
89,220,0,0,7
89,23,1,0,8
89,140,0,0,9
90,168,1,0,0
90,210,0,0,1
90,212,1,0,2
90,218,1,0,3
90,169,1,0,4
90,22,1,0,5
90,221,1,0,6
90,13,0,0,7
90,70,1,0,8
90,147,1,0,9
91,206,0,0,0
91,132,1,0,1
91,155,1,0,2
91,201,1,0,3
91,3,1,0,4
91,184,1,0,5
91,43,1,0,6
91,83,0,0,7
91,174,1,0,8
91,40,0,0,9
92,187,1,0,0
92,184,1,0,1
92,168,1,0,2
92,101,1,0,3
92,93,0,0,4
92,83,1,0,5
92,58,1,0,6
92,239,0,0,7
92,132,0,0,8
92,142,1,0,9
93,226,1,0,0
93,131,0,0,1
93,235,1,0,2
93,107,1,0,3
93,98,0,0,4
93,9,0,0,5
93,231,1,0,6
93,194,1,0,7
93,163,1,0,8
93,44,1,0,9
94,39,1,0,0
94,9,1,0,1
94,144,0,0,2
94,56,1,0,3
94,225,1,0,4
94,226,1,0,5
94,162,0,0,6
94,8,1,0,7
94,73,1,0,8
94,10,1,0,9
95,239,0,0,0
95,118,1,0,1
95,69,0,0,2
95,167,0,0,3
95,79,0,0,4
95,71,1,0,5
95,15,1,0,6
95,225,1,0,7
95,196,1,0,8
95,141,1,0,9
96,218,0,0,0
96,67,0,0,1
96,230,1,0,2
96,8,0,0,3
96,163,0,0,4
96,223,1,0,5
96,62,1,0,6
96,49,0,0,7
96,136,0,0,8
96,44,1,0,9
97,10,1,0,0
97,65,1,0,1
97,220,1,0,2
97,108,0,0,3
97,23,0,0,4
97,164,1,0,5
97,210,0,0,6
97,0,1,0,7
97,26,0,0,8
97,221,1,0,9
98,218,1,0,0
98,168,1,0,1
98,62,1,0,2
98,75,0,0,3
98,89,1,0,4
98,83,1,0,5
98,2,1,0,6
98,136,1,0,7
98,93,0,0,8
98,219,0,0,9
99,81,0,0,0
99,76,1,0,1
99,68,0,0,2
99,215,1,0,3
99,187,1,0,4
99,105,1,0,5
99,70,1,0,6
99,239,1,0,7
99,231,0,0,8
99,224,1,0,9
100,121,1,0,0
100,74,0,0,1
100,202,1,0,2
100,190,0,0,3
100,178,1,0,4
100,168,1,0,5
100,155,1,0,6
100,172,1,0,7
100,181,1,0,8
100,136,0,0,9
101,69,1,0,0
101,9,0,0,1
101,10,1,0,2
101,204,1,0,3
101,41,1,0,4
101,100,1,0,5
101,142,0,0,6
101,45,1,0,7
101,58,0,0,8
101,79,1,0,9
102,48,1,0,0
102,26,0,0,1
102,72,1,0,2
102,93,1,0,3
102,85,1,0,4
102,33,1,0,5
102,70,1,0,6
102,23,0,0,7
102,195,1,0,8
102,64,1,0,9
103,239,1,0,0
103,210,1,0,1
103,97,1,0,2
103,209,1,0,3
103,47,1,0,4
103,14,1,0,5
103,36,1,0,6
103,160,1,0,7
103,171,1,0,8
103,124,1,0,9
104,129,1,0,0
104,70,1,0,1
104,32,1,0,2
104,195,1,0,3
104,47,1,0,4
104,117,1,0,5
104,96,1,0,6
104,36,0,0,7
104,23,1,0,8
104,38,0,0,9
105,194,1,0,0
105,116,1,0,1
105,131,1,0,2
105,145,1,0,3
105,118,0,0,4
105,83,1,0,5
105,41,0,0,6
105,218,1,0,7
105,122,1,0,8
105,235,1,0,9
106,191,0,0,0
106,184,0,0,1
106,186,1,0,2
106,195,1,0,3
106,4,1,0,4
106,189,0,0,5
106,110,1,0,6
106,190,1,0,7
106,76,1,0,8
106,94,0,0,9
107,184,1,0,0
107,29,1,0,1
107,239,0,0,2
107,110,0,0,3
107,225,1,0,4
107,118,1,0,5
107,93,1,0,6
107,141,1,0,7
107,79,1,0,8
107,196,0,0,9
108,37,1,0,0
108,145,0,0,1
108,218,1,0,2
108,227,1,0,3
108,205,0,0,4
108,22,1,0,5
108,212,1,0,6
108,36,1,0,7
108,122,1,0,8
108,76,0,0,9
109,222,1,0,0
109,81,1,0,1
109,1,0,0,2
109,88,0,0,3
109,70,1,0,4
109,101,1,0,5
109,184,1,0,6
109,150,1,0,7
109,224,1,0,8
109,190,1,0,9
110,129,1,0,0
110,170,1,0,1
110,236,1,0,2
110,99,1,0,3
110,162,1,0,4
110,239,0,0,5
110,152,1,0,6
110,10,1,0,7
110,23,1,0,8
110,186,1,0,9
111,239,1,0,0
111,118,1,0,1
111,187,1,0,2
111,46,0,0,3
111,55,1,0,4
111,216,1,0,5
111,122,1,0,6
111,22,1,0,7
111,145,1,0,8
111,165,1,0,9
112,225,1,0,0
112,190,0,0,1
112,73,1,0,2
112,196,0,0,3
112,67,1,0,4
112,193,0,0,5
112,129,1,0,6
112,213,1,0,7
112,87,1,0,8
112,141,1,0,9
113,222,1,0,0
113,9,1,0,1
113,45,1,0,2
113,58,1,0,3
113,180,1,0,4
113,142,1,0,5
113,7,0,0,6
113,137,1,0,7
113,206,1,0,8
113,43,0,0,9
114,225,1,0,0
114,238,0,0,1
114,141,0,0,2
114,234,0,0,3
114,110,0,0,4
114,184,1,0,5
114,93,0,0,6
114,138,1,0,7
114,189,1,0,8
114,197,1,0,9
115,70,1,0,0
115,10,1,0,1
115,188,1,0,2
115,164,1,0,3
115,220,1,0,4
115,169,1,0,5
115,46,1,0,6
115,22,0,0,7
115,239,1,0,8
115,128,0,0,9
116,134,1,0,0
116,4,1,0,1
116,78,1,0,2
116,119,1,0,3
116,76,1,0,4
116,179,1,0,5
116,228,0,0,6
116,7,1,0,7
116,189,1,0,8
116,73,1,0,9
117,1,1,0,0
117,36,0,0,1
117,101,1,0,2
117,239,1,0,3
117,53,0,0,4
117,129,0,0,5
117,70,0,0,6
117,150,0,0,7
117,38,0,0,8
117,235,1,0,9
118,142,0,0,0
118,184,0,0,1
118,7,1,0,2
118,9,0,0,3
118,58,1,0,4
118,201,1,0,5
118,128,1,0,6
118,25,1,0,7
118,180,0,0,8
118,50,0,0,9
119,144,1,0,0
119,187,0,0,1
119,170,0,0,2
119,15,1,0,3
119,11,1,0,4
119,13,0,0,5
119,237,1,0,6
119,125,0,0,7
119,239,1,0,8
119,145,1,0,9
0,193,1,1,0
0,67,1,1,1
0,190,1,1,2
0,149,0,1,3
0,229,0,1,4
0,196,1,1,5
0,232,1,1,6
0,239,1,1,7
0,150,0,1,8
0,66,0,1,9
1,231,1,1,0
1,184,1,1,1
1,226,1,1,2
1,213,1,1,3
1,208,1,1,4
1,185,1,1,5
1,107,0,1,6
1,79,1,1,7
1,98,0,1,8
1,192,0,1,9
2,52,1,1,0
2,190,1,1,1
2,113,1,1,2
2,144,1,1,3
2,137,1,1,4
2,39,0,1,5
2,61,1,1,6
2,115,1,1,7
2,206,0,1,8
2,157,1,1,9
3,83,1,1,0
3,107,1,1,1
3,26,1,1,2
3,102,0,1,3
3,57,0,1,4
3,74,1,1,5
3,219,1,1,6
3,239,1,1,7
3,116,0,1,8
3,20,1,1,9
4,129,0,1,0
4,137,0,1,1
4,189,1,1,2
4,166,0,1,3
4,101,0,1,4
4,206,0,1,5
4,91,0,1,6
4,77,1,1,7
4,32,1,1,8
4,39,1,1,9
5,168,1,1,0
5,124,0,1,1
5,115,1,1,2
5,53,1,1,3
5,123,1,1,4
5,229,1,1,5
5,130,0,1,6
5,97,0,1,7
5,45,1,1,8
5,138,1,1,9
6,129,0,1,0
6,215,0,1,1
6,53,1,1,2
6,0,0,1,3
6,36,1,1,4
6,70,1,1,5
6,173,1,1,6
6,209,0,1,7
6,239,0,1,8
6,152,0,1,9
7,64,0,1,0
7,169,1,1,1
7,49,0,1,2
7,178,0,1,3
7,47,0,1,4
7,163,0,1,5
7,72,1,1,6
7,74,1,1,7
7,161,0,1,8
7,90,0,1,9
8,180,1,1,0
8,7,1,1,1
8,190,1,1,2
8,184,1,1,3
8,73,0,1,4
8,4,1,1,5
8,211,0,1,6
8,141,1,1,7
8,130,1,1,8
8,213,1,1,9
9,138,1,1,0
9,129,0,1,1
9,146,1,1,2
9,66,1,1,3
9,140,1,1,4
9,90,1,1,5
9,50,0,1,6
9,111,1,1,7
9,123,1,1,8
9,199,1,1,9
10,105,1,1,0
10,10,0,1,1
10,80,1,1,2
10,41,1,1,3
10,231,1,1,4
10,185,1,1,5
10,9,1,1,6
10,56,1,1,7
10,122,0,1,8
10,107,1,1,9
11,208,1,1,0
11,67,1,1,1
11,64,1,1,2
11,74,1,1,3
11,26,1,1,4
11,98,1,1,5
11,70,1,1,6
11,96,1,1,7
11,20,1,1,8
11,114,1,1,9
12,210,0,1,0
12,239,1,1,1
12,209,1,1,2
12,124,1,1,3
12,97,1,1,4
12,102,0,1,5
12,177,0,1,6
12,109,1,1,7
12,170,1,1,8
12,168,1,1,9
13,213,1,1,0
13,225,1,1,1
13,73,1,1,2
13,129,0,1,3
13,120,1,1,4
13,189,1,1,5
13,66,1,1,6
13,39,0,1,7
13,24,0,1,8
13,184,1,1,9
14,37,1,1,0
14,116,1,1,1
14,41,0,1,2
14,81,1,1,3
14,217,1,1,4
14,67,0,1,5
14,122,1,1,6
14,131,1,1,7
14,160,1,1,8
14,45,1,1,9
15,11,1,1,0
15,238,1,1,1
15,54,1,1,2
15,239,1,1,3
15,187,1,1,4
15,99,1,1,5
15,153,1,1,6
15,122,1,1,7
15,170,0,1,8
15,15,1,1,9
16,68,1,1,0
16,10,1,1,1
16,170,1,1,2
16,105,0,1,3
16,210,0,1,4
16,220,0,1,5
16,102,1,1,6
16,95,0,1,7
16,109,0,1,8
16,183,1,1,9
17,47,0,1,0
17,126,1,1,1
17,195,1,1,2
17,33,1,1,3
17,161,0,1,4
17,70,1,1,5
17,52,1,1,6
17,72,0,1,7
17,23,1,1,8
17,129,0,1,9
18,10,0,1,0
18,70,0,1,1
18,220,1,1,2
18,68,1,1,3
18,139,1,1,4
18,56,0,1,5
18,22,1,1,6
18,162,1,1,7
18,187,0,1,8
18,23,0,1,9
19,32,1,1,0
19,80,1,1,1
19,121,1,1,2
19,178,0,1,3
19,90,0,1,4
19,206,1,1,5
19,110,1,1,6
19,177,1,1,7
19,74,1,1,8
19,26,0,1,9
20,184,1,1,0
20,7,1,1,1
20,192,1,1,2
20,172,1,1,3
20,19,1,1,4
20,43,1,1,5
20,169,1,1,6
20,91,1,1,7
20,190,1,1,8
20,74,1,1,9
21,239,1,1,0
21,141,1,1,1
21,99,1,1,2
21,69,1,1,3
21,214,1,1,4
21,197,1,1,5
21,129,0,1,6
21,115,1,1,7
21,190,0,1,8
21,150,0,1,9
22,186,1,1,0
22,94,1,1,1
22,76,1,1,2
22,184,1,1,3
22,105,0,1,4
22,206,1,1,5
22,159,0,1,6
22,224,0,1,7
22,92,1,1,8
22,82,1,1,9
23,66,0,1,0
23,129,1,1,1
23,190,1,1,2
23,199,1,1,3
23,225,0,1,4
23,7,0,1,5
23,110,1,1,6
23,138,0,1,7
23,146,1,1,8
23,180,1,1,9
24,121,0,1,0
24,109,1,1,1
24,97,0,1,2
24,154,0,1,3
24,198,1,1,4
24,52,1,1,5
24,33,1,1,6
24,61,1,1,7
24,124,1,1,8
24,36,1,1,9
25,39,1,1,0
25,225,1,1,1
25,73,1,1,2
25,144,1,1,3
25,141,1,1,4
25,54,0,1,5
25,91,1,1,6
25,189,1,1,7
25,77,1,1,8
25,24,1,1,9
26,123,1,1,0
26,48,1,1,1
26,168,1,1,2
26,229,1,1,3
26,93,1,1,4
26,26,1,1,5
26,117,1,1,6
26,3,1,1,7
26,206,0,1,8
26,112,1,1,9
27,129,0,1,0
27,190,0,1,1
27,166,1,1,2
27,195,1,1,3
27,78,0,1,4
27,14,1,1,5
27,43,1,1,6
27,144,1,1,7
27,137,1,1,8
27,180,1,1,9
28,227,1,1,0
28,47,1,1,1
28,37,0,1,2
28,89,1,1,3
28,34,1,1,4
28,218,1,1,5
28,22,1,1,6
28,62,1,1,7
28,133,1,1,8
28,68,1,1,9
29,10,1,1,0
29,168,0,1,1
29,220,1,1,2
29,83,1,1,3
29,107,1,1,4
29,172,0,1,5
29,221,1,1,6
29,77,0,1,7
29,142,1,1,8
29,218,1,1,9
30,218,1,1,0
30,67,1,1,1
30,75,0,1,2
30,89,0,1,3
30,44,1,1,4
30,62,1,1,5
30,131,1,1,6
30,136,1,1,7
30,163,0,1,8
30,145,1,1,9
31,184,1,1,0
31,218,1,1,1
31,93,1,1,2
31,141,0,1,3
31,2,1,1,4
31,158,1,1,5
31,136,1,1,6
31,62,0,1,7
31,25,0,1,8
31,192,1,1,9
32,142,0,1,0
32,235,1,1,1
32,81,1,1,2
32,150,1,1,3
32,1,0,1,4
32,222,1,1,5
32,188,1,1,6
32,180,0,1,7
32,101,1,1,8
32,48,0,1,9
33,129,0,1,0
33,70,0,1,1
33,38,1,1,2
33,78,1,1,3
33,189,1,1,4
33,195,0,1,5
33,54,1,1,6
33,169,1,1,7
33,28,1,1,8
33,166,0,1,9
34,105,0,1,0
34,206,0,1,1
34,186,0,1,2
34,94,0,1,3
34,50,1,1,4
34,80,1,1,5
34,184,1,1,6
34,25,1,1,7
34,19,1,1,8
34,23,0,1,9
35,239,0,1,0
35,110,1,1,1
35,141,0,1,2
35,190,1,1,3
35,29,1,1,4
35,150,1,1,5
35,93,1,1,6
35,99,1,1,7
35,66,0,1,8
35,197,1,1,9
36,215,0,1,0
36,37,1,1,1
36,108,1,1,2
36,42,1,1,3
36,105,1,1,4
36,204,1,1,5
36,76,0,1,6
36,186,1,1,7
36,0,1,1,8
36,92,1,1,9
37,102,1,1,0
37,124,1,1,1
37,239,1,1,2
37,210,1,1,3
37,173,1,1,4
37,209,0,1,5
37,68,0,1,6
37,105,1,1,7
37,215,1,1,8
37,177,1,1,9
38,41,1,1,0
38,69,1,1,1
38,81,1,1,2
38,159,0,1,3
38,206,1,1,4
38,122,1,1,5
38,224,1,1,6
38,79,1,1,7
38,234,1,1,8
38,100,1,1,9
39,73,0,1,0
39,141,1,1,1
39,180,0,1,2
39,49,1,1,3
39,190,0,1,4
39,130,0,1,5
39,7,0,1,6
39,163,1,1,7
39,131,1,1,8
39,227,1,1,9
40,10,1,1,0
40,23,1,1,1
40,220,1,1,2
40,210,1,1,3
40,0,1,1,4
40,124,0,1,5
40,65,0,1,6
40,70,0,1,7
40,215,1,1,8
40,221,1,1,9
41,53,0,1,0
41,154,0,1,1
41,209,1,1,2
41,18,1,1,3
41,202,0,1,4
41,162,1,1,5
41,123,0,1,6
41,61,1,1,7
41,186,1,1,8
41,124,1,1,9
42,15,1,1,0
42,102,1,1,1
42,186,1,1,2
42,2,0,1,3
42,219,0,1,4
42,108,0,1,5
42,105,1,1,6
42,41,1,1,7
42,231,1,1,8
42,95,1,1,9
43,189,1,1,0
43,184,1,1,1
43,129,1,1,2
43,225,0,1,3
43,213,1,1,4
43,110,0,1,5
43,87,1,1,6
43,79,1,1,7
43,54,1,1,8
43,186,0,1,9
44,206,0,1,0
44,229,1,1,1
44,26,1,1,2
44,165,1,1,3
44,155,0,1,4
44,115,0,1,5
44,48,1,1,6
44,159,1,1,7
44,3,0,1,8
44,184,1,1,9
45,239,0,1,0
45,194,1,1,1
45,101,0,1,2
45,162,1,1,3
45,187,1,1,4
45,137,1,1,5
45,129,0,1,6
45,127,0,1,7
45,41,1,1,8
45,61,0,1,9
46,170,1,1,0
46,30,1,1,1
46,187,1,1,2
46,231,1,1,3
46,94,0,1,4
46,80,1,1,5
46,15,0,1,6
46,186,1,1,7
46,68,1,1,8
46,11,0,1,9
47,40,1,1,0
47,37,1,1,1
47,20,1,1,2
47,26,1,1,3
47,83,1,1,4
47,22,1,1,5
47,220,1,1,6
47,81,1,1,7
47,98,1,1,8
47,128,1,1,9
48,158,1,1,0
48,141,1,1,1
48,77,1,1,2
48,24,1,1,3
48,218,1,1,4
48,168,0,1,5
48,223,1,1,6
48,166,1,1,7
48,69,0,1,8
48,111,1,1,9
49,175,1,1,0
49,224,0,1,1
49,64,1,1,2
49,178,1,1,3
49,131,1,1,4
49,26,0,1,5
49,17,1,1,6
49,154,0,1,7
49,116,0,1,8
49,59,1,1,9
50,141,1,1,0
50,235,0,1,1
50,131,1,1,2
50,118,1,1,3
50,116,1,1,4
50,30,1,1,5
50,69,1,1,6
50,145,0,1,7
50,142,0,1,8
50,217,0,1,9
51,64,0,1,0
51,181,1,1,1
51,158,1,1,2
51,26,1,1,3
51,136,0,1,4
51,72,0,1,5
51,49,0,1,6
51,161,0,1,7
51,121,1,1,8
51,178,1,1,9
52,39,0,1,0
52,129,1,1,1
52,148,1,1,2
52,166,0,1,3
52,78,0,1,4
52,144,1,1,5
52,77,1,1,6
52,28,1,1,7
52,73,1,1,8
52,38,1,1,9
53,184,1,1,0
53,93,0,1,1
53,76,1,1,2
53,62,1,1,3
53,234,1,1,4
53,222,1,1,5
53,207,0,1,6
53,26,1,1,7
53,48,0,1,8
53,180,1,1,9
54,186,1,1,0
54,189,1,1,1
54,184,1,1,2
54,179,1,1,3
54,2,1,1,4
54,238,1,1,5
54,234,1,1,6
54,110,1,1,7
54,106,0,1,8
54,24,1,1,9
55,164,1,1,0
55,70,1,1,1
55,220,0,1,2
55,188,1,1,3
55,239,1,1,4
55,166,1,1,5
55,22,1,1,6
55,32,1,1,7
55,129,1,1,8
55,195,1,1,9
56,70,0,1,0
56,27,0,1,1
56,36,1,1,2
56,101,1,1,3
56,88,1,1,4
56,113,1,1,5
56,81,1,1,6
56,132,1,1,7
56,16,1,1,8
56,137,1,1,9
57,239,1,1,0
57,141,1,1,1
57,225,1,1,2
57,153,1,1,3
57,167,1,1,4
57,93,0,1,5
57,150,1,1,6
57,91,1,1,7
57,66,0,1,8
57,190,0,1,9
58,152,1,1,0
58,153,1,1,1
58,21,1,1,2
58,161,1,1,3
58,76,1,1,4
58,170,0,1,5
58,143,1,1,6
58,214,1,1,7
58,60,1,1,8
58,99,0,1,9
59,91,1,1,0
59,10,0,1,1
59,168,1,1,2
59,239,0,1,3
59,187,0,1,4
59,220,1,1,5
59,39,1,1,6
59,22,1,1,7
59,70,1,1,8
59,204,1,1,9
60,66,1,1,0
60,184,0,1,1
60,29,1,1,2
60,7,1,1,3
60,229,1,1,4
60,190,0,1,5
60,149,1,1,6
60,222,1,1,7
60,194,1,1,8
60,58,0,1,9
61,239,0,1,0
61,37,1,1,1
61,116,1,1,2
61,217,1,1,3
61,81,1,1,4
61,122,1,1,5
61,160,1,1,6
61,22,1,1,7
61,233,1,1,8
61,212,1,1,9
62,33,1,1,0
62,158,1,1,1
62,70,1,1,2
62,23,1,1,3
62,195,1,1,4
62,119,1,1,5
62,169,1,1,6
62,49,0,1,7
62,72,1,1,8
62,236,1,1,9
63,177,1,1,0
63,238,1,1,1
63,80,0,1,2
63,90,1,1,3
63,102,1,1,4
63,153,1,1,5
63,11,1,1,6
63,170,0,1,7
63,121,0,1,8
63,114,0,1,9
64,239,0,1,0
64,212,1,1,1
64,154,1,1,2
64,168,1,1,3
64,61,1,1,4
64,209,0,1,5
64,36,1,1,6
64,210,1,1,7
64,160,1,1,8
64,18,1,1,9
65,172,1,1,0
65,13,1,1,1
65,95,0,1,2
65,72,1,1,3
65,166,0,1,4
65,168,0,1,5
65,91,1,1,6
65,32,0,1,7
65,113,1,1,8
65,93,1,1,9
66,162,1,1,0
66,125,1,1,1
66,187,1,1,2
66,36,1,1,3
66,61,1,1,4
66,216,1,1,5
66,30,1,1,6
66,56,1,1,7
66,134,0,1,8
66,76,1,1,9
67,218,1,1,0
67,131,0,1,1
67,62,1,1,2
67,202,0,1,3
67,194,1,1,4
67,2,0,1,5
67,168,0,1,6
67,116,0,1,7
67,154,0,1,8
67,89,1,1,9
68,168,0,1,0
68,48,1,1,1
68,32,1,1,2
68,93,1,1,3
68,113,1,1,4
68,117,0,1,5
68,110,0,1,6
68,123,1,1,7
68,172,0,1,8
68,195,1,1,9
69,48,1,1,0
69,180,1,1,1
69,61,1,1,2
69,101,1,1,3
69,168,1,1,4
69,142,1,1,5
69,35,1,1,6
69,141,0,1,7
69,7,0,1,8
69,110,0,1,9
70,64,1,1,0
70,116,1,1,1
70,178,0,1,2
70,74,1,1,3
70,20,0,1,4
70,217,1,1,5
70,12,1,1,6
70,233,1,1,7
70,98,1,1,8
70,161,1,1,9
71,36,0,1,0
71,162,1,1,1
71,53,1,1,2
71,142,1,1,3
71,38,1,1,4
71,5,1,1,5
71,9,1,1,6
71,235,1,1,7
71,23,0,1,8
71,33,1,1,9
72,10,1,1,0
72,142,1,1,1
72,9,1,1,2
72,169,0,1,3
72,162,1,1,4
72,235,1,1,5
72,148,0,1,6
72,221,1,1,7
72,220,1,1,8
72,70,1,1,9
73,194,1,1,0
73,2,0,1,1
73,226,1,1,2
73,66,1,1,3
73,9,1,1,4
73,218,1,1,5
73,62,1,1,6
73,162,0,1,7
73,225,0,1,8
73,10,0,1,9
74,48,1,1,0
74,141,0,1,1
74,180,1,1,2
74,234,1,1,3
74,5,1,1,4
74,93,1,1,5
74,106,0,1,6
74,103,1,1,7
74,176,1,1,8
74,206,0,1,9
75,2,0,1,0
75,62,1,1,1
75,184,1,1,2
75,108,0,1,3
75,218,1,1,4
75,176,1,1,5
75,10,0,1,6
75,8,0,1,7
75,168,1,1,8
75,93,0,1,9
76,33,0,1,0
76,28,0,1,1
76,48,0,1,2
76,52,0,1,3
76,9,1,1,4
76,180,1,1,5
76,49,0,1,6
76,198,0,1,7
76,133,1,1,8
76,115,1,1,9
77,184,0,1,0
77,176,0,1,1
77,2,1,1,2
77,76,1,1,3
77,82,1,1,4
77,186,0,1,5
77,60,1,1,6
77,191,1,1,7
77,188,0,1,8
77,187,1,1,9
78,218,1,1,0
78,145,1,1,1
78,9,0,1,2
78,10,1,1,3
78,237,1,1,4
78,203,1,1,5
78,158,1,1,6
78,144,0,1,7
78,183,1,1,8
78,187,1,1,9
79,190,0,1,0
79,195,0,1,1
79,239,0,1,2
79,150,1,1,3
79,153,1,1,4
79,60,0,1,5
79,93,1,1,6
79,6,1,1,7
79,110,0,1,8
79,197,1,1,9
80,235,1,1,0
80,36,1,1,1
80,81,0,1,2
80,142,1,1,3
80,1,1,1,4
80,180,1,1,5
80,59,0,1,6
80,38,0,1,7
80,211,0,1,8
80,5,1,1,9
81,239,0,1,0
81,41,1,1,1
81,186,1,1,2
81,102,1,1,3
81,170,1,1,4
81,15,1,1,5
81,210,0,1,6
81,209,1,1,7
81,156,0,1,8
81,215,1,1,9
82,138,1,1,0
82,180,1,1,1
82,131,1,1,2
82,194,0,1,3
82,9,1,1,4
82,162,1,1,5
82,121,0,1,6
82,148,1,1,7
82,110,1,1,8
82,239,1,1,9
83,61,1,1,0
83,209,1,1,1
83,162,1,1,2
83,186,1,1,3
83,112,1,1,4
83,36,1,1,5
83,206,1,1,6
83,9,0,1,7
83,103,0,1,8
83,41,0,1,9
84,190,1,1,0
84,14,0,1,1
84,115,0,1,2
84,177,1,1,3
84,206,1,1,4
84,239,1,1,5
84,224,1,1,6
84,195,1,1,7
84,47,1,1,8
84,191,0,1,9
85,136,1,1,0
85,3,1,1,1
85,155,0,1,2
85,206,1,1,3
85,172,1,1,4
85,115,0,1,5
85,45,0,1,6
85,25,1,1,7
85,43,1,1,8
85,121,1,1,9
86,10,1,1,0
86,221,1,1,1
86,168,0,1,2
86,23,1,1,3
86,148,1,1,4
86,9,1,1,5
86,169,1,1,6
86,220,1,1,7
86,84,1,1,8
86,70,0,1,9
87,194,1,1,0
87,239,0,1,1
87,187,1,1,2
87,79,1,1,3
87,118,1,1,4
87,29,1,1,5
87,19,1,1,6
87,57,1,1,7
87,134,1,1,8
87,101,1,1,9
88,137,1,1,0
88,180,0,1,1
88,190,1,1,2
88,206,1,1,3
88,115,1,1,4
88,43,1,1,5
88,7,1,1,6
88,88,0,1,7
88,81,1,1,8
88,155,1,1,9
89,129,1,1,0
89,10,1,1,1
89,164,0,1,2
89,166,0,1,3
89,0,0,1,4
89,70,0,1,5
89,32,0,1,6
89,220,0,1,7
89,23,1,1,8
89,162,0,1,9
90,168,0,1,0
90,210,1,1,1
90,212,1,1,2
90,218,0,1,3
90,169,1,1,4
90,22,1,1,5
90,221,0,1,6
90,70,0,1,7
90,187,0,1,8
90,13,1,1,9
91,206,0,1,0
91,132,1,1,1
91,155,1,1,2
91,3,1,1,3
91,184,1,1,4
91,201,1,1,5
91,43,1,1,6
91,83,1,1,7
91,174,1,1,8
91,40,1,1,9
92,187,1,1,0
92,184,0,1,1
92,168,0,1,2
92,101,1,1,3
92,93,1,1,4
92,83,1,1,5
92,58,1,1,6
92,239,0,1,7
92,142,1,1,8
92,218,1,1,9
93,226,1,1,0
93,131,1,1,1
93,235,1,1,2
93,107,1,1,3
93,98,0,1,4
93,9,1,1,5
93,231,0,1,6
93,194,0,1,7
93,163,1,1,8
93,44,1,1,9
94,39,0,1,0
94,9,1,1,1
94,144,1,1,2
94,225,1,1,3
94,56,1,1,4
94,226,1,1,5
94,162,0,1,6
94,10,1,1,7
94,73,0,1,8
94,129,1,1,9
95,239,1,1,0
95,118,1,1,1
95,69,1,1,2
95,79,0,1,3
95,167,1,1,4
95,15,0,1,5
95,225,1,1,6
95,71,0,1,7
95,141,1,1,8
95,196,0,1,9
96,218,1,1,0
96,67,1,1,1
96,230,1,1,2
96,8,0,1,3
96,163,0,1,4
96,62,1,1,5
96,223,1,1,6
96,49,1,1,7
96,136,1,1,8
96,44,0,1,9
97,10,1,1,0
97,65,1,1,1
97,220,1,1,2
97,23,1,1,3
97,108,1,1,4
97,164,1,1,5
97,210,1,1,6
97,0,0,1,7
97,26,0,1,8
97,70,0,1,9
98,218,1,1,0
98,168,0,1,1
98,62,0,1,2
98,75,1,1,3
98,89,1,1,4
98,83,0,1,5
98,2,0,1,6
98,93,1,1,7
98,136,1,1,8
98,184,0,1,9
99,81,0,1,0
99,76,1,1,1
99,68,0,1,2
99,187,0,1,3
99,70,1,1,4
99,215,1,1,5
99,105,1,1,6
99,239,1,1,7
99,231,1,1,8
99,224,1,1,9
100,121,1,1,0
100,74,1,1,1
100,190,1,1,2
100,202,1,1,3
100,178,1,1,4
100,168,1,1,5
100,155,1,1,6
100,172,1,1,7
100,181,0,1,8
100,136,1,1,9
101,69,1,1,0
101,9,1,1,1
101,10,1,1,2
101,204,1,1,3
101,41,1,1,4
101,142,0,1,5
101,45,0,1,6
101,100,1,1,7
101,79,0,1,8
101,58,1,1,9
102,48,1,1,0
102,26,1,1,1
102,93,1,1,2
102,70,1,1,3
102,72,1,1,4
102,23,0,1,5
102,195,1,1,6
102,33,0,1,7
102,85,1,1,8
102,184,1,1,9
103,239,1,1,0
103,210,1,1,1
103,209,1,1,2
103,97,1,1,3
103,47,1,1,4
103,36,0,1,5
103,14,0,1,6
103,160,0,1,7
103,124,1,1,8
103,171,1,1,9
104,70,1,1,0
104,129,1,1,1
104,32,0,1,2
104,195,0,1,3
104,36,1,1,4
104,47,1,1,5
104,117,1,1,6
104,23,1,1,7
104,96,1,1,8
104,38,1,1,9
105,116,0,1,0
105,194,1,1,1
105,131,1,1,2
105,145,1,1,3
105,41,1,1,4
105,118,0,1,5
105,218,0,1,6
105,83,1,1,7
105,122,1,1,8
105,235,1,1,9
106,191,0,1,0
106,184,1,1,1
106,186,1,1,2
106,195,1,1,3
106,4,1,1,4
106,189,0,1,5
106,110,1,1,6
106,190,1,1,7
106,76,0,1,8
106,94,1,1,9
107,184,1,1,0
107,29,1,1,1
107,239,1,1,2
107,110,1,1,3
107,225,1,1,4
107,93,0,1,5
107,141,1,1,6
107,118,0,1,7
107,79,1,1,8
107,190,1,1,9
108,37,1,1,0
108,218,1,1,1
108,145,1,1,2
108,227,1,1,3
108,22,0,1,4
108,36,0,1,5
108,212,0,1,6
108,205,0,1,7
108,122,0,1,8
108,76,0,1,9
109,222,1,1,0
109,81,0,1,1
109,1,1,1,2
109,88,1,1,3
109,70,1,1,4
109,101,0,1,5
109,184,0,1,6
109,150,1,1,7
109,190,1,1,8
109,224,1,1,9
110,129,1,1,0
110,170,1,1,1
110,236,1,1,2
110,162,1,1,3
110,239,1,1,4
110,99,0,1,5
110,10,0,1,6
110,23,0,1,7
110,152,1,1,8
110,186,0,1,9
111,239,1,1,0
111,187,0,1,1
111,118,1,1,2
111,46,1,1,3
111,55,0,1,4
111,216,0,1,5
111,122,0,1,6
111,22,1,1,7
111,145,0,1,8
111,165,1,1,9
112,225,1,1,0
112,190,1,1,1
112,73,1,1,2
112,196,1,1,3
112,67,0,1,4
112,129,0,1,5
112,193,1,1,6
112,213,1,1,7
112,184,0,1,8
112,141,0,1,9
113,222,1,1,0
113,9,1,1,1
113,45,1,1,2
113,180,1,1,3
113,58,1,1,4
113,142,1,1,5
113,7,1,1,6
113,206,1,1,7
113,137,1,1,8
113,43,1,1,9
114,225,1,1,0
114,141,1,1,1
114,238,0,1,2
114,110,1,1,3
114,234,0,1,4
114,184,0,1,5
114,93,1,1,6
114,138,0,1,7
114,189,0,1,8
114,186,1,1,9
115,70,1,1,0
115,10,1,1,1
115,220,0,1,2
115,188,1,1,3
115,164,1,1,4
115,169,1,1,5
115,22,1,1,6
115,46,1,1,7
115,239,0,1,8
115,187,1,1,9
116,134,1,1,0
116,4,1,1,1
116,78,0,1,2
116,76,1,1,3
116,7,1,1,4
116,119,0,1,5
116,189,1,1,6
116,184,1,1,7
116,179,1,1,8
116,228,0,1,9
117,1,1,1,0
117,36,1,1,1
117,101,1,1,2
117,239,1,1,3
117,70,1,1,4
117,129,1,1,5
117,53,1,1,6
117,150,0,1,7
117,38,1,1,8
117,235,1,1,9
118,142,1,1,0
118,184,1,1,1
118,9,1,1,2
118,7,1,1,3
118,58,1,1,4
118,201,1,1,5
118,128,1,1,6
118,25,1,1,7
118,180,0,1,8
118,50,0,1,9
119,144,1,1,0
119,187,1,1,1
119,170,0,1,2
119,15,1,1,3
119,11,1,1,4
119,13,0,1,5
119,237,1,1,6
119,239,1,1,7
119,145,1,1,8
119,125,1,1,9
0,193,0,2,0
0,67,1,2,1
0,190,0,2,2
0,149,1,2,3
0,229,1,2,4
0,196,1,2,5
0,239,1,2,6
0,232,1,2,7
0,150,1,2,8
0,66,1,2,9
1,184,1,2,0
1,231,1,2,1
1,226,1,2,2
1,213,1,2,3
1,79,0,2,4
1,208,1,2,5
1,107,1,2,6
1,185,1,2,7
1,98,1,2,8
1,105,1,2,9
2,190,0,2,0
2,52,0,2,1
2,113,1,2,2
2,144,1,2,3
2,137,0,2,4
2,61,1,2,5
2,39,1,2,6
2,206,1,2,7
2,115,1,2,8
2,180,1,2,9
3,83,1,2,0
3,107,0,2,1
3,26,1,2,2
3,102,1,2,3
3,74,1,2,4
3,57,1,2,5
3,239,1,2,6
3,116,1,2,7
3,219,1,2,8
3,20,0,2,9
4,129,0,2,0
4,137,1,2,1
4,189,1,2,2
4,166,0,2,3
4,101,0,2,4
4,206,0,2,5
4,91,0,2,6
4,77,1,2,7
4,32,1,2,8
4,239,1,2,9
5,168,1,2,0
5,124,1,2,1
5,115,1,2,2
5,53,1,2,3
5,123,1,2,4
5,229,1,2,5
5,130,0,2,6
5,190,0,2,7
5,138,1,2,8
5,45,0,2,9
6,129,1,2,0
6,215,0,2,1
6,53,1,2,2
6,70,1,2,3
6,0,0,2,4
6,36,1,2,5
6,209,1,2,6
6,173,1,2,7
6,239,0,2,8
6,23,0,2,9
7,64,1,2,0
7,169,1,2,1
7,49,1,2,2
7,178,0,2,3
7,72,1,2,4
7,47,1,2,5
7,74,1,2,6
7,163,1,2,7
7,161,1,2,8
7,70,1,2,9
8,180,1,2,0
8,7,1,2,1
8,190,1,2,2
8,184,1,2,3
8,73,0,2,4
8,4,1,2,5
8,211,0,2,6
8,141,1,2,7
8,93,0,2,8
8,213,1,2,9
9,138,1,2,0
9,129,0,2,1
9,146,0,2,2
9,66,0,2,3
9,140,1,2,4
9,90,1,2,5
9,110,1,2,6
9,50,1,2,7
9,123,1,2,8
9,111,1,2,9
10,10,1,2,0
10,105,0,2,1
10,41,1,2,2
10,80,1,2,3
10,231,1,2,4
10,185,0,2,5
10,9,1,2,6
10,56,0,2,7
10,122,0,2,8
10,131,0,2,9
11,208,1,2,0
11,67,1,2,1
11,64,1,2,2
11,74,0,2,3
11,70,0,2,4
11,26,0,2,5
11,98,1,2,6
11,96,1,2,7
11,20,0,2,8
11,116,1,2,9
12,239,1,2,0
12,210,0,2,1
12,209,1,2,2
12,124,1,2,3
12,102,1,2,4
12,97,1,2,5
12,177,0,2,6
12,170,1,2,7
12,168,1,2,8
12,109,1,2,9
13,225,1,2,0
13,213,1,2,1
13,129,1,2,2
13,73,1,2,3
13,120,1,2,4
13,66,1,2,5
13,189,1,2,6
13,39,0,2,7
13,24,0,2,8
13,184,1,2,9
14,116,1,2,0
14,37,1,2,1
14,41,0,2,2
14,81,0,2,3
14,217,1,2,4
14,122,0,2,5
14,131,0,2,6
14,67,1,2,7
14,145,0,2,8
14,160,0,2,9
15,11,1,2,0
15,238,1,2,1
15,54,1,2,2
15,239,1,2,3
15,187,1,2,4
15,99,1,2,5
15,153,1,2,6
15,170,1,2,7
15,122,0,2,8
15,15,0,2,9
16,10,0,2,0
16,68,1,2,1
16,170,1,2,2
16,105,1,2,3
16,220,1,2,4
16,210,0,2,5
16,102,1,2,6
16,95,1,2,7
16,109,1,2,8
16,52,1,2,9
17,47,1,2,0
17,195,1,2,1
17,33,1,2,2
17,126,1,2,3
17,161,1,2,4
17,70,1,2,5
17,23,1,2,6
17,72,1,2,7
17,52,1,2,8
17,129,1,2,9
18,10,1,2,0
18,70,0,2,1
18,220,1,2,2
18,68,0,2,3
18,22,1,2,4
18,56,1,2,5
18,162,1,2,6
18,139,1,2,7
18,187,1,2,8
18,23,1,2,9
19,32,0,2,0
19,80,1,2,1
19,121,1,2,2
19,206,1,2,3
19,178,1,2,4
19,110,1,2,5
19,90,1,2,6
19,239,0,2,7
19,177,0,2,8
19,74,0,2,9
20,184,1,2,0
20,7,1,2,1
20,172,1,2,2
20,192,1,2,3
20,43,1,2,4
20,19,0,2,5
20,190,1,2,6
20,169,1,2,7
20,91,0,2,8
20,70,1,2,9
21,239,0,2,0
21,141,1,2,1
21,99,1,2,2
21,69,1,2,3
21,129,1,2,4
21,214,1,2,5
21,197,1,2,6
21,190,1,2,7
21,115,1,2,8
21,150,0,2,9
22,186,1,2,0
22,184,1,2,1
22,94,1,2,2
22,76,0,2,3
22,206,0,2,4
22,105,1,2,5
22,224,1,2,6
22,159,0,2,7
22,92,1,2,8
22,82,1,2,9
23,66,1,2,0
23,129,0,2,1
23,190,1,2,2
23,110,1,2,3
23,225,1,2,4
23,7,1,2,5
23,138,1,2,6
23,199,1,2,7
23,180,1,2,8
23,146,1,2,9
24,121,1,2,0
24,109,0,2,1
24,97,1,2,2
24,154,1,2,3
24,198,0,2,4
24,52,0,2,5
24,36,0,2,6
24,61,1,2,7
24,33,0,2,8
24,124,1,2,9
25,39,1,2,0
25,225,1,2,1
25,144,0,2,2
25,73,1,2,3
25,141,1,2,4
25,54,1,2,5
25,91,1,2,6
25,189,0,2,7
25,77,1,2,8
25,24,1,2,9
26,48,1,2,0
26,123,0,2,1
26,168,1,2,2
26,229,1,2,3
26,93,0,2,4
26,26,1,2,5
26,117,1,2,6
26,206,1,2,7
26,3,0,2,8
26,112,0,2,9
27,129,1,2,0
27,190,0,2,1
27,166,1,2,2
27,195,1,2,3
27,78,1,2,4
27,144,1,2,5
27,43,1,2,6
27,14,0,2,7
27,180,1,2,8
27,137,0,2,9
28,227,1,2,0
28,47,1,2,1
28,37,1,2,2
28,89,0,2,3
28,218,1,2,4
28,34,0,2,5
28,22,0,2,6
28,62,1,2,7
28,68,0,2,8
28,133,1,2,9
29,10,0,2,0
29,168,1,2,1
29,220,1,2,2
29,83,0,2,3
29,107,1,2,4
29,142,0,2,5
29,172,0,2,6
29,218,0,2,7
29,221,0,2,8
29,77,0,2,9
30,218,0,2,0
30,67,1,2,1
30,75,0,2,2
30,89,1,2,3
30,62,1,2,4
30,44,1,2,5
30,131,0,2,6
30,136,1,2,7
30,145,0,2,8
30,163,1,2,9
31,184,1,2,0
31,218,1,2,1
31,93,1,2,2
31,141,0,2,3
31,2,1,2,4
31,136,1,2,5
31,158,0,2,6
31,62,1,2,7
31,25,1,2,8
31,192,1,2,9
32,142,0,2,0
32,235,1,2,1
32,81,1,2,2
32,150,1,2,3
32,1,1,2,4
32,222,1,2,5
32,188,1,2,6
32,180,1,2,7
32,101,1,2,8
32,48,1,2,9
33,70,1,2,0
33,129,1,2,1
33,38,0,2,2
33,189,1,2,3
33,195,1,2,4
33,78,0,2,5
33,169,1,2,6
33,54,1,2,7
33,166,0,2,8
33,162,1,2,9
34,105,1,2,0
34,206,1,2,1
34,186,1,2,2
34,94,0,2,3
34,50,0,2,4
34,184,1,2,5
34,80,0,2,6
34,23,0,2,7
34,25,1,2,8
34,162,1,2,9
35,239,1,2,0
35,110,1,2,1
35,141,0,2,2
35,190,0,2,3
35,29,1,2,4
35,93,0,2,5
35,150,0,2,6
35,66,0,2,7
35,99,1,2,8
35,225,1,2,9
36,215,0,2,0
36,37,0,2,1
36,108,1,2,2
36,105,1,2,3
36,42,1,2,4
36,186,1,2,5
36,76,1,2,6
36,0,1,2,7
36,204,1,2,8
36,92,0,2,9
37,102,1,2,0
37,124,1,2,1
37,239,1,2,2
37,210,1,2,3
37,209,1,2,4
37,173,1,2,5
37,68,1,2,6
37,105,0,2,7
37,215,0,2,8
37,177,1,2,9
38,41,1,2,0
38,69,0,2,1
38,81,1,2,2
38,206,1,2,3
38,159,0,2,4
38,122,1,2,5
38,224,0,2,6
38,79,1,2,7
38,234,0,2,8
38,186,1,2,9
39,73,1,2,0
39,141,0,2,1
39,180,1,2,2
39,49,1,2,3
39,190,0,2,4
39,7,1,2,5
39,130,1,2,6
39,131,1,2,7
39,163,1,2,8
39,227,0,2,9
40,10,0,2,0
40,23,0,2,1
40,220,1,2,2
40,210,1,2,3
40,70,1,2,4
40,0,0,2,5
40,124,1,2,6
40,65,0,2,7
40,215,0,2,8
40,221,0,2,9
41,53,1,2,0
41,154,1,2,1
41,209,0,2,2
41,162,0,2,3
41,202,0,2,4
41,18,1,2,5
41,123,0,2,6
41,61,1,2,7
41,186,0,2,8
41,124,1,2,9
42,15,1,2,0
42,102,1,2,1
42,186,0,2,2
42,2,1,2,3
42,108,0,2,4
42,219,1,2,5
42,105,0,2,6
42,41,1,2,7
42,231,0,2,8
42,95,1,2,9
43,189,0,2,0
43,184,0,2,1
43,129,0,2,2
43,225,1,2,3
43,110,0,2,4
43,213,1,2,5
43,79,0,2,6
43,54,1,2,7
43,87,0,2,8
43,186,1,2,9
44,206,1,2,0
44,229,1,2,1
44,26,1,2,2
44,155,1,2,3
44,165,1,2,4
44,115,0,2,5
44,48,1,2,6
44,184,1,2,7
44,159,1,2,8
44,3,1,2,9
45,239,1,2,0
45,194,1,2,1
45,162,1,2,2
45,101,1,2,3
45,187,0,2,4
45,137,0,2,5
45,129,1,2,6
45,127,1,2,7
45,41,0,2,8
45,61,1,2,9
46,170,1,2,0
46,30,0,2,1
46,187,1,2,2
46,231,1,2,3
46,94,1,2,4
46,80,0,2,5
46,186,1,2,6
46,15,0,2,7
46,68,1,2,8
46,11,1,2,9
47,40,1,2,0
47,37,1,2,1
47,26,1,2,2
47,20,1,2,3
47,83,1,2,4
47,22,1,2,5
47,220,1,2,6
47,81,1,2,7
47,98,1,2,8
47,128,1,2,9
48,158,1,2,0
48,141,1,2,1
48,77,0,2,2
48,24,1,2,3
48,218,0,2,4
48,168,1,2,5
48,166,0,2,6
48,223,1,2,7
48,69,1,2,8
48,10,0,2,9
49,175,0,2,0
49,64,1,2,1
49,178,1,2,2
49,224,1,2,3
49,131,1,2,4
49,26,1,2,5
49,17,0,2,6
49,116,1,2,7
49,154,0,2,8
49,59,0,2,9
50,141,0,2,0
50,235,1,2,1
50,131,1,2,2
50,118,1,2,3
50,116,0,2,4
50,30,1,2,5
50,69,1,2,6
50,142,0,2,7
50,145,1,2,8
50,239,0,2,9
51,64,1,2,0
51,158,1,2,1
51,181,1,2,2
51,26,1,2,3
51,72,0,2,4
51,136,0,2,5
51,49,0,2,6
51,161,0,2,7
51,121,1,2,8
51,178,1,2,9
52,39,1,2,0
52,129,0,2,1
52,148,0,2,2
52,166,1,2,3
52,144,1,2,4
52,78,1,2,5
52,77,1,2,6
52,28,1,2,7
52,73,1,2,8
52,38,1,2,9
53,184,0,2,0
53,93,1,2,1
53,76,1,2,2
53,62,1,2,3
53,222,1,2,4
53,234,1,2,5
53,26,1,2,6
53,180,0,2,7
53,48,1,2,8
53,207,1,2,9
54,186,1,2,0
54,189,0,2,1
54,184,1,2,2
54,2,1,2,3
54,179,1,2,4
54,110,0,2,5
54,238,1,2,6
54,234,0,2,7
54,93,0,2,8
54,106,1,2,9
55,164,1,2,0
55,70,0,2,1
55,220,1,2,2
55,239,1,2,3
55,166,0,2,4
55,188,1,2,5
55,22,0,2,6
55,129,1,2,7
55,32,1,2,8
55,195,0,2,9
56,70,1,2,0
56,36,1,2,1
56,27,1,2,2
56,101,0,2,3
56,88,0,2,4
56,113,1,2,5
56,81,0,2,6
56,132,0,2,7
56,22,1,2,8
56,137,1,2,9
57,239,0,2,0
57,141,1,2,1
57,225,1,2,2
57,93,1,2,3
57,153,1,2,4
57,167,1,2,5
57,150,1,2,6
57,190,0,2,7
57,129,1,2,8
57,91,0,2,9
58,152,1,2,0
58,153,0,2,1
58,21,1,2,2
58,161,1,2,3
58,76,1,2,4
58,170,1,2,5
58,186,1,2,6
58,143,1,2,7
58,214,1,2,8
58,239,1,2,9
59,91,1,2,0
59,10,1,2,1
59,168,1,2,2
59,239,1,2,3
59,187,1,2,4
59,220,0,2,5
59,39,1,2,6
59,22,1,2,7
59,70,1,2,8
59,204,1,2,9
60,184,1,2,0
60,66,0,2,1
60,29,1,2,2
60,7,1,2,3
60,190,1,2,4
60,229,1,2,5
60,180,1,2,6
60,149,1,2,7
60,194,0,2,8
60,58,1,2,9
61,239,1,2,0
61,37,1,2,1
61,116,1,2,2
61,217,1,2,3
61,81,0,2,4
61,122,1,2,5
61,160,0,2,6
61,22,0,2,7
61,233,1,2,8
61,212,1,2,9
62,33,1,2,0
62,70,1,2,1
62,23,1,2,2
62,158,1,2,3
62,195,1,2,4
62,169,1,2,5
62,119,1,2,6
62,49,1,2,7
62,72,1,2,8
62,48,0,2,9
63,177,1,2,0
63,238,0,2,1
63,80,1,2,2
63,102,1,2,3
63,90,0,2,4
63,153,0,2,5
63,11,1,2,6
63,170,1,2,7
63,121,0,2,8
63,239,0,2,9
64,239,1,2,0
64,212,1,2,1
64,154,1,2,2
64,168,1,2,3
64,61,1,2,4
64,36,0,2,5
64,209,1,2,6
64,210,1,2,7
64,160,1,2,8
64,194,0,2,9
65,172,1,2,0
65,13,1,2,1
65,95,1,2,2
65,166,0,2,3
65,72,1,2,4
65,168,1,2,5
65,91,1,2,6
65,93,0,2,7
65,32,1,2,8
65,113,1,2,9
66,162,1,2,0
66,187,1,2,1
66,36,0,2,2
66,125,1,2,3
66,61,1,2,4
66,216,1,2,5
66,30,1,2,6
66,56,1,2,7
66,134,1,2,8
66,170,1,2,9
67,218,1,2,0
67,131,0,2,1
67,62,1,2,2
67,194,0,2,3
67,202,0,2,4
67,168,0,2,5
67,2,1,2,6
67,116,1,2,7
67,141,0,2,8
67,154,1,2,9
68,168,1,2,0
68,48,0,2,1
68,32,1,2,2
68,93,0,2,3
68,110,1,2,4
68,113,1,2,5
68,117,1,2,6
68,123,1,2,7
68,172,0,2,8
68,184,0,2,9
69,48,1,2,0
69,180,1,2,1
69,61,1,2,2
69,101,0,2,3
69,168,1,2,4
69,142,0,2,5
69,141,1,2,6
69,35,1,2,7
69,110,0,2,8
69,239,1,2,9
70,64,1,2,0
70,116,0,2,1
70,178,1,2,2
70,74,1,2,3
70,20,1,2,4
70,217,1,2,5
70,12,1,2,6
70,233,1,2,7
70,161,1,2,8
70,98,0,2,9
71,36,1,2,0
71,162,1,2,1
71,142,0,2,2
71,53,1,2,3
71,38,1,2,4
71,9,1,2,5
71,5,1,2,6
71,235,1,2,7
71,23,0,2,8
71,180,1,2,9
72,10,1,2,0
72,142,1,2,1
72,9,1,2,2
72,162,1,2,3
72,169,1,2,4
72,235,1,2,5
72,70,1,2,6
72,220,1,2,7
72,221,1,2,8
72,148,0,2,9
73,194,1,2,0
73,2,1,2,1
73,226,1,2,2
73,9,1,2,3
73,66,1,2,4
73,218,1,2,5
73,162,1,2,6
73,62,1,2,7
73,225,0,2,8
73,10,1,2,9
74,48,0,2,0
74,141,1,2,1
74,180,1,2,2
74,234,0,2,3
74,93,1,2,4
74,5,0,2,5
74,106,1,2,6
74,103,0,2,7
74,206,0,2,8
74,184,1,2,9
75,2,1,2,0
75,184,1,2,1
75,62,1,2,2
75,218,0,2,3
75,108,1,2,4
75,10,1,2,5
75,176,1,2,6
75,168,1,2,7
75,8,1,2,8
75,93,1,2,9
76,33,1,2,0
76,48,1,2,1
76,28,1,2,2
76,180,1,2,3
76,9,1,2,4
76,52,1,2,5
76,49,0,2,6
76,115,1,2,7
76,198,0,2,8
76,133,1,2,9
77,184,1,2,0
77,176,1,2,1
77,2,1,2,2
77,76,1,2,3
77,82,1,2,4
77,186,1,2,5
77,187,1,2,6
77,60,0,2,7
77,191,1,2,8
77,188,0,2,9
78,218,1,2,0
78,145,1,2,1
78,9,1,2,2
78,10,1,2,3
78,237,1,2,4
78,203,1,2,5
78,144,1,2,6
78,158,1,2,7
78,187,1,2,8
78,183,1,2,9
79,190,0,2,0
79,195,1,2,1
79,239,1,2,2
79,150,1,2,3
79,93,0,2,4
79,153,1,2,5
79,60,1,2,6
79,110,0,2,7
79,6,1,2,8
79,197,0,2,9
80,235,0,2,0
80,36,1,2,1
80,81,1,2,2
80,142,1,2,3
80,180,1,2,4
80,1,1,2,5
80,38,1,2,6
80,59,1,2,7
80,5,0,2,8
80,76,0,2,9
81,239,1,2,0
81,41,1,2,1
81,186,1,2,2
81,170,0,2,3
81,102,1,2,4
81,15,1,2,5
81,209,1,2,6
81,210,1,2,7
81,156,1,2,8
81,215,1,2,9
82,138,1,2,0
82,180,0,2,1
82,131,1,2,2
82,9,0,2,3
82,194,0,2,4
82,162,0,2,5
82,110,1,2,6
82,239,1,2,7
82,121,0,2,8
82,148,1,2,9
83,61,1,2,0
83,209,1,2,1
83,162,0,2,2
83,186,0,2,3
83,36,1,2,4
83,206,1,2,5
83,112,1,2,6
83,9,1,2,7
83,41,1,2,8
83,103,0,2,9
84,190,1,2,0
84,14,1,2,1
84,115,1,2,2
84,239,1,2,3
84,206,0,2,4
84,177,1,2,5
84,224,1,2,6
84,195,0,2,7
84,47,1,2,8
84,81,0,2,9
85,136,1,2,0
85,3,0,2,1
85,155,1,2,2
85,206,1,2,3
85,115,1,2,4
85,172,1,2,5
85,45,1,2,6
85,43,1,2,7
85,25,0,2,8
85,121,1,2,9
86,10,1,2,0
86,221,1,2,1
86,168,0,2,2
86,23,0,2,3
86,148,0,2,4
86,9,1,2,5
86,169,0,2,6
86,70,1,2,7
86,220,0,2,8
86,162,1,2,9
87,194,1,2,0
87,239,1,2,1
87,187,0,2,2
87,79,0,2,3
87,118,1,2,4
87,29,1,2,5
87,184,1,2,6
87,19,0,2,7
87,57,1,2,8
87,134,1,2,9
88,137,1,2,0
88,180,0,2,1
88,190,1,2,2
88,206,1,2,3
88,115,1,2,4
88,43,0,2,5
88,7,0,2,6
88,81,0,2,7
88,110,1,2,8
88,88,1,2,9
89,129,1,2,0
89,10,1,2,1
89,164,1,2,2
89,166,1,2,3
89,70,1,2,4
89,0,1,2,5
89,220,0,2,6
89,32,0,2,7
89,23,0,2,8
89,162,0,2,9
90,168,1,2,0
90,210,1,2,1
90,218,0,2,2
90,212,1,2,3
90,22,1,2,4
90,169,1,2,5
90,70,0,2,6
90,221,1,2,7
90,187,0,2,8
90,239,1,2,9
91,206,0,2,0
91,184,1,2,1
91,155,1,2,2
91,132,0,2,3
91,3,0,2,4
91,201,1,2,5
91,43,1,2,6
91,83,1,2,7
91,69,1,2,8
91,40,1,2,9
92,187,1,2,0
92,184,1,2,1
92,168,0,2,2
92,101,1,2,3
92,93,1,2,4
92,83,0,2,5
92,58,1,2,6
92,239,1,2,7
92,142,1,2,8
92,218,1,2,9
93,226,1,2,0
93,131,1,2,1
93,235,1,2,2
93,9,1,2,3
93,98,1,2,4
93,107,0,2,5
93,231,0,2,6
93,194,1,2,7
93,163,1,2,8
93,79,1,2,9
94,39,1,2,0
94,9,0,2,1
94,144,1,2,2
94,225,0,2,3
94,56,1,2,4
94,226,0,2,5
94,162,1,2,6
94,10,1,2,7
94,129,1,2,8
94,73,0,2,9
95,239,1,2,0
95,118,1,2,1
95,79,0,2,2
95,69,1,2,3
95,167,1,2,4
95,15,1,2,5
95,225,0,2,6
95,141,1,2,7
95,71,1,2,8
95,196,0,2,9
96,218,1,2,0
96,67,1,2,1
96,163,0,2,2
96,8,1,2,3
96,230,1,2,4
96,62,1,2,5
96,49,0,2,6
96,223,0,2,7
96,136,1,2,8
96,73,0,2,9
97,10,1,2,0
97,65,1,2,1
97,220,1,2,2
97,23,1,2,3
97,108,0,2,4
97,210,0,2,5
97,164,1,2,6
97,70,1,2,7
97,26,1,2,8
97,0,1,2,9
98,218,1,2,0
98,168,1,2,1
98,62,1,2,2
98,75,1,2,3
98,89,1,2,4
98,83,1,2,5
98,2,1,2,6
98,93,0,2,7
98,184,1,2,8
98,136,1,2,9
99,81,0,2,0
99,76,1,2,1
99,68,0,2,2
99,187,0,2,3
99,70,1,2,4
99,239,1,2,5
99,215,1,2,6
99,105,1,2,7
99,231,0,2,8
99,102,0,2,9
100,121,1,2,0
100,74,1,2,1
100,190,0,2,2
100,202,1,2,3
100,178,1,2,4
100,168,0,2,5
100,155,1,2,6
100,172,0,2,7
100,239,1,2,8
100,136,1,2,9
101,69,1,2,0
101,9,1,2,1
101,10,1,2,2
101,204,0,2,3
101,41,0,2,4
101,142,1,2,5
101,79,1,2,6
101,45,1,2,7
101,58,0,2,8
101,100,1,2,9
102,48,1,2,0
102,93,1,2,1
102,70,1,2,2
102,26,1,2,3
102,23,0,2,4
102,72,1,2,5
102,184,1,2,6
102,195,1,2,7
102,33,1,2,8
102,85,0,2,9
103,239,1,2,0
103,210,1,2,1
103,209,1,2,2
103,36,1,2,3
103,97,1,2,4
103,47,0,2,5
103,14,1,2,6
103,160,0,2,7
103,124,0,2,8
103,194,1,2,9
104,70,1,2,0
104,129,1,2,1
104,32,0,2,2
104,195,1,2,3
104,36,1,2,4
104,23,1,2,5
104,47,1,2,6
104,117,1,2,7
104,96,1,2,8
104,239,1,2,9
105,116,0,2,0
105,194,0,2,1
105,131,1,2,2
105,145,1,2,3
105,218,1,2,4
105,41,1,2,5
105,83,1,2,6
105,118,1,2,7
105,122,1,2,8
105,235,1,2,9
106,191,1,2,0
106,184,1,2,1
106,186,1,2,2
106,195,1,2,3
106,110,1,2,4
106,189,1,2,5
106,190,0,2,6
106,4,0,2,7
106,76,1,2,8
106,94,1,2,9
107,184,1,2,0
107,239,1,2,1
107,110,1,2,2
107,29,0,2,3
107,225,1,2,4
107,93,1,2,5
107,141,0,2,6
107,79,0,2,7
107,118,1,2,8
107,190,1,2,9
108,37,1,2,0
108,218,0,2,1
108,145,1,2,2
108,22,0,2,3
108,36,0,2,4
108,227,1,2,5
108,212,1,2,6
108,122,0,2,7
108,205,1,2,8
108,239,1,2,9
109,222,1,2,0
109,81,1,2,1
109,1,0,2,2
109,70,0,2,3
109,88,1,2,4
109,184,0,2,5
109,101,1,2,6
109,190,1,2,7
109,150,1,2,8
109,239,1,2,9
110,129,1,2,0
110,170,1,2,1
110,162,1,2,2
110,239,1,2,3
110,23,1,2,4
110,10,0,2,5
110,99,0,2,6
110,236,1,2,7
110,186,0,2,8
110,152,0,2,9
111,239,1,2,0
111,187,1,2,1
111,118,1,2,2
111,46,1,2,3
111,55,1,2,4
111,216,1,2,5
111,22,1,2,6
111,122,0,2,7
111,145,0,2,8
111,10,1,2,9
112,225,1,2,0
112,190,0,2,1
112,73,0,2,2
112,196,1,2,3
112,129,1,2,4
112,67,1,2,5
112,193,1,2,6
112,213,0,2,7
112,184,0,2,8
112,141,0,2,9
113,222,1,2,0
113,9,1,2,1
113,180,1,2,2
113,45,1,2,3
113,58,1,2,4
113,142,1,2,5
113,206,1,2,6
113,7,1,2,7
113,137,0,2,8
113,43,1,2,9
114,141,1,2,0
114,225,1,2,1
114,238,1,2,2
114,110,0,2,3
114,184,1,2,4
114,234,1,2,5
114,93,1,2,6
114,186,1,2,7
114,138,1,2,8
114,189,1,2,9
115,70,1,2,0
115,10,1,2,1
115,220,0,2,2
115,188,1,2,3
115,169,1,2,4
115,164,0,2,5
115,22,1,2,6
115,239,1,2,7
115,46,1,2,8
115,23,1,2,9
116,134,0,2,0
116,4,1,2,1
116,78,1,2,2
116,184,1,2,3
116,76,1,2,4
116,7,1,2,5
116,189,1,2,6
116,73,1,2,7
116,119,1,2,8
116,179,1,2,9
117,1,0,2,0
117,36,1,2,1
117,239,1,2,2
117,70,1,2,3
117,101,1,2,4
117,129,0,2,5
117,53,1,2,6
117,150,0,2,7
117,38,0,2,8
117,162,0,2,9
118,184,1,2,0
118,142,1,2,1
118,9,0,2,2
118,7,1,2,3
118,58,1,2,4
118,180,1,2,5
118,201,0,2,6
118,25,0,2,7
118,128,1,2,8
118,206,0,2,9
119,144,1,2,0
119,187,1,2,1
119,170,1,2,2
119,15,0,2,3
119,239,1,2,4
119,11,0,2,5
119,13,1,2,6
119,237,1,2,7
119,145,1,2,8
119,54,1,2,9
0,190,1,3,0
0,193,0,3,1
0,67,1,3,2
0,229,1,3,3
0,149,0,3,4
0,196,1,3,5
0,239,0,3,6
0,232,0,3,7
0,150,0,3,8
0,66,1,3,9
1,184,0,3,0
1,231,1,3,1
1,226,1,3,2
1,213,1,3,3
1,79,0,3,4
1,98,0,3,5
1,105,1,3,6
1,107,0,3,7
1,208,0,3,8
1,185,0,3,9
2,190,0,3,0
2,52,1,3,1
2,144,1,3,2
2,113,0,3,3
2,137,0,3,4
2,206,1,3,5
2,61,1,3,6
2,39,1,3,7
2,115,1,3,8
2,180,1,3,9
3,83,1,3,0
3,26,1,3,1
3,102,1,3,2
3,107,1,3,3
3,74,1,3,4
3,57,0,3,5
3,239,0,3,6
3,116,1,3,7
3,219,0,3,8
3,20,1,3,9
4,129,1,3,0
4,137,1,3,1
4,189,1,3,2
4,166,1,3,3
4,101,1,3,4
4,206,1,3,5
4,91,0,3,6
4,77,0,3,7
4,239,1,3,8
4,32,0,3,9
5,168,1,3,0
5,124,1,3,1
5,115,1,3,2
5,53,1,3,3
5,123,1,3,4
5,229,0,3,5
5,190,1,3,6
5,130,1,3,7
5,138,1,3,8
5,142,0,3,9
6,129,0,3,0
6,215,1,3,1
6,53,1,3,2
6,70,1,3,3
6,36,1,3,4
6,0,0,3,5
6,209,1,3,6
6,239,0,3,7
6,162,1,3,8
6,173,0,3,9
7,64,0,3,0
7,169,1,3,1
7,49,0,3,2
7,178,1,3,3
7,72,1,3,4
7,74,0,3,5
7,47,1,3,6
7,163,1,3,7
7,70,1,3,8
7,161,0,3,9
8,180,0,3,0
8,7,1,3,1
8,190,0,3,2
8,184,1,3,3
8,73,0,3,4
8,4,1,3,5
8,141,1,3,6
8,93,1,3,7
8,211,1,3,8
8,48,1,3,9
9,129,1,3,0
9,138,0,3,1
9,146,1,3,2
9,66,0,3,3
9,110,0,3,4
9,140,1,3,5
9,90,0,3,6
9,123,1,3,7
9,186,1,3,8
9,50,0,3,9
10,10,1,3,0
10,105,1,3,1
10,41,1,3,2
10,80,1,3,3
10,231,1,3,4
10,9,0,3,5
10,185,1,3,6
10,56,0,3,7
10,122,1,3,8
10,131,0,3,9
11,208,1,3,0
11,67,1,3,1
11,70,1,3,2
11,64,1,3,3
11,74,1,3,4
11,26,1,3,5
11,98,1,3,6
11,96,1,3,7
11,20,1,3,8
11,116,1,3,9
12,239,0,3,0
12,210,1,3,1
12,209,1,3,2
12,124,0,3,3
12,102,0,3,4
12,97,1,3,5
12,177,1,3,6
12,170,0,3,7
12,168,1,3,8
12,186,1,3,9
13,225,1,3,0
13,213,1,3,1
13,129,0,3,2
13,73,1,3,3
13,66,1,3,4
13,189,0,3,5
13,120,0,3,6
13,39,1,3,7
13,184,1,3,8
13,24,0,3,9
14,116,0,3,0
14,37,1,3,1
14,41,0,3,2
14,81,0,3,3
14,217,1,3,4
14,122,1,3,5
14,131,0,3,6
14,67,0,3,7
14,145,1,3,8
14,160,0,3,9
15,11,1,3,0
15,238,0,3,1
15,239,0,3,2
15,187,1,3,3
15,54,0,3,4
15,99,1,3,5
15,170,1,3,6
15,122,1,3,7
15,153,1,3,8
15,15,1,3,9
16,10,0,3,0
16,68,0,3,1
16,170,0,3,2
16,105,1,3,3
16,220,1,3,4
16,210,0,3,5
16,102,1,3,6
16,52,1,3,7
16,95,1,3,8
16,221,1,3,9
17,195,1,3,0
17,47,0,3,1
17,33,0,3,2
17,126,0,3,3
17,161,0,3,4
17,70,1,3,5
17,23,0,3,6
17,72,0,3,7
17,52,1,3,8
17,129,1,3,9
18,10,0,3,0
18,70,1,3,1
18,220,0,3,2
18,162,1,3,3
18,68,1,3,4
18,22,1,3,5
18,187,0,3,6
18,56,0,3,7
18,23,0,3,8
18,139,1,3,9
19,32,1,3,0
19,80,0,3,1
19,121,1,3,2
19,206,1,3,3
19,110,1,3,4
19,178,0,3,5
19,239,0,3,6
19,90,1,3,7
19,26,0,3,8
19,177,1,3,9
20,184,0,3,0
20,7,0,3,1
20,172,1,3,2
20,192,1,3,3
20,43,0,3,4
20,190,1,3,5
20,19,1,3,6
20,169,0,3,7
20,70,0,3,8
20,93,1,3,9
21,239,0,3,0
21,141,0,3,1
21,99,1,3,2
21,129,1,3,3
21,69,0,3,4
21,190,0,3,5
21,214,1,3,6
21,115,0,3,7
21,197,1,3,8
21,110,0,3,9
22,186,1,3,0
22,184,1,3,1
22,94,1,3,2
22,76,0,3,3
22,206,0,3,4
22,105,1,3,5
22,159,0,3,6
22,224,0,3,7
22,92,0,3,8
22,215,1,3,9
23,129,0,3,0
23,66,0,3,1
23,190,1,3,2
23,110,1,3,3
23,225,1,3,4
23,7,0,3,5
23,180,0,3,6
23,138,0,3,7
23,184,0,3,8
23,199,1,3,9
24,121,1,3,0
24,109,1,3,1
24,154,1,3,2
24,97,1,3,3
24,52,1,3,4
24,36,0,3,5
24,198,0,3,6
24,61,0,3,7
24,124,1,3,8
24,33,1,3,9
25,39,1,3,0
25,225,1,3,1
25,144,1,3,2
25,73,0,3,3
25,141,1,3,4
25,54,1,3,5
25,189,0,3,6
25,91,1,3,7
25,77,0,3,8
25,129,1,3,9
26,48,0,3,0
26,123,1,3,1
26,168,1,3,2
26,93,1,3,3
26,229,1,3,4
26,26,0,3,5
26,206,1,3,6
26,117,1,3,7
26,3,1,3,8
26,115,1,3,9
27,129,0,3,0
27,190,1,3,1
27,166,1,3,2
27,195,1,3,3
27,144,1,3,4
27,78,0,3,5
27,180,0,3,6
27,43,0,3,7
27,14,1,3,8
27,137,1,3,9
28,227,0,3,0
28,47,1,3,1
28,218,1,3,2
28,37,1,3,3
28,89,0,3,4
28,34,1,3,5
28,22,1,3,6
28,62,1,3,7
28,68,1,3,8
28,136,1,3,9
29,10,0,3,0
29,168,1,3,1
29,220,1,3,2
29,83,0,3,3
29,107,1,3,4
29,142,1,3,5
29,218,1,3,6
29,172,0,3,7
29,221,0,3,8
29,77,1,3,9
30,218,1,3,0
30,67,1,3,1
30,62,0,3,2
30,131,0,3,3
30,89,0,3,4
30,75,0,3,5
30,44,1,3,6
30,136,0,3,7
30,145,1,3,8
30,141,1,3,9
31,184,1,3,0
31,93,1,3,1
31,218,1,3,2
31,141,1,3,3
31,2,1,3,4
31,136,1,3,5
31,62,0,3,6
31,158,1,3,7
31,25,0,3,8
31,168,0,3,9
32,142,1,3,0
32,81,1,3,1
32,235,1,3,2
32,150,0,3,3
32,1,1,3,4
32,222,0,3,5
32,188,1,3,6
32,180,0,3,7
32,184,1,3,8
32,48,1,3,9
33,70,1,3,0
33,129,0,3,1
33,38,1,3,2
33,189,1,3,3
33,195,0,3,4
33,78,0,3,5
33,162,0,3,6
33,169,1,3,7
33,166,1,3,8
33,54,1,3,9
34,105,1,3,0
34,206,1,3,1
34,186,1,3,2
34,184,0,3,3
34,94,1,3,4
34,50,1,3,5
34,162,0,3,6
34,23,1,3,7
34,80,1,3,8
34,25,1,3,9
35,239,1,3,0
35,110,1,3,1
35,141,1,3,2
35,190,0,3,3
35,29,1,3,4
35,93,1,3,5
35,150,1,3,6
35,66,1,3,7
35,225,1,3,8
35,99,0,3,9
36,215,0,3,0
36,37,0,3,1
36,108,1,3,2
36,186,1,3,3
36,105,1,3,4
36,42,0,3,5
36,76,0,3,6
36,0,1,3,7
36,204,1,3,8
36,81,0,3,9
37,102,1,3,0
37,239,1,3,1
37,124,1,3,2
37,210,1,3,3
37,209,1,3,4
37,68,1,3,5
37,173,0,3,6
37,105,0,3,7
37,215,1,3,8
37,177,0,3,9
38,41,1,3,0
38,69,1,3,1
38,81,1,3,2
38,206,0,3,3
38,122,0,3,4
38,159,1,3,5
38,224,1,3,6
38,79,0,3,7
38,186,0,3,8
38,234,0,3,9
39,73,1,3,0
39,141,0,3,1
39,180,1,3,2
39,49,0,3,3
39,190,0,3,4
39,7,1,3,5
39,131,0,3,6
39,130,1,3,7
39,163,0,3,8
39,218,1,3,9
40,10,1,3,0
40,23,1,3,1
40,220,1,3,2
40,70,1,3,3
40,210,0,3,4
40,0,1,3,5
40,124,1,3,6
40,65,1,3,7
40,215,1,3,8
40,221,0,3,9
41,53,1,3,0
41,154,0,3,1
41,209,0,3,2
41,162,0,3,3
41,202,1,3,4
41,123,1,3,5
41,186,1,3,6
41,18,1,3,7
41,61,1,3,8
41,36,1,3,9
42,15,1,3,0
42,186,0,3,1
42,102,1,3,2
42,2,1,3,3
42,108,0,3,4
42,105,0,3,5
42,219,1,3,6
42,41,1,3,7
42,231,1,3,8
42,95,1,3,9
43,189,0,3,0
43,184,0,3,1
43,129,1,3,2
43,225,1,3,3
43,110,1,3,4
43,79,0,3,5
43,213,0,3,6
43,54,1,3,7
43,186,1,3,8
43,87,0,3,9
44,206,1,3,0
44,229,1,3,1
44,26,0,3,2
44,155,1,3,3
44,184,0,3,4
44,115,1,3,5
44,48,1,3,6
44,165,0,3,7
44,159,0,3,8
44,3,1,3,9
45,239,0,3,0
45,162,0,3,1
45,194,1,3,2
45,187,0,3,3
45,101,1,3,4
45,137,1,3,5
45,129,0,3,6
45,127,0,3,7
45,41,1,3,8
45,10,0,3,9
46,170,1,3,0
46,187,1,3,1
46,30,0,3,2
46,186,0,3,3
46,231,0,3,4
46,94,1,3,5
46,80,0,3,6
46,15,0,3,7
46,68,1,3,8
46,11,1,3,9
47,40,0,3,0
47,37,1,3,1
47,26,0,3,2
47,20,1,3,3
47,22,1,3,4
47,83,1,3,5
47,220,0,3,6
47,81,0,3,7
47,98,1,3,8
47,69,0,3,9
48,158,1,3,0
48,141,0,3,1
48,77,1,3,2
48,24,0,3,3
48,218,1,3,4
48,168,1,3,5
48,166,1,3,6
48,10,0,3,7
48,69,0,3,8
48,223,1,3,9
49,175,1,3,0
49,178,1,3,1
49,64,1,3,2
49,131,1,3,3
49,224,0,3,4
49,26,1,3,5
49,116,1,3,6
49,154,0,3,7
49,17,1,3,8
49,160,1,3,9
50,141,1,3,0
50,235,0,3,1
50,131,0,3,2
50,118,0,3,3
50,116,0,3,4
50,30,0,3,5
50,69,1,3,6
50,142,1,3,7
50,145,0,3,8
50,239,1,3,9
51,64,0,3,0
51,158,0,3,1
51,26,0,3,2
51,72,0,3,3
51,136,0,3,4
51,181,0,3,5
51,49,1,3,6
51,121,0,3,7
51,161,1,3,8
51,169,0,3,9
52,129,0,3,0
52,39,1,3,1
52,148,0,3,2
52,166,1,3,3
52,144,1,3,4
52,78,0,3,5
52,77,0,3,6
52,73,0,3,7
52,70,1,3,8
52,28,1,3,9
53,184,1,3,0
53,93,1,3,1
53,76,1,3,2
53,62,1,3,3
53,234,0,3,4
53,222,1,3,5
53,180,1,3,6
53,26,0,3,7
53,48,1,3,8
53,207,1,3,9
54,186,1,3,0
54,189,1,3,1
54,184,0,3,2
54,2,1,3,3
54,110,1,3,4
54,179,1,3,5
54,238,1,3,6
54,93,1,3,7
54,234,1,3,8
54,106,1,3,9
55,70,1,3,0
55,164,1,3,1
55,239,1,3,2
55,220,0,3,3
55,166,1,3,4
55,22,0,3,5
55,129,1,3,6
55,188,0,3,7
55,32,1,3,8
55,10,0,3,9
56,70,1,3,0
56,36,1,3,1
56,27,0,3,2
56,101,0,3,3
56,88,1,3,4
56,81,1,3,5
56,113,0,3,6
56,22,1,3,7
56,137,1,3,8
56,132,0,3,9
57,239,0,3,0
57,141,1,3,1
57,225,0,3,2
57,93,0,3,3
57,129,1,3,4
57,190,0,3,5
57,153,1,3,6
57,150,1,3,7
57,66,1,3,8
57,167,1,3,9
58,152,1,3,0
58,153,1,3,1
58,161,1,3,2
58,76,0,3,3
58,21,1,3,4
58,170,1,3,5
58,186,1,3,6
58,239,1,3,7
58,99,0,3,8
58,214,0,3,9
59,10,1,3,0
59,91,0,3,1
59,239,1,3,2
59,168,1,3,3
59,187,0,3,4
59,220,1,3,5
59,39,0,3,6
59,70,1,3,7
59,22,1,3,8
59,145,0,3,9
60,184,0,3,0
60,66,0,3,1
60,7,0,3,2
60,190,1,3,3
60,29,0,3,4
60,180,1,3,5
60,229,1,3,6
60,194,1,3,7
60,58,0,3,8
60,149,0,3,9
61,239,1,3,0
61,116,1,3,1
61,37,1,3,2
61,217,0,3,3
61,81,1,3,4
61,122,1,3,5
61,160,1,3,6
61,22,1,3,7
61,233,0,3,8
61,212,1,3,9
62,33,1,3,0
62,70,1,3,1
62,23,1,3,2
62,158,0,3,3
62,195,1,3,4
62,169,1,3,5
62,49,0,3,6
62,119,0,3,7
62,72,1,3,8
62,48,1,3,9
63,177,1,3,0
63,238,1,3,1
63,80,1,3,2
63,102,0,3,3
63,90,1,3,4
63,153,1,3,5
63,170,1,3,6
63,121,1,3,7
63,11,1,3,8
63,239,1,3,9
64,239,1,3,0
64,212,0,3,1
64,168,1,3,2
64,154,1,3,3
64,36,0,3,4
64,209,1,3,5
64,61,1,3,6
64,210,0,3,7
64,160,0,3,8
64,194,0,3,9
65,172,1,3,0
65,166,0,3,1
65,13,1,3,2
65,72,0,3,3
65,95,1,3,4
65,168,0,3,5
65,93,0,3,6
65,91,1,3,7
65,32,1,3,8
65,113,1,3,9
66,162,1,3,0
66,187,1,3,1
66,36,1,3,2
66,61,1,3,3
66,125,0,3,4
66,216,1,3,5
66,30,0,3,6
66,56,1,3,7
66,170,1,3,8
66,134,0,3,9
67,218,0,3,0
67,131,0,3,1
67,62,1,3,2
67,194,1,3,3
67,202,1,3,4
67,168,1,3,5
67,2,1,3,6
67,116,1,3,7
67,141,0,3,8
67,154,0,3,9
68,168,1,3,0
68,48,1,3,1
68,93,1,3,2
68,32,1,3,3
68,110,0,3,4
68,113,0,3,5
68,123,1,3,6
68,117,0,3,7
68,184,1,3,8
68,172,0,3,9
69,48,0,3,0
69,180,1,3,1
69,61,1,3,2
69,101,1,3,3
69,142,1,3,4
69,168,1,3,5
69,141,1,3,6
69,110,1,3,7
69,239,1,3,8
69,190,0,3,9
70,64,0,3,0
70,116,0,3,1
70,178,0,3,2
70,74,1,3,3
70,20,1,3,4
70,217,0,3,5
70,233,1,3,6
70,12,0,3,7
70,161,1,3,8
70,98,1,3,9
71,36,0,3,0
71,162,0,3,1
71,142,1,3,2
71,53,1,3,3
71,9,1,3,4
71,38,1,3,5
71,5,1,3,6
71,23,0,3,7
71,235,1,3,8
71,180,0,3,9
72,10,1,3,0
72,142,1,3,1
72,162,1,3,2
72,9,0,3,3
72,169,0,3,4
72,70,1,3,5
72,235,1,3,6
72,220,1,3,7
72,36,1,3,8
72,221,1,3,9
73,194,1,3,0
73,2,0,3,1
73,9,0,3,2
73,226,0,3,3
73,66,0,3,4
73,218,1,3,5
73,162,1,3,6
73,62,1,3,7
73,225,0,3,8
73,10,1,3,9
74,48,1,3,0
74,141,1,3,1
74,180,1,3,2
74,93,1,3,3
74,234,0,3,4
74,5,1,3,5
74,106,1,3,6
74,184,0,3,7
74,103,0,3,8
74,206,0,3,9
75,2,0,3,0
75,184,1,3,1
75,62,1,3,2
75,218,0,3,3
75,108,1,3,4
75,10,0,3,5
75,168,0,3,6
75,93,1,3,7
75,176,0,3,8
75,8,1,3,9
76,48,0,3,0
76,33,1,3,1
76,180,0,3,2
76,9,1,3,3
76,28,0,3,4
76,52,1,3,5
76,49,1,3,6
76,115,1,3,7
76,61,1,3,8
76,198,1,3,9
77,184,1,3,0
77,2,1,3,1
77,176,0,3,2
77,76,1,3,3
77,186,1,3,4
77,82,0,3,5
77,187,1,3,6
77,60,0,3,7
77,191,0,3,8
77,188,1,3,9
78,218,0,3,0
78,145,0,3,1
78,9,0,3,2
78,10,1,3,3
78,144,0,3,4
78,187,0,3,5
78,237,1,3,6
78,158,0,3,7
78,203,1,3,8
78,183,0,3,9
79,190,0,3,0
79,239,0,3,1
79,195,0,3,2
79,150,1,3,3
79,93,0,3,4
79,110,1,3,5
79,153,0,3,6
79,60,1,3,7
79,6,0,3,8
79,197,1,3,9
80,36,0,3,0
80,235,1,3,1
80,81,1,3,2
80,142,0,3,3
80,180,1,3,4
80,1,0,3,5
80,38,0,3,6
80,59,0,3,7
80,76,0,3,8
80,5,0,3,9
81,239,0,3,0
81,186,0,3,1
81,41,0,3,2
81,170,1,3,3
81,102,1,3,4
81,15,1,3,5
81,209,0,3,6
81,210,1,3,7
81,215,1,3,8
81,156,1,3,9
82,138,1,3,0
82,180,1,3,1
82,131,1,3,2
82,162,0,3,3
82,9,0,3,4
82,194,1,3,5
82,110,1,3,6
82,239,1,3,7
82,121,1,3,8
82,190,1,3,9
83,61,1,3,0
83,209,1,3,1
83,162,0,3,2
83,186,0,3,3
83,36,0,3,4
83,206,0,3,5
83,9,0,3,6
83,112,0,3,7
83,41,1,3,8
83,170,0,3,9
84,190,0,3,0
84,239,1,3,1
84,115,0,3,2
84,206,0,3,3
84,14,1,3,4
84,177,0,3,5
84,195,0,3,6
84,224,0,3,7
84,81,1,3,8
84,47,0,3,9
85,136,1,3,0
85,3,0,3,1
85,206,1,3,2
85,155,1,3,3
85,115,0,3,4
85,172,0,3,5
85,45,1,3,6
85,43,1,3,7
85,121,1,3,8
85,25,1,3,9
86,10,0,3,0
86,168,1,3,1
86,221,1,3,2
86,23,1,3,3
86,148,1,3,4
86,9,1,3,5
86,70,1,3,6
86,169,1,3,7
86,220,1,3,8
86,162,0,3,9
87,194,0,3,0
87,239,0,3,1
87,187,1,3,2
87,79,0,3,3
87,118,1,3,4
87,184,1,3,5
87,29,0,3,6
87,7,0,3,7
87,101,0,3,8
87,110,0,3,9
88,137,0,3,0
88,180,1,3,1
88,190,1,3,2
88,206,1,3,3
88,115,0,3,4
88,43,1,3,5
88,7,1,3,6
88,110,1,3,7
88,81,0,3,8
88,155,1,3,9
89,129,1,3,0
89,10,1,3,1
89,164,0,3,2
89,70,1,3,3
89,166,1,3,4
89,0,0,3,5
89,220,0,3,6
89,23,0,3,7
89,32,0,3,8
89,162,0,3,9
90,168,0,3,0
90,210,1,3,1
90,218,1,3,2
90,212,1,3,3
90,22,0,3,4
90,70,0,3,5
90,169,0,3,6
90,187,1,3,7
90,221,0,3,8
90,239,1,3,9
91,206,0,3,0
91,184,1,3,1
91,155,1,3,2
91,132,1,3,3
91,3,1,3,4
91,201,1,3,5
91,43,0,3,6
91,83,0,3,7
91,69,1,3,8
91,115,0,3,9
92,187,1,3,0
92,184,0,3,1
92,168,1,3,2
92,93,1,3,3
92,101,1,3,4
92,239,1,3,5
92,83,0,3,6
92,58,1,3,7
92,142,1,3,8
92,218,0,3,9
93,131,0,3,0
93,226,1,3,1
93,235,0,3,2
93,9,1,3,3
93,98,1,3,4
93,107,1,3,5
93,231,1,3,6
93,194,0,3,7
93,79,1,3,8
93,163,0,3,9
94,39,1,3,0
94,9,0,3,1
94,144,1,3,2
94,225,0,3,3
94,162,1,3,4
94,56,1,3,5
94,226,1,3,6
94,10,0,3,7
94,129,0,3,8
94,73,1,3,9
95,239,1,3,0
95,118,1,3,1
95,79,0,3,2
95,69,0,3,3
95,15,1,3,4
95,167,0,3,5
95,225,1,3,6
95,141,0,3,7
95,196,0,3,8
95,71,0,3,9
96,218,1,3,0
96,67,1,3,1
96,163,1,3,2
96,8,1,3,3
96,62,1,3,4
96,230,1,3,5
96,49,1,3,6
96,136,1,3,7
96,223,1,3,8
96,73,1,3,9
97,10,1,3,0
97,220,0,3,1
97,65,0,3,2
97,23,1,3,3
97,70,1,3,4
97,108,0,3,5
97,210,1,3,6
97,164,0,3,7
97,26,1,3,8
97,0,1,3,9
98,218,1,3,0
98,168,1,3,1
98,62,0,3,2
98,89,1,3,3
98,75,0,3,4
98,83,1,3,5
98,2,1,3,6
98,93,1,3,7
98,184,1,3,8
98,136,0,3,9
99,81,1,3,0
99,76,1,3,1
99,68,1,3,2
99,70,1,3,3
99,187,0,3,4
99,239,0,3,5
99,215,0,3,6
99,105,0,3,7
99,102,1,3,8
99,220,1,3,9
100,121,1,3,0
100,74,0,3,1
100,190,1,3,2
100,202,0,3,3
100,168,1,3,4
100,178,0,3,5
100,239,1,3,6
100,155,0,3,7
100,172,0,3,8
100,136,1,3,9
101,69,1,3,0
101,9,0,3,1
101,10,1,3,2
101,204,1,3,3
101,41,0,3,4
101,142,1,3,5
101,79,0,3,6
101,58,0,3,7
101,206,0,3,8
101,45,0,3,9
102,48,1,3,0
102,70,0,3,1
102,93,0,3,2
102,23,1,3,3
102,26,0,3,4
102,184,0,3,5
102,72,1,3,6
102,195,1,3,7
102,33,0,3,8
102,64,1,3,9
103,239,1,3,0
103,210,0,3,1
103,209,1,3,2
103,36,0,3,3
103,97,1,3,4
103,47,1,3,5
103,160,1,3,6
103,14,1,3,7
103,124,0,3,8
103,194,1,3,9
104,70,0,3,0
104,129,1,3,1
104,32,1,3,2
104,195,0,3,3
104,36,0,3,4
104,23,1,3,5
104,47,1,3,6
104,239,1,3,7
104,117,0,3,8
104,96,0,3,9
105,116,1,3,0
105,194,1,3,1
105,131,1,3,2
105,145,1,3,3
105,218,1,3,4
105,41,0,3,5
105,83,1,3,6
105,118,1,3,7
105,122,0,3,8
105,235,0,3,9
106,184,0,3,0
106,186,0,3,1
106,191,1,3,2
106,110,1,3,3
106,195,1,3,4
106,190,0,3,5
106,189,0,3,6
106,4,1,3,7
106,76,1,3,8
106,94,0,3,9
107,184,0,3,0
107,110,1,3,1
107,239,0,3,2
107,225,1,3,3
107,29,1,3,4
107,93,0,3,5
107,141,1,3,6
107,79,0,3,7
107,118,1,3,8
107,190,1,3,9
108,37,0,3,0
108,218,0,3,1
108,145,1,3,2
108,36,0,3,3
108,22,1,3,4
108,227,0,3,5
108,239,0,3,6
108,122,0,3,7
108,212,1,3,8
108,116,0,3,9
109,81,0,3,0
109,222,1,3,1
109,70,1,3,2
109,1,1,3,3
109,184,1,3,4
109,88,0,3,5
109,101,1,3,6
109,190,1,3,7
109,239,0,3,8
109,150,1,3,9
110,129,0,3,0
110,170,1,3,1
110,162,0,3,2
110,239,1,3,3
110,10,1,3,4
110,23,0,3,5
110,186,0,3,6
110,99,0,3,7
110,236,1,3,8
110,70,1,3,9
111,239,1,3,0
111,187,0,3,1
111,118,1,3,2
111,46,0,3,3
111,22,1,3,4
111,122,1,3,5
111,55,0,3,6
111,216,0,3,7
111,145,0,3,8
111,10,1,3,9
112,225,1,3,0
112,190,1,3,1
112,73,1,3,2
112,129,0,3,3
112,196,1,3,4
112,67,1,3,5
112,184,1,3,6
112,193,0,3,7
112,141,1,3,8
112,213,1,3,9
113,222,1,3,0
113,9,1,3,1
113,180,1,3,2
113,142,1,3,3
113,45,1,3,4
113,58,1,3,5
113,206,0,3,6
113,7,1,3,7
113,184,1,3,8
113,137,1,3,9
114,141,0,3,0
114,225,0,3,1
114,110,0,3,2
114,238,0,3,3
114,184,1,3,4
114,93,1,3,5
114,234,1,3,6
114,186,1,3,7
114,138,1,3,8
114,189,1,3,9
115,70,0,3,0
115,10,0,3,1
115,220,1,3,2
115,169,1,3,3
115,239,0,3,4
115,22,0,3,5
115,188,1,3,6
115,164,0,3,7
115,23,1,3,8
115,187,1,3,9
116,134,1,3,0
116,4,1,3,1
116,184,1,3,2
116,78,1,3,3
116,7,1,3,4
116,76,0,3,5
116,189,1,3,6
116,186,0,3,7
116,73,1,3,8
116,119,0,3,9
117,36,0,3,0
117,239,1,3,1
117,70,0,3,2
117,1,1,3,3
117,129,0,3,4
117,101,1,3,5
117,53,1,3,6
117,150,0,3,7
117,38,1,3,8
117,162,0,3,9
118,184,1,3,0
118,142,0,3,1
118,9,0,3,2
118,7,1,3,3
118,58,1,3,4
118,180,0,3,5
118,25,1,3,6
118,201,1,3,7
118,206,1,3,8
118,128,0,3,9
119,144,0,3,0
119,187,1,3,1
119,170,0,3,2
119,15,0,3,3
119,239,0,3,4
119,11,0,3,5
119,145,1,3,6
119,13,0,3,7
119,237,0,3,8
119,54,0,3,9
0,190,1,4,0
0,67,0,4,1
0,193,1,4,2
0,229,0,4,3
0,239,1,4,4
0,149,1,4,5
0,196,1,4,6
0,66,0,4,7
0,150,0,4,8
0,232,1,4,9
1,184,0,4,0
1,231,0,4,1
1,226,1,4,2
1,213,0,4,3
1,79,1,4,4
1,105,1,4,5
1,98,1,4,6
1,107,1,4,7
1,185,0,4,8
1,208,0,4,9
2,190,0,4,0
2,52,1,4,1
2,144,1,4,2
2,113,0,4,3
2,206,0,4,4
2,137,0,4,5
2,61,1,4,6
2,115,0,4,7
2,39,0,4,8
2,180,0,4,9
3,83,1,4,0
3,26,1,4,1
3,102,0,4,2
3,107,1,4,3
3,239,1,4,4
3,74,1,4,5
3,57,0,4,6
3,116,0,4,7
3,184,0,4,8
3,219,1,4,9
4,129,1,4,0
4,137,0,4,1
4,166,1,4,2
4,189,1,4,3
4,101,1,4,4
4,206,0,4,5
4,239,1,4,6
4,77,0,4,7
4,32,0,4,8
4,91,1,4,9
5,168,0,4,0
5,115,0,4,1
5,124,0,4,2
5,53,1,4,3
5,123,0,4,4
5,190,1,4,5
5,229,1,4,6
5,239,0,4,7
5,142,0,4,8
5,180,1,4,9
6,129,0,4,0
6,215,0,4,1
6,70,0,4,2
6,53,1,4,3
6,36,1,4,4
6,0,0,4,5
6,239,1,4,6
6,209,0,4,7
6,162,1,4,8
6,23,0,4,9
7,64,1,4,0
7,169,1,4,1
7,49,1,4,2
7,178,0,4,3
7,72,1,4,4
7,70,1,4,5
7,47,0,4,6
7,74,0,4,7
7,163,1,4,8
7,161,0,4,9
8,180,1,4,0
8,7,1,4,1
8,190,0,4,2
8,184,0,4,3
8,73,0,4,4
8,4,0,4,5
8,93,1,4,6
8,141,0,4,7
8,48,0,4,8
8,66,0,4,9
9,129,1,4,0
9,138,0,4,1
9,146,0,4,2
9,66,1,4,3
9,110,1,4,4
9,186,1,4,5
9,140,0,4,6
9,90,1,4,7
9,225,1,4,8
9,123,1,4,9
10,10,1,4,0
10,105,0,4,1
10,41,0,4,2
10,80,1,4,3
10,231,1,4,4
10,9,1,4,5
10,185,0,4,6
10,56,1,4,7
10,122,0,4,8
10,162,1,4,9
11,208,1,4,0
11,70,0,4,1
11,67,1,4,2
11,64,1,4,3
11,26,1,4,4
11,74,1,4,5
11,98,1,4,6
11,96,1,4,7
11,116,1,4,8
11,102,0,4,9
12,239,1,4,0
12,209,1,4,1
12,210,1,4,2
12,124,1,4,3
12,102,0,4,4
12,97,1,4,5
12,177,0,4,6
12,170,0,4,7
12,168,0,4,8
12,186,0,4,9
13,225,1,4,0
13,213,1,4,1
13,129,0,4,2
13,73,0,4,3
13,66,1,4,4
13,189,1,4,5
13,184,0,4,6
13,120,1,4,7
13,39,0,4,8
13,24,0,4,9
14,116,0,4,0
14,41,0,4,1
14,37,1,4,2
14,81,0,4,3
14,122,0,4,4
14,217,1,4,5
14,131,0,4,6
14,67,0,4,7
14,145,1,4,8
14,239,0,4,9
15,239,1,4,0
15,11,0,4,1
15,187,0,4,2
15,238,1,4,3
15,54,0,4,4
15,99,0,4,5
15,170,1,4,6
15,122,0,4,7
15,153,0,4,8
15,15,1,4,9
16,10,0,4,0
16,68,0,4,1
16,170,1,4,2
16,105,0,4,3
16,220,1,4,4
16,210,0,4,5
16,102,1,4,6
16,52,1,4,7
16,221,0,4,8
16,95,1,4,9
17,195,0,4,0
17,47,1,4,1
17,70,0,4,2
17,33,1,4,3
17,161,1,4,4
17,126,0,4,5
17,23,1,4,6
17,72,1,4,7
17,129,1,4,8
17,52,1,4,9
18,70,0,4,0
18,10,1,4,1
18,220,0,4,2
18,162,1,4,3
18,22,0,4,4
18,68,1,4,5
18,187,1,4,6
18,23,0,4,7
18,56,1,4,8
18,139,0,4,9
19,32,1,4,0
19,80,1,4,1
19,110,1,4,2
19,206,1,4,3
19,121,1,4,4
19,239,0,4,5
19,178,0,4,6
19,90,0,4,7
19,26,1,4,8
19,177,0,4,9
20,184,0,4,0
20,7,1,4,1
20,172,0,4,2
20,190,1,4,3
20,43,1,4,4
20,70,0,4,5
20,192,1,4,6
20,169,0,4,7
20,93,1,4,8
20,19,1,4,9
21,239,0,4,0
21,141,0,4,1
21,99,1,4,2
21,129,0,4,3
21,69,1,4,4
21,190,0,4,5
21,110,0,4,6
21,115,0,4,7
21,180,0,4,8
21,206,1,4,9
22,186,1,4,0
22,184,1,4,1
22,76,1,4,2
22,206,1,4,3
22,94,1,4,4
22,105,1,4,5
22,159,1,4,6
22,224,1,4,7
22,92,1,4,8
22,215,0,4,9
23,129,0,4,0
23,66,1,4,1
23,190,1,4,2
23,110,1,4,3
23,225,1,4,4
23,180,0,4,5
23,7,0,4,6
23,184,0,4,7
23,138,1,4,8
23,199,1,4,9
24,121,1,4,0
24,109,1,4,1
24,154,1,4,2
24,36,1,4,3
24,97,1,4,4
24,52,1,4,5
24,61,1,4,6
24,198,1,4,7
24,124,1,4,8
24,33,1,4,9
25,39,1,4,0
25,225,1,4,1
25,144,0,4,2
25,73,1,4,3
25,141,0,4,4
25,54,0,4,5
25,189,1,4,6
25,91,0,4,7
25,129,1,4,8
25,77,1,4,9
26,48,1,4,0
26,123,1,4,1
26,168,1,4,2
26,93,1,4,3
26,206,1,4,4
26,229,0,4,5
26,26,1,4,6
26,117,1,4,7
26,115,1,4,8
26,3,1,4,9
27,129,0,4,0
27,190,0,4,1
27,166,1,4,2
27,180,0,4,3
27,195,1,4,4
27,144,0,4,5
27,78,1,4,6
27,43,0,4,7
27,110,1,4,8
27,239,1,4,9
28,227,1,4,0
28,47,0,4,1
28,218,0,4,2
28,37,1,4,3
28,89,0,4,4
28,22,1,4,5
28,34,1,4,6
28,62,1,4,7
28,70,1,4,8
28,136,1,4,9
29,10,1,4,0
29,168,0,4,1
29,220,1,4,2
29,83,1,4,3
29,142,0,4,4
29,107,0,4,5
29,218,0,4,6
29,221,0,4,7
29,172,1,4,8
29,77,0,4,9
30,218,0,4,0
30,67,1,4,1
30,62,0,4,2
30,131,1,4,3
30,89,1,4,4
30,75,1,4,5
30,136,1,4,6
30,145,1,4,7
30,44,1,4,8
30,141,1,4,9
31,184,1,4,0
31,93,0,4,1
31,218,1,4,2
31,141,0,4,3
31,2,0,4,4
31,136,1,4,5
31,62,0,4,6
31,158,0,4,7
31,25,1,4,8
31,168,0,4,9
32,142,1,4,0
32,81,1,4,1
32,235,0,4,2
32,150,0,4,3
32,1,0,4,4
32,180,0,4,5
32,222,0,4,6
32,184,0,4,7
32,188,1,4,8
32,48,1,4,9
33,70,0,4,0
33,129,1,4,1
33,38,0,4,2
33,189,0,4,3
33,195,0,4,4
33,162,0,4,5
33,78,1,4,6
33,166,0,4,7
33,169,0,4,8
33,54,0,4,9
34,105,0,4,0
34,186,0,4,1
34,206,0,4,2
34,184,1,4,3
34,162,1,4,4
34,23,1,4,5
34,94,1,4,6
34,50,1,4,7
34,80,1,4,8
34,25,0,4,9
35,239,1,4,0
35,110,1,4,1
35,141,1,4,2
35,190,1,4,3
35,93,1,4,4
35,29,0,4,5
35,150,0,4,6
35,66,1,4,7
35,225,1,4,8
35,99,1,4,9
36,215,1,4,0
36,186,0,4,1
36,37,1,4,2
36,108,0,4,3
36,105,1,4,4
36,76,1,4,5
36,42,1,4,6
36,81,0,4,7
36,0,0,4,8
36,204,1,4,9
37,102,1,4,0
37,239,1,4,1
37,124,1,4,2
37,210,0,4,3
37,209,0,4,4
37,68,1,4,5
37,173,0,4,6
37,105,0,4,7
37,215,1,4,8
37,170,1,4,9
38,41,1,4,0
38,69,0,4,1
38,81,0,4,2
38,206,0,4,3
38,122,1,4,4
38,159,1,4,5
38,224,1,4,6
38,79,1,4,7
38,186,1,4,8
38,234,1,4,9
39,180,0,4,0
39,141,0,4,1
39,73,1,4,2
39,190,0,4,3
39,49,0,4,4
39,7,0,4,5
39,131,1,4,6
39,130,0,4,7
39,163,1,4,8
39,218,0,4,9
40,10,1,4,0
40,23,0,4,1
40,220,0,4,2
40,70,1,4,3
40,210,0,4,4
40,124,1,4,5
40,0,0,4,6
40,65,0,4,7
40,215,0,4,8
40,221,1,4,9
41,53,1,4,0
41,162,0,4,1
41,154,0,4,2
41,209,0,4,3
41,186,0,4,4
41,123,0,4,5
41,202,0,4,6
41,61,1,4,7
41,239,1,4,8
41,18,1,4,9
42,15,0,4,0
42,186,0,4,1
42,102,1,4,2
42,2,1,4,3
42,108,0,4,4
42,105,0,4,5
42,219,1,4,6
42,41,0,4,7
42,231,1,4,8
42,170,0,4,9
43,189,0,4,0
43,184,1,4,1
43,129,0,4,2
43,110,0,4,3
43,225,1,4,4
43,79,0,4,5
43,213,1,4,6
43,186,1,4,7
43,54,0,4,8
43,180,0,4,9
44,206,0,4,0
44,229,1,4,1
44,184,1,4,2
44,26,1,4,3
44,115,1,4,4
44,48,1,4,5
44,155,1,4,6
44,165,1,4,7
44,3,0,4,8
44,159,0,4,9
45,239,0,4,0
45,162,1,4,1
45,194,1,4,2
45,187,0,4,3
45,101,1,4,4
45,137,0,4,5
45,129,1,4,6
45,10,1,4,7
45,41,1,4,8
45,127,1,4,9
46,170,1,4,0
46,187,1,4,1
46,186,0,4,2
46,30,1,4,3
46,231,0,4,4
46,94,1,4,5
46,15,0,4,6
46,80,1,4,7
46,68,1,4,8
46,11,0,4,9
47,40,0,4,0
47,37,1,4,1
47,26,0,4,2
47,22,0,4,3
47,220,0,4,4
47,83,1,4,5
47,20,0,4,6
47,81,1,4,7
47,98,1,4,8
47,69,1,4,9
48,141,1,4,0
48,158,1,4,1
48,77,0,4,2
48,24,0,4,3
48,218,1,4,4
48,168,0,4,5
48,166,1,4,6
48,10,0,4,7
48,69,0,4,8
48,93,1,4,9
49,64,0,4,0
49,131,0,4,1
49,178,0,4,2
49,175,1,4,3
49,224,0,4,4
49,26,1,4,5
49,116,1,4,6
49,154,0,4,7
49,17,1,4,8
49,160,0,4,9
50,141,1,4,0
50,235,1,4,1
50,131,1,4,2
50,118,1,4,3
50,116,1,4,4
50,142,1,4,5
50,30,0,4,6
50,69,1,4,7
50,239,1,4,8
50,145,0,4,9
51,64,1,4,0
51,26,1,4,1
51,158,0,4,2
51,72,1,4,3
51,136,0,4,4
51,181,0,4,5
51,49,1,4,6
51,121,0,4,7
51,161,1,4,8
51,169,1,4,9
52,129,0,4,0
52,39,0,4,1
52,148,0,4,2
52,166,1,4,3
52,144,0,4,4
52,78,0,4,5
52,77,0,4,6
52,70,1,4,7
52,73,0,4,8
52,141,0,4,9
53,184,0,4,0
53,93,0,4,1
53,76,1,4,2
53,62,0,4,3
53,180,1,4,4
53,234,0,4,5
53,222,0,4,6
53,26,1,4,7
53,48,1,4,8
53,207,0,4,9
54,186,1,4,0
54,189,1,4,1
54,184,0,4,2
54,110,1,4,3
54,2,1,4,4
54,179,1,4,5
54,93,1,4,6
54,238,0,4,7
54,234,0,4,8
54,239,1,4,9
55,70,1,4,0
55,239,1,4,1
55,220,0,4,2
55,164,0,4,3
55,166,1,4,4
55,22,1,4,5
55,129,1,4,6
55,188,1,4,7
55,32,0,4,8
55,10,1,4,9
56,70,0,4,0
56,36,0,4,1
56,27,1,4,2
56,101,1,4,3
56,81,0,4,4
56,88,0,4,5
56,22,0,4,6
56,113,0,4,7
56,137,1,4,8
56,210,0,4,9
57,239,0,4,0
57,141,1,4,1
57,225,1,4,2
57,93,1,4,3
57,129,1,4,4
57,190,1,4,5
57,66,1,4,6
57,153,0,4,7
57,150,1,4,8
57,167,1,4,9
58,152,1,4,0
58,153,1,4,1
58,170,0,4,2
58,76,1,4,3
58,161,1,4,4
58,21,1,4,5
58,186,1,4,6
58,239,1,4,7
58,99,0,4,8
58,214,0,4,9
59,10,1,4,0
59,91,1,4,1
59,239,1,4,2
59,168,1,4,3
59,187,1,4,4
59,220,0,4,5
59,70,1,4,6
59,39,0,4,7
59,22,0,4,8
59,145,0,4,9
60,184,1,4,0
60,66,1,4,1
60,190,0,4,2
60,7,1,4,3
60,29,1,4,4
60,180,1,4,5
60,229,0,4,6
60,194,0,4,7
60,58,1,4,8
60,9,0,4,9
61,239,1,4,0
61,116,1,4,1
61,37,1,4,2
61,81,1,4,3
61,217,1,4,4
61,122,0,4,5
61,22,0,4,6
61,160,1,4,7
61,212,0,4,8
61,233,0,4,9
62,33,1,4,0
62,70,1,4,1
62,23,0,4,2
62,158,0,4,3
62,195,1,4,4
62,169,1,4,5
62,49,1,4,6
62,48,1,4,7
62,72,1,4,8
62,119,0,4,9
63,177,0,4,0
63,238,1,4,1
63,80,0,4,2
63,102,1,4,3
63,90,1,4,4
63,170,1,4,5
63,153,1,4,6
63,239,0,4,7
63,121,1,4,8
63,11,0,4,9
64,239,0,4,0
64,168,1,4,1
64,212,1,4,2
64,154,0,4,3
64,36,1,4,4
64,209,1,4,5
64,61,1,4,6
64,210,1,4,7
64,187,1,4,8
64,162,1,4,9
65,172,1,4,0
65,166,0,4,1
65,168,0,4,2
65,72,0,4,3
65,13,0,4,4
65,93,1,4,5
65,95,1,4,6
65,91,0,4,7
65,32,1,4,8
65,113,0,4,9
66,162,0,4,0
66,187,1,4,1
66,36,1,4,2
66,61,0,4,3
66,125,1,4,4
66,216,1,4,5
66,170,0,4,6
66,9,0,4,7
66,56,1,4,8
66,30,0,4,9
67,218,1,4,0
67,131,1,4,1
67,62,1,4,2
67,194,0,4,3
67,202,0,4,4
67,168,1,4,5
67,141,1,4,6
67,2,0,4,7
67,116,1,4,8
67,154,0,4,9
68,168,1,4,0
68,48,1,4,1
68,93,0,4,2
68,32,0,4,3
68,110,0,4,4
68,184,0,4,5
68,113,1,4,6
68,123,1,4,7
68,117,1,4,8
68,172,0,4,9
69,48,1,4,0
69,180,0,4,1
69,61,1,4,2
69,142,1,4,3
69,101,1,4,4
69,168,1,4,5
69,110,0,4,6
69,141,1,4,7
69,239,0,4,8
69,190,1,4,9
70,116,1,4,0
70,64,1,4,1
70,178,1,4,2
70,74,0,4,3
70,20,1,4,4
70,217,1,4,5
70,161,0,4,6
70,233,0,4,7
70,98,1,4,8
70,12,0,4,9
71,162,0,4,0
71,36,1,4,1
71,142,1,4,2
71,53,0,4,3
71,9,0,4,4
71,38,1,4,5
71,5,1,4,6
71,23,1,4,7
71,180,1,4,8
71,235,0,4,9
72,10,0,4,0
72,142,1,4,1
72,162,1,4,2
72,9,1,4,3
72,169,1,4,4
72,70,1,4,5
72,220,0,4,6
72,36,1,4,7
72,235,1,4,8
72,23,1,4,9
73,194,1,4,0
73,2,1,4,1
73,9,0,4,2
73,162,0,4,3
73,66,0,4,4
73,226,0,4,5
73,218,1,4,6
73,62,0,4,7
73,225,1,4,8
73,10,0,4,9
74,141,0,4,0
74,48,0,4,1
74,180,1,4,2
74,93,1,4,3
74,234,1,4,4
74,184,0,4,5
74,5,0,4,6
74,206,0,4,7
74,106,1,4,8
74,9,0,4,9
75,2,0,4,0
75,184,1,4,1
75,62,0,4,2
75,218,0,4,3
75,10,0,4,4
75,108,0,4,5
75,168,0,4,6
75,93,1,4,7
75,176,0,4,8
75,187,1,4,9
76,48,1,4,0
76,180,0,4,1
76,9,0,4,2
76,33,0,4,3
76,52,0,4,4
76,28,1,4,5
76,49,0,4,6
76,115,0,4,7
76,61,1,4,8
76,206,0,4,9
77,184,0,4,0
77,2,0,4,1
77,176,0,4,2
77,76,0,4,3
77,186,1,4,4
77,82,0,4,5
77,187,0,4,6
77,239,0,4,7
77,60,1,4,8
77,93,1,4,9
78,218,1,4,0
78,145,1,4,1
78,9,1,4,2
78,10,1,4,3
78,187,0,4,4
78,144,0,4,5
78,158,0,4,6
78,237,0,4,7
78,203,1,4,8
78,122,1,4,9
79,190,1,4,0
79,239,1,4,1
79,195,1,4,2
79,150,1,4,3
79,93,1,4,4
79,110,1,4,5
79,153,1,4,6
79,60,0,4,7
79,6,0,4,8
79,184,1,4,9
80,36,1,4,0
80,235,1,4,1
80,81,1,4,2
80,142,1,4,3
80,180,0,4,4
80,1,0,4,5
80,38,0,4,6
80,76,1,4,7
80,59,0,4,8
80,5,1,4,9
81,239,1,4,0
81,186,1,4,1
81,41,1,4,2
81,170,0,4,3
81,102,1,4,4
81,15,1,4,5
81,209,0,4,6
81,210,0,4,7
81,215,1,4,8
81,156,1,4,9
82,138,1,4,0
82,180,1,4,1
82,162,0,4,2
82,9,1,4,3
82,131,0,4,4
82,110,1,4,5
82,194,1,4,6
82,239,0,4,7
82,190,1,4,8
82,121,1,4,9
83,61,1,4,0
83,209,1,4,1
83,162,1,4,2
83,186,1,4,3
83,206,1,4,4
83,36,0,4,5
83,9,0,4,6
83,112,1,4,7
83,41,1,4,8
83,170,1,4,9
84,190,0,4,0
84,239,1,4,1
84,115,1,4,2
84,206,0,4,3
84,14,0,4,4
84,177,0,4,5
84,195,1,4,6
84,224,0,4,7
84,81,1,4,8
84,47,1,4,9
85,136,0,4,0
85,206,0,4,1
85,3,1,4,2
85,155,0,4,3
85,115,0,4,4
85,172,1,4,5
85,43,1,4,6
85,45,1,4,7
85,121,1,4,8
85,25,1,4,9
86,10,1,4,0
86,168,1,4,1
86,221,1,4,2
86,23,1,4,3
86,70,0,4,4
86,9,1,4,5
86,148,1,4,6
86,162,1,4,7
86,220,0,4,8
86,169,0,4,9
87,194,0,4,0
87,239,0,4,1
87,187,0,4,2
87,79,1,4,3
87,118,0,4,4
87,184,1,4,5
87,110,0,4,6
87,29,1,4,7
87,7,1,4,8
87,101,1,4,9
88,137,0,4,0
88,180,0,4,1
88,190,0,4,2
88,206,0,4,3
88,115,0,4,4
88,43,1,4,5
88,7,1,4,6
88,110,1,4,7
88,81,0,4,8
88,155,1,4,9
89,129,1,4,0
89,10,1,4,1
89,70,1,4,2
89,164,1,4,3
89,166,1,4,4
89,220,1,4,5
89,0,1,4,6
89,23,0,4,7
89,162,1,4,8
89,32,0,4,9
90,168,0,4,0
90,210,1,4,1
90,218,1,4,2
90,212,0,4,3
90,70,1,4,4
90,22,0,4,5
90,169,1,4,6
90,187,1,4,7
90,239,0,4,8
90,221,1,4,9
91,206,0,4,0
91,184,0,4,1
91,155,0,4,2
91,3,0,4,3
91,132,1,4,4
91,201,0,4,5
91,43,0,4,6
91,83,1,4,7
91,115,1,4,8
91,69,0,4,9
92,187,0,4,0
92,184,1,4,1
92,168,1,4,2
92,93,1,4,3
92,101,1,4,4
92,239,0,4,5
92,83,1,4,6
92,58,0,4,7
92,142,1,4,8
92,218,0,4,9
93,131,1,4,0
93,226,1,4,1
93,235,0,4,2
93,9,0,4,3
93,98,0,4,4
93,107,0,4,5
93,231,0,4,6
93,194,1,4,7
93,79,0,4,8
93,163,1,4,9
94,9,0,4,0
94,39,1,4,1
94,144,1,4,2
94,225,1,4,3
94,162,1,4,4
94,56,0,4,5
94,226,1,4,6
94,10,1,4,7
94,129,0,4,8
94,73,1,4,9
95,239,1,4,0
95,118,1,4,1
95,79,0,4,2
95,69,1,4,3
95,15,0,4,4
95,225,0,4,5
95,141,0,4,6
95,167,1,4,7
95,196,1,4,8
95,187,1,4,9
96,218,0,4,0
96,67,1,4,1
96,163,0,4,2
96,62,1,4,3
96,49,1,4,4
96,8,0,4,5
96,230,1,4,6
96,136,1,4,7
96,73,1,4,8
96,223,1,4,9
97,10,1,4,0
97,220,0,4,1
97,23,1,4,2
97,65,1,4,3
97,70,0,4,4
97,210,0,4,5
97,108,0,4,6
97,26,0,4,7
97,164,1,4,8
97,162,1,4,9
98,218,0,4,0
98,168,0,4,1
98,62,1,4,2
98,89,0,4,3
98,83,0,4,4
98,75,1,4,5
98,93,0,4,6
98,2,0,4,7
98,184,0,4,8
98,136,1,4,9
99,81,1,4,0
99,76,0,4,1
99,70,1,4,2
99,187,1,4,3
99,239,1,4,4
99,68,0,4,5
99,215,1,4,6
99,105,1,4,7
99,220,0,4,8
99,102,1,4,9
100,121,1,4,0
100,190,1,4,1
100,74,1,4,2
100,202,1,4,3
100,168,0,4,4
100,239,1,4,5
100,178,0,4,6
100,155,0,4,7
100,172,1,4,8
100,136,0,4,9
101,69,0,4,0
101,9,0,4,1
101,10,0,4,2
101,204,1,4,3
101,41,1,4,4
101,142,0,4,5
101,79,0,4,6
101,206,0,4,7
101,58,1,4,8
101,45,0,4,9
102,70,1,4,0
102,48,0,4,1
102,93,0,4,2
102,23,1,4,3
102,184,0,4,4
102,26,0,4,5
102,72,1,4,6
102,195,1,4,7
102,33,0,4,8
102,64,0,4,9
103,239,1,4,0
103,210,1,4,1
103,209,1,4,2
103,36,0,4,3
103,97,0,4,4
103,47,1,4,5
103,160,0,4,6
103,14,1,4,7
103,124,0,4,8
103,170,0,4,9
104,70,0,4,0
104,129,0,4,1
104,32,1,4,2
104,195,0,4,3
104,36,1,4,4
104,23,0,4,5
104,239,0,4,6
104,47,1,4,7
104,117,0,4,8
104,96,0,4,9
105,116,1,4,0
105,194,1,4,1
105,131,0,4,2
105,145,1,4,3
105,218,0,4,4
105,41,0,4,5
105,83,0,4,6
105,118,0,4,7
105,122,1,4,8
105,235,0,4,9
106,184,0,4,0
106,186,0,4,1
106,191,1,4,2
106,110,0,4,3
106,195,1,4,4
106,190,1,4,5
106,189,0,4,6
106,4,0,4,7
106,76,1,4,8
106,94,1,4,9
107,184,0,4,0
107,110,1,4,1
107,239,0,4,2
107,225,0,4,3
107,93,1,4,4
107,29,0,4,5
107,141,1,4,6
107,79,1,4,7
107,118,0,4,8
107,190,0,4,9
108,37,0,4,0
108,218,0,4,1
108,145,1,4,2
108,36,0,4,3
108,22,1,4,4
108,239,0,4,5
108,122,1,4,6
108,212,0,4,7
108,227,1,4,8
108,116,0,4,9
109,81,1,4,0
109,70,1,4,1
109,222,0,4,2
109,1,1,4,3
109,184,0,4,4
109,88,1,4,5
109,101,0,4,6
109,190,1,4,7
109,239,1,4,8
109,150,1,4,9
110,129,0,4,0
110,170,0,4,1
110,162,1,4,2
110,239,1,4,3
110,23,0,4,4
110,186,1,4,5
110,10,1,4,6
110,99,1,4,7
110,70,1,4,8
110,236,1,4,9
111,239,1,4,0
111,187,0,4,1
111,118,1,4,2
111,46,1,4,3
111,22,0,4,4
111,122,0,4,5
111,55,0,4,6
111,145,0,4,7
111,216,0,4,8
111,10,1,4,9
112,225,0,4,0
112,190,1,4,1
112,73,0,4,2
112,129,1,4,3
112,196,0,4,4
112,67,1,4,5
112,184,1,4,6
112,141,0,4,7
112,193,0,4,8
112,93,1,4,9
113,222,1,4,0
113,9,1,4,1
113,180,0,4,2
113,142,1,4,3
113,58,1,4,4
113,45,1,4,5
113,206,1,4,6
113,184,1,4,7
113,7,1,4,8
113,137,1,4,9
114,141,1,4,0
114,225,0,4,1
114,110,1,4,2
114,184,0,4,3
114,238,1,4,4
114,93,0,4,5
114,234,1,4,6
114,186,1,4,7
114,189,1,4,8
114,138,0,4,9
115,70,0,4,0
115,10,1,4,1
115,220,0,4,2
115,239,0,4,3
115,22,1,4,4
115,169,1,4,5
115,164,1,4,6
115,188,0,4,7
115,23,1,4,8
115,187,1,4,9
116,134,1,4,0
116,184,1,4,1
116,4,0,4,2
116,78,1,4,3
116,7,1,4,4
116,186,1,4,5
116,76,0,4,6
116,189,0,4,7
116,73,0,4,8
116,144,1,4,9
117,239,1,4,0
117,36,0,4,1
117,70,0,4,2
117,129,1,4,3
117,1,1,4,4
117,101,0,4,5
117,53,0,4,6
117,162,1,4,7
117,150,0,4,8
117,38,0,4,9
118,184,1,4,0
118,142,1,4,1
118,9,0,4,2
118,7,1,4,3
118,58,1,4,4
118,180,0,4,5
118,206,0,4,6
118,25,1,4,7
118,201,1,4,8
118,128,1,4,9
119,144,1,4,0
119,187,1,4,1
119,170,1,4,2
119,15,1,4,3
119,239,0,4,4
119,11,1,4,5
119,145,0,4,6
119,13,0,4,7
119,237,1,4,8
119,54,1,4,9
0,190,0,5,0
0,67,0,5,1
0,193,1,5,2
0,239,0,5,3
0,229,0,5,4
0,149,1,5,5
0,196,1,5,6
0,66,1,5,7
0,150,0,5,8
0,225,0,5,9
1,184,0,5,0
1,231,1,5,1
1,226,1,5,2
1,79,0,5,3
1,213,0,5,4
1,105,1,5,5
1,98,1,5,6
1,107,0,5,7
1,7,0,5,8
1,185,1,5,9
2,190,1,5,0
2,52,0,5,1
2,144,1,5,2
2,206,1,5,3
2,113,1,5,4
2,137,0,5,5
2,115,1,5,6
2,61,0,5,7
2,180,0,5,8
2,39,1,5,9
3,83,0,5,0
3,102,1,5,1
3,26,1,5,2
3,239,0,5,3
3,107,0,5,4
3,74,1,5,5
3,116,0,5,6
3,57,1,5,7
3,184,1,5,8
3,219,0,5,9
4,129,1,5,0
4,137,0,5,1
4,166,0,5,2
4,189,0,5,3
4,101,1,5,4
4,206,0,5,5
4,239,0,5,6
4,110,0,5,7
4,32,0,5,8
4,77,1,5,9
5,168,0,5,0
5,115,1,5,1
5,124,1,5,2
5,190,1,5,3
5,53,1,5,4
5,123,1,5,5
5,239,0,5,6
5,180,0,5,7
5,142,1,5,8
5,229,1,5,9
6,129,0,5,0
6,215,0,5,1
6,70,1,5,2
6,53,1,5,3
6,36,1,5,4
6,239,0,5,5
6,162,1,5,6
6,0,1,5,7
6,209,1,5,8
6,23,1,5,9
7,64,1,5,0
7,169,1,5,1
7,49,0,5,2
7,178,1,5,3
7,70,0,5,4
7,72,1,5,5
7,47,1,5,6
7,74,1,5,7
7,163,1,5,8
7,161,1,5,9
8,180,1,5,0
8,190,1,5,1
8,7,1,5,2
8,184,0,5,3
8,73,0,5,4
8,4,0,5,5
8,93,1,5,6
8,141,0,5,7
8,48,0,5,8
8,66,0,5,9
9,129,1,5,0
9,138,1,5,1
9,66,1,5,2
9,146,0,5,3
9,110,1,5,4
9,186,0,5,5
9,225,0,5,6
9,90,1,5,7
9,140,1,5,8
9,123,0,5,9
10,10,1,5,0
10,105,1,5,1
10,41,1,5,2
10,80,1,5,3
10,9,1,5,4
10,231,1,5,5
10,185,1,5,6
10,162,0,5,7
10,122,1,5,8
10,56,1,5,9
11,208,1,5,0
11,70,1,5,1
11,67,0,5,2
11,64,0,5,3
11,26,0,5,4
11,74,1,5,5
11,98,1,5,6
11,96,1,5,7
11,116,0,5,8
11,102,1,5,9
12,239,1,5,0
12,209,0,5,1
12,210,1,5,2
12,124,1,5,3
12,102,1,5,4
12,170,0,5,5
12,97,0,5,6
12,177,0,5,7
12,186,1,5,8
12,168,1,5,9
13,225,0,5,0
13,129,1,5,1
13,213,1,5,2
13,73,1,5,3
13,66,1,5,4
13,184,0,5,5
13,189,1,5,6
13,39,0,5,7
13,120,1,5,8
13,190,0,5,9
14,116,0,5,0
14,41,1,5,1
14,81,0,5,2
14,37,0,5,3
14,122,0,5,4
14,131,0,5,5
14,217,1,5,6
14,239,1,5,7
14,145,0,5,8
14,67,1,5,9
15,239,1,5,0
15,187,1,5,1
15,11,1,5,2
15,238,0,5,3
15,54,1,5,4
15,170,0,5,5
15,99,1,5,6
15,122,0,5,7
15,153,1,5,8
15,10,0,5,9
16,10,0,5,0
16,170,1,5,1
16,68,0,5,2
16,220,0,5,3
16,105,1,5,4
16,210,1,5,5
16,102,1,5,6
16,162,1,5,7
16,52,0,5,8
16,221,1,5,9
17,195,0,5,0
17,70,1,5,1
17,47,0,5,2
17,33,1,5,3
17,23,1,5,4
17,161,0,5,5
17,126,0,5,6
17,129,0,5,7
17,72,1,5,8
17,52,0,5,9
18,70,1,5,0
18,10,1,5,1
18,220,0,5,2
18,162,0,5,3
18,22,1,5,4
18,187,0,5,5
18,23,0,5,6
18,68,0,5,7
18,56,1,5,8
18,139,1,5,9
19,32,1,5,0
19,110,1,5,1
19,206,1,5,2
19,80,0,5,3
19,121,1,5,4
19,239,1,5,5
19,178,0,5,6
19,90,0,5,7
19,26,1,5,8
19,177,0,5,9
20,184,1,5,0
20,7,0,5,1
20,190,0,5,2
20,172,1,5,3
20,70,0,5,4
20,43,1,5,5
20,93,0,5,6
20,169,0,5,7
20,192,0,5,8
20,110,1,5,9
21,239,1,5,0
21,141,0,5,1
21,129,1,5,2
21,99,1,5,3
21,110,1,5,4
21,69,1,5,5
21,190,1,5,6
21,180,1,5,7
21,115,0,5,8
21,206,1,5,9
22,186,1,5,0
22,184,0,5,1
22,206,1,5,2
22,76,1,5,3
22,94,0,5,4
22,105,0,5,5
22,159,0,5,6
22,224,0,5,7
22,215,0,5,8
22,92,1,5,9
23,129,1,5,0
23,66,0,5,1
23,190,1,5,2
23,110,0,5,3
23,225,1,5,4
23,180,1,5,5
23,7,1,5,6
23,184,0,5,7
23,138,0,5,8
23,168,1,5,9
24,121,1,5,0
24,36,0,5,1
24,154,0,5,2
24,109,1,5,3
24,52,0,5,4
24,97,0,5,5
24,61,1,5,6
24,124,0,5,7
24,198,0,5,8
24,33,1,5,9
25,225,1,5,0
25,39,1,5,1
25,144,1,5,2
25,73,0,5,3
25,141,0,5,4
25,54,1,5,5
25,189,1,5,6
25,129,1,5,7
25,91,1,5,8
25,77,1,5,9
26,48,1,5,0
26,123,0,5,1
26,93,1,5,2
26,168,0,5,3
26,206,1,5,4
26,229,0,5,5
26,26,1,5,6
26,115,1,5,7
26,117,0,5,8
26,3,1,5,9
27,129,0,5,0
27,190,0,5,1
27,166,1,5,2
27,180,1,5,3
27,144,1,5,4
27,195,1,5,5
27,110,1,5,6
27,78,0,5,7
27,239,1,5,8
27,43,1,5,9
28,227,1,5,0
28,47,1,5,1
28,218,1,5,2
28,37,1,5,3
28,89,0,5,4
28,22,1,5,5
28,62,0,5,6
28,34,1,5,7
28,70,0,5,8
28,136,1,5,9
29,10,1,5,0
29,168,1,5,1
29,220,1,5,2
29,83,0,5,3
29,142,1,5,4
29,218,0,5,5
29,107,1,5,6
29,221,0,5,7
29,172,0,5,8
29,77,1,5,9
30,218,1,5,0
30,67,0,5,1
30,62,1,5,2
30,131,1,5,3
30,89,1,5,4
30,141,1,5,5
30,145,0,5,6
30,136,0,5,7
30,75,1,5,8
30,9,1,5,9
31,184,1,5,0
31,93,1,5,1
31,218,0,5,2
31,141,1,5,3
31,2,0,5,4
31,136,1,5,5
31,62,1,5,6
31,158,0,5,7
31,25,0,5,8
31,168,1,5,9
32,142,1,5,0
32,81,0,5,1
32,235,1,5,2
32,180,1,5,3
32,150,1,5,4
32,1,1,5,5
32,184,0,5,6
32,222,1,5,7
32,188,1,5,8
32,70,0,5,9
33,70,1,5,0
33,129,0,5,1
33,38,0,5,2
33,162,1,5,3
33,189,0,5,4
33,195,1,5,5
33,78,0,5,6
33,166,0,5,7
33,169,0,5,8
33,54,0,5,9
34,105,1,5,0
34,186,0,5,1
34,206,1,5,2
34,184,0,5,3
34,162,1,5,4
34,23,1,5,5
34,94,1,5,6
34,80,1,5,7
34,50,1,5,8
34,25,1,5,9
35,239,0,5,0
35,110,1,5,1
35,141,0,5,2
35,190,1,5,3
35,93,0,5,4
35,29,0,5,5
35,66,1,5,6
35,225,0,5,7
35,150,0,5,8
35,99,0,5,9
36,215,1,5,0
36,186,1,5,1
36,37,0,5,2
36,105,0,5,3
36,108,0,5,4
36,76,0,5,5
36,81,0,5,6
36,0,0,5,7
36,42,1,5,8
36,204,1,5,9
37,102,1,5,0
37,239,1,5,1
37,124,1,5,2
37,209,0,5,3
37,210,1,5,4
37,68,1,5,5
37,105,1,5,6
37,215,1,5,7
37,170,1,5,8
37,173,1,5,9
38,41,1,5,0
38,69,1,5,1
38,81,0,5,2
38,206,0,5,3
38,122,1,5,4
38,159,1,5,5
38,79,1,5,6
38,224,0,5,7
38,186,1,5,8
38,234,0,5,9
39,180,1,5,0
39,141,1,5,1
39,73,0,5,2
39,190,0,5,3
39,49,0,5,4
39,7,1,5,5
39,131,0,5,6
39,9,1,5,7
39,218,0,5,8
39,130,1,5,9
40,10,1,5,0
40,23,0,5,1
40,220,1,5,2
40,70,1,5,3
40,210,1,5,4
40,124,1,5,5
40,0,1,5,6
40,215,0,5,7
40,162,1,5,8
40,65,1,5,9
41,53,1,5,0
41,162,0,5,1
41,209,0,5,2
41,154,0,5,3
41,186,1,5,4
41,239,0,5,5
41,123,1,5,6
41,202,1,5,7
41,61,0,5,8
41,36,1,5,9
42,15,1,5,0
42,186,1,5,1
42,102,0,5,2
42,2,1,5,3
42,105,0,5,4
42,108,0,5,5
42,219,1,5,6
42,41,0,5,7
42,170,1,5,8
42,231,1,5,9
43,189,1,5,0
43,184,1,5,1
43,129,0,5,2
43,110,0,5,3
43,225,0,5,4
43,79,0,5,5
43,186,0,5,6
43,213,1,5,7
43,180,1,5,8
43,54,0,5,9
44,206,1,5,0
44,184,1,5,1
44,229,1,5,2
44,26,1,5,3
44,115,1,5,4
44,48,1,5,5
44,155,1,5,6
44,93,1,5,7
44,165,1,5,8
44,3,0,5,9
45,239,0,5,0
45,162,1,5,1
45,187,1,5,2
45,194,1,5,3
45,101,0,5,4
45,137,1,5,5
45,129,1,5,6
45,10,1,5,7
45,110,0,5,8
45,41,1,5,9
46,170,1,5,0
46,187,1,5,1
46,186,1,5,2
46,30,1,5,3
46,231,1,5,4
46,94,0,5,5
46,15,1,5,6
46,80,1,5,7
46,68,1,5,8
46,41,1,5,9
47,40,0,5,0
47,37,0,5,1
47,26,1,5,2
47,220,0,5,3
47,22,1,5,4
47,83,1,5,5
47,81,0,5,6
47,20,1,5,7
47,98,1,5,8
47,69,1,5,9
48,141,0,5,0
48,158,1,5,1
48,77,0,5,2
48,218,0,5,3
48,24,0,5,4
48,168,1,5,5
48,166,0,5,6
48,10,0,5,7
48,93,1,5,8
48,69,0,5,9
49,131,1,5,0
49,64,0,5,1
49,178,1,5,2
49,175,1,5,3
49,224,1,5,4
49,26,0,5,5
49,116,0,5,6
49,154,0,5,7
49,160,0,5,8
49,17,0,5,9
50,141,1,5,0
50,235,0,5,1
50,131,1,5,2
50,116,1,5,3
50,118,1,5,4
50,142,1,5,5
50,239,0,5,6
50,69,0,5,7
50,145,0,5,8
50,30,1,5,9
51,64,0,5,0
51,26,1,5,1
51,158,0,5,2
51,72,0,5,3
51,136,1,5,4
51,181,1,5,5
51,49,0,5,6
51,121,1,5,7
51,161,0,5,8
51,169,1,5,9
52,129,1,5,0
52,39,1,5,1
52,166,1,5,2
52,148,0,5,3
52,144,1,5,4
52,78,1,5,5
52,70,1,5,6
52,77,1,5,7
52,73,0,5,8
52,141,1,5,9
53,184,1,5,0
53,93,0,5,1
53,76,1,5,2
53,180,1,5,3
53,62,0,5,4
53,234,1,5,5
53,222,1,5,6
53,26,1,5,7
53,48,1,5,8
53,186,0,5,9
54,186,0,5,0
54,189,0,5,1
54,184,0,5,2
54,110,0,5,3
54,2,0,5,4
54,93,0,5,5
54,179,1,5,6
54,238,1,5,7
54,239,0,5,8
54,234,0,5,9
55,70,1,5,0
55,239,0,5,1
55,220,1,5,2
55,164,1,5,3
55,166,0,5,4
55,129,1,5,5
55,22,1,5,6
55,10,0,5,7
55,32,1,5,8
55,188,1,5,9
56,70,1,5,0
56,36,1,5,1
56,101,0,5,2
56,27,1,5,3
56,81,0,5,4
56,22,0,5,5
56,113,1,5,6
56,88,1,5,7
56,137,0,5,8
56,239,1,5,9
57,239,1,5,0
57,141,1,5,1
57,225,1,5,2
57,93,0,5,3
57,190,0,5,4
57,129,0,5,5
57,66,1,5,6
57,150,1,5,7
57,153,1,5,8
57,91,0,5,9
58,152,1,5,0
58,153,0,5,1
58,170,0,5,2
58,76,0,5,3
58,161,0,5,4
58,239,1,5,5
58,186,1,5,6
58,21,1,5,7
58,99,1,5,8
58,214,1,5,9
59,10,1,5,0
59,239,1,5,1
59,91,1,5,2
59,168,1,5,3
59,187,1,5,4
59,220,0,5,5
59,70,0,5,6
59,39,0,5,7
59,22,1,5,8
59,145,0,5,9
60,184,0,5,0
60,66,1,5,1
60,190,0,5,2
60,7,0,5,3
60,180,0,5,4
60,29,1,5,5
60,229,1,5,6
60,194,1,5,7
60,9,1,5,8
60,58,0,5,9
61,239,1,5,0
61,116,1,5,1
61,37,1,5,2
61,81,0,5,3
61,122,0,5,4
61,217,0,5,5
61,22,0,5,6
61,160,0,5,7
61,212,0,5,8
61,145,0,5,9
62,33,1,5,0
62,70,1,5,1
62,23,0,5,2
62,158,1,5,3
62,169,1,5,4
62,195,1,5,5
62,49,0,5,6
62,48,1,5,7
62,184,0,5,8
62,72,0,5,9
63,177,1,5,0
63,238,0,5,1
63,102,1,5,2
63,80,1,5,3
63,170,1,5,4
63,90,0,5,5
63,239,1,5,6
63,153,0,5,7
63,121,1,5,8
63,11,1,5,9
64,239,1,5,0
64,168,1,5,1
64,212,1,5,2
64,36,1,5,3
64,154,1,5,4
64,209,0,5,5
64,61,1,5,6
64,210,0,5,7
64,162,1,5,8
64,187,1,5,9
65,172,0,5,0
65,166,0,5,1
65,93,1,5,2
65,168,1,5,3
65,72,1,5,4
65,13,1,5,5
65,95,1,5,6
65,32,1,5,7
65,91,1,5,8
65,113,0,5,9
66,162,1,5,0
66,187,0,5,1
66,36,1,5,2
66,61,0,5,3
66,125,1,5,4
66,170,1,5,5
66,9,1,5,6
66,216,0,5,7
66,56,0,5,8
66,30,1,5,9
67,218,1,5,0
67,131,1,5,1
67,62,0,5,2
67,194,0,5,3
67,202,0,5,4
67,168,1,5,5
67,141,0,5,6
67,116,1,5,7
67,2,1,5,8
67,239,0,5,9
68,168,1,5,0
68,48,1,5,1
68,93,0,5,2
68,32,1,5,3
68,110,0,5,4
68,184,0,5,5
68,113,1,5,6
68,123,1,5,7
68,172,1,5,8
68,117,0,5,9
69,48,1,5,0
69,180,0,5,1
69,61,1,5,2
69,142,0,5,3
69,110,1,5,4
69,168,1,5,5
69,101,1,5,6
69,239,1,5,7
69,141,0,5,8
69,190,0,5,9
70,116,0,5,0
70,64,0,5,1
70,178,1,5,2
70,74,0,5,3
70,20,1,5,4
70,217,1,5,5
70,161,0,5,6
70,98,1,5,7
70,239,1,5,8
70,233,1,5,9
71,162,1,5,0
71,36,1,5,1
71,142,1,5,2
71,53,1,5,3
71,9,1,5,4
71,38,0,5,5
71,23,1,5,6
71,180,1,5,7
71,5,1,5,8
71,70,1,5,9
72,10,1,5,0
72,142,0,5,1
72,162,1,5,2
72,9,1,5,3
72,169,1,5,4
72,70,1,5,5
72,220,1,5,6
72,36,1,5,7
72,23,1,5,8
72,235,0,5,9
73,194,1,5,0
73,162,1,5,1
73,9,0,5,2
73,2,1,5,3
73,66,0,5,4
73,218,0,5,5
73,226,0,5,6
73,225,1,5,7
73,10,1,5,8
73,62,0,5,9
74,141,0,5,0
74,48,1,5,1
74,180,0,5,2
74,93,0,5,3
74,234,0,5,4
74,184,0,5,5
74,206,1,5,6
74,5,0,5,7
74,9,1,5,8
74,186,1,5,9
75,2,0,5,0
75,184,1,5,1
75,62,1,5,2
75,218,1,5,3
75,10,1,5,4
75,108,1,5,5
75,93,1,5,6
75,168,1,5,7
75,187,0,5,8
75,176,0,5,9
76,180,1,5,0
76,48,1,5,1
76,9,1,5,2
76,33,1,5,3
76,52,1,5,4
76,28,0,5,5
76,115,1,5,6
76,49,0,5,7
76,206,0,5,8
76,61,1,5,9
77,184,1,5,0
77,2,1,5,1
77,76,1,5,2
77,176,0,5,3
77,186,0,5,4
77,187,1,5,5
77,82,0,5,6
77,239,1,5,7
77,93,0,5,8
77,60,0,5,9
78,218,1,5,0
78,145,1,5,1
78,9,1,5,2
78,10,0,5,3
78,187,0,5,4
78,144,0,5,5
78,158,0,5,6
78,237,0,5,7
78,203,1,5,8
78,122,1,5,9
79,190,0,5,0
79,239,0,5,1
79,195,0,5,2
79,110,0,5,3
79,93,0,5,4
79,150,1,5,5
79,153,0,5,6
79,60,0,5,7
79,184,1,5,8
79,6,0,5,9
80,36,0,5,0
80,81,0,5,1
80,235,0,5,2
80,142,0,5,3
80,180,0,5,4
80,1,0,5,5
80,38,0,5,6
80,76,0,5,7
80,70,0,5,8
80,5,0,5,9
81,239,1,5,0
81,186,0,5,1
81,41,1,5,2
81,170,0,5,3
81,102,1,5,4
81,15,0,5,5
81,209,1,5,6
81,210,1,5,7
81,215,0,5,8
81,194,1,5,9
82,138,1,5,0
82,180,0,5,1
82,162,0,5,2
82,9,1,5,3
82,110,1,5,4
82,131,0,5,5
82,239,0,5,6
82,194,1,5,7
82,190,1,5,8
82,121,0,5,9
83,61,1,5,0
83,209,1,5,1
83,162,1,5,2
83,186,0,5,3
83,206,0,5,4
83,36,0,5,5
83,9,0,5,6
83,170,0,5,7
83,41,0,5,8
83,112,1,5,9
84,190,1,5,0
84,239,1,5,1
84,206,0,5,2
84,115,1,5,3
84,14,0,5,4
84,177,0,5,5
84,195,0,5,6
84,224,0,5,7
84,81,1,5,8
84,110,0,5,9
85,136,1,5,0
85,206,1,5,1
85,3,0,5,2
85,155,0,5,3
85,115,1,5,4
85,172,0,5,5
85,43,1,5,6
85,121,1,5,7
85,45,1,5,8
85,131,0,5,9
86,10,0,5,0
86,168,0,5,1
86,221,1,5,2
86,23,1,5,3
86,70,1,5,4
86,9,1,5,5
86,162,1,5,6
86,220,1,5,7
86,169,0,5,8
86,148,1,5,9
87,239,0,5,0
87,194,0,5,1
87,187,1,5,2
87,79,1,5,3
87,118,0,5,4
87,184,1,5,5
87,110,0,5,6
87,162,1,5,7
87,7,1,5,8
87,190,0,5,9
88,137,1,5,0
88,180,1,5,1
88,190,1,5,2
88,206,1,5,3
88,115,1,5,4
88,110,1,5,5
88,7,1,5,6
88,43,0,5,7
88,81,1,5,8
88,142,0,5,9
89,129,0,5,0
89,10,0,5,1
89,70,0,5,2
89,166,0,5,3
89,164,0,5,4
89,220,1,5,5
89,23,0,5,6
89,162,0,5,7
89,0,1,5,8
89,32,1,5,9
90,168,1,5,0
90,210,1,5,1
90,218,0,5,2
90,70,0,5,3
90,22,0,5,4
90,212,1,5,5
90,169,1,5,6
90,187,1,5,7
90,239,1,5,8
90,221,1,5,9
91,206,0,5,0
91,184,1,5,1
91,155,0,5,2
91,3,1,5,3
91,132,1,5,4
91,43,1,5,5
91,201,1,5,6
91,83,0,5,7
91,115,1,5,8
91,69,1,5,9
92,187,0,5,0
92,184,0,5,1
92,168,1,5,2
92,93,1,5,3
92,239,0,5,4
92,101,1,5,5
92,83,1,5,6
92,58,1,5,7
92,142,0,5,8
92,218,0,5,9
93,131,0,5,0
93,226,0,5,1
93,235,1,5,2
93,9,1,5,3
93,98,0,5,4
93,107,1,5,5
93,231,0,5,6
93,194,1,5,7
93,79,0,5,8
93,225,0,5,9
94,9,0,5,0
94,39,1,5,1
94,144,0,5,2
94,162,1,5,3
94,225,1,5,4
94,10,0,5,5
94,56,1,5,6
94,129,0,5,7
94,226,0,5,8
94,73,1,5,9
95,239,0,5,0
95,118,1,5,1
95,79,1,5,2
95,69,0,5,3
95,225,0,5,4
95,141,0,5,5
95,15,1,5,6
95,167,1,5,7
95,187,1,5,8
95,184,1,5,9
96,218,1,5,0
96,67,1,5,1
96,62,1,5,2
96,163,1,5,3
96,49,1,5,4
96,136,1,5,5
96,8,0,5,6
96,230,0,5,7
96,73,0,5,8
96,158,0,5,9
97,10,1,5,0
97,23,0,5,1
97,220,1,5,2
97,65,0,5,3
97,70,0,5,4
97,210,0,5,5
97,108,0,5,6
97,162,1,5,7
97,26,1,5,8
97,164,0,5,9
98,218,0,5,0
98,168,1,5,1
98,62,0,5,2
98,83,1,5,3
98,89,1,5,4
98,93,1,5,5
98,75,0,5,6
98,184,0,5,7
98,2,0,5,8
98,136,0,5,9
99,81,1,5,0
99,70,1,5,1
99,239,0,5,2
99,76,1,5,3
99,187,0,5,4
99,68,0,5,5
99,215,1,5,6
99,105,1,5,7
99,220,0,5,8
99,102,1,5,9
100,121,1,5,0
100,190,0,5,1
100,74,0,5,2
100,202,1,5,3
100,168,1,5,4
100,239,0,5,5
100,178,1,5,6
100,155,1,5,7
100,184,1,5,8
100,172,0,5,9
101,9,1,5,0
101,69,0,5,1
101,10,1,5,2
101,204,1,5,3
101,142,0,5,4
101,41,1,5,5
101,79,1,5,6
101,206,1,5,7
101,58,1,5,8
101,122,1,5,9
102,70,1,5,0
102,93,1,5,1
102,48,1,5,2
102,23,1,5,3
102,184,0,5,4
102,26,1,5,5
102,72,1,5,6
102,195,0,5,7
102,33,1,5,8
102,64,0,5,9
103,239,0,5,0
103,210,1,5,1
103,209,0,5,2
103,36,0,5,3
103,97,1,5,4
103,47,0,5,5
103,170,0,5,6
103,160,1,5,7
103,124,0,5,8
103,102,0,5,9
104,70,1,5,0
104,129,1,5,1
104,32,0,5,2
104,195,0,5,3
104,36,1,5,4
104,23,1,5,5
104,239,1,5,6
104,47,1,5,7
104,117,0,5,8
104,38,1,5,9
105,116,1,5,0
105,194,1,5,1
105,131,0,5,2
105,145,0,5,3
105,218,1,5,4
105,41,0,5,5
105,122,0,5,6
105,83,0,5,7
105,118,0,5,8
105,239,0,5,9
106,184,0,5,0
106,186,1,5,1
106,110,0,5,2
106,191,1,5,3
106,190,1,5,4
106,195,1,5,5
106,189,0,5,6
106,4,1,5,7
106,76,0,5,8
106,206,0,5,9
107,184,1,5,0
107,110,1,5,1
107,239,0,5,2
107,93,1,5,3
107,225,1,5,4
107,141,1,5,5
107,29,0,5,6
107,79,0,5,7
107,190,1,5,8
107,118,0,5,9
108,37,1,5,0
108,218,0,5,1
108,145,0,5,2
108,36,1,5,3
108,22,0,5,4
108,239,0,5,5
108,122,0,5,6
108,212,0,5,7
108,116,0,5,8
108,227,1,5,9
109,70,1,5,0
109,81,1,5,1
109,222,0,5,2
109,184,0,5,3
109,1,1,5,4
109,190,0,5,5
109,101,0,5,6
109,239,1,5,7
109,88,1,5,8
109,150,0,5,9
110,129,1,5,0
110,170,0,5,1
110,162,1,5,2
110,239,0,5,3
110,186,0,5,4
110,23,0,5,5
110,10,1,5,6
110,99,0,5,7
110,70,1,5,8
110,36,1,5,9
111,239,1,5,0
111,187,1,5,1
111,118,0,5,2
111,46,1,5,3
111,22,1,5,4
111,122,0,5,5
111,145,0,5,6
111,55,0,5,7
111,216,1,5,8
111,10,0,5,9
112,225,1,5,0
112,190,0,5,1
112,73,1,5,2
112,129,0,5,3
112,196,0,5,4
112,67,0,5,5
112,184,0,5,6
112,141,0,5,7
112,93,1,5,8
112,193,0,5,9
113,222,0,5,0
113,9,1,5,1
113,180,1,5,2
113,142,1,5,3
113,58,0,5,4
113,206,1,5,5
113,184,1,5,6
113,45,1,5,7
113,7,1,5,8
113,137,0,5,9
114,141,1,5,0
114,110,1,5,1
114,225,0,5,2
114,184,0,5,3
114,238,0,5,4
114,93,1,5,5
114,186,0,5,6
114,234,0,5,7
114,206,1,5,8
114,189,0,5,9
115,70,1,5,0
115,10,1,5,1
115,220,1,5,2
115,239,1,5,3
115,22,0,5,4
115,169,1,5,5
115,164,0,5,6
115,23,1,5,7
115,188,0,5,8
115,187,1,5,9
116,184,0,5,0
116,134,1,5,1
116,186,0,5,2
116,4,0,5,3
116,78,1,5,4
116,7,0,5,5
116,76,0,5,6
116,189,1,5,7
116,73,1,5,8
116,170,0,5,9
117,239,1,5,0
117,70,1,5,1
117,36,0,5,2
117,129,1,5,3
117,1,0,5,4
117,101,1,5,5
117,162,1,5,6
117,53,1,5,7
117,180,1,5,8
117,150,1,5,9
118,184,1,5,0
118,142,1,5,1
118,9,0,5,2
118,7,0,5,3
118,180,0,5,4
118,58,1,5,5
118,206,0,5,6
118,25,0,5,7
118,201,1,5,8
118,128,1,5,9
119,144,1,5,0
119,187,1,5,1
119,170,0,5,2
119,239,0,5,3
119,15,1,5,4
119,145,0,5,5
119,11,0,5,6
119,54,0,5,7
119,13,0,5,8
119,237,0,5,9
0,190,0,6,0
0,67,1,6,1
0,193,1,6,2
0,239,0,6,3
0,229,1,6,4
0,149,1,6,5
0,196,0,6,6
0,66,0,6,7
0,150,0,6,8
0,225,1,6,9
1,184,0,6,0
1,231,0,6,1
1,226,0,6,2
1,79,0,6,3
1,213,0,6,4
1,105,1,6,5
1,98,1,6,6
1,7,0,6,7
1,225,1,6,8
1,107,0,6,9
2,190,1,6,0
2,52,1,6,1
2,144,0,6,2
2,206,1,6,3
2,113,0,6,4
2,180,0,6,5
2,115,1,6,6
2,137,0,6,7
2,61,0,6,8
2,39,1,6,9
3,83,1,6,0
3,239,1,6,1
3,102,1,6,2
3,26,1,6,3
3,107,0,6,4
3,74,0,6,5
3,184,0,6,6
3,116,0,6,7
3,57,1,6,8
3,219,1,6,9
4,129,0,6,0
4,137,0,6,1
4,166,1,6,2
4,189,0,6,3
4,206,1,6,4
4,101,0,6,5
4,239,1,6,6
4,110,1,6,7
4,32,0,6,8
4,77,0,6,9
5,168,1,6,0
5,115,1,6,1
5,124,0,6,2
5,190,0,6,3
5,239,1,6,4
5,180,1,6,5
5,53,1,6,6
5,123,0,6,7
5,142,1,6,8
5,206,0,6,9
6,129,1,6,0
6,215,0,6,1
6,70,1,6,2
6,36,1,6,3
6,53,0,6,4
6,239,1,6,5
6,162,1,6,6
6,209,1,6,7
6,0,1,6,8
6,23,0,6,9
7,64,1,6,0
7,169,0,6,1
7,49,1,6,2
7,70,0,6,3
7,178,0,6,4
7,72,1,6,5
7,47,1,6,6
7,74,1,6,7
7,163,1,6,8
7,161,0,6,9
8,180,1,6,0
8,190,0,6,1
8,7,0,6,2
8,184,0,6,3
8,73,1,6,4
8,93,1,6,5
8,4,1,6,6
8,141,1,6,7
8,48,0,6,8
8,66,1,6,9
9,129,0,6,0
9,138,1,6,1
9,66,1,6,2
9,110,1,6,3
9,146,1,6,4
9,186,0,6,5
9,225,1,6,6
9,123,1,6,7
9,90,1,6,8
9,140,1,6,9
10,10,1,6,0
10,105,1,6,1
10,41,0,6,2
10,80,0,6,3
10,9,1,6,4
10,231,0,6,5
10,162,1,6,6
10,122,1,6,7
10,187,0,6,8
10,185,1,6,9
11,208,1,6,0
11,70,0,6,1
11,67,1,6,2
11,26,1,6,3
11,64,1,6,4
11,74,0,6,5
11,98,1,6,6
11,116,0,6,7
11,102,1,6,8
11,96,1,6,9
12,239,0,6,0
12,209,1,6,1
12,210,0,6,2
12,124,1,6,3
12,102,1,6,4
12,170,0,6,5
12,186,1,6,6
12,97,1,6,7
12,168,0,6,8
12,177,1,6,9
13,225,1,6,0
13,129,0,6,1
13,213,1,6,2
13,73,1,6,3
13,66,1,6,4
13,184,1,6,5
13,189,1,6,6
13,39,1,6,7
13,120,0,6,8
13,190,1,6,9
14,116,1,6,0
14,41,1,6,1
14,81,0,6,2
14,37,0,6,3
14,122,0,6,4
14,131,1,6,5
14,239,0,6,6
14,217,0,6,7
14,145,1,6,8
14,67,0,6,9
15,239,0,6,0
15,187,1,6,1
15,11,1,6,2
15,54,1,6,3
15,238,0,6,4
15,170,0,6,5
15,99,1,6,6
15,122,0,6,7
15,10,0,6,8
15,225,1,6,9
16,10,0,6,0
16,170,1,6,1
16,68,0,6,2
16,220,1,6,3
16,105,0,6,4
16,210,1,6,5
16,102,0,6,6
16,162,0,6,7
16,52,1,6,8
16,23,0,6,9
17,70,1,6,0
17,195,1,6,1
17,47,0,6,2
17,23,0,6,3
17,33,0,6,4
17,161,1,6,5
17,129,1,6,6
17,126,0,6,7
17,72,0,6,8
17,52,1,6,9
18,70,1,6,0
18,10,1,6,1
18,220,0,6,2
18,162,0,6,3
18,187,1,6,4
18,22,0,6,5
18,23,1,6,6
18,68,1,6,7
18,56,0,6,8
18,36,1,6,9
19,32,1,6,0
19,110,0,6,1
19,206,0,6,2
19,239,0,6,3
19,80,1,6,4
19,121,1,6,5
19,178,0,6,6
19,90,0,6,7
19,26,0,6,8
19,129,1,6,9
20,184,1,6,0
20,7,0,6,1
20,190,0,6,2
20,70,0,6,3
20,172,1,6,4
20,93,0,6,5
20,43,0,6,6
20,169,1,6,7
20,110,1,6,8
20,225,0,6,9
21,239,0,6,0
21,141,0,6,1
21,129,0,6,2
21,99,1,6,3
21,110,0,6,4
21,69,1,6,5
21,190,0,6,6
21,180,1,6,7
21,206,1,6,8
21,115,1,6,9
22,186,0,6,0
22,184,1,6,1
22,206,1,6,2
22,76,0,6,3
22,94,0,6,4
22,105,0,6,5
22,159,0,6,6
22,224,1,6,7
22,215,1,6,8
22,81,1,6,9
23,129,0,6,0
23,66,1,6,1
23,190,0,6,2
23,110,1,6,3
23,225,0,6,4
23,180,1,6,5
23,184,1,6,6
23,7,0,6,7
23,138,1,6,8
23,168,1,6,9
24,121,1,6,0
24,36,0,6,1
24,154,1,6,2
24,52,0,6,3
24,109,0,6,4
24,61,1,6,5
24,97,0,6,6
24,124,1,6,7
24,33,0,6,8
24,198,0,6,9
25,225,0,6,0
25,39,1,6,1
25,144,1,6,2
25,73,0,6,3
25,141,0,6,4
25,54,0,6,5
25,129,1,6,6
25,189,0,6,7
25,91,0,6,8
25,77,1,6,9
26,48,1,6,0
26,93,0,6,1
26,123,0,6,2
26,168,1,6,3
26,206,1,6,4
26,26,0,6,5
26,229,1,6,6
26,115,1,6,7
26,117,1,6,8
26,3,1,6,9
27,129,1,6,0
27,190,1,6,1
27,166,1,6,2
27,180,1,6,3
27,110,0,6,4
27,144,0,6,5
27,195,0,6,6
27,239,1,6,7
27,78,0,6,8
27,43,1,6,9
28,227,1,6,0
28,218,1,6,1
28,47,1,6,2
28,37,1,6,3
28,22,1,6,4
28,89,1,6,5
28,70,0,6,6
28,62,0,6,7
28,36,0,6,8
28,34,1,6,9
29,10,1,6,0
29,168,1,6,1
29,220,1,6,2
29,83,1,6,3
29,142,0,6,4
29,218,1,6,5
29,107,0,6,6
29,172,0,6,7
29,77,1,6,8
29,221,1,6,9
30,218,1,6,0
30,67,1,6,1
30,131,1,6,2
30,62,1,6,3
30,141,1,6,4
30,145,1,6,5
30,89,1,6,6
30,9,1,6,7
30,136,1,6,8
30,75,1,6,9
31,184,1,6,0
31,93,1,6,1
31,218,0,6,2
31,141,1,6,3
31,2,1,6,4
31,136,0,6,5
31,62,0,6,6
31,158,0,6,7
31,168,1,6,8
31,25,1,6,9
32,142,0,6,0
32,81,1,6,1
32,180,0,6,2
32,235,0,6,3
32,150,1,6,4
32,184,1,6,5
32,1,0,6,6
32,222,1,6,7
32,70,1,6,8
32,48,0,6,9
33,70,1,6,0
33,129,1,6,1
33,162,1,6,2
33,38,1,6,3
33,189,0,6,4
33,195,0,6,5
33,78,0,6,6
33,166,1,6,7
33,169,0,6,8
33,54,1,6,9
34,105,0,6,0
34,186,0,6,1
34,206,1,6,2
34,184,0,6,3
34,162,0,6,4
34,23,0,6,5
34,94,1,6,6
34,80,1,6,7
34,50,0,6,8
34,25,1,6,9
35,239,1,6,0
35,110,1,6,1
35,190,0,6,2
35,141,0,6,3
35,93,0,6,4
35,29,0,6,5
35,225,0,6,6
35,66,0,6,7
35,150,0,6,8
35,184,0,6,9
36,215,0,6,0
36,186,1,6,1
36,37,0,6,2
36,105,0,6,3
36,108,0,6,4
36,76,0,6,5
36,81,1,6,6
36,0,1,6,7
36,42,0,6,8
36,41,1,6,9
37,102,0,6,0
37,239,0,6,1
37,124,1,6,2
37,209,0,6,3
37,210,0,6,4
37,170,1,6,5
37,68,0,6,6
37,105,0,6,7
37,215,0,6,8
37,173,1,6,9
38,41,1,6,0
38,69,1,6,1
38,206,0,6,2
38,81,0,6,3
38,122,1,6,4
38,159,1,6,5
38,79,0,6,6
38,224,0,6,7
38,186,1,6,8
38,116,0,6,9
39,180,1,6,0
39,141,1,6,1
39,73,1,6,2
39,190,1,6,3
39,49,0,6,4
39,7,1,6,5
39,131,0,6,6
39,9,1,6,7
39,218,1,6,8
39,163,0,6,9
40,10,1,6,0
40,23,1,6,1
40,70,1,6,2
40,220,1,6,3
40,210,1,6,4
40,124,1,6,5
40,0,0,6,6
40,162,0,6,7
40,215,1,6,8
40,65,0,6,9
41,53,1,6,0
41,162,1,6,1
41,209,0,6,2
41,154,0,6,3
41,186,0,6,4
41,239,1,6,5
41,36,1,6,6
41,123,0,6,7
41,61,0,6,8
41,202,0,6,9
42,186,1,6,0
42,15,0,6,1
42,102,0,6,2
42,2,1,6,3
42,105,0,6,4
42,108,0,6,5
42,41,1,6,6
42,219,0,6,7
42,170,0,6,8
42,231,1,6,9
43,189,0,6,0
43,184,1,6,1
43,129,0,6,2
43,110,0,6,3
43,225,0,6,4
43,79,0,6,5
43,186,0,6,6
43,180,0,6,7
43,54,1,6,8
43,213,1,6,9
44,206,1,6,0
44,184,0,6,1
44,26,1,6,2
44,115,1,6,3
44,229,1,6,4
44,48,1,6,5
44,155,1,6,6
44,93,1,6,7
44,3,0,6,8
44,165,0,6,9
45,239,0,6,0
45,162,1,6,1
45,187,1,6,2
45,194,1,6,3
45,101,1,6,4
45,129,1,6,5
45,137,1,6,6
45,110,1,6,7
45,10,1,6,8
45,41,0,6,9
46,170,1,6,0
46,187,0,6,1
46,186,1,6,2
46,30,0,6,3
46,231,0,6,4
46,15,0,6,5
46,94,1,6,6
46,80,0,6,7
46,68,1,6,8
46,41,1,6,9
47,40,0,6,0
47,37,0,6,1
47,220,1,6,2
47,26,0,6,3
47,22,1,6,4
47,83,0,6,5
47,81,0,6,6
47,20,0,6,7
47,98,1,6,8
47,69,1,6,9
48,141,1,6,0
48,158,1,6,1
48,77,1,6,2
48,218,0,6,3
48,168,1,6,4
48,24,0,6,5
48,166,1,6,6
48,10,1,6,7
48,93,1,6,8
48,69,0,6,9
49,131,0,6,0
49,64,0,6,1
49,178,0,6,2
49,224,0,6,3
49,175,0,6,4
49,26,1,6,5
49,116,0,6,6
49,154,0,6,7
49,239,1,6,8
49,160,1,6,9
50,141,1,6,0
50,131,0,6,1
50,235,1,6,2
50,116,1,6,3
50,118,0,6,4
50,239,0,6,5
50,142,0,6,6
50,69,0,6,7
50,145,0,6,8
50,30,1,6,9
51,64,1,6,0
51,26,0,6,1
51,158,1,6,2
51,72,0,6,3
51,136,0,6,4
51,49,1,6,5
51,181,0,6,6
51,121,0,6,7
51,161,0,6,8
51,169,1,6,9
52,129,1,6,0
52,39,0,6,1
52,166,1,6,2
52,148,0,6,3
52,144,0,6,4
52,70,1,6,5
52,78,0,6,6
52,73,0,6,7
52,77,1,6,8
52,141,1,6,9
53,184,1,6,0
53,93,1,6,1
53,180,0,6,2
53,76,1,6,3
53,62,1,6,4
53,234,0,6,5
53,48,0,6,6
53,26,1,6,7
53,222,1,6,8
53,186,0,6,9
54,186,1,6,0
54,189,1,6,1
54,184,1,6,2
54,110,0,6,3
54,93,1,6,4
54,2,0,6,5
54,179,0,6,6
54,239,1,6,7
54,238,0,6,8
54,234,0,6,9
55,70,1,6,0
55,239,1,6,1
55,220,1,6,2
55,164,0,6,3
55,166,1,6,4
55,129,1,6,5
55,22,0,6,6
55,10,1,6,7
55,32,0,6,8
55,188,0,6,9
56,70,1,6,0
56,36,0,6,1
56,101,1,6,2
56,27,1,6,3
56,81,0,6,4
56,22,0,6,5
56,113,1,6,6
56,239,0,6,7
56,88,0,6,8
56,137,0,6,9
57,239,0,6,0
57,141,0,6,1
57,225,1,6,2
57,93,0,6,3
57,190,0,6,4
57,129,1,6,5
57,66,0,6,6
57,150,1,6,7
57,153,0,6,8
57,110,0,6,9
58,152,0,6,0
58,153,0,6,1
58,170,1,6,2
58,239,0,6,3
58,186,0,6,4
58,76,0,6,5
58,161,1,6,6
58,21,0,6,7
58,99,1,6,8
58,238,0,6,9
59,10,0,6,0
59,239,0,6,1
59,91,1,6,2
59,168,1,6,3
59,187,0,6,4
59,220,1,6,5
59,70,1,6,6
59,22,0,6,7
59,39,0,6,8
59,145,1,6,9
60,184,1,6,0
60,66,0,6,1
60,190,1,6,2
60,180,1,6,3
60,7,0,6,4
60,29,1,6,5
60,9,1,6,6
60,194,1,6,7
60,229,1,6,8
60,58,0,6,9
61,239,1,6,0
61,116,1,6,1
61,37,1,6,2
61,81,0,6,3
61,122,0,6,4
61,217,0,6,5
61,22,1,6,6
61,160,0,6,7
61,145,1,6,8
61,212,1,6,9
62,33,1,6,0
62,70,0,6,1
62,23,1,6,2
62,158,1,6,3
62,169,0,6,4
62,195,1,6,5
62,184,1,6,6
62,48,1,6,7
62,49,1,6,8
62,72,1,6,9
63,177,1,6,0
63,238,1,6,1
63,102,0,6,2
63,80,1,6,3
63,170,1,6,4
63,239,0,6,5
63,90,0,6,6
63,121,0,6,7
63,153,1,6,8
63,11,1,6,9
64,239,1,6,0
64,168,1,6,1
64,36,1,6,2
64,212,0,6,3
64,154,1,6,4
64,209,1,6,5
64,61,1,6,6
64,210,1,6,7
64,162,1,6,8
64,187,0,6,9
65,172,0,6,0
65,166,1,6,1
65,93,0,6,2
65,168,1,6,3
65,72,1,6,4
65,13,1,6,5
65,95,0,6,6
65,32,1,6,7
65,91,1,6,8
65,184,1,6,9
66,162,0,6,0
66,187,0,6,1
66,36,0,6,2
66,61,0,6,3
66,170,0,6,4
66,125,0,6,5
66,9,1,6,6
66,216,1,6,7
66,56,1,6,8
66,10,0,6,9
67,218,0,6,0
67,131,1,6,1
67,62,0,6,2
67,194,0,6,3
67,202,1,6,4
67,168,1,6,5
67,141,1,6,6
67,116,0,6,7
67,2,1,6,8
67,239,1,6,9
68,168,1,6,0
68,48,0,6,1
68,93,0,6,2
68,32,0,6,3
68,110,0,6,4
68,184,0,6,5
68,123,0,6,6
68,113,1,6,7
68,129,0,6,8
68,172,0,6,9
69,180,0,6,0
69,48,0,6,1
69,110,0,6,2
69,142,0,6,3
69,61,0,6,4
69,239,0,6,5
69,168,0,6,6
69,101,1,6,7
69,141,1,6,8
69,190,1,6,9
70,116,0,6,0
70,64,0,6,1
70,178,0,6,2
70,74,1,6,3
70,20,0,6,4
70,217,0,6,5
70,239,0,6,6
70,161,0,6,7
70,98,0,6,8
70,233,1,6,9
71,162,0,6,0
71,36,1,6,1
71,142,1,6,2
71,9,0,6,3
71,53,0,6,4
71,23,0,6,5
71,180,0,6,6
71,38,0,6,7
71,70,1,6,8
71,5,1,6,9
72,10,1,6,0
72,142,0,6,1
72,162,0,6,2
72,9,0,6,3
72,169,0,6,4
72,70,0,6,5
72,220,0,6,6
72,36,1,6,7
72,23,1,6,8
72,235,1,6,9
73,162,0,6,0
73,194,1,6,1
73,9,0,6,2
73,66,1,6,3
73,2,0,6,4
73,218,0,6,5
73,226,0,6,6
73,225,0,6,7
73,10,1,6,8
73,62,1,6,9
74,141,1,6,0
74,180,0,6,1
74,48,1,6,2
74,93,1,6,3
74,234,1,6,4
74,184,1,6,5
74,206,0,6,6
74,9,0,6,7
74,186,0,6,8
74,5,0,6,9
75,184,1,6,0
75,2,1,6,1
75,62,0,6,2
75,218,0,6,3
75,10,0,6,4
75,93,1,6,5
75,108,0,6,6
75,168,0,6,7
75,187,0,6,8
75,176,1,6,9
76,180,0,6,0
76,9,0,6,1
76,48,1,6,2
76,33,1,6,3
76,52,1,6,4
76,115,1,6,5
76,28,0,6,6
76,49,0,6,7
76,206,1,6,8
76,141,1,6,9
77,184,0,6,0
77,2,0,6,1
77,76,0,6,2
77,176,0,6,3
77,186,1,6,4
77,187,1,6,5
77,239,1,6,6
77,82,1,6,7
77,93,1,6,8
77,60,1,6,9
78,218,0,6,0
78,145,0,6,1
78,9,1,6,2
78,10,0,6,3
78,187,1,6,4
78,144,0,6,5
78,158,0,6,6
78,237,1,6,7
78,122,1,6,8
78,141,0,6,9
79,190,0,6,0
79,239,0,6,1
79,195,1,6,2
79,110,1,6,3
79,93,0,6,4
79,150,0,6,5
79,153,0,6,6
79,60,1,6,7
79,184,1,6,8
79,6,1,6,9
80,36,0,6,0
80,81,1,6,1
80,235,1,6,2
80,142,1,6,3
80,180,1,6,4
80,1,0,6,5
80,38,0,6,6
80,70,0,6,7
80,76,0,6,8
80,5,0,6,9
81,239,1,6,0
81,186,1,6,1
81,41,1,6,2
81,170,1,6,3
81,102,1,6,4
81,15,0,6,5
81,209,0,6,6
81,210,1,6,7
81,215,0,6,8
81,194,1,6,9
82,180,0,6,0
82,162,0,6,1
82,138,0,6,2
82,9,1,6,3
82,110,1,6,4
82,239,0,6,5
82,131,1,6,6
82,194,1,6,7
82,190,0,6,8
82,206,0,6,9
83,162,1,6,0
83,61,1,6,1
83,209,0,6,2
83,186,0,6,3
83,206,0,6,4
83,36,0,6,5
83,9,0,6,6
83,170,0,6,7
83,41,1,6,8
83,239,0,6,9
84,190,0,6,0
84,239,0,6,1
84,206,1,6,2
84,115,0,6,3
84,14,1,6,4
84,177,1,6,5
84,195,0,6,6
84,81,1,6,7
84,110,1,6,8
84,224,1,6,9
85,136,1,6,0
85,206,0,6,1
85,3,1,6,2
85,155,1,6,3
85,115,1,6,4
85,172,0,6,5
85,43,1,6,6
85,121,0,6,7
85,131,1,6,8
85,45,1,6,9
86,10,1,6,0
86,168,0,6,1
86,23,1,6,2
86,221,1,6,3
86,70,0,6,4
86,9,1,6,5
86,162,1,6,6
86,220,0,6,7
86,169,1,6,8
86,148,0,6,9
87,239,1,6,0
87,194,0,6,1
87,187,1,6,2
87,79,1,6,3
87,118,0,6,4
87,184,1,6,5
87,110,0,6,6
87,162,0,6,7
87,190,0,6,8
87,7,1,6,9
88,137,0,6,0
88,180,1,6,1
88,190,1,6,2
88,206,1,6,3
88,115,0,6,4
88,110,1,6,5
88,7,1,6,6
88,43,0,6,7
88,81,1,6,8
88,142,0,6,9
89,129,0,6,0
89,10,1,6,1
89,70,0,6,2
89,166,0,6,3
89,164,0,6,4
89,23,1,6,5
89,162,1,6,6
89,220,0,6,7
89,0,0,6,8
89,32,0,6,9
90,168,0,6,0
90,210,0,6,1
90,218,1,6,2
90,70,0,6,3
90,22,0,6,4
90,212,1,6,5
90,239,0,6,6
90,187,0,6,7
90,169,0,6,8
90,10,1,6,9
91,206,0,6,0
91,184,0,6,1
91,155,1,6,2
91,3,1,6,3
91,43,0,6,4
91,132,1,6,5
91,201,1,6,6
91,83,0,6,7
91,115,0,6,8
91,69,1,6,9
92,187,0,6,0
92,184,1,6,1
92,168,0,6,2
92,93,1,6,3
92,239,0,6,4
92,101,0,6,5
92,83,1,6,6
92,58,1,6,7
92,142,1,6,8
92,218,0,6,9
93,131,1,6,0
93,226,0,6,1
93,9,0,6,2
93,235,0,6,3
93,98,0,6,4
93,107,0,6,5
93,79,0,6,6
93,194,1,6,7
93,231,0,6,8
93,225,1,6,9
94,9,0,6,0
94,39,0,6,1
94,144,1,6,2
94,162,0,6,3
94,225,0,6,4
94,10,0,6,5
94,129,0,6,6
94,56,1,6,7
94,226,1,6,8
94,73,0,6,9
95,239,1,6,0
95,118,1,6,1
95,79,0,6,2
95,69,1,6,3
95,225,0,6,4
95,141,1,6,5
95,15,1,6,6
95,184,0,6,7
95,187,1,6,8
95,167,0,6,9
96,218,0,6,0
96,67,1,6,1
96,62,1,6,2
96,49,0,6,3
96,163,0,6,4
96,136,1,6,5
96,73,1,6,6
96,8,0,6,7
96,230,0,6,8
96,158,1,6,9
97,10,1,6,0
97,23,0,6,1
97,220,1,6,2
97,70,0,6,3
97,65,1,6,4
97,162,1,6,5
97,210,0,6,6
97,108,0,6,7
97,26,1,6,8
97,187,1,6,9
98,218,1,6,0
98,168,1,6,1
98,62,1,6,2
98,83,0,6,3
98,93,1,6,4
98,89,1,6,5
98,184,0,6,6
98,75,0,6,7
98,2,0,6,8
98,136,1,6,9
99,81,1,6,0
99,70,0,6,1
99,239,1,6,2
99,187,0,6,3
99,76,1,6,4
99,68,1,6,5
99,215,0,6,6
99,105,1,6,7
99,220,0,6,8
99,102,0,6,9
100,121,1,6,0
100,190,1,6,1
100,74,1,6,2
100,239,0,6,3
100,168,1,6,4
100,202,1,6,5
100,178,1,6,6
100,184,0,6,7
100,155,1,6,8
100,172,1,6,9
101,9,0,6,0
101,69,0,6,1
101,10,1,6,2
101,142,1,6,3
101,41,0,6,4
101,204,1,6,5
101,79,1,6,6
101,206,0,6,7
101,58,0,6,8
101,122,1,6,9
102,70,1,6,0
102,93,0,6,1
102,48,0,6,2
102,23,1,6,3
102,184,0,6,4
102,26,0,6,5
102,72,0,6,6
102,195,1,6,7
102,33,0,6,8
102,64,1,6,9
103,239,1,6,0
103,210,0,6,1
103,209,0,6,2
103,36,0,6,3
103,47,1,6,4
103,97,0,6,5
103,170,1,6,6
103,160,0,6,7
103,124,0,6,8
103,102,0,6,9
104,70,1,6,0
104,129,1,6,1
104,32,1,6,2
104,36,1,6,3
104,23,1,6,4
104,195,0,6,5
104,239,0,6,6
104,47,0,6,7
104,117,0,6,8
104,38,1,6,9
105,116,0,6,0
105,194,0,6,1
105,131,1,6,2
105,145,1,6,3
105,218,1,6,4
105,41,1,6,5
105,122,1,6,6
105,83,1,6,7
105,118,0,6,8
105,239,1,6,9
106,184,1,6,0
106,186,1,6,1
106,110,1,6,2
106,191,0,6,3
106,190,0,6,4
106,195,1,6,5
106,189,0,6,6
106,4,0,6,7
106,76,0,6,8
106,206,1,6,9
107,184,0,6,0
107,110,0,6,1
107,239,1,6,2
107,93,1,6,3
107,225,1,6,4
107,141,0,6,5
107,79,1,6,6
107,29,1,6,7
107,190,0,6,8
107,118,0,6,9
108,37,0,6,0
108,218,0,6,1
108,145,0,6,2
108,36,0,6,3
108,22,0,6,4
108,239,1,6,5
108,122,0,6,6
108,116,0,6,7
108,212,1,6,8
108,227,1,6,9
109,70,1,6,0
109,81,0,6,1
109,184,1,6,2
109,222,1,6,3
109,1,1,6,4
109,190,1,6,5
109,239,0,6,6
109,101,1,6,7
109,88,0,6,8
109,150,1,6,9
110,129,0,6,0
110,170,0,6,1
110,162,1,6,2
110,239,1,6,3
110,186,0,6,4
110,23,1,6,5
110,10,0,6,6
110,70,1,6,7
110,99,0,6,8
110,36,1,6,9
111,239,1,6,0
111,187,1,6,1
111,118,1,6,2
111,22,0,6,3
111,122,0,6,4
111,46,1,6,5
111,145,0,6,6
111,10,0,6,7
111,216,1,6,8
111,55,1,6,9
112,225,1,6,0
112,190,1,6,1
112,73,0,6,2
112,129,0,6,3
112,184,0,6,4
112,196,0,6,5
112,67,1,6,6
112,141,1,6,7
112,93,1,6,8
112,193,0,6,9
113,9,1,6,0
113,222,1,6,1
113,180,1,6,2
113,142,1,6,3
113,206,0,6,4
113,184,0,6,5
113,58,0,6,6
113,45,1,6,7
113,7,0,6,8
113,81,1,6,9
114,110,1,6,0
114,141,0,6,1
114,225,0,6,2
114,184,1,6,3
114,93,0,6,4
114,238,1,6,5
114,186,1,6,6
114,234,0,6,7
114,206,1,6,8
114,189,0,6,9
115,70,1,6,0
115,10,0,6,1
115,220,1,6,2
115,239,1,6,3
115,22,1,6,4
115,169,0,6,5
115,187,1,6,6
115,23,0,6,7
115,164,1,6,8
115,188,1,6,9
116,184,0,6,0
116,134,0,6,1
116,186,0,6,2
116,7,1,6,3
116,4,0,6,4
116,78,1,6,5
116,76,0,6,6
116,73,0,6,7
116,189,1,6,8
116,170,1,6,9
117,239,0,6,0
117,70,1,6,1
117,36,0,6,2
117,129,0,6,3
117,1,1,6,4
117,101,1,6,5
117,162,1,6,6
117,53,0,6,7
117,180,1,6,8
117,150,1,6,9
118,184,1,6,0
118,142,0,6,1
118,9,1,6,2
118,7,1,6,3
118,180,0,6,4
118,58,1,6,5
118,206,1,6,6
118,25,1,6,7
118,201,1,6,8
118,93,1,6,9
119,144,1,6,0
119,187,1,6,1
119,170,0,6,2
119,239,1,6,3
119,15,0,6,4
119,145,0,6,5
119,11,0,6,6
119,162,0,6,7
119,54,0,6,8
119,237,1,6,9
0,190,0,7,0
0,67,1,7,1
0,193,1,7,2
0,239,0,7,3
0,229,0,7,4
0,196,0,7,5
0,149,1,7,6
0,66,1,7,7
0,225,0,7,8
0,93,0,7,9
1,184,1,7,0
1,231,1,7,1
1,79,1,7,2
1,226,1,7,3
1,213,1,7,4
1,105,0,7,5
1,225,1,7,6
1,7,1,7,7
1,98,0,7,8
1,70,0,7,9
2,190,1,7,0
2,52,0,7,1
2,206,0,7,2
2,144,1,7,3
2,180,1,7,4
2,115,0,7,5
2,113,0,7,6
2,61,1,7,7
2,137,0,7,8
2,110,0,7,9
3,239,1,7,0
3,83,0,7,1
3,102,1,7,2
3,26,1,7,3
3,107,0,7,4
3,74,0,7,5
3,184,0,7,6
3,116,1,7,7
3,57,0,7,8
3,89,0,7,9
4,129,1,7,0
4,137,0,7,1
4,166,0,7,2
4,189,1,7,3
4,206,0,7,4
4,101,0,7,5
4,239,0,7,6
4,110,0,7,7
4,190,0,7,8
4,32,0,7,9
5,168,0,7,0
5,115,1,7,1
5,239,0,7,2
5,190,0,7,3
5,180,0,7,4
5,124,0,7,5
5,53,1,7,6
5,142,1,7,7
5,123,1,7,8
5,206,0,7,9
6,129,0,7,0
6,215,0,7,1
6,70,1,7,2
6,36,0,7,3
6,239,1,7,4
6,53,1,7,5
6,162,1,7,6
6,209,0,7,7
6,23,0,7,8
6,10,0,7,9
7,64,1,7,0
7,169,1,7,1
7,49,0,7,2
7,70,1,7,3
7,178,0,7,4
7,72,1,7,5
7,74,1,7,6
7,47,1,7,7
7,163,1,7,8
7,161,1,7,9
8,180,0,7,0
8,190,0,7,1
8,7,0,7,2
8,184,1,7,3
8,73,0,7,4
8,93,1,7,5
8,141,1,7,6
8,4,0,7,7
8,66,1,7,8
8,48,1,7,9
9,129,1,7,0
9,138,0,7,1
9,66,0,7,2
9,110,0,7,3
9,146,0,7,4
9,186,1,7,5
9,225,0,7,6
9,123,0,7,7
9,90,0,7,8
9,140,0,7,9
10,10,0,7,0
10,105,1,7,1
10,41,1,7,2
10,9,1,7,3
10,80,1,7,4
10,162,0,7,5
10,231,0,7,6
10,187,0,7,7
10,122,0,7,8
10,170,1,7,9
11,70,0,7,0
11,208,1,7,1
11,67,1,7,2
11,26,0,7,3
11,64,1,7,4
11,74,0,7,5
11,98,1,7,6
11,116,0,7,7
11,102,1,7,8
11,96,0,7,9
12,239,1,7,0
12,209,1,7,1
12,210,1,7,2
12,124,0,7,3
12,102,1,7,4
12,170,0,7,5
12,186,1,7,6
12,168,0,7,7
12,97,0,7,8
12,177,1,7,9
13,225,1,7,0
13,129,1,7,1
13,213,0,7,2
13,73,0,7,3
13,66,0,7,4
13,184,1,7,5
13,189,1,7,6
13,39,0,7,7
13,190,1,7,8
13,93,1,7,9
14,116,1,7,0
14,41,1,7,1
14,81,1,7,2
14,37,1,7,3
14,122,0,7,4
14,239,0,7,5
14,131,0,7,6
14,145,1,7,7
14,217,1,7,8
14,67,0,7,9
15,239,1,7,0
15,187,0,7,1
15,54,1,7,2
15,238,1,7,3
15,11,1,7,4
15,170,1,7,5
15,122,1,7,6
15,99,1,7,7
15,10,0,7,8
15,225,1,7,9
16,10,0,7,0
16,170,1,7,1
16,68,0,7,2
16,220,0,7,3
16,105,0,7,4
16,210,1,7,5
16,102,0,7,6
16,162,0,7,7
16,23,1,7,8
16,187,1,7,9
17,70,0,7,0
17,195,0,7,1
17,23,0,7,2
17,47,0,7,3
17,33,0,7,4
17,161,0,7,5
17,129,1,7,6
17,72,0,7,7
17,126,1,7,8
17,52,1,7,9
18,70,1,7,0
18,10,1,7,1
18,220,1,7,2
18,162,1,7,3
18,187,0,7,4
18,23,1,7,5
18,22,0,7,6
18,68,0,7,7
18,56,0,7,8
18,36,1,7,9
19,110,1,7,0
19,32,0,7,1
19,206,0,7,2
19,239,1,7,3
19,80,0,7,4
19,121,0,7,5
19,178,0,7,6
19,26,0,7,7
19,90,0,7,8
19,129,1,7,9
20,184,1,7,0
20,7,0,7,1
20,190,0,7,2
20,70,1,7,3
20,93,1,7,4
20,172,1,7,5
20,110,1,7,6
20,43,1,7,7
20,169,0,7,8
20,225,1,7,9
21,239,1,7,0
21,141,0,7,1
21,129,1,7,2
21,110,0,7,3
21,99,0,7,4
21,190,0,7,5
21,69,1,7,6
21,180,0,7,7
21,206,1,7,8
21,115,1,7,9
22,186,1,7,0
22,184,1,7,1
22,206,1,7,2
22,76,1,7,3
22,94,1,7,4
22,105,0,7,5
22,159,0,7,6
22,215,0,7,7
22,224,0,7,8
22,81,0,7,9
23,129,0,7,0
23,66,0,7,1
23,190,1,7,2
23,110,1,7,3
23,225,1,7,4
23,180,0,7,5
23,184,1,7,6
23,7,1,7,7
23,138,1,7,8
23,168,1,7,9
24,121,0,7,0
24,36,0,7,1
24,154,1,7,2
24,52,1,7,3
24,61,1,7,4
24,109,1,7,5
24,97,0,7,6
24,124,0,7,7
24,33,0,7,8
24,9,1,7,9
25,225,0,7,0
25,39,0,7,1
25,144,0,7,2
25,73,1,7,3
25,141,0,7,4
25,54,1,7,5
25,129,1,7,6
25,189,0,7,7
25,77,0,7,8
25,91,0,7,9
26,93,0,7,0
26,48,0,7,1
26,168,1,7,2
26,123,1,7,3
26,206,0,7,4
26,26,1,7,5
26,229,1,7,6
26,115,1,7,7
26,117,0,7,8
26,3,1,7,9
27,129,0,7,0
27,190,1,7,1
27,166,1,7,2
27,180,1,7,3
27,110,0,7,4
27,239,0,7,5
27,144,0,7,6
27,195,0,7,7
27,78,0,7,8
27,43,0,7,9
28,227,1,7,0
28,218,1,7,1
28,47,0,7,2
28,22,0,7,3
28,37,1,7,4
28,89,0,7,5
28,70,0,7,6
28,62,0,7,7
28,36,1,7,8
28,136,0,7,9
29,10,0,7,0
29,168,0,7,1
29,220,1,7,2
29,83,1,7,3
29,142,1,7,4
29,218,0,7,5
29,107,0,7,6
29,172,0,7,7
29,145,1,7,8
29,77,0,7,9
30,218,1,7,0
30,67,1,7,1
30,131,0,7,2
30,62,0,7,3
30,141,0,7,4
30,145,0,7,5
30,9,1,7,6
30,89,1,7,7
30,136,0,7,8
30,168,1,7,9
31,184,1,7,0
31,93,1,7,1
31,218,0,7,2
31,141,0,7,3
31,2,0,7,4
31,136,0,7,5
31,62,0,7,6
31,158,0,7,7
31,168,0,7,8
31,25,0,7,9
32,142,1,7,0
32,81,1,7,1
32,180,1,7,2
32,184,0,7,3
32,235,1,7,4
32,150,1,7,5
32,70,1,7,6
32,1,0,7,7
32,222,1,7,8
32,48,1,7,9
33,70,1,7,0
33,129,1,7,1
33,162,1,7,2
33,38,1,7,3
33,189,0,7,4
33,195,1,7,5
33,166,0,7,6
33,78,1,7,7
33,169,1,7,8
33,36,1,7,9
34,105,1,7,0
34,186,1,7,1
34,206,0,7,2
34,184,1,7,3
34,162,0,7,4
34,23,0,7,5
34,94,0,7,6
34,80,0,7,7
34,189,1,7,8
34,50,1,7,9
35,239,0,7,0
35,110,1,7,1
35,190,1,7,2
35,141,0,7,3
35,93,0,7,4
35,225,0,7,5
35,29,1,7,6
35,66,1,7,7
35,184,0,7,8
35,150,0,7,9
36,215,1,7,0
36,186,1,7,1
36,37,1,7,2
36,105,1,7,3
36,108,0,7,4
36,81,1,7,5
36,76,0,7,6
36,41,1,7,7
36,0,0,7,8
36,189,1,7,9
37,239,0,7,0
37,102,1,7,1
37,124,0,7,2
37,209,0,7,3
37,210,0,7,4
37,170,0,7,5
37,68,0,7,6
37,105,1,7,7
37,215,0,7,8
37,41,0,7,9
38,41,0,7,0
38,69,1,7,1
38,206,0,7,2
38,81,0,7,3
38,122,1,7,4
38,159,0,7,5
38,79,0,7,6
38,186,1,7,7
38,224,1,7,8
38,239,0,7,9
39,180,1,7,0
39,141,0,7,1
39,73,0,7,2
39,190,1,7,3
39,49,0,7,4
39,7,0,7,5
39,131,0,7,6
39,9,1,7,7
39,218,1,7,8
39,163,0,7,9
40,10,0,7,0
40,23,0,7,1
40,70,0,7,2
40,220,1,7,3
40,210,0,7,4
40,162,1,7,5
40,124,0,7,6
40,0,0,7,7
40,215,1,7,8
40,65,0,7,9
41,53,0,7,0
41,162,1,7,1
41,209,0,7,2
41,154,0,7,3
41,186,0,7,4
41,239,1,7,5
41,36,1,7,6
41,123,0,7,7
41,61,0,7,8
41,202,0,7,9
42,186,1,7,0
42,15,0,7,1
42,102,0,7,2
42,2,0,7,3
42,105,1,7,4
42,108,1,7,5
42,41,1,7,6
42,219,0,7,7
42,170,0,7,8
42,184,1,7,9
43,189,0,7,0
43,184,1,7,1
43,129,1,7,2
43,110,0,7,3
43,225,1,7,4
43,79,1,7,5
43,186,1,7,6
43,180,1,7,7
43,206,0,7,8
43,54,0,7,9
44,206,0,7,0
44,184,1,7,1
44,115,1,7,2
44,26,0,7,3
44,229,1,7,4
44,48,1,7,5
44,155,0,7,6
44,93,1,7,7
44,3,1,7,8
44,142,1,7,9
45,239,0,7,0
45,162,1,7,1
45,187,0,7,2
45,194,0,7,3
45,101,1,7,4
45,129,1,7,5
45,137,0,7,6
45,110,1,7,7
45,10,0,7,8
45,41,1,7,9
46,170,1,7,0
46,187,0,7,1
46,186,0,7,2
46,30,0,7,3
46,231,0,7,4
46,15,0,7,5
46,94,1,7,6
46,80,1,7,7
46,41,0,7,8
46,68,1,7,9
47,40,0,7,0
47,37,0,7,1
47,220,1,7,2
47,22,1,7,3
47,26,0,7,4
47,81,1,7,5
47,83,1,7,6
47,20,1,7,7
47,98,0,7,8
47,69,0,7,9
48,141,0,7,0
48,158,1,7,1
48,77,1,7,2
48,218,0,7,3
48,168,0,7,4
48,24,0,7,5
48,166,1,7,6
48,10,0,7,7
48,93,0,7,8
48,69,0,7,9
49,131,1,7,0
49,64,0,7,1
49,178,0,7,2
49,26,0,7,3
49,224,0,7,4
49,116,1,7,5
49,175,1,7,6
49,239,1,7,7
49,154,0,7,8
49,160,0,7,9
50,141,1,7,0
50,131,0,7,1
50,116,1,7,2
50,235,0,7,3
50,118,1,7,4
50,239,1,7,5
50,142,1,7,6
50,145,0,7,7
50,69,1,7,8
50,30,0,7,9
51,26,1,7,0
51,64,0,7,1
51,158,1,7,2
51,72,1,7,3
51,136,0,7,4
51,49,1,7,5
51,121,1,7,6
51,181,0,7,7
51,161,0,7,8
51,169,1,7,9
52,129,1,7,0
52,39,0,7,1
52,166,1,7,2
52,144,1,7,3
52,148,1,7,4
52,70,1,7,5
52,78,0,7,6
52,73,1,7,7
52,162,1,7,8
52,77,0,7,9
53,184,1,7,0
53,93,0,7,1
53,180,0,7,2
53,76,0,7,3
53,62,0,7,4
53,48,0,7,5
53,26,0,7,6
53,234,1,7,7
53,222,0,7,8
53,186,0,7,9
54,186,0,7,0
54,184,0,7,1
54,189,1,7,2
54,110,0,7,3
54,93,1,7,4
54,2,0,7,5
54,239,0,7,6
54,179,1,7,7
54,238,1,7,8
54,234,0,7,9
55,70,0,7,0
55,239,0,7,1
55,220,1,7,2
55,129,0,7,3
55,166,0,7,4
55,22,0,7,5
55,164,1,7,6
55,10,1,7,7
55,32,0,7,8
55,188,0,7,9
56,70,0,7,0
56,36,1,7,1
56,101,0,7,2
56,81,1,7,3
56,27,1,7,4
56,22,1,7,5
56,239,1,7,6
56,113,1,7,7
56,88,1,7,8
56,137,0,7,9
57,239,0,7,0
57,141,1,7,1
57,225,0,7,2
57,93,1,7,3
57,190,0,7,4
57,129,1,7,5
57,66,0,7,6
57,110,1,7,7
57,150,0,7,8
57,153,0,7,9
58,152,0,7,0
58,170,1,7,1
58,153,1,7,2
58,239,0,7,3
58,186,0,7,4
58,76,0,7,5
58,161,0,7,6
58,21,0,7,7
58,99,1,7,8
58,238,1,7,9
59,10,0,7,0
59,239,1,7,1
59,168,1,7,2
59,91,1,7,3
59,187,1,7,4
59,220,1,7,5
59,70,0,7,6
59,22,1,7,7
59,39,0,7,8
59,145,0,7,9
60,184,1,7,0
60,66,1,7,1
60,190,1,7,2
60,180,0,7,3
60,7,1,7,4
60,9,0,7,5
60,29,1,7,6
60,194,0,7,7
60,58,1,7,8
60,93,1,7,9
61,239,1,7,0
61,116,0,7,1
61,37,1,7,2
61,81,0,7,3
61,122,0,7,4
61,22,1,7,5
61,217,1,7,6
61,160,1,7,7
61,145,1,7,8
61,36,1,7,9
62,33,0,7,0
62,70,0,7,1
62,23,1,7,2
62,158,1,7,3
62,169,0,7,4
62,184,1,7,5
62,195,1,7,6
62,48,0,7,7
62,49,0,7,8
62,72,0,7,9
63,177,1,7,0
63,238,0,7,1
63,102,1,7,2
63,170,0,7,3
63,80,0,7,4
63,239,0,7,5
63,90,0,7,6
63,121,0,7,7
63,153,0,7,8
63,11,0,7,9
64,239,1,7,0
64,168,0,7,1
64,36,0,7,2
64,209,1,7,3
64,212,1,7,4
64,154,0,7,5
64,61,1,7,6
64,210,0,7,7
64,162,1,7,8
64,187,1,7,9
65,172,1,7,0
65,93,1,7,1
65,166,1,7,2
65,168,0,7,3
65,72,0,7,4
65,13,1,7,5
65,32,1,7,6
65,95,1,7,7
65,184,0,7,8
65,91,1,7,9
66,162,1,7,0
66,187,1,7,1
66,36,0,7,2
66,61,0,7,3
66,170,0,7,4
66,9,1,7,5
66,125,1,7,6
66,10,1,7,7
66,216,1,7,8
66,56,0,7,9
67,218,0,7,0
67,131,0,7,1
67,62,1,7,2
67,194,0,7,3
67,168,0,7,4
67,202,0,7,5
67,141,1,7,6
67,116,0,7,7
67,239,1,7,8
67,2,1,7,9
68,168,1,7,0
68,48,1,7,1
68,93,1,7,2
68,32,1,7,3
68,110,0,7,4
68,184,1,7,5
68,123,0,7,6
68,129,1,7,7
68,113,1,7,8
68,70,0,7,9
69,180,0,7,0
69,48,0,7,1
69,110,1,7,2
69,142,0,7,3
69,239,1,7,4
69,168,0,7,5
69,61,0,7,6
69,141,0,7,7
69,101,0,7,8
69,190,0,7,9
70,116,0,7,0
70,64,0,7,1
70,178,0,7,2
70,74,0,7,3
70,239,0,7,4
70,217,1,7,5
70,20,0,7,6
70,161,1,7,7
70,98,0,7,8
70,26,0,7,9
71,162,0,7,0
71,36,1,7,1
71,142,0,7,2
71,9,0,7,3
71,53,1,7,4
71,23,1,7,5
71,180,0,7,6
71,38,1,7,7
71,70,1,7,8
71,5,1,7,9
72,10,0,7,0
72,142,1,7,1
72,162,1,7,2
72,9,1,7,3
72,169,0,7,4
72,70,1,7,5
72,36,0,7,6
72,220,0,7,7
72,23,1,7,8
72,22,1,7,9
73,162,0,7,0
73,9,1,7,1
73,194,1,7,2
73,66,0,7,3
73,2,0,7,4
73,218,1,7,5
73,226,0,7,6
73,225,0,7,7
73,10,0,7,8
73,187,1,7,9
74,141,0,7,0
74,180,0,7,1
74,48,0,7,2
74,93,1,7,3
74,184,0,7,4
74,234,0,7,5
74,206,0,7,6
74,9,1,7,7
74,186,1,7,8
74,5,0,7,9
75,184,1,7,0
75,2,1,7,1
75,62,0,7,2
75,218,0,7,3
75,10,1,7,4
75,93,0,7,5
75,168,1,7,6
75,108,0,7,7
75,187,0,7,8
75,176,1,7,9
76,180,0,7,0
76,9,0,7,1
76,48,0,7,2
76,33,0,7,3
76,52,1,7,4
76,115,1,7,5
76,206,0,7,6
76,49,1,7,7
76,28,0,7,8
76,141,1,7,9
77,184,1,7,0
77,2,0,7,1
77,76,0,7,2
77,186,1,7,3
77,176,0,7,4
77,187,1,7,5
77,239,0,7,6
77,93,0,7,7
77,82,0,7,8
77,94,1,7,9
78,218,1,7,0
78,145,1,7,1
78,9,1,7,2
78,10,1,7,3
78,187,1,7,4
78,144,0,7,5
78,158,0,7,6
78,141,1,7,7
78,122,0,7,8
78,170,1,7,9
79,190,1,7,0
79,239,1,7,1
79,195,1,7,2
79,110,0,7,3
79,93,0,7,4
79,150,0,7,5
79,153,1,7,6
79,184,0,7,7
79,60,1,7,8
79,6,1,7,9
80,36,1,7,0
80,81,1,7,1
80,142,1,7,2
80,235,0,7,3
80,180,1,7,4
80,1,1,7,5
80,38,1,7,6
80,70,0,7,7
80,76,0,7,8
80,9,1,7,9
81,239,0,7,0
81,186,1,7,1
81,41,1,7,2
81,170,0,7,3
81,102,1,7,4
81,209,1,7,5
81,15,0,7,6
81,210,0,7,7
81,215,0,7,8
81,187,1,7,9
82,162,0,7,0
82,180,1,7,1
82,138,1,7,2
82,110,0,7,3
82,9,1,7,4
82,239,1,7,5
82,131,1,7,6
82,194,1,7,7
82,190,0,7,8
82,206,1,7,9
83,162,1,7,0
83,61,1,7,1
83,209,1,7,2
83,186,1,7,3
83,206,0,7,4
83,36,0,7,5
83,9,0,7,6
83,170,1,7,7
83,41,0,7,8
83,239,0,7,9
84,190,1,7,0
84,239,1,7,1
84,206,0,7,2
84,115,0,7,3
84,195,0,7,4
84,14,1,7,5
84,177,1,7,6
84,110,0,7,7
84,81,1,7,8
84,224,1,7,9
85,136,0,7,0
85,206,1,7,1
85,3,0,7,2
85,155,1,7,3
85,115,0,7,4
85,172,1,7,5
85,43,0,7,6
85,121,1,7,7
85,131,1,7,8
85,105,1,7,9
86,10,0,7,0
86,168,0,7,1
86,23,0,7,2
86,221,1,7,3
86,70,0,7,4
86,162,1,7,5
86,9,1,7,6
86,220,1,7,7
86,169,0,7,8
86,148,0,7,9
87,239,0,7,0
87,194,0,7,1
87,187,1,7,2
87,79,1,7,3
87,184,0,7,4
87,118,0,7,5
87,110,1,7,6
87,162,1,7,7
87,190,0,7,8
87,7,1,7,9
88,180,1,7,0
88,137,0,7,1
88,190,1,7,2
88,206,1,7,3
88,115,1,7,4
88,110,1,7,5
88,7,1,7,6
88,43,0,7,7
88,81,1,7,8
88,142,1,7,9
89,129,0,7,0
89,10,0,7,1
89,70,1,7,2
89,166,0,7,3
89,164,1,7,4
89,162,1,7,5
89,23,1,7,6
89,220,0,7,7
89,0,0,7,8
89,32,0,7,9
90,168,1,7,0
90,210,1,7,1
90,218,1,7,2
90,70,0,7,3
90,22,0,7,4
90,239,1,7,5
90,187,1,7,6
90,212,1,7,7
90,169,0,7,8
90,10,0,7,9
91,206,0,7,0
91,184,0,7,1
91,155,0,7,2
91,3,1,7,3
91,43,0,7,4
91,132,1,7,5
91,201,1,7,6
91,83,0,7,7
91,115,1,7,8
91,69,0,7,9
92,187,0,7,0
92,184,0,7,1
92,93,0,7,2
92,168,0,7,3
92,239,0,7,4
92,101,1,7,5
92,142,0,7,6
92,83,1,7,7
92,58,0,7,8
92,218,0,7,9
93,131,1,7,0
93,226,0,7,1
93,9,1,7,2
93,235,0,7,3
93,98,1,7,4
93,79,0,7,5
93,107,1,7,6
93,194,0,7,7
93,225,1,7,8
93,231,0,7,9
94,9,1,7,0
94,39,0,7,1
94,162,1,7,2
94,144,0,7,3
94,225,0,7,4
94,10,0,7,5
94,129,0,7,6
94,226,0,7,7
94,56,1,7,8
94,218,0,7,9
95,239,0,7,0
95,118,0,7,1
95,79,0,7,2
95,69,1,7,3
95,225,0,7,4
95,141,1,7,5
95,15,0,7,6
95,184,1,7,7
95,187,0,7,8
95,206,0,7,9
96,218,1,7,0
96,67,1,7,1
96,62,0,7,2
96,49,0,7,3
96,136,1,7,4
96,163,0,7,5
96,73,0,7,6
96,23,1,7,7
96,230,1,7,8
96,8,1,7,9
97,10,0,7,0
97,23,0,7,1
97,220,1,7,2
97,70,1,7,3
97,65,0,7,4
97,162,1,7,5
97,210,1,7,6
97,187,1,7,7
97,26,0,7,8
97,108,0,7,9
98,218,1,7,0
98,168,1,7,1
98,62,1,7,2
98,93,1,7,3
98,184,0,7,4
98,83,0,7,5
98,89,0,7,6
98,2,0,7,7
98,75,0,7,8
98,136,0,7,9
99,81,0,7,0
99,70,1,7,1
99,239,1,7,2
99,187,1,7,3
99,76,0,7,4
99,68,1,7,5
99,215,0,7,6
99,105,0,7,7
99,220,1,7,8
99,102,0,7,9
100,190,1,7,0
100,121,0,7,1
100,74,0,7,2
100,239,0,7,3
100,168,0,7,4
100,202,0,7,5
100,184,0,7,6
100,178,1,7,7
100,155,0,7,8
100,110,1,7,9
101,9,0,7,0
101,69,1,7,1
101,10,1,7,2
101,142,0,7,3
101,41,1,7,4
101,204,0,7,5
101,206,1,7,6
101,79,1,7,7
101,58,1,7,8
101,122,1,7,9
102,70,0,7,0
102,93,1,7,1
102,23,0,7,2
102,184,0,7,3
102,48,0,7,4
102,26,0,7,5
102,72,0,7,6
102,195,1,7,7
102,33,1,7,8
102,206,1,7,9
103,239,1,7,0
103,210,1,7,1
103,209,0,7,2
103,36,0,7,3
103,170,0,7,4
103,47,1,7,5
103,97,0,7,6
103,102,0,7,7
103,124,0,7,8
103,160,0,7,9
104,70,0,7,0
104,129,0,7,1
104,32,1,7,2
104,36,1,7,3
104,23,1,7,4
104,239,0,7,5
104,195,0,7,6
104,47,1,7,7
104,117,1,7,8
104,38,0,7,9
105,116,0,7,0
105,194,0,7,1
105,131,0,7,2
105,145,0,7,3
105,218,1,7,4
105,41,1,7,5
105,122,0,7,6
105,83,0,7,7
105,118,0,7,8
105,239,0,7,9
106,184,1,7,0
106,186,1,7,1
106,110,1,7,2
106,190,0,7,3
106,191,1,7,4
106,195,1,7,5
106,189,1,7,6
106,4,1,7,7
106,76,0,7,8
106,206,1,7,9
107,184,1,7,0
107,110,1,7,1
107,239,1,7,2
107,93,0,7,3
107,225,1,7,4
107,141,1,7,5
107,79,1,7,6
107,190,0,7,7
107,29,0,7,8
107,118,0,7,9
108,37,0,7,0
108,218,0,7,1
108,145,1,7,2
108,36,1,7,3
108,22,1,7,4
108,239,0,7,5
108,122,0,7,6
108,116,0,7,7
108,212,0,7,8
108,76,0,7,9
109,70,0,7,0
109,81,0,7,1
109,184,1,7,2
109,222,1,7,3
109,1,1,7,4
109,239,0,7,5
109,190,0,7,6
109,101,1,7,7
109,88,0,7,8
109,150,1,7,9
110,129,0,7,0
110,170,0,7,1
110,162,0,7,2
110,239,0,7,3
110,186,0,7,4
110,23,0,7,5
110,10,1,7,6
110,70,0,7,7
110,36,1,7,8
110,99,0,7,9
111,239,1,7,0
111,187,0,7,1
111,118,0,7,2
111,22,0,7,3
111,122,0,7,4
111,145,0,7,5
111,46,0,7,6
111,10,0,7,7
111,216,0,7,8
111,55,1,7,9
112,225,1,7,0
112,190,0,7,1
112,73,1,7,2
112,129,1,7,3
112,184,1,7,4
112,67,0,7,5
112,196,1,7,6
112,93,0,7,7
112,141,0,7,8
112,180,1,7,9
113,9,0,7,0
113,222,1,7,1
113,180,0,7,2
113,142,1,7,3
113,206,1,7,4
113,184,0,7,5
113,58,0,7,6
113,7,1,7,7
113,45,0,7,8
113,81,1,7,9
114,110,0,7,0
114,141,0,7,1
114,225,1,7,2
114,184,0,7,3
114,93,0,7,4
114,238,0,7,5
114,186,1,7,6
114,234,0,7,7
114,206,1,7,8
114,189,0,7,9
115,70,0,7,0
115,10,0,7,1
115,239,1,7,2
115,220,0,7,3
115,22,1,7,4
115,169,0,7,5
115,187,0,7,6
115,23,1,7,7
115,164,0,7,8
115,188,0,7,9
116,184,1,7,0
116,186,0,7,1
116,134,1,7,2
116,7,1,7,3
116,4,1,7,4
116,78,1,7,5
116,76,0,7,6
116,189,1,7,7
116,170,0,7,8
116,73,1,7,9
117,239,1,7,0
117,70,0,7,1
117,36,0,7,2
117,129,0,7,3
117,1,1,7,4
117,162,0,7,5
117,101,0,7,6
117,180,0,7,7
117,53,0,7,8
117,150,0,7,9
118,184,0,7,0
118,142,0,7,1
118,9,1,7,2
118,7,0,7,3
118,180,0,7,4
118,58,0,7,5
118,206,1,7,6
118,93,0,7,7
118,25,0,7,8
118,201,1,7,9
119,144,0,7,0
119,187,1,7,1
119,170,1,7,2
119,239,0,7,3
119,15,0,7,4
119,145,0,7,5
119,162,0,7,6
119,11,0,7,7
119,54,0,7,8
119,237,1,7,9
0,190,1,8,0
0,67,1,8,1
0,239,1,8,2
0,193,0,8,3
0,229,0,8,4
0,66,1,8,5
0,196,1,8,6
0,149,1,8,7
0,225,0,8,8
0,93,1,8,9
1,184,0,8,0
1,231,1,8,1
1,79,0,8,2
1,226,1,8,3
1,213,0,8,4
1,225,0,8,5
1,105,1,8,6
1,7,0,8,7
1,98,1,8,8
1,70,0,8,9
2,190,1,8,0
2,206,1,8,1
2,52,0,8,2
2,144,1,8,3
2,180,0,8,4
2,115,0,8,5
2,113,0,8,6
2,110,0,8,7
2,61,0,8,8
2,137,1,8,9
3,239,1,8,0
3,83,0,8,1
3,102,0,8,2
3,26,0,8,3
3,184,0,8,4
3,74,1,8,5
3,107,1,8,6
3,116,0,8,7
3,57,0,8,8
3,187,0,8,9
4,129,1,8,0
4,137,1,8,1
4,166,1,8,2
4,189,0,8,3
4,206,0,8,4
4,101,0,8,5
4,239,0,8,6
4,110,1,8,7
4,190,1,8,8
4,32,0,8,9
5,168,0,8,0
5,115,0,8,1
5,239,0,8,2
5,190,1,8,3
5,180,1,8,4
5,124,1,8,5
5,206,1,8,6
5,142,1,8,7
5,53,0,8,8
5,123,1,8,9
6,129,1,8,0
6,70,0,8,1
6,215,0,8,2
6,36,0,8,3
6,162,1,8,4
6,239,0,8,5
6,53,0,8,6
6,23,0,8,7
6,209,1,8,8
6,10,0,8,9
7,64,0,8,0
7,169,0,8,1
7,70,1,8,2
7,49,1,8,3
7,178,1,8,4
7,72,0,8,5
7,74,0,8,6
7,47,1,8,7
7,161,1,8,8
7,23,0,8,9
8,180,1,8,0
8,190,0,8,1
8,7,1,8,2
8,184,1,8,3
8,73,0,8,4
8,93,0,8,5
8,141,0,8,6
8,4,1,8,7
8,66,1,8,8
8,48,0,8,9
9,129,1,8,0
9,138,1,8,1
9,110,0,8,2
9,66,0,8,3
9,186,0,8,4
9,146,1,8,5
9,225,0,8,6
9,123,0,8,7
9,90,0,8,8
9,184,0,8,9
10,10,1,8,0
10,105,0,8,1
10,41,0,8,2
10,9,1,8,3
10,162,0,8,4
10,80,1,8,5
10,187,0,8,6
10,231,0,8,7
10,122,0,8,8
10,170,0,8,9
11,70,1,8,0
11,208,1,8,1
11,26,0,8,2
11,67,1,8,3
11,64,1,8,4
11,74,0,8,5
11,98,0,8,6
11,116,1,8,7
11,102,1,8,8
11,239,0,8,9
12,239,1,8,0
12,209,1,8,1
12,210,1,8,2
12,124,1,8,3
12,102,1,8,4
12,170,0,8,5
12,186,1,8,6
12,168,0,8,7
12,97,1,8,8
12,177,0,8,9
13,225,1,8,0
13,129,0,8,1
13,73,0,8,2
13,213,0,8,3
13,184,1,8,4
13,66,0,8,5
13,189,0,8,6
13,190,1,8,7
13,93,1,8,8
13,39,0,8,9
14,116,0,8,0
14,41,1,8,1
14,81,0,8,2
14,37,0,8,3
14,122,0,8,4
14,239,0,8,5
14,131,1,8,6
14,145,0,8,7
14,217,0,8,8
14,141,0,8,9
15,239,1,8,0
15,187,0,8,1
15,170,0,8,2
15,54,0,8,3
15,238,1,8,4
15,11,1,8,5
15,122,0,8,6
15,99,1,8,7
15,10,0,8,8
15,225,1,8,9
16,10,0,8,0
16,170,1,8,1
16,68,1,8,2
16,220,1,8,3
16,105,0,8,4
16,210,0,8,5
16,102,0,8,6
16,162,0,8,7
16,187,0,8,8
16,23,0,8,9
17,70,1,8,0
17,23,0,8,1
17,195,0,8,2
17,47,0,8,3
17,33,1,8,4
17,161,1,8,5
17,129,1,8,6
17,72,1,8,7
17,126,0,8,8
17,52,0,8,9
18,70,0,8,0
18,10,1,8,1
18,220,0,8,2
18,162,1,8,3
18,187,1,8,4
18,23,0,8,5
18,22,0,8,6
18,68,0,8,7
18,36,1,8,8
18,56,0,8,9
19,110,0,8,0
19,206,1,8,1
19,32,0,8,2
19,239,0,8,3
19,80,0,8,4
19,121,0,8,5
19,178,1,8,6
19,26,0,8,7
19,129,1,8,8
19,190,0,8,9
20,184,1,8,0
20,7,1,8,1
20,190,0,8,2
20,70,0,8,3
20,93,0,8,4
20,110,0,8,5
20,172,0,8,6
20,225,1,8,7
20,169,1,8,8
20,43,1,8,9
21,239,1,8,0
21,141,0,8,1
21,129,0,8,2
21,110,1,8,3
21,99,1,8,4
21,190,0,8,5
21,180,0,8,6
21,206,1,8,7
21,69,0,8,8
21,115,1,8,9
22,186,0,8,0
22,184,1,8,1
22,206,0,8,2
22,76,0,8,3
22,94,0,8,4
22,105,0,8,5
22,81,0,8,6
22,215,1,8,7
22,159,0,8,8
22,224,1,8,9
23,129,0,8,0
23,66,1,8,1
23,190,0,8,2
23,110,0,8,3
23,225,0,8,4
23,180,0,8,5
23,184,1,8,6
23,7,1,8,7
23,162,1,8,8
23,93,1,8,9
24,121,1,8,0
24,36,0,8,1
24,154,0,8,2
24,52,0,8,3
24,61,0,8,4
24,97,0,8,5
24,109,0,8,6
24,206,1,8,7
24,124,0,8,8
24,9,1,8,9
25,225,1,8,0
25,39,1,8,1
25,144,0,8,2
25,141,1,8,3
25,73,1,8,4
25,54,0,8,5
25,129,0,8,6
25,189,0,8,7
25,77,0,8,8
25,91,0,8,9
26,93,0,8,0
26,48,1,8,1
26,168,1,8,2
26,206,1,8,3
26,123,0,8,4
26,26,0,8,5
26,115,0,8,6
26,229,1,8,7
26,3,1,8,8
26,117,1,8,9
27,129,0,8,0
27,190,0,8,1
27,166,0,8,2
27,180,0,8,3
27,110,1,8,4
27,239,0,8,5
27,144,0,8,6
27,195,0,8,7
27,78,1,8,8
27,43,0,8,9
28,227,0,8,0
28,218,0,8,1
28,47,1,8,2
28,22,1,8,3
28,37,1,8,4
28,70,0,8,5
28,89,1,8,6
28,36,0,8,7
28,62,1,8,8
28,136,0,8,9
29,10,0,8,0
29,168,1,8,1
29,220,1,8,2
29,83,0,8,3
29,142,1,8,4
29,218,0,8,5
29,107,0,8,6
29,145,0,8,7
29,9,0,8,8
29,172,0,8,9
30,218,0,8,0
30,67,0,8,1
30,131,0,8,2
30,62,1,8,3
30,141,1,8,4
30,145,1,8,5
30,9,1,8,6
30,89,1,8,7
30,136,0,8,8
30,168,0,8,9
31,184,0,8,0
31,93,1,8,1
31,218,1,8,2
31,141,0,8,3
31,2,0,8,4
31,136,0,8,5
31,62,0,8,6
31,158,0,8,7
31,168,0,8,8
31,83,0,8,9
32,142,0,8,0
32,81,0,8,1
32,180,1,8,2
32,184,0,8,3
32,235,0,8,4
32,150,0,8,5
32,70,1,8,6
32,1,1,8,7
32,222,0,8,8
32,48,1,8,9
33,70,0,8,0
33,129,1,8,1
33,162,0,8,2
33,38,1,8,3
33,189,0,8,4
33,195,1,8,5
33,166,1,8,6
33,36,1,8,7
33,169,1,8,8
33,78,0,8,9
34,105,0,8,0
34,186,1,8,1
34,206,1,8,2
34,184,0,8,3
34,162,0,8,4
34,23,0,8,5
34,94,1,8,6
34,80,1,8,7
34,189,0,8,8
34,10,0,8,9
35,239,1,8,0
35,110,1,8,1
35,190,1,8,2
35,141,0,8,3
35,93,0,8,4
35,225,1,8,5
35,184,1,8,6
35,66,0,8,7
35,29,0,8,8
35,150,1,8,9
36,215,0,8,0
36,186,1,8,1
36,105,1,8,2
36,37,0,8,3
36,108,1,8,4
36,81,1,8,5
36,76,1,8,6
36,41,1,8,7
36,189,0,8,8
36,0,0,8,9
37,239,1,8,0
37,102,1,8,1
37,209,1,8,2
37,124,1,8,3
37,210,0,8,4
37,170,0,8,5
37,105,1,8,6
37,68,1,8,7
37,215,0,8,8
37,41,0,8,9
38,41,0,8,0
38,206,1,8,1
38,69,0,8,2
38,81,0,8,3
38,122,1,8,4
38,159,0,8,5
38,79,1,8,6
38,186,1,8,7
38,224,0,8,8
38,239,0,8,9
39,180,1,8,0
39,141,1,8,1
39,73,0,8,2
39,190,0,8,3
39,49,0,8,4
39,7,1,8,5
39,131,0,8,6
39,9,1,8,7
39,218,1,8,8
39,163,0,8,9
40,10,0,8,0
40,23,1,8,1
40,70,1,8,2
40,220,0,8,3
40,210,1,8,4
40,162,1,8,5
40,124,1,8,6
40,0,0,8,7
40,215,1,8,8
40,36,0,8,9
41,162,1,8,0
41,53,1,8,1
41,209,0,8,2
41,186,0,8,3
41,154,1,8,4
41,239,0,8,5
41,36,1,8,6
41,123,0,8,7
41,170,0,8,8
41,61,0,8,9
42,186,0,8,0
42,15,0,8,1
42,102,0,8,2
42,2,1,8,3
42,105,0,8,4
42,108,0,8,5
42,41,0,8,6
42,170,0,8,7
42,219,0,8,8
42,184,0,8,9
43,189,0,8,0
43,184,0,8,1
43,110,0,8,2
43,129,0,8,3
43,225,1,8,4
43,79,0,8,5
43,186,1,8,6
43,180,0,8,7
43,206,1,8,8
43,54,0,8,9
44,206,0,8,0
44,184,1,8,1
44,115,0,8,2
44,26,1,8,3
44,48,0,8,4
44,93,1,8,5
44,229,1,8,6
44,155,1,8,7
44,3,0,8,8
44,142,0,8,9
45,239,1,8,0
45,162,1,8,1
45,187,1,8,2
45,194,1,8,3
45,101,1,8,4
45,129,1,8,5
45,137,0,8,6
45,110,1,8,7
45,10,0,8,8
45,41,0,8,9
46,170,1,8,0
46,187,1,8,1
46,186,1,8,2
46,30,0,8,3
46,15,1,8,4
46,231,0,8,5
46,94,1,8,6
46,80,0,8,7
46,41,0,8,8
46,122,0,8,9
47,40,1,8,0
47,220,0,8,1
47,22,1,8,2
47,37,0,8,3
47,26,0,8,4
47,81,1,8,5
47,83,0,8,6
47,20,0,8,7
47,98,0,8,8
47,69,0,8,9
48,141,0,8,0
48,158,0,8,1
48,77,1,8,2
48,218,0,8,3
48,168,1,8,4
48,10,0,8,5
48,166,0,8,6
48,93,0,8,7
48,24,1,8,8
48,23,1,8,9
49,131,1,8,0
49,64,1,8,1
49,178,1,8,2
49,26,1,8,3
49,116,0,8,4
49,224,1,8,5
49,175,0,8,6
49,239,0,8,7
49,154,1,8,8
49,160,0,8,9
50,141,1,8,0
50,131,1,8,1
50,116,0,8,2
50,235,0,8,3
50,118,1,8,4
50,239,1,8,5
50,142,0,8,6
50,145,0,8,7
50,69,0,8,8
50,30,0,8,9
51,26,1,8,0
51,64,0,8,1
51,72,0,8,2
51,158,0,8,3
51,136,0,8,4
51,49,0,8,5
51,121,0,8,6
51,184,1,8,7
51,181,1,8,8
51,161,1,8,9
52,129,1,8,0
52,39,1,8,1
52,166,0,8,2
52,144,0,8,3
52,70,0,8,4
52,148,1,8,5
52,162,0,8,6
52,78,0,8,7
52,73,0,8,8
52,141,1,8,9
53,184,1,8,0
53,93,1,8,1
53,180,1,8,2
53,76,0,8,3
53,62,0,8,4
53,48,0,8,5
53,26,1,8,6
53,234,1,8,7
53,222,0,8,8
53,186,0,8,9
54,186,1,8,0
54,184,1,8,1
54,189,0,8,2
54,110,1,8,3
54,93,0,8,4
54,2,1,8,5
54,239,0,8,6
54,238,1,8,7
54,179,0,8,8
54,234,0,8,9
55,70,1,8,0
55,239,1,8,1
55,220,1,8,2
55,129,1,8,3
55,166,0,8,4
55,22,1,8,5
55,164,1,8,6
55,10,1,8,7
55,32,1,8,8
55,23,0,8,9
56,70,0,8,0
56,36,0,8,1
56,101,0,8,2
56,81,1,8,3
56,22,1,8,4
56,27,0,8,5
56,239,1,8,6
56,113,1,8,7
56,210,1,8,8
56,137,0,8,9
57,239,0,8,0
57,141,1,8,1
57,225,1,8,2
57,93,1,8,3
57,190,0,8,4
57,129,1,8,5
57,66,0,8,6
57,110,1,8,7
57,150,1,8,8
57,153,0,8,9
58,170,1,8,0
58,152,1,8,1
58,239,0,8,2
58,186,0,8,3
58,153,0,8,4
58,76,1,8,5
58,161,1,8,6
58,21,0,8,7
58,99,1,8,8
58,122,0,8,9
59,10,1,8,0
59,239,1,8,1
59,168,1,8,2
59,187,1,8,3
59,91,1,8,4
59,220,1,8,5
59,70,1,8,6
59,22,1,8,7
59,39,1,8,8
59,145,1,8,9
60,184,1,8,0
60,66,0,8,1
60,190,1,8,2
60,180,0,8,3
60,7,1,8,4
60,9,0,8,5
60,29,0,8,6
60,93,1,8,7
60,194,0,8,8
60,58,1,8,9
61,239,1,8,0
61,116,0,8,1
61,37,1,8,2
61,81,0,8,3
61,122,0,8,4
61,22,1,8,5
61,217,0,8,6
61,160,0,8,7
61,145,0,8,8
61,36,1,8,9
62,33,1,8,0
62,70,0,8,1
62,23,1,8,2
62,158,0,8,3
62,184,1,8,4
62,169,1,8,5
62,195,0,8,6
62,48,0,8,7
62,49,1,8,8
62,72,1,8,9
63,177,0,8,0
63,238,1,8,1
63,102,1,8,2
63,170,1,8,3
63,239,0,8,4
63,80,0,8,5
63,90,1,8,6
63,121,0,8,7
63,153,0,8,8
63,11,0,8,9
64,239,1,8,0
64,36,0,8,1
64,168,1,8,2
64,209,1,8,3
64,212,1,8,4
64,154,1,8,5
64,61,1,8,6
64,162,1,8,7
64,210,0,8,8
64,187,0,8,9
65,172,0,8,0
65,93,0,8,1
65,166,1,8,2
65,168,1,8,3
65,72,0,8,4
65,184,0,8,5
65,13,0,8,6
65,32,0,8,7
65,95,1,8,8
65,239,1,8,9
66,162,1,8,0
66,187,1,8,1
66,36,0,8,2
66,61,0,8,3
66,170,0,8,4
66,9,0,8,5
66,125,1,8,6
66,10,1,8,7
66,216,1,8,8
66,56,1,8,9
67,218,0,8,0
67,131,1,8,1
67,62,1,8,2
67,194,0,8,3
67,168,1,8,4
67,141,0,8,5
67,202,1,8,6
67,239,0,8,7
67,116,1,8,8
67,9,0,8,9
68,168,1,8,0
68,48,0,8,1
68,93,1,8,2
68,32,1,8,3
68,110,1,8,4
68,184,1,8,5
68,129,1,8,6
68,123,0,8,7
68,70,1,8,8
68,113,0,8,9
69,180,1,8,0
69,48,0,8,1
69,110,0,8,2
69,239,0,8,3
69,142,1,8,4
69,168,1,8,5
69,61,1,8,6
69,141,0,8,7
69,190,0,8,8
69,101,1,8,9
70,116,1,8,0
70,64,1,8,1
70,178,0,8,2
70,74,0,8,3
70,239,1,8,4
70,217,0,8,5
70,20,1,8,6
70,161,0,8,7
70,98,1,8,8
70,26,0,8,9
71,162,1,8,0
71,36,0,8,1
71,142,0,8,2
71,9,1,8,3
71,53,1,8,4
71,23,0,8,5
71,180,0,8,6
71,70,0,8,7
71,38,0,8,8
71,129,0,8,9
72,10,1,8,0
72,142,0,8,1
72,162,1,8,2
72,9,1,8,3
72,70,1,8,4
72,169,0,8,5
72,36,0,8,6
72,23,1,8,7
72,220,1,8,8
72,22,0,8,9
73,162,0,8,0
73,9,0,8,1
73,194,1,8,2
73,66,1,8,3
73,218,1,8,4
73,2,0,8,5
73,225,1,8,6
73,10,0,8,7
73,226,1,8,8
73,187,0,8,9
74,180,0,8,0
74,141,0,8,1
74,48,0,8,2
74,93,1,8,3
74,184,0,8,4
74,206,0,8,5
74,234,0,8,6
74,9,0,8,7
74,186,1,8,8
74,5,0,8,9
75,184,0,8,0
75,2,1,8,1
75,62,0,8,2
75,218,1,8,3
75,10,0,8,4
75,93,0,8,5
75,187,0,8,6
75,168,1,8,7
75,108,1,8,8
75,162,1,8,9
76,180,0,8,0
76,9,1,8,1
76,48,0,8,2
76,33,0,8,3
76,52,1,8,4
76,206,0,8,5
76,115,0,8,6
76,49,1,8,7
76,141,1,8,8
76,36,1,8,9
77,184,0,8,0
77,2,0,8,1
77,76,0,8,2
77,186,0,8,3
77,176,0,8,4
77,187,1,8,5
77,239,1,8,6
77,93,0,8,7
77,82,1,8,8
77,94,1,8,9
78,218,0,8,0
78,145,0,8,1
78,9,1,8,2
78,10,0,8,3
78,187,0,8,4
78,144,0,8,5
78,158,1,8,6
78,122,1,8,7
78,141,0,8,8
78,170,1,8,9
79,190,1,8,0
79,239,1,8,1
79,195,0,8,2
79,110,1,8,3
79,93,1,8,4
79,150,0,8,5
79,184,1,8,6
79,153,0,8,7
79,60,0,8,8
79,129,0,8,9
80,36,0,8,0
80,81,0,8,1
80,142,1,8,2
80,180,1,8,3
80,235,1,8,4
80,1,0,8,5
80,70,0,8,6
80,38,0,8,7
80,76,1,8,8
80,9,1,8,9
81,239,0,8,0
81,186,0,8,1
81,41,1,8,2
81,170,1,8,3
81,102,1,8,4
81,209,1,8,5
81,15,1,8,6
81,210,0,8,7
81,215,0,8,8
81,187,1,8,9
82,162,0,8,0
82,180,0,8,1
82,110,0,8,2
82,9,0,8,3
82,138,0,8,4
82,239,1,8,5
82,131,1,8,6
82,194,1,8,7
82,190,0,8,8
82,206,1,8,9
83,162,0,8,0
83,209,1,8,1
83,61,1,8,2
83,186,0,8,3
83,206,1,8,4
83,36,1,8,5
83,9,1,8,6
83,170,0,8,7
83,239,0,8,8
83,41,0,8,9
84,190,0,8,0
84,239,1,8,1
84,206,1,8,2
84,115,0,8,3
84,110,0,8,4
84,195,0,8,5
84,177,1,8,6
84,81,1,8,7
84,14,1,8,8
84,224,1,8,9
85,206,1,8,0
85,136,0,8,1
85,3,0,8,2
85,155,1,8,3
85,115,0,8,4
85,172,1,8,5
85,43,0,8,6
85,121,0,8,7
85,131,0,8,8
85,105,1,8,9
86,10,1,8,0
86,168,1,8,1
86,23,1,8,2
86,70,0,8,3
86,162,0,8,4
86,221,0,8,5
86,9,1,8,6
86,220,1,8,7
86,169,0,8,8
86,142,1,8,9
87,239,1,8,0
87,194,0,8,1
87,187,1,8,2
87,79,1,8,3
87,184,0,8,4
87,110,1,8,5
87,118,1,8,6
87,162,1,8,7
87,190,0,8,8
87,7,1,8,9
88,180,1,8,0
88,206,1,8,1
88,190,0,8,2
88,137,1,8,3
88,110,0,8,4
88,115,0,8,5
88,7,0,8,6
88,43,1,8,7
88,81,0,8,8
88,142,1,8,9
89,129,0,8,0
89,10,0,8,1
89,70,0,8,2
89,166,0,8,3
89,162,1,8,4
89,23,1,8,5
89,164,0,8,6
89,220,0,8,7
89,32,0,8,8
89,0,1,8,9
90,168,1,8,0
90,210,1,8,1
90,218,1,8,2
90,70,1,8,3
90,22,0,8,4
90,239,0,8,5
90,187,0,8,6
90,169,0,8,7
90,212,1,8,8
90,10,0,8,9
91,206,0,8,0
91,184,0,8,1
91,155,0,8,2
91,3,0,8,3
91,43,1,8,4
91,201,1,8,5
91,132,1,8,6
91,83,1,8,7
91,115,0,8,8
91,142,1,8,9
92,187,1,8,0
92,184,0,8,1
92,93,1,8,2
92,168,1,8,3
92,239,0,8,4
92,101,0,8,5
92,142,1,8,6
92,83,0,8,7
92,58,0,8,8
92,218,1,8,9
93,131,1,8,0
93,9,1,8,1
93,226,1,8,2
93,235,0,8,3
93,98,1,8,4
93,79,1,8,5
93,225,1,8,6
93,194,0,8,7
93,107,0,8,8
93,10,1,8,9
94,9,1,8,0
94,162,1,8,1
94,39,1,8,2
94,144,1,8,3
94,225,1,8,4
94,10,0,8,5
94,129,1,8,6
94,226,0,8,7
94,56,0,8,8
94,218,0,8,9
95,239,0,8,0
95,79,1,8,1
95,118,1,8,2
95,69,1,8,3
95,225,1,8,4
95,141,0,8,5
95,15,1,8,6
95,184,0,8,7
95,187,0,8,8
95,206,1,8,9
96,218,1,8,0
96,67,1,8,1
96,62,1,8,2
96,49,0,8,3
96,136,0,8,4
96,73,1,8,5
96,23,0,8,6
96,163,0,8,7
96,158,1,8,8
96,230,0,8,9
97,10,0,8,0
97,23,0,8,1
97,220,0,8,2
97,70,0,8,3
97,162,1,8,4
97,65,0,8,5
97,187,0,8,6
97,210,0,8,7
97,26,1,8,8
97,239,0,8,9
98,218,0,8,0
98,168,1,8,1
98,62,1,8,2
98,93,0,8,3
98,184,1,8,4
98,83,0,8,5
98,89,0,8,6
98,2,0,8,7
98,75,1,8,8
98,136,0,8,9
99,81,0,8,0
99,70,0,8,1
99,239,0,8,2
99,187,1,8,3
99,76,0,8,4
99,68,0,8,5
99,215,0,8,6
99,105,0,8,7
99,220,1,8,8
99,102,1,8,9
100,190,0,8,0
100,121,0,8,1
100,74,0,8,2
100,239,1,8,3
100,168,1,8,4
100,202,1,8,5
100,184,0,8,6
100,110,0,8,7
100,178,1,8,8
100,155,1,8,9
101,9,0,8,0
101,69,0,8,1
101,10,1,8,2
101,142,0,8,3
101,41,1,8,4
101,206,1,8,5
101,79,0,8,6
101,204,0,8,7
101,58,0,8,8
101,122,0,8,9
102,70,1,8,0
102,93,1,8,1
102,23,1,8,2
102,184,0,8,3
102,48,0,8,4
102,26,1,8,5
102,72,1,8,6
102,195,0,8,7
102,206,1,8,8
102,33,0,8,9
103,239,0,8,0
103,210,0,8,1
103,36,0,8,2
103,209,1,8,3
103,170,0,8,4
103,47,0,8,5
103,97,0,8,6
103,102,0,8,7
103,124,0,8,8
103,160,1,8,9
104,70,0,8,0
104,129,0,8,1
104,36,1,8,2
104,32,0,8,3
104,23,1,8,4
104,239,0,8,5
104,195,1,8,6
104,47,0,8,7
104,117,0,8,8
104,38,0,8,9
105,116,1,8,0
105,194,1,8,1
105,131,1,8,2
105,145,1,8,3
105,218,1,8,4
105,41,0,8,5
105,122,0,8,6
105,83,1,8,7
105,118,0,8,8
105,239,1,8,9
106,184,0,8,0
106,186,1,8,1
106,110,0,8,2
106,190,1,8,3
106,191,0,8,4
106,195,1,8,5
106,189,1,8,6
106,206,1,8,7
106,4,1,8,8
106,76,0,8,9
107,184,0,8,0
107,110,1,8,1
107,239,1,8,2
107,93,1,8,3
107,225,1,8,4
107,141,1,8,5
107,190,1,8,6
107,79,0,8,7
107,29,0,8,8
107,206,0,8,9
108,37,0,8,0
108,218,0,8,1
108,36,1,8,2
108,145,0,8,3
108,239,0,8,4
108,22,0,8,5
108,122,0,8,6
108,116,0,8,7
108,212,1,8,8
108,76,0,8,9
109,70,0,8,0
109,81,1,8,1
109,184,0,8,2
109,222,1,8,3
109,239,0,8,4
109,1,0,8,5
109,190,0,8,6
109,101,1,8,7
109,88,1,8,8
109,7,1,8,9
110,170,1,8,0
110,129,1,8,1
110,162,0,8,2
110,239,1,8,3
110,186,0,8,4
110,23,0,8,5
110,10,0,8,6
110,70,1,8,7
110,36,0,8,8
110,99,0,8,9
111,239,1,8,0
111,187,0,8,1
111,118,0,8,2
111,22,0,8,3
111,122,0,8,4
111,145,0,8,5
111,10,0,8,6
111,46,1,8,7
111,142,0,8,8
111,162,1,8,9
112,225,0,8,0
112,190,0,8,1
112,73,1,8,2
112,129,0,8,3
112,184,0,8,4
112,93,1,8,5
112,67,0,8,6
112,141,0,8,7
112,196,0,8,8
112,180,1,8,9
113,9,0,8,0
113,180,1,8,1
113,222,0,8,2
113,142,0,8,3
113,206,0,8,4
113,184,0,8,5
113,58,1,8,6
113,7,1,8,7
113,81,0,8,8
113,45,0,8,9
114,110,1,8,0
114,141,0,8,1
114,225,0,8,2
114,184,1,8,3
114,93,0,8,4
114,238,1,8,5
114,186,0,8,6
114,206,0,8,7
114,234,0,8,8
114,189,0,8,9
115,70,1,8,0
115,10,1,8,1
115,239,0,8,2
115,220,1,8,3
115,22,1,8,4
115,169,0,8,5
115,187,0,8,6
115,23,1,8,7
115,164,1,8,8
115,188,0,8,9
116,184,0,8,0
116,186,1,8,1
116,7,0,8,2
116,134,0,8,3
116,170,0,8,4
116,4,0,8,5
116,78,1,8,6
116,189,0,8,7
116,76,1,8,8
116,73,1,8,9
117,239,1,8,0
117,36,1,8,1
117,70,0,8,2
117,129,0,8,3
117,162,1,8,4
117,1,1,8,5
117,101,1,8,6
117,180,0,8,7
117,53,0,8,8
117,142,1,8,9
118,184,0,8,0
118,142,1,8,1
118,9,0,8,2
118,7,0,8,3
118,180,1,8,4
118,206,1,8,5
118,58,0,8,6
118,93,1,8,7
118,25,0,8,8
118,201,1,8,9
119,187,0,8,0
119,144,0,8,1
119,170,0,8,2
119,239,1,8,3
119,15,0,8,4
119,145,1,8,5
119,162,1,8,6
119,11,0,8,7
119,54,0,8,8
119,220,0,8,9
0,190,1,9,0
0,239,1,9,1
0,67,1,9,2
0,193,1,9,3
0,229,0,9,4
0,66,0,9,5
0,93,1,9,6
0,225,0,9,7
0,196,1,9,8
0,149,0,9,9
1,184,0,9,0
1,231,1,9,1
1,79,0,9,2
1,226,1,9,3
1,225,0,9,4
1,105,1,9,5
1,213,0,9,6
1,7,1,9,7
1,70,1,9,8
1,98,1,9,9
2,190,1,9,0
2,206,0,9,1
2,144,0,9,2
2,52,0,9,3
2,180,0,9,4
2,115,0,9,5
2,110,1,9,6
2,61,1,9,7
2,113,1,9,8
2,137,0,9,9
3,239,1,9,0
3,83,0,9,1
3,102,0,9,2
3,26,1,9,3
3,184,0,9,4
3,74,0,9,5
3,116,1,9,6
3,107,0,9,7
3,187,0,9,8
3,57,0,9,9
4,129,1,9,0
4,137,1,9,1
4,166,1,9,2
4,206,0,9,3
4,189,0,9,4
4,239,0,9,5
4,101,1,9,6
4,110,1,9,7
4,190,1,9,8
4,32,1,9,9
5,168,0,9,0
5,239,0,9,1
5,115,0,9,2
5,190,0,9,3
5,180,0,9,4
5,206,1,9,5
5,142,1,9,6
5,124,1,9,7
5,9,1,9,8
5,53,1,9,9
6,129,0,9,0
6,70,1,9,1
6,215,1,9,2
6,36,0,9,3
6,162,0,9,4
6,239,0,9,5
6,53,0,9,6
6,23,1,9,7
6,209,0,9,8
6,10,0,9,9
7,64,0,9,0
7,169,0,9,1
7,70,0,9,2
7,49,0,9,3
7,178,1,9,4
7,72,0,9,5
7,74,0,9,6
7,47,0,9,7
7,23,0,9,8
7,161,0,9,9
8,180,1,9,0
8,190,1,9,1
8,7,0,9,2
8,184,0,9,3
8,73,1,9,4
8,93,0,9,5
8,141,0,9,6
8,4,0,9,7
8,66,1,9,8
8,48,0,9,9
9,129,0,9,0
9,110,1,9,1
9,138,0,9,2
9,66,0,9,3
9,186,0,9,4
9,146,1,9,5
9,225,1,9,6
9,123,1,9,7
9,184,0,9,8
9,162,1,9,9
10,10,1,9,0
10,105,1,9,1
10,41,1,9,2
10,9,0,9,3
10,162,0,9,4
10,80,0,9,5
10,187,1,9,6
10,122,0,9,7
10,170,0,9,8
10,231,0,9,9
11,70,0,9,0
11,208,1,9,1
11,26,0,9,2
11,67,0,9,3
11,64,0,9,4
11,74,1,9,5
11,98,1,9,6
11,116,1,9,7
11,102,0,9,8
11,239,0,9,9
12,239,1,9,0
12,209,0,9,1
12,210,1,9,2
12,124,1,9,3
12,102,0,9,4
12,170,0,9,5
12,186,0,9,6
12,168,0,9,7
12,97,1,9,8
12,177,1,9,9
13,225,1,9,0
13,129,0,9,1
13,73,1,9,2
13,213,0,9,3
13,184,0,9,4
13,66,0,9,5
13,189,0,9,6
13,190,1,9,7
13,93,0,9,8
13,70,0,9,9
14,116,0,9,0
14,41,0,9,1
14,81,0,9,2
14,37,0,9,3
14,122,1,9,4
14,239,0,9,5
14,131,0,9,6
14,145,1,9,7
14,141,0,9,8
14,217,1,9,9
15,239,1,9,0
15,187,1,9,1
15,170,1,9,2
15,54,0,9,3
15,238,1,9,4
15,11,1,9,5
15,122,1,9,6
15,10,1,9,7
15,225,1,9,8
15,99,1,9,9
16,10,0,9,0
16,170,0,9,1
16,220,1,9,2
16,68,0,9,3
16,105,1,9,4
16,162,0,9,5
16,210,1,9,6
16,102,0,9,7
16,187,0,9,8
16,23,0,9,9
17,70,1,9,0
17,23,1,9,1
17,195,1,9,2
17,47,1,9,3
17,33,1,9,4
17,129,0,9,5
17,161,0,9,6
17,72,1,9,7
17,52,0,9,8
17,126,1,9,9
18,70,1,9,0
18,10,0,9,1
18,220,0,9,2
18,162,0,9,3
18,187,0,9,4
18,23,1,9,5
18,22,0,9,6
18,68,0,9,7
18,36,1,9,8
18,239,1,9,9
19,110,1,9,0
19,206,1,9,1
19,32,0,9,2
19,239,1,9,3
19,121,0,9,4
19,80,1,9,5
19,178,1,9,6
19,129,0,9,7
19,190,0,9,8
19,26,0,9,9
20,184,1,9,0
20,7,0,9,1
20,190,1,9,2
20,70,0,9,3
20,93,1,9,4
20,110,1,9,5
20,225,1,9,6
20,172,0,9,7
20,169,0,9,8
20,43,1,9,9
21,239,0,9,0
21,141,0,9,1
21,110,0,9,2
21,129,0,9,3
21,190,0,9,4
21,206,1,9,5
21,180,1,9,6
21,99,1,9,7
21,69,1,9,8
21,115,0,9,9
22,186,0,9,0
22,184,0,9,1
22,206,0,9,2
22,76,0,9,3
22,105,1,9,4
22,94,1,9,5
22,81,0,9,6
22,215,0,9,7
22,41,0,9,8
22,159,1,9,9
23,129,1,9,0
23,66,0,9,1
23,190,0,9,2
23,110,1,9,3
23,225,0,9,4
23,180,1,9,5
23,184,1,9,6
23,7,0,9,7
23,162,1,9,8
23,93,1,9,9
24,121,1,9,0
24,36,0,9,1
24,154,0,9,2
24,52,0,9,3
24,61,0,9,4
24,206,1,9,5
24,162,0,9,6
24,9,0,9,7
24,97,1,9,8
24,124,1,9,9
25,225,0,9,0
25,144,0,9,1
25,39,0,9,2
25,141,1,9,3
25,73,0,9,4
25,129,0,9,5
25,54,1,9,6
25,189,0,9,7
25,218,0,9,8
25,77,0,9,9
26,93,0,9,0
26,48,0,9,1
26,206,0,9,2
26,168,1,9,3
26,123,0,9,4
26,26,0,9,5
26,115,1,9,6
26,229,1,9,7
26,3,0,9,8
26,117,0,9,9
27,129,0,9,0
27,190,1,9,1
27,180,0,9,2
27,166,0,9,3
27,110,1,9,4
27,239,0,9,5
27,144,0,9,6
27,195,0,9,7
27,78,0,9,8
27,43,1,9,9
28,218,0,9,0
28,227,1,9,1
28,47,0,9,2
28,22,1,9,3
28,70,0,9,4
28,37,1,9,5
28,89,0,9,6
28,36,1,9,7
28,62,0,9,8
28,136,0,9,9
29,10,1,9,0
29,168,0,9,1
29,220,1,9,2
29,83,1,9,3
29,142,0,9,4
29,218,0,9,5
29,9,0,9,6
29,145,0,9,7
29,107,1,9,8
29,141,0,9,9
30,218,1,9,0
30,67,0,9,1
30,131,0,9,2
30,141,1,9,3
30,9,0,9,4
30,62,1,9,5
30,145,0,9,6
30,89,0,9,7
30,168,1,9,8
30,136,1,9,9
31,184,0,9,0
31,93,1,9,1
31,218,0,9,2
31,141,1,9,3
31,2,0,9,4
31,136,0,9,5
31,62,0,9,6
31,158,0,9,7
31,168,0,9,8
31,83,0,9,9
32,142,0,9,0
32,81,0,9,1
32,180,0,9,2
32,184,0,9,3
32,70,0,9,4
32,235,1,9,5
32,150,1,9,6
32,1,0,9,7
32,48,0,9,8
32,239,1,9,9
33,70,0,9,0
33,129,0,9,1
33,162,1,9,2
33,38,0,9,3
33,189,1,9,4
33,36,0,9,5
33,166,0,9,6
33,195,0,9,7
33,169,0,9,8
33,78,1,9,9
34,105,0,9,0
34,206,1,9,1
34,186,0,9,2
34,162,0,9,3
34,184,0,9,4
34,23,1,9,5
34,94,1,9,6
34,80,0,9,7
34,189,1,9,8
34,10,0,9,9
35,239,1,9,0
35,110,1,9,1
35,190,0,9,2
35,141,1,9,3
35,93,0,9,4
35,225,1,9,5
35,184,0,9,6
35,66,0,9,7
35,29,0,9,8
35,186,1,9,9
36,215,0,9,0
36,186,0,9,1
36,105,0,9,2
36,37,1,9,3
36,108,0,9,4
36,81,0,9,5
36,76,1,9,6
36,41,1,9,7
36,189,1,9,8
36,0,0,9,9
37,239,1,9,0
37,102,0,9,1
37,209,1,9,2
37,124,0,9,3
37,210,0,9,4
37,170,0,9,5
37,105,1,9,6
37,215,1,9,7
37,68,0,9,8
37,41,0,9,9
38,41,0,9,0
38,206,1,9,1
38,69,1,9,2
38,81,1,9,3
38,122,0,9,4
38,159,1,9,5
38,79,0,9,6
38,186,0,9,7
38,224,0,9,8
38,239,1,9,9
39,180,0,9,0
39,141,1,9,1
39,73,1,9,2
39,190,0,9,3
39,49,0,9,4
39,7,0,9,5
39,131,0,9,6
39,9,0,9,7
39,218,1,9,8
39,163,0,9,9
40,10,1,9,0
40,23,0,9,1
40,70,0,9,2
40,220,1,9,3
40,162,1,9,4
40,210,1,9,5
40,124,0,9,6
40,215,0,9,7
40,0,0,9,8
40,36,0,9,9
41,162,0,9,0
41,53,1,9,1
41,209,0,9,2
41,186,0,9,3
41,239,0,9,4
41,154,1,9,5
41,36,0,9,6
41,170,1,9,7
41,123,0,9,8
41,66,0,9,9
42,186,0,9,0
42,15,0,9,1
42,102,0,9,2
42,2,0,9,3
42,105,0,9,4
42,41,0,9,5
42,108,0,9,6
42,170,0,9,7
42,184,1,9,8
42,187,1,9,9
43,189,0,9,0
43,184,0,9,1
43,110,0,9,2
43,129,0,9,3
43,225,1,9,4
43,186,1,9,5
43,79,1,9,6
43,180,0,9,7
43,206,0,9,8
43,54,1,9,9
44,206,0,9,0
44,184,0,9,1
44,115,1,9,2
44,26,1,9,3
44,93,0,9,4
44,48,0,9,5
44,229,0,9,6
44,155,0,9,7
44,142,1,9,8
44,3,1,9,9
45,239,1,9,0
45,162,0,9,1
45,187,1,9,2
45,194,1,9,3
45,101,0,9,4
45,129,0,9,5
45,137,1,9,6
45,110,0,9,7
45,10,1,9,8
45,41,1,9,9
46,170,0,9,0
46,187,0,9,1
46,186,1,9,2
46,15,1,9,3
46,30,0,9,4
46,231,0,9,5
46,94,0,9,6
46,80,0,9,7
46,41,0,9,8
46,122,0,9,9
47,220,0,9,0
47,22,1,9,1
47,40,0,9,2
47,26,0,9,3
47,37,1,9,4
47,81,0,9,5
47,83,1,9,6
47,20,1,9,7
47,98,0,9,8
47,69,0,9,9
48,141,1,9,0
48,158,1,9,1
48,77,1,9,2
48,218,1,9,3
48,168,0,9,4
48,10,0,9,5
48,93,1,9,6
48,166,1,9,7
48,24,0,9,8
48,23,1,9,9
49,131,1,9,0
49,64,0,9,1
49,178,0,9,2
49,26,0,9,3
49,116,0,9,4
49,224,0,9,5
49,239,1,9,6
49,175,1,9,7
49,154,0,9,8
49,142,1,9,9
50,141,0,9,0
50,131,1,9,1
50,116,1,9,2
50,239,0,9,3
50,118,1,9,4
50,235,1,9,5
50,142,0,9,6
50,145,0,9,7
50,69,0,9,8
50,30,0,9,9
51,26,1,9,0
51,64,0,9,1
51,72,1,9,2
51,158,0,9,3
51,136,0,9,4
51,49,0,9,5
51,184,0,9,6
51,121,1,9,7
51,23,1,9,8
51,169,1,9,9
52,129,1,9,0
52,39,0,9,1
52,166,0,9,2
52,70,0,9,3
52,144,1,9,4
52,162,1,9,5
52,148,0,9,6
52,141,1,9,7
52,73,0,9,8
52,78,0,9,9
53,184,0,9,0
53,93,1,9,1
53,180,0,9,2
53,76,0,9,3
53,62,1,9,4
53,48,1,9,5
53,26,1,9,6
53,186,1,9,7
53,234,0,9,8
53,222,1,9,9
54,186,1,9,0
54,184,1,9,1
54,189,0,9,2
54,110,0,9,3
54,93,0,9,4
54,2,1,9,5
54,239,0,9,6
54,238,0,9,7
54,179,0,9,8
54,141,1,9,9
55,70,0,9,0
55,239,0,9,1
55,220,0,9,2
55,129,0,9,3
55,166,0,9,4
55,22,0,9,5
55,10,0,9,6
55,164,1,9,7
55,32,0,9,8
55,23,0,9,9
56,70,1,9,0
56,36,1,9,1
56,101,1,9,2
56,81,1,9,3
56,22,1,9,4
56,239,0,9,5
56,27,0,9,6
56,113,1,9,7
56,210,1,9,8
56,137,0,9,9
57,239,1,9,0
57,141,1,9,1
57,225,0,9,2
57,93,1,9,3
57,190,0,9,4
57,129,0,9,5
57,110,0,9,6
57,66,1,9,7
57,150,1,9,8
57,153,0,9,9
58,170,1,9,0
58,239,1,9,1
58,152,0,9,2
58,186,1,9,3
58,153,0,9,4
58,76,1,9,5
58,161,0,9,6
58,21,1,9,7
58,99,1,9,8
58,122,0,9,9
59,10,0,9,0
59,239,0,9,1
59,187,1,9,2
59,168,1,9,3
59,91,0,9,4
59,220,0,9,5
59,70,0,9,6
59,22,1,9,7
59,39,0,9,8
59,162,0,9,9
60,184,0,9,0
60,66,1,9,1
60,190,1,9,2
60,180,0,9,3
60,7,1,9,4
60,9,0,9,5
60,93,1,9,6
60,29,1,9,7
60,194,0,9,8
60,58,0,9,9
61,239,1,9,0
61,116,1,9,1
61,37,1,9,2
61,81,0,9,3
61,122,1,9,4
61,22,1,9,5
61,217,1,9,6
61,160,0,9,7
61,36,1,9,8
61,145,0,9,9
62,33,1,9,0
62,70,0,9,1
62,23,0,9,2
62,184,0,9,3
62,158,0,9,4
62,169,0,9,5
62,195,1,9,6
62,48,0,9,7
62,49,0,9,8
62,72,0,9,9
63,170,1,9,0
63,177,0,9,1
63,102,1,9,2
63,238,0,9,3
63,239,1,9,4
63,80,0,9,5
63,90,1,9,6
63,121,0,9,7
63,153,1,9,8
63,11,1,9,9
64,239,1,9,0
64,36,0,9,1
64,168,0,9,2
64,209,0,9,3
64,162,0,9,4
64,212,1,9,5
64,154,1,9,6
64,61,1,9,7
64,210,0,9,8
64,187,0,9,9
65,172,1,9,0
65,93,1,9,1
65,166,1,9,2
65,168,0,9,3
65,72,1,9,4
65,184,0,9,5
65,32,1,9,6
65,13,1,9,7
65,239,1,9,8
65,95,0,9,9
66,162,1,9,0
66,187,1,9,1
66,36,0,9,2
66,170,1,9,3
66,61,1,9,4
66,9,1,9,5
66,10,0,9,6
66,125,0,9,7
66,76,0,9,8
66,144,0,9,9
67,218,1,9,0
67,131,1,9,1
67,62,1,9,2
67,194,0,9,3
67,168,0,9,4
67,141,0,9,5
67,239,1,9,6
67,202,0,9,7
67,9,0,9,8
67,116,0,9,9
68,168,1,9,0
68,48,0,9,1
68,93,1,9,2
68,110,0,9,3
68,32,0,9,4
68,184,0,9,5
68,129,0,9,6
68,70,0,9,7
68,123,0,9,8
68,113,1,9,9
69,180,1,9,0
69,48,1,9,1
69,110,1,9,2
69,239,0,9,3
69,142,0,9,4
69,168,1,9,5
69,141,0,9,6
69,61,0,9,7
69,190,0,9,8
69,101,0,9,9
70,116,1,9,0
70,64,0,9,1
70,178,1,9,2
70,239,1,9,3
70,74,0,9,4
70,217,1,9,5
70,20,1,9,6
70,161,0,9,7
70,98,0,9,8
70,26,0,9,9
71,162,1,9,0
71,36,1,9,1
71,142,1,9,2
71,9,0,9,3
71,23,1,9,4
71,53,1,9,5
71,180,1,9,6
71,70,1,9,7
71,38,1,9,8
71,129,0,9,9
72,10,1,9,0
72,162,1,9,1
72,142,1,9,2
72,9,0,9,3
72,70,0,9,4
72,169,0,9,5
72,36,1,9,6
72,23,1,9,7
72,220,1,9,8
72,22,1,9,9
73,162,0,9,0
73,9,1,9,1
73,194,0,9,2
73,66,0,9,3
73,218,1,9,4
73,2,0,9,5
73,225,1,9,6
73,10,0,9,7
73,226,0,9,8
73,187,0,9,9
74,180,0,9,0
74,141,0,9,1
74,48,1,9,2
74,93,0,9,3
74,184,0,9,4
74,206,0,9,5
74,9,1,9,6
74,186,0,9,7
74,234,0,9,8
74,5,0,9,9
75,184,1,9,0
75,2,0,9,1
75,62,1,9,2
75,218,0,9,3
75,10,0,9,4
75,93,0,9,5
75,187,1,9,6
75,168,0,9,7
75,108,0,9,8
75,162,0,9,9
76,180,1,9,0
76,9,0,9,1
76,48,1,9,2
76,33,0,9,3
76,206,0,9,4
76,52,0,9,5
76,115,0,9,6
76,141,0,9,7
76,36,1,9,8
76,49,0,9,9
77,184,1,9,0
77,76,1,9,1
77,2,1,9,2
77,186,1,9,3
77,176,1,9,4
77,187,1,9,5
77,239,0,9,6
77,93,0,9,7
77,82,1,9,8
77,94,1,9,9
78,218,1,9,0
78,145,0,9,1
78,9,0,9,2
78,10,1,9,3
78,187,1,9,4
78,144,1,9,5
78,170,0,9,6
78,141,0,9,7
78,122,1,9,8
78,162,1,9,9
79,239,0,9,0
79,190,0,9,1
79,195,1,9,2
79,110,0,9,3
79,93,1,9,4
79,150,0,9,5
79,184,1,9,6
79,153,1,9,7
79,60,1,9,8
79,129,1,9,9
80,36,0,9,0
80,81,1,9,1
80,142,0,9,2
80,180,0,9,3
80,235,0,9,4
80,70,0,9,5
80,1,0,9,6
80,38,1,9,7
80,9,0,9,8
80,76,0,9,9
81,239,0,9,0
81,186,1,9,1
81,41,0,9,2
81,170,1,9,3
81,102,0,9,4
81,209,1,9,5
81,15,1,9,6
81,210,1,9,7
81,187,0,9,8
81,215,1,9,9
82,162,1,9,0
82,180,0,9,1
82,110,0,9,2
82,9,1,9,3
82,239,1,9,4
82,138,0,9,5
82,131,1,9,6
82,190,0,9,7
82,194,0,9,8
82,206,0,9,9
83,162,0,9,0
83,209,1,9,1
83,61,1,9,2
83,186,0,9,3
83,206,0,9,4
83,36,1,9,5
83,9,1,9,6
83,170,0,9,7
83,239,0,9,8
83,41,1,9,9
84,190,0,9,0
84,239,0,9,1
84,206,0,9,2
84,115,0,9,3
84,110,0,9,4
84,195,0,9,5
84,81,1,9,6
84,177,0,9,7
84,14,1,9,8
84,224,1,9,9
85,206,0,9,0
85,136,1,9,1
85,3,0,9,2
85,155,0,9,3
85,115,0,9,4
85,172,0,9,5
85,131,0,9,6
85,43,0,9,7
85,121,0,9,8
85,105,1,9,9
86,10,0,9,0
86,23,1,9,1
86,168,0,9,2
86,162,0,9,3
86,70,1,9,4
86,9,1,9,5
86,221,1,9,6
86,220,0,9,7
86,169,1,9,8
86,142,0,9,9
87,239,0,9,0
87,194,0,9,1
87,187,0,9,2
87,79,1,9,3
87,184,0,9,4
87,110,0,9,5
87,162,1,9,6
87,118,1,9,7
87,190,1,9,8
87,7,1,9,9
88,180,0,9,0
88,206,1,9,1
88,190,0,9,2
88,137,1,9,3
88,110,0,9,4
88,115,0,9,5
88,7,0,9,6
88,43,1,9,7
88,81,0,9,8
88,142,0,9,9
89,129,0,9,0
89,10,0,9,1
89,70,1,9,2
89,162,0,9,3
89,166,1,9,4
89,23,1,9,5
89,220,0,9,6
89,164,1,9,7
89,32,0,9,8
89,0,1,9,9
90,168,0,9,0
90,210,0,9,1
90,70,0,9,2
90,218,1,9,3
90,239,0,9,4
90,187,0,9,5
90,22,0,9,6
90,169,1,9,7
90,212,0,9,8
90,10,0,9,9
91,206,0,9,0
91,184,1,9,1
91,155,0,9,2
91,3,0,9,3
91,43,1,9,4
91,201,1,9,5
91,83,0,9,6
91,132,1,9,7
91,142,1,9,8
91,115,0,9,9
92,187,1,9,0
92,184,0,9,1
92,93,1,9,2
92,168,1,9,3
92,239,0,9,4
92,142,1,9,5
92,101,1,9,6
92,83,0,9,7
92,58,1,9,8
92,218,1,9,9
93,131,1,9,0
93,9,1,9,1
93,226,0,9,2
93,235,0,9,3
93,98,1,9,4
93,79,1,9,5
93,225,1,9,6
93,10,0,9,7
93,194,1,9,8
93,107,1,9,9
94,9,1,9,0
94,162,1,9,1
94,225,1,9,2
94,144,1,9,3
94,39,1,9,4
94,10,0,9,5
94,129,0,9,6
94,226,1,9,7
94,218,1,9,8
94,56,1,9,9
95,239,1,9,0
95,79,0,9,1
95,118,0,9,2
95,225,1,9,3
95,69,0,9,4
95,141,0,9,5
95,184,1,9,6
95,187,1,9,7
95,15,0,9,8
95,206,1,9,9
96,218,1,9,0
96,67,0,9,1
96,62,0,9,2
96,49,0,9,3
96,23,0,9,4
96,136,1,9,5
96,73,0,9,6
96,163,0,9,7
96,145,1,9,8
96,158,1,9,9
97,10,0,9,0
97,23,0,9,1
97,220,0,9,2
97,70,0,9,3
97,162,0,9,4
97,187,1,9,5
97,65,1,9,6
97,210,0,9,7
97,239,1,9,8
97,26,1,9,9
98,218,0,9,0
98,168,0,9,1
98,62,0,9,2
98,93,0,9,3
98,184,0,9,4
98,83,0,9,5
98,89,1,9,6
98,2,0,9,7
98,75,0,9,8
98,136,1,9,9
99,81,0,9,0
99,239,0,9,1
99,70,0,9,2
99,187,0,9,3
99,76,1,9,4
99,68,1,9,5
99,215,1,9,6
99,105,0,9,7
99,220,1,9,8
99,102,0,9,9
100,190,0,9,0
100,121,0,9,1
100,74,1,9,2
100,239,0,9,3
100,168,1,9,4
100,184,0,9,5
100,202,1,9,6
100,110,0,9,7
100,178,1,9,8
100,155,1,9,9
101,9,1,9,0
101,69,0,9,1
101,10,0,9,2
101,142,0,9,3
101,41,1,9,4
101,206,0,9,5
101,79,0,9,6
101,204,1,9,7
101,122,0,9,8
101,187,0,9,9
102,70,0,9,0
102,93,0,9,1
102,23,0,9,2
102,184,0,9,3
102,48,1,9,4
102,26,0,9,5
102,72,1,9,6
102,206,0,9,7
102,195,1,9,8
102,33,0,9,9
103,239,1,9,0
103,36,1,9,1
103,210,0,9,2
103,209,0,9,3
103,170,1,9,4
103,47,1,9,5
103,102,0,9,6
103,97,0,9,7
103,124,1,9,8
103,194,1,9,9
104,70,0,9,0
104,129,0,9,1
104,36,1,9,2
104,23,1,9,3
104,32,0,9,4
104,239,0,9,5
104,195,1,9,6
104,47,0,9,7
104,38,1,9,8
104,117,0,9,9
105,116,0,9,0
105,194,0,9,1
105,145,1,9,2
105,131,0,9,3
105,218,0,9,4
105,41,0,9,5
105,122,0,9,6
105,83,1,9,7
105,118,1,9,8
105,239,0,9,9
106,184,1,9,0
106,186,1,9,1
106,110,1,9,2
106,190,0,9,3
106,195,0,9,4
106,191,0,9,5
106,189,1,9,6
106,206,0,9,7
106,170,1,9,8
106,76,1,9,9
107,184,0,9,0
107,110,0,9,1
107,239,1,9,2
107,93,1,9,3
107,225,0,9,4
107,141,0,9,5
107,190,0,9,6
107,79,0,9,7
107,206,0,9,8
107,29,0,9,9
108,37,0,9,0
108,36,0,9,1
108,218,1,9,2
108,145,0,9,3
108,239,0,9,4
108,22,0,9,5
108,122,1,9,6
108,116,0,9,7
108,212,0,9,8
108,76,0,9,9
109,70,1,9,0
109,81,0,9,1
109,184,1,9,2
109,222,1,9,3
109,239,0,9,4
109,190,0,9,5
109,1,0,9,6
109,101,1,9,7
109,7,0,9,8
109,88,1,9,9
110,170,0,9,0
110,162,1,9,1
110,129,0,9,2
110,239,0,9,3
110,23,0,9,4
110,186,1,9,5
110,10,1,9,6
110,70,0,9,7
110,36,1,9,8
110,99,1,9,9
111,239,1,9,0
111,187,0,9,1
111,118,1,9,2
111,122,1,9,3
111,22,0,9,4
111,145,0,9,5
111,10,1,9,6
111,46,1,9,7
111,142,1,9,8
111,162,1,9,9
112,225,1,9,0
112,190,0,9,1
112,73,0,9,2
112,129,0,9,3
112,184,1,9,4
112,93,1,9,5
112,141,1,9,6
112,67,0,9,7
112,196,0,9,8
112,180,1,9,9
113,9,1,9,0
113,180,0,9,1
113,222,1,9,2
113,142,0,9,3
113,206,1,9,4
113,184,0,9,5
113,58,1,9,6
113,7,0,9,7
113,81,0,9,8
113,45,0,9,9
114,110,1,9,0
114,141,0,9,1
114,225,0,9,2
114,184,0,9,3
114,93,1,9,4
114,186,0,9,5
114,238,1,9,6
114,206,1,9,7
114,234,0,9,8
114,189,1,9,9
115,70,1,9,0
115,10,0,9,1
115,239,0,9,2
115,220,0,9,3
115,22,0,9,4
115,187,1,9,5
115,23,0,9,6
115,169,1,9,7
115,164,1,9,8
115,188,1,9,9
116,184,1,9,0
116,186,0,9,1
116,7,1,9,2
116,170,0,9,3
116,134,0,9,4
116,189,1,9,5
116,76,0,9,6
116,78,0,9,7
116,4,1,9,8
116,73,0,9,9
117,239,0,9,0
117,36,0,9,1
117,70,0,9,2
117,129,1,9,3
117,162,1,9,4
117,1,0,9,5
117,101,0,9,6
117,180,0,9,7
117,53,0,9,8
117,142,0,9,9
118,184,0,9,0
118,142,1,9,1
118,9,0,9,2
118,7,0,9,3
118,180,1,9,4
118,206,0,9,5
118,58,0,9,6
118,93,0,9,7
118,201,0,9,8
118,25,1,9,9
119,187,1,9,0
119,144,1,9,1
119,170,0,9,2
119,239,1,9,3
119,15,0,9,4
119,145,0,9,5
119,162,0,9,6
119,11,0,9,7
119,54,1,9,8
119,220,0,9,9
0,190,0,10,0
0,239,0,10,1
0,67,1,10,2
0,193,1,10,3
0,229,0,10,4
0,66,0,10,5
0,93,1,10,6
0,225,1,10,7
0,196,0,10,8
0,149,0,10,9
1,184,1,10,0
1,231,1,10,1
1,79,1,10,2
1,226,0,10,3
1,225,1,10,4
1,105,1,10,5
1,70,1,10,6
1,7,0,10,7
1,213,1,10,8
1,9,1,10,9
2,190,1,10,0
2,206,0,10,1
2,144,0,10,2
2,180,0,10,3
2,52,0,10,4
2,110,0,10,5
2,115,1,10,6
2,61,0,10,7
2,113,0,10,8
2,137,0,10,9
3,239,1,10,0
3,83,0,10,1
3,102,0,10,2
3,26,1,10,3
3,184,1,10,4
3,116,1,10,5
3,74,0,10,6
3,107,0,10,7
3,187,0,10,8
3,57,0,10,9
4,129,0,10,0
4,137,1,10,1
4,166,1,10,2
4,206,0,10,3
4,189,0,10,4
4,239,1,10,5
4,110,1,10,6
4,101,0,10,7
4,190,1,10,8
4,32,1,10,9
5,168,0,10,0
5,239,0,10,1
5,115,0,10,2
5,190,1,10,3
5,180,1,10,4
5,206,0,10,5
5,142,1,10,6
5,9,0,10,7
5,124,0,10,8
5,53,1,10,9
6,129,0,10,0
6,70,0,10,1
6,215,1,10,2
6,36,0,10,3
6,162,0,10,4
6,239,0,10,5
6,53,1,10,6
6,23,0,10,7
6,10,0,10,8
6,209,1,10,9
7,64,0,10,0
7,169,0,10,1
7,70,0,10,2
7,49,1,10,3
7,178,0,10,4
7,72,0,10,5
7,23,0,10,6
7,74,1,10,7
7,47,1,10,8
7,195,0,10,9
8,180,0,10,0
8,190,1,10,1
8,7,0,10,2
8,184,1,10,3
8,73,0,10,4
8,93,0,10,5
8,141,1,10,6
8,4,0,10,7
8,9,1,10,8
8,66,0,10,9
9,129,1,10,0
9,110,0,10,1
9,66,0,10,2
9,138,0,10,3
9,186,1,10,4
9,225,0,10,5
9,146,0,10,6
9,162,0,10,7
9,184,0,10,8
9,123,0,10,9
10,10,0,10,0
10,105,1,10,1
10,41,1,10,2
10,9,0,10,3
10,162,0,10,4
10,80,0,10,5
10,187,0,10,6
10,122,0,10,7
10,170,1,10,8
10,231,1,10,9
11,70,1,10,0
11,208,1,10,1
11,26,0,10,2
11,67,0,10,3
11,64,0,10,4
11,74,0,10,5
11,98,1,10,6
11,116,1,10,7
11,102,0,10,8
11,239,0,10,9
12,239,1,10,0
12,209,1,10,1
12,210,0,10,2
12,170,1,10,3
12,124,1,10,4
12,102,0,10,5
12,186,1,10,6
12,168,0,10,7
12,97,1,10,8
12,177,0,10,9
13,225,0,10,0
13,129,1,10,1
13,73,0,10,2
13,213,1,10,3
13,184,1,10,4
13,66,1,10,5
13,189,0,10,6
13,93,0,10,7
13,190,1,10,8
13,70,0,10,9
14,116,0,10,0
14,41,0,10,1
14,81,1,10,2
14,37,0,10,3
14,239,1,10,4
14,122,1,10,5
14,131,1,10,6
14,145,1,10,7
14,141,0,10,8
14,217,0,10,9
15,239,1,10,0
15,187,0,10,1
15,170,1,10,2
15,54,0,10,3
15,238,1,10,4
15,11,1,10,5
15,122,1,10,6
15,10,1,10,7
15,225,0,10,8
15,99,1,10,9
16,10,0,10,0
16,170,1,10,1
16,220,0,10,2
16,68,0,10,3
16,105,0,10,4
16,162,0,10,5
16,210,0,10,6
16,102,0,10,7
16,187,0,10,8
16,23,0,10,9
17,70,1,10,0
17,23,0,10,1
17,195,1,10,2
17,47,0,10,3
17,129,1,10,4
17,33,0,10,5
17,161,0,10,6
17,72,0,10,7
17,52,1,10,8
17,126,1,10,9
18,70,1,10,0
18,10,0,10,1
18,220,0,10,2
18,162,0,10,3
18,187,1,10,4
18,23,1,10,5
18,22,0,10,6
18,36,1,10,7
18,68,0,10,8
18,239,0,10,9
19,110,0,10,0
19,206,1,10,1
19,239,0,10,2
19,32,0,10,3
19,121,0,10,4
19,80,1,10,5
19,129,1,10,6
19,178,1,10,7
19,190,0,10,8
19,26,0,10,9
20,184,1,10,0
20,7,1,10,1
20,70,0,10,2
20,190,0,10,3
20,93,0,10,4
20,110,1,10,5
20,225,0,10,6
20,172,0,10,7
20,169,0,10,8
20,43,1,10,9
21,239,1,10,0
21,141,1,10,1
21,110,1,10,2
21,129,0,10,3
21,206,0,10,4
21,190,0,10,5
21,180,0,10,6
21,99,0,10,7
21,69,1,10,8
21,115,1,10,9
22,186,0,10,0
22,184,0,10,1
22,206,0,10,2
22,76,0,10,3
22,105,0,10,4
22,94,0,10,5
22,81,0,10,6
22,215,0,10,7
22,41,0,10,8
22,159,0,10,9
23,129,0,10,0
23,66,0,10,1
23,190,0,10,2
23,110,1,10,3
23,225,0,10,4
23,180,1,10,5
23,184,0,10,6
23,7,1,10,7
23,162,1,10,8
23,93,1,10,9
24,121,0,10,0
24,36,0,10,1
24,162,0,10,2
24,206,0,10,3
24,9,0,10,4
24,154,1,10,5
24,52,0,10,6
24,61,1,10,7
24,124,0,10,8
24,97,0,10,9
25,225,0,10,0
25,144,1,10,1
25,141,0,10,2
25,39,0,10,3
25,73,0,10,4
25,129,0,10,5
25,54,1,10,6
25,189,0,10,7
25,218,1,10,8
25,187,0,10,9
26,93,0,10,0
26,48,0,10,1
26,206,1,10,2
26,168,0,10,3
26,123,1,10,4
26,26,1,10,5
26,115,0,10,6
26,229,0,10,7
26,184,0,10,8
26,3,0,10,9
27,129,1,10,0
27,190,0,10,1
27,110,0,10,2
27,180,0,10,3
27,166,1,10,4
27,239,0,10,5
27,144,1,10,6
27,195,0,10,7
27,225,1,10,8
27,78,0,10,9
28,218,0,10,0
28,227,0,10,1
28,22,1,10,2
28,47,0,10,3
28,70,1,10,4
28,37,0,10,5
28,36,0,10,6
28,89,1,10,7
28,62,0,10,8
28,136,0,10,9
29,10,1,10,0
29,168,1,10,1
29,220,1,10,2
29,83,0,10,3
29,142,0,10,4
29,218,1,10,5
29,9,1,10,6
29,145,0,10,7
29,141,0,10,8
29,187,0,10,9
30,218,1,10,0
30,67,0,10,1
30,131,1,10,2
30,141,0,10,3
30,9,1,10,4
30,145,1,10,5
30,62,0,10,6
30,168,0,10,7
30,89,0,10,8
30,136,0,10,9
31,184,1,10,0
31,93,0,10,1
31,218,1,10,2
31,141,0,10,3
31,2,1,10,4
31,136,0,10,5
31,62,1,10,6
31,158,0,10,7
31,168,0,10,8
31,83,1,10,9
32,142,1,10,0
32,81,0,10,1
32,180,1,10,2
32,184,0,10,3
32,70,1,10,4
32,235,1,10,5
32,150,0,10,6
32,1,0,10,7
32,239,1,10,8
32,48,0,10,9
33,70,1,10,0
33,129,0,10,1
33,162,0,10,2
33,38,0,10,3
33,189,0,10,4
33,36,0,10,5
33,166,0,10,6
33,195,0,10,7
33,169,1,10,8
33,78,1,10,9
34,105,1,10,0
34,206,1,10,1
34,186,0,10,2
34,162,0,10,3
34,184,1,10,4
34,23,1,10,5
34,94,1,10,6
34,80,0,10,7
34,10,0,10,8
34,189,0,10,9
35,239,0,10,0
35,110,0,10,1
35,141,0,10,2
35,190,0,10,3
35,93,0,10,4
35,225,0,10,5
35,184,0,10,6
35,66,0,10,7
35,29,1,10,8
35,186,1,10,9
36,215,1,10,0
36,186,0,10,1
36,105,1,10,2
36,37,1,10,3
36,81,1,10,4
36,108,0,10,5
36,76,0,10,6
36,41,1,10,7
36,189,0,10,8
36,206,0,10,9
37,239,1,10,0
37,102,1,10,1
37,209,1,10,2
37,124,1,10,3
37,210,0,10,4
37,170,0,10,5
37,105,0,10,6
37,215,1,10,7
37,68,0,10,8
37,41,0,10,9
38,41,0,10,0
38,206,1,10,1
38,81,1,10,2
38,69,1,10,3
38,122,1,10,4
38,186,0,10,5
38,79,0,10,6
38,159,0,10,7
38,239,0,10,8
38,224,0,10,9
39,180,1,10,0
39,141,1,10,1
39,73,1,10,2
39,190,0,10,3
39,49,0,10,4
39,7,1,10,5
39,9,0,10,6
39,131,0,10,7
39,218,0,10,8
39,225,1,10,9
40,23,1,10,0
40,10,0,10,1
40,70,1,10,2
40,220,0,10,3
40,162,0,10,4
40,210,0,10,5
40,124,0,10,6
40,36,1,10,7
40,215,0,10,8
40,239,1,10,9
41,162,0,10,0
41,53,1,10,1
41,209,1,10,2
41,186,0,10,3
41,239,1,10,4
41,154,0,10,5
41,36,0,10,6
41,170,1,10,7
41,66,1,10,8
41,123,0,10,9
42,186,1,10,0
42,15,0,10,1
42,102,0,10,2
42,2,1,10,3
42,105,1,10,4
42,41,0,10,5
42,170,1,10,6
42,108,0,10,7
42,184,1,10,8
42,187,1,10,9
43,189,0,10,0
43,184,0,10,1
43,110,0,10,2
43,129,0,10,3
43,225,1,10,4
43,186,0,10,5
43,79,0,10,6
43,180,0,10,7
43,206,0,10,8
43,190,0,10,9
44,206,0,10,0
44,184,1,10,1
44,115,1,10,2
44,93,1,10,3
44,26,0,10,4
44,48,1,10,5
44,229,1,10,6
44,155,0,10,7
44,142,0,10,8
44,3,0,10,9
45,239,1,10,0
45,162,0,10,1
45,187,0,10,2
45,194,1,10,3
45,101,0,10,4
45,129,0,10,5
45,137,0,10,6
45,110,0,10,7
45,10,1,10,8
45,170,1,10,9
46,170,1,10,0
46,187,1,10,1
46,186,1,10,2
46,15,0,10,3
46,80,0,10,4
46,94,0,10,5
46,30,0,10,6
46,231,1,10,7
46,41,0,10,8
46,122,0,10,9
47,220,1,10,0
47,22,1,10,1
47,26,1,10,2
47,37,0,10,3
47,40,0,10,4
47,81,1,10,5
47,83,0,10,6
47,20,1,10,7
47,98,0,10,8
47,116,1,10,9
48,141,1,10,0
48,158,1,10,1
48,77,0,10,2
48,218,0,10,3
48,168,0,10,4
48,93,0,10,5
48,10,1,10,6
48,166,1,10,7
48,23,1,10,8
48,24,1,10,9
49,131,1,10,0
49,64,1,10,1
49,178,1,10,2
49,26,1,10,3
49,116,0,10,4
49,239,1,10,5
49,224,0,10,6
49,175,0,10,7
49,154,1,10,8
49,142,1,10,9
50,141,0,10,0
50,131,0,10,1
50,116,0,10,2
50,239,1,10,3
50,118,0,10,4
50,235,1,10,5
50,142,1,10,6
50,145,0,10,7
50,69,0,10,8
50,30,1,10,9
51,26,0,10,0
51,72,0,10,1
51,64,1,10,2
51,158,1,10,3
51,136,0,10,4
51,49,0,10,5
51,184,1,10,6
51,23,0,10,7
51,121,0,10,8
51,169,1,10,9
52,129,0,10,0
52,39,1,10,1
52,166,1,10,2
52,70,1,10,3
52,144,1,10,4
52,162,0,10,5
52,148,0,10,6
52,141,0,10,7
52,225,0,10,8
52,73,1,10,9
53,184,0,10,0
53,93,1,10,1
53,180,1,10,2
53,76,0,10,3
53,62,0,10,4
53,48,0,10,5
53,26,0,10,6
53,186,0,10,7
53,234,0,10,8
53,222,1,10,9
54,186,1,10,0
54,184,1,10,1
54,189,1,10,2
54,110,1,10,3
54,93,0,10,4
54,239,1,10,5
54,2,1,10,6
54,238,1,10,7
54,225,0,10,8
54,141,0,10,9
55,70,1,10,0
55,239,0,10,1
55,220,1,10,2
55,129,0,10,3
55,166,1,10,4
55,22,0,10,5
55,10,1,10,6
55,164,1,10,7
55,32,0,10,8
55,23,1,10,9
56,70,1,10,0
56,36,0,10,1
56,101,1,10,2
56,81,0,10,3
56,239,0,10,4
56,22,0,10,5
56,27,0,10,6
56,210,1,10,7
56,113,0,10,8
56,137,0,10,9
57,239,0,10,0
57,141,0,10,1
57,225,1,10,2
57,93,0,10,3
57,190,0,10,4
57,129,0,10,5
57,110,1,10,6
57,66,1,10,7
57,150,0,10,8
57,153,1,10,9
58,170,0,10,0
58,239,0,10,1
58,186,0,10,2
58,152,0,10,3
58,153,0,10,4
58,76,0,10,5
58,161,1,10,6
58,99,1,10,7
58,21,0,10,8
58,122,1,10,9
59,10,0,10,0
59,239,1,10,1
59,187,0,10,2
59,168,1,10,3
59,91,1,10,4
59,220,0,10,5
59,70,1,10,6
59,22,0,10,7
59,39,1,10,8
59,162,0,10,9
60,184,1,10,0
60,66,0,10,1
60,190,1,10,2
60,180,1,10,3
60,7,0,10,4
60,9,1,10,5
60,93,0,10,6
60,194,0,10,7
60,29,1,10,8
60,58,0,10,9
61,239,0,10,0
61,116,1,10,1
61,37,1,10,2
61,81,0,10,3
61,122,0,10,4
61,22,0,10,5
61,217,0,10,6
61,36,0,10,7
61,145,1,10,8
61,160,0,10,9
62,70,1,10,0
62,33,0,10,1
62,23,0,10,2
62,184,0,10,3
62,158,1,10,4
62,169,0,10,5
62,195,1,10,6
62,48,0,10,7
62,72,1,10,8
62,49,0,10,9
63,170,0,10,0
63,239,1,10,1
63,102,0,10,2
63,177,0,10,3
63,238,0,10,4
63,80,1,10,5
63,90,0,10,6
63,121,0,10,7
63,153,0,10,8
63,11,1,10,9
64,239,0,10,0
64,36,1,10,1
64,168,0,10,2
64,162,1,10,3
64,209,1,10,4
64,154,1,10,5
64,212,0,10,6
64,187,1,10,7
64,61,0,10,8
64,210,0,10,9
65,172,0,10,0
65,93,1,10,1
65,166,1,10,2
65,168,0,10,3
65,72,0,10,4
65,184,0,10,5
65,32,1,10,6
65,239,1,10,7
65,13,1,10,8
65,210,1,10,9
66,162,1,10,0
66,187,1,10,1
66,36,0,10,2
66,170,1,10,3
66,9,1,10,4
66,61,0,10,5
66,10,0,10,6
66,125,1,10,7
66,76,1,10,8
66,144,1,10,9
67,218,1,10,0
67,131,0,10,1
67,62,1,10,2
67,194,1,10,3
67,168,1,10,4
67,141,0,10,5
67,239,0,10,6
67,9,1,10,7
67,202,1,10,8
67,116,0,10,9
68,168,1,10,0
68,48,1,10,1
68,93,0,10,2
68,110,1,10,3
68,32,0,10,4
68,184,0,10,5
68,129,1,10,6
68,70,0,10,7
68,123,1,10,8
68,113,0,10,9
69,180,0,10,0
69,48,1,10,1
69,110,1,10,2
69,239,1,10,3
69,142,1,10,4
69,141,0,10,5
69,168,0,10,6
69,190,0,10,7
69,61,1,10,8
69,93,1,10,9
70,116,1,10,0
70,64,1,10,1
70,178,0,10,2
70,239,0,10,3
70,74,1,10,4
70,217,0,10,5
70,20,0,10,6
70,161,1,10,7
70,98,1,10,8
70,26,0,10,9
71,162,1,10,0
71,36,1,10,1
71,142,0,10,2
71,9,0,10,3
71,23,0,10,4
71,53,1,10,5
71,180,0,10,6
71,70,1,10,7
71,38,0,10,8
71,129,0,10,9
72,10,1,10,0
72,162,1,10,1
72,142,0,10,2
72,9,0,10,3
72,70,0,10,4
72,169,0,10,5
72,36,0,10,6
72,23,0,10,7
72,220,0,10,8
72,22,1,10,9
73,162,0,10,0
73,9,1,10,1
73,194,1,10,2
73,66,1,10,3
73,218,0,10,4
73,225,0,10,5
73,10,1,10,6
73,2,0,10,7
73,187,0,10,8
73,226,1,10,9
74,180,1,10,0
74,141,0,10,1
74,48,1,10,2
74,93,0,10,3
74,184,1,10,4
74,206,0,10,5
74,9,0,10,6
74,186,0,10,7
74,234,0,10,8
74,110,1,10,9
75,184,1,10,0
75,2,0,10,1
75,62,1,10,2
75,218,0,10,3
75,10,0,10,4
75,93,1,10,5
75,187,0,10,6
75,168,0,10,7
75,108,1,10,8
75,162,0,10,9
76,180,0,10,0
76,9,0,10,1
76,48,1,10,2
76,206,0,10,3
76,33,0,10,4
76,115,0,10,5
76,52,1,10,6
76,36,1,10,7
76,141,0,10,8
76,49,0,10,9
77,184,1,10,0
77,186,0,10,1
77,76,1,10,2
77,2,0,10,3
77,187,0,10,4
77,176,0,10,5
77,239,0,10,6
77,93,0,10,7
77,82,0,10,8
77,110,0,10,9
78,218,1,10,0
78,145,1,10,1
78,9,1,10,2
78,10,1,10,3
78,187,1,10,4
78,144,1,10,5
78,170,0,10,6
78,162,0,10,7
78,141,0,10,8
78,122,0,10,9
79,239,1,10,0
79,190,1,10,1
79,195,1,10,2
79,110,1,10,3
79,93,0,10,4
79,150,0,10,5
79,184,1,10,6
79,153,1,10,7
79,60,0,10,8
79,129,0,10,9
80,36,1,10,0
80,81,0,10,1
80,142,1,10,2
80,180,0,10,3
80,235,0,10,4
80,70,1,10,5
80,1,0,10,6
80,9,0,10,7
80,38,0,10,8
80,76,1,10,9
81,239,0,10,0
81,186,0,10,1
81,41,0,10,2
81,170,0,10,3
81,102,0,10,4
81,209,1,10,5
81,15,0,10,6
81,210,1,10,7
81,187,1,10,8
81,215,1,10,9
82,162,1,10,0
82,180,1,10,1
82,110,0,10,2
82,9,0,10,3
82,239,0,10,4
82,138,0,10,5
82,131,0,10,6
82,190,1,10,7
82,206,0,10,8
82,194,1,10,9
83,162,0,10,0
83,209,1,10,1
83,61,1,10,2
83,186,1,10,3
83,206,1,10,4
83,36,1,10,5
83,9,1,10,6
83,170,0,10,7
83,239,0,10,8
83,41,1,10,9
84,190,0,10,0
84,239,1,10,1
84,206,0,10,2
84,115,1,10,3
84,110,1,10,4
84,195,0,10,5
84,81,0,10,6
84,177,1,10,7
84,14,1,10,8
84,180,0,10,9
85,206,1,10,0
85,136,0,10,1
85,3,0,10,2
85,155,1,10,3
85,115,1,10,4
85,172,1,10,5
85,131,0,10,6
85,121,0,10,7
85,43,0,10,8
85,105,0,10,9
86,10,1,10,0
86,23,1,10,1
86,168,0,10,2
86,162,0,10,3
86,70,1,10,4
86,9,1,10,5
86,221,1,10,6
86,220,0,10,7
86,169,1,10,8
86,142,0,10,9
87,239,1,10,0
87,194,0,10,1
87,187,0,10,2
87,79,1,10,3
87,184,0,10,4
87,110,1,10,5
87,162,0,10,6
87,118,0,10,7
87,190,0,10,8
87,7,0,10,9
88,180,1,10,0
88,206,0,10,1
88,190,0,10,2
88,137,1,10,3
88,110,0,10,4
88,115,1,10,5
88,7,0,10,6
88,43,0,10,7
88,81,0,10,8
88,142,1,10,9
89,129,0,10,0
89,10,0,10,1
89,70,0,10,2
89,162,1,10,3
89,166,0,10,4
89,23,0,10,5
89,220,0,10,6
89,164,0,10,7
89,32,0,10,8
89,239,0,10,9
90,168,1,10,0
90,70,0,10,1
90,210,0,10,2
90,218,0,10,3
90,239,0,10,4
90,187,1,10,5
90,22,1,10,6
90,169,1,10,7
90,212,1,10,8
90,10,1,10,9
91,206,1,10,0
91,184,0,10,1
91,155,0,10,2
91,3,0,10,3
91,43,0,10,4
91,83,1,10,5
91,201,0,10,6
91,142,1,10,7
91,115,0,10,8
91,132,0,10,9
92,187,0,10,0
92,184,1,10,1
92,93,1,10,2
92,239,0,10,3
92,168,0,10,4
92,142,0,10,5
92,101,1,10,6
92,83,1,10,7
92,58,1,10,8
92,218,1,10,9
93,131,0,10,0
93,9,1,10,1
93,226,0,10,2
93,235,1,10,3
93,225,0,10,4
93,79,0,10,5
93,98,0,10,6
93,10,1,10,7
93,194,0,10,8
93,180,0,10,9
94,9,0,10,0
94,162,1,10,1
94,225,1,10,2
94,144,1,10,3
94,39,0,10,4
94,10,1,10,5
94,129,1,10,6
94,226,0,10,7
94,218,0,10,8
94,66,1,10,9
95,239,0,10,0
95,79,1,10,1
95,118,0,10,2
95,225,1,10,3
95,141,0,10,4
95,69,1,10,5
95,187,1,10,6
95,184,0,10,7
95,206,0,10,8
95,110,0,10,9
96,218,1,10,0
96,67,0,10,1
96,62,1,10,2
96,23,0,10,3
96,49,0,10,4
96,136,1,10,5
96,73,1,10,6
96,163,1,10,7
96,145,1,10,8
96,158,1,10,9
97,10,1,10,0
97,23,1,10,1
97,220,0,10,2
97,70,1,10,3
97,162,0,10,4
97,187,0,10,5
97,239,1,10,6
97,210,0,10,7
97,65,0,10,8
97,26,1,10,9
98,218,0,10,0
98,168,0,10,1
98,62,0,10,2
98,93,1,10,3
98,184,1,10,4
98,83,1,10,5
98,89,1,10,6
98,2,0,10,7
98,75,1,10,8
98,136,0,10,9
99,81,0,10,0
99,239,0,10,1
99,70,1,10,2
99,187,1,10,3
99,76,0,10,4
99,68,0,10,5
99,215,1,10,6
99,105,0,10,7
99,220,0,10,8
99,102,0,10,9
100,190,0,10,0
100,121,0,10,1
100,239,0,10,2
100,74,0,10,3
100,168,0,10,4
100,184,1,10,5
100,110,0,10,6
100,202,1,10,7
100,178,1,10,8
100,93,1,10,9
101,9,0,10,0
101,69,0,10,1
101,10,1,10,2
101,142,0,10,3
101,41,1,10,4
101,206,0,10,5
101,79,1,10,6
101,204,0,10,7
101,187,0,10,8
101,122,1,10,9
102,93,0,10,0
102,70,1,10,1
102,23,0,10,2
102,184,1,10,3
102,48,0,10,4
102,26,0,10,5
102,72,1,10,6
102,206,0,10,7
102,195,1,10,8
102,166,1,10,9
103,239,0,10,0
103,36,0,10,1
103,210,1,10,2
103,209,1,10,3
103,170,0,10,4
103,102,0,10,5
103,47,0,10,6
103,97,0,10,7
103,124,1,10,8
103,194,1,10,9
104,70,0,10,0
104,129,1,10,1
104,36,0,10,2
104,23,0,10,3
104,239,1,10,4
104,32,0,10,5
104,195,1,10,6
104,47,0,10,7
104,38,0,10,8
104,117,0,10,9
105,116,1,10,0
105,145,1,10,1
105,194,1,10,2
105,131,0,10,3
105,218,0,10,4
105,41,0,10,5
105,122,0,10,6
105,83,0,10,7
105,118,1,10,8
105,239,0,10,9
106,184,0,10,0
106,186,0,10,1
106,110,1,10,2
106,190,0,10,3
106,195,0,10,4
106,189,1,10,5
106,191,1,10,6
106,206,0,10,7
106,170,1,10,8
106,76,1,10,9
107,184,1,10,0
107,110,0,10,1
107,239,1,10,2
107,93,0,10,3
107,225,1,10,4
107,141,1,10,5
107,190,0,10,6
107,79,1,10,7
107,206,0,10,8
107,29,0,10,9
108,37,0,10,0
108,36,0,10,1
108,218,0,10,2
108,145,1,10,3
108,239,0,10,4
108,22,0,10,5
108,122,0,10,6
108,116,1,10,7
108,76,0,10,8
108,212,0,10,9
109,70,1,10,0
109,81,1,10,1
109,184,0,10,2
109,239,0,10,3
109,222,0,10,4
109,190,0,10,5
109,1,1,10,6
109,101,1,10,7
109,7,0,10,8
109,88,1,10,9
110,162,0,10,0
110,170,0,10,1
110,129,0,10,2
110,239,1,10,3
110,23,1,10,4
110,186,0,10,5
110,10,0,10,6
110,70,0,10,7
110,36,1,10,8
110,99,0,10,9
111,239,0,10,0
111,187,0,10,1
111,118,0,10,2
111,122,0,10,3
111,22,0,10,4
111,145,0,10,5
111,10,0,10,6
111,162,1,10,7
111,142,0,10,8
111,46,0,10,9
112,225,1,10,0
112,190,1,10,1
112,73,0,10,2
112,129,0,10,3
112,184,0,10,4
112,93,1,10,5
112,141,1,10,6
112,67,1,10,7
112,196,1,10,8
112,180,0,10,9
113,9,0,10,0
113,180,1,10,1
113,222,1,10,2
113,142,0,10,3
113,206,0,10,4
113,184,1,10,5
113,58,0,10,6
113,7,0,10,7
113,81,0,10,8
113,48,0,10,9
114,110,0,10,0
114,225,1,10,1
114,141,1,10,2
114,184,0,10,3
114,93,1,10,4
114,186,1,10,5
114,238,1,10,6
114,206,1,10,7
114,234,1,10,8
114,189,0,10,9
115,70,1,10,0
115,10,0,10,1
115,239,0,10,2
115,220,1,10,3
115,22,0,10,4
115,187,1,10,5
115,23,0,10,6
115,169,0,10,7
115,164,0,10,8
115,162,0,10,9
116,184,1,10,0
116,186,0,10,1
116,170,1,10,2
116,7,1,10,3
116,189,1,10,4
116,162,1,10,5
116,76,1,10,6
116,134,0,10,7
116,78,1,10,8
116,73,0,10,9
117,239,1,10,0
117,36,0,10,1
117,70,0,10,2
117,129,1,10,3
117,162,0,10,4
117,1,0,10,5
117,180,1,10,6
117,101,0,10,7
117,53,0,10,8
117,142,1,10,9
118,184,1,10,0
118,142,0,10,1
118,9,1,10,2
118,7,0,10,3
118,180,1,10,4
118,206,0,10,5
118,58,0,10,6
118,93,0,10,7
118,201,1,10,8
118,169,0,10,9
119,187,1,10,0
119,144,1,10,1
119,170,0,10,2
119,239,1,10,3
119,15,0,10,4
119,162,1,10,5
119,145,0,10,6
119,11,1,10,7
119,54,0,10,8
119,220,0,10,9
0,190,1,11,0
0,239,1,11,1
0,67,0,11,2
0,193,1,11,3
0,93,0,11,4
0,66,1,11,5
0,225,0,11,6
0,229,1,11,7
0,196,0,11,8
0,141,1,11,9
1,184,1,11,0
1,231,1,11,1
1,79,1,11,2
1,226,0,11,3
1,225,1,11,4
1,70,0,11,5
1,105,1,11,6
1,7,0,11,7
1,9,1,11,8
1,213,0,11,9
2,190,1,11,0
2,206,1,11,1
2,180,0,11,2
2,144,1,11,3
2,52,1,11,4
2,110,0,11,5
2,115,0,11,6
2,225,1,11,7
2,61,0,11,8
2,113,1,11,9
3,239,1,11,0
3,102,0,11,1
3,83,1,11,2
3,26,1,11,3
3,184,1,11,4
3,116,1,11,5
3,74,0,11,6
3,107,0,11,7
3,187,0,11,8
3,10,1,11,9
4,129,1,11,0
4,137,1,11,1
4,206,0,11,2
4,166,1,11,3
4,189,1,11,4
4,239,1,11,5
4,110,1,11,6
4,101,0,11,7
4,190,1,11,8
4,225,1,11,9
5,239,0,11,0
5,168,1,11,1
5,115,1,11,2
5,190,1,11,3
5,180,1,11,4
5,206,0,11,5
5,142,0,11,6
5,9,1,11,7
5,124,0,11,8
5,110,0,11,9
6,129,1,11,0
6,70,1,11,1
6,215,0,11,2
6,162,1,11,3
6,36,0,11,4
6,239,0,11,5
6,23,0,11,6
6,53,0,11,7
6,10,1,11,8
6,209,0,11,9
7,64,0,11,0
7,169,1,11,1
7,70,0,11,2
7,49,0,11,3
7,72,1,11,4
7,178,0,11,5
7,23,0,11,6
7,74,0,11,7
7,47,0,11,8
7,195,1,11,9
8,180,1,11,0
8,190,1,11,1
8,7,0,11,2
8,184,0,11,3
8,73,1,11,4
8,93,1,11,5
8,141,1,11,6
8,9,1,11,7
8,225,1,11,8
8,66,0,11,9
9,129,0,11,0
9,110,0,11,1
9,66,0,11,2
9,138,1,11,3
9,186,0,11,4
9,225,1,11,5
9,146,1,11,6
9,162,0,11,7
9,184,1,11,8
9,123,1,11,9
10,10,0,11,0
10,105,1,11,1
10,41,0,11,2
10,9,1,11,3
10,162,1,11,4
10,187,0,11,5
10,80,0,11,6
10,170,1,11,7
10,122,0,11,8
10,186,0,11,9
11,70,1,11,0
11,208,1,11,1
11,26,1,11,2
11,67,0,11,3
11,64,0,11,4
11,74,1,11,5
11,98,0,11,6
11,116,0,11,7
11,239,0,11,8
11,102,1,11,9
12,239,1,11,0
12,209,0,11,1
12,210,1,11,2
12,170,0,11,3
12,102,0,11,4
12,124,1,11,5
12,186,0,11,6
12,168,0,11,7
12,97,0,11,8
12,162,1,11,9
13,225,1,11,0
13,129,0,11,1
13,73,1,11,2
13,213,0,11,3
13,184,0,11,4
13,66,1,11,5
13,189,1,11,6
13,93,0,11,7
13,190,1,11,8
13,70,0,11,9
14,116,1,11,0
14,41,0,11,1
14,81,0,11,2
14,239,1,11,3
14,122,0,11,4
14,37,1,11,5
14,131,1,11,6
14,145,0,11,7
14,141,0,11,8
14,217,0,11,9
15,239,1,11,0
15,187,1,11,1
15,170,0,11,2
15,54,0,11,3
15,238,0,11,4
15,122,0,11,5
15,11,1,11,6
15,225,0,11,7
15,10,0,11,8
15,99,0,11,9
16,10,0,11,0
16,170,0,11,1
16,220,0,11,2
16,162,0,11,3
16,68,1,11,4
16,105,0,11,5
16,210,0,11,6
16,102,1,11,7
16,187,0,11,8
16,23,1,11,9
17,70,1,11,0
17,23,0,11,1
17,195,0,11,2
17,129,1,11,3
17,47,0,11,4
17,33,0,11,5
17,161,1,11,6
17,72,0,11,7
17,52,1,11,8
17,126,0,11,9
18,70,0,11,0
18,10,0,11,1
18,220,1,11,2
18,162,0,11,3
18,187,0,11,4
18,23,0,11,5
18,22,0,11,6
18,36,0,11,7
18,239,1,11,8
18,68,1,11,9
19,110,1,11,0
19,206,0,11,1
19,239,1,11,2
19,32,0,11,3
19,121,0,11,4
19,80,1,11,5
19,129,0,11,6
19,190,0,11,7
19,178,0,11,8
19,26,0,11,9
20,184,1,11,0
20,7,1,11,1
20,93,0,11,2
20,70,0,11,3
20,190,1,11,4
20,110,0,11,5
20,225,0,11,6
20,169,1,11,7
20,172,1,11,8
20,43,1,11,9
21,239,0,11,0
21,141,0,11,1
21,110,0,11,2
21,129,0,11,3
21,206,0,11,4
21,190,0,11,5
21,180,0,11,6
21,99,0,11,7
21,115,0,11,8
21,69,0,11,9
22,186,0,11,0
22,184,1,11,1
22,206,1,11,2
22,76,0,11,3
22,105,1,11,4
22,94,1,11,5
22,81,1,11,6
22,215,0,11,7
22,41,1,11,8
22,159,0,11,9
23,129,0,11,0
23,66,0,11,1
23,190,0,11,2
23,110,1,11,3
23,225,0,11,4
23,180,1,11,5
23,184,0,11,6
23,162,0,11,7
23,7,0,11,8
23,93,0,11,9
24,121,0,11,0
24,36,0,11,1
24,162,0,11,2
24,206,0,11,3
24,9,1,11,4
24,154,0,11,5
24,52,0,11,6
24,61,1,11,7
24,124,1,11,8
24,97,0,11,9
25,225,0,11,0
25,141,0,11,1
25,144,0,11,2
25,39,0,11,3
25,73,0,11,4
25,129,1,11,5
25,54,0,11,6
25,189,1,11,7
25,187,0,11,8
25,218,1,11,9
26,93,0,11,0
26,206,0,11,1
26,48,1,11,2
26,168,0,11,3
26,123,0,11,4
26,26,0,11,5
26,115,1,11,6
26,229,0,11,7
26,184,0,11,8
26,3,0,11,9
27,129,0,11,0
27,190,0,11,1
27,110,0,11,2
27,180,1,11,3
27,166,0,11,4
27,239,1,11,5
27,144,0,11,6
27,195,0,11,7
27,225,1,11,8
27,78,1,11,9
28,218,1,11,0
28,227,0,11,1
28,22,0,11,2
28,70,0,11,3
28,47,1,11,4
28,36,0,11,5
28,37,0,11,6
28,89,0,11,7
28,62,0,11,8
28,136,0,11,9
29,10,0,11,0
29,168,0,11,1
29,220,1,11,2
29,83,0,11,3
29,142,0,11,4
29,218,0,11,5
29,9,0,11,6
29,145,1,11,7
29,141,1,11,8
29,187,1,11,9
30,218,1,11,0
30,67,1,11,1
30,9,0,11,2
30,141,0,11,3
30,131,0,11,4
30,145,0,11,5
30,62,0,11,6
30,168,0,11,7
30,136,1,11,8
30,89,1,11,9
31,184,1,11,0
31,93,0,11,1
31,218,0,11,2
31,141,0,11,3
31,2,1,11,4
31,136,0,11,5
31,62,1,11,6
31,158,0,11,7
31,168,0,11,8
31,83,0,11,9
32,142,1,11,0
32,180,0,11,1
32,81,0,11,2
32,184,0,11,3
32,70,0,11,4
32,239,0,11,5
32,235,0,11,6
32,150,1,11,7
32,1,0,11,8
32,48,0,11,9
33,70,1,11,0
33,129,1,11,1
33,162,1,11,2
33,38,0,11,3
33,189,0,11,4
33,36,0,11,5
33,166,0,11,6
33,195,0,11,7
33,169,0,11,8
33,110,0,11,9
34,105,0,11,0
34,206,0,11,1
34,186,0,11,2
34,162,0,11,3
34,184,0,11,4
34,23,0,11,5
34,94,0,11,6
34,110,1,11,7
34,10,0,11,8
34,80,1,11,9
35,239,0,11,0
35,110,0,11,1
35,141,1,11,2
35,190,0,11,3
35,93,0,11,4
35,225,0,11,5
35,184,0,11,6
35,66,0,11,7
35,186,1,11,8
35,29,0,11,9
36,215,1,11,0
36,186,1,11,1
36,105,0,11,2
36,37,1,11,3
36,81,0,11,4
36,108,0,11,5
36,76,1,11,6
36,41,1,11,7
36,189,0,11,8
36,206,0,11,9
37,239,0,11,0
37,102,1,11,1
37,209,1,11,2
37,210,1,11,3
37,124,1,11,4
37,170,0,11,5
37,105,1,11,6
37,215,0,11,7
37,41,0,11,8
37,68,1,11,9
38,41,0,11,0
38,206,0,11,1
38,81,0,11,2
38,69,1,11,3
38,122,1,11,4
38,186,0,11,5
38,79,1,11,6
38,159,0,11,7
38,239,0,11,8
38,224,1,11,9
39,180,0,11,0
39,141,1,11,1
39,73,0,11,2
39,190,0,11,3
39,49,0,11,4
39,7,1,11,5
39,9,0,11,6
39,131,1,11,7
39,218,0,11,8
39,225,1,11,9
40,23,1,11,0
40,10,0,11,1
40,70,1,11,2
40,220,0,11,3
40,162,0,11,4
40,210,1,11,5
40,124,1,11,6
40,36,1,11,7
40,239,1,11,8
40,215,0,11,9
41,162,1,11,0
41,53,0,11,1
41,209,0,11,2
41,186,0,11,3
41,239,0,11,4
41,36,0,11,5
41,154,1,11,6
41,170,0,11,7
41,66,1,11,8
41,180,1,11,9
42,186,0,11,0
42,15,0,11,1
42,102,0,11,2
42,2,1,11,3
42,105,1,11,4
42,41,0,11,5
42,170,1,11,6
42,108,1,11,7
42,184,1,11,8
42,187,0,11,9
43,189,1,11,0
43,184,0,11,1
43,110,1,11,2
43,129,0,11,3
43,225,1,11,4
43,186,0,11,5
43,180,1,11,6
43,79,1,11,7
43,206,1,11,8
43,190,1,11,9
44,206,0,11,0
44,184,1,11,1
44,93,0,11,2
44,115,1,11,3
44,26,0,11,4
44,48,0,11,5
44,155,0,11,6
44,229,1,11,7
44,142,0,11,8
44,239,0,11,9
45,239,0,11,0
45,162,1,11,1
45,187,0,11,2
45,194,0,11,3
45,129,0,11,4
45,101,0,11,5
45,110,0,11,6
45,137,1,11,7
45,10,0,11,8
45,170,1,11,9
46,170,1,11,0
46,187,0,11,1
46,186,1,11,2
46,15,1,11,3
46,41,0,11,4
46,80,0,11,5
46,94,0,11,6
46,30,1,11,7
46,122,0,11,8
46,231,1,11,9
47,220,1,11,0
47,22,1,11,1
47,26,1,11,2
47,81,0,11,3
47,37,0,11,4
47,40,0,11,5
47,83,1,11,6
47,98,0,11,7
47,20,1,11,8
47,116,0,11,9
48,141,1,11,0
48,158,1,11,1
48,77,1,11,2
48,218,1,11,3
48,168,1,11,4
48,93,0,11,5
48,10,1,11,6
48,166,0,11,7
48,23,0,11,8
48,24,1,11,9
49,131,0,11,0
49,64,1,11,1
49,178,0,11,2
49,26,1,11,3
49,116,0,11,4
49,239,1,11,5
49,224,0,11,6
49,175,0,11,7
49,142,0,11,8
49,9,1,11,9
50,141,1,11,0
50,131,1,11,1
50,116,0,11,2
50,239,0,11,3
50,142,1,11,4
50,118,1,11,5
50,235,0,11,6
50,145,0,11,7
50,69,1,11,8
50,30,0,11,9
51,26,0,11,0
51,72,0,11,1
51,64,0,11,2
51,158,0,11,3
51,136,0,11,4
51,184,1,11,5
51,49,1,11,6
51,23,1,11,7
51,121,0,11,8
51,169,1,11,9
52,129,0,11,0
52,39,1,11,1
52,166,0,11,2
52,70,0,11,3
52,162,0,11,4
52,144,0,11,5
52,141,0,11,6
52,225,1,11,7
52,148,0,11,8
52,9,1,11,9
53,184,1,11,0
53,93,1,11,1
53,180,0,11,2
53,76,1,11,3
53,62,1,11,4
53,48,1,11,5
53,26,1,11,6
53,186,0,11,7
53,206,1,11,8
53,234,1,11,9
54,186,1,11,0
54,184,0,11,1
54,189,1,11,2
54,110,1,11,3
54,93,0,11,4
54,239,0,11,5
54,2,0,11,6
54,225,1,11,7
54,238,0,11,8
54,141,0,11,9
55,70,0,11,0
55,239,0,11,1
55,220,1,11,2
55,129,1,11,3
55,166,1,11,4
55,22,0,11,5
55,10,0,11,6
55,164,1,11,7
55,23,0,11,8
55,32,0,11,9
56,70,1,11,0
56,36,0,11,1
56,101,1,11,2
56,239,0,11,3
56,81,1,11,4
56,22,0,11,5
56,27,1,11,6
56,210,0,11,7
56,113,0,11,8
56,129,0,11,9
57,239,0,11,0
57,141,0,11,1
57,225,0,11,2
57,93,0,11,3
57,190,0,11,4
57,129,0,11,5
57,110,0,11,6
57,66,0,11,7
57,150,1,11,8
57,153,0,11,9
58,170,0,11,0
58,239,0,11,1
58,186,1,11,2
58,152,0,11,3
58,153,0,11,4
58,76,1,11,5
58,161,1,11,6
58,99,1,11,7
58,122,0,11,8
58,21,0,11,9
59,10,0,11,0
59,239,1,11,1
59,187,1,11,2
59,168,1,11,3
59,220,0,11,4
59,91,1,11,5
59,70,0,11,6
59,22,1,11,7
59,162,0,11,8
59,39,0,11,9
60,184,0,11,0
60,66,0,11,1
60,190,1,11,2
60,180,1,11,3
60,7,1,11,4
60,9,0,11,5
60,93,1,11,6
60,194,0,11,7
60,29,1,11,8
60,58,1,11,9
61,239,0,11,0
61,116,0,11,1
61,122,1,11,2
61,81,1,11,3
61,37,0,11,4
61,22,1,11,5
61,217,0,11,6
61,36,0,11,7
61,145,1,11,8
61,41,1,11,9
62,70,0,11,0
62,33,0,11,1
62,23,0,11,2
62,184,0,11,3
62,158,1,11,4
62,169,0,11,5
62,195,0,11,6
62,48,0,11,7
62,206,1,11,8
62,72,1,11,9
63,170,1,11,0
63,239,0,11,1
63,102,1,11,2
63,177,0,11,3
63,238,0,11,4
63,80,0,11,5
63,121,1,11,6
63,90,1,11,7
63,153,1,11,8
63,11,0,11,9
64,239,0,11,0
64,36,0,11,1
64,168,1,11,2
64,162,1,11,3
64,209,0,11,4
64,187,1,11,5
64,170,0,11,6
64,212,0,11,7
64,154,0,11,8
64,210,0,11,9
65,172,0,11,0
65,93,0,11,1
65,166,0,11,2
65,168,0,11,3
65,72,1,11,4
65,184,0,11,5
65,239,1,11,6
65,32,0,11,7
65,206,0,11,8
65,13,0,11,9
66,162,1,11,0
66,187,0,11,1
66,36,1,11,2
66,170,1,11,3
66,9,0,11,4
66,61,1,11,5
66,10,1,11,6
66,125,0,11,7
66,76,0,11,8
66,144,0,11,9
67,218,1,11,0
67,131,0,11,1
67,62,0,11,2
67,194,0,11,3
67,141,0,11,4
67,168,0,11,5
67,239,0,11,6
67,9,1,11,7
67,116,0,11,8
67,202,1,11,9
68,168,0,11,0
68,48,1,11,1
68,93,1,11,2
68,110,0,11,3
68,32,1,11,4
68,184,0,11,5
68,129,0,11,6
68,70,0,11,7
68,123,0,11,8
68,206,1,11,9
69,180,0,11,0
69,110,0,11,1
69,48,1,11,2
69,239,0,11,3
69,142,0,11,4
69,141,1,11,5
69,168,0,11,6
69,190,0,11,7
69,93,1,11,8
69,61,0,11,9
70,116,1,11,0
70,64,0,11,1
70,178,0,11,2
70,239,1,11,3
70,74,0,11,4
70,217,1,11,5
70,20,1,11,6
70,26,1,11,7
70,161,1,11,8
70,98,1,11,9
71,162,0,11,0
71,36,0,11,1
71,142,0,11,2
71,9,0,11,3
71,23,0,11,4
71,180,1,11,5
71,53,1,11,6
71,70,1,11,7
71,129,0,11,8
71,38,0,11,9
72,162,0,11,0
72,10,0,11,1
72,142,0,11,2
72,9,1,11,3
72,70,1,11,4
72,169,0,11,5
72,36,0,11,6
72,23,0,11,7
72,220,1,11,8
72,22,0,11,9
73,162,1,11,0
73,9,0,11,1
73,66,0,11,2
73,194,0,11,3
73,218,0,11,4
73,225,1,11,5
73,10,0,11,6
73,187,0,11,7
73,2,0,11,8
73,226,0,11,9
74,180,1,11,0
74,141,1,11,1
74,48,1,11,2
74,93,0,11,3
74,184,0,11,4
74,206,1,11,5
74,9,0,11,6
74,186,0,11,7
74,234,0,11,8
74,110,1,11,9
75,184,1,11,0
75,2,1,11,1
75,62,0,11,2
75,218,0,11,3
75,10,0,11,4
75,93,0,11,5
75,187,1,11,6
75,168,0,11,7
75,162,1,11,8
75,108,0,11,9
76,180,0,11,0
76,9,0,11,1
76,48,1,11,2
76,206,0,11,3
76,33,0,11,4
76,115,0,11,5
76,36,1,11,6
76,52,0,11,7
76,141,0,11,8
76,49,0,11,9
77,184,0,11,0
77,186,0,11,1
77,76,1,11,2
77,2,0,11,3
77,187,1,11,4
77,239,0,11,5
77,176,0,11,6
77,93,1,11,7
77,82,0,11,8
77,110,1,11,9
78,218,1,11,0
78,145,1,11,1
78,9,1,11,2
78,10,1,11,3
78,187,1,11,4
78,144,1,11,5
78,162,1,11,6
78,170,0,11,7
78,141,0,11,8
78,122,0,11,9
79,239,0,11,0
79,190,1,11,1
79,195,0,11,2
79,110,0,11,3
79,93,0,11,4
79,150,0,11,5
79,184,0,11,6
79,153,1,11,7
79,129,1,11,8
79,81,1,11,9
80,36,0,11,0
80,142,0,11,1
80,81,0,11,2
80,180,0,11,3
80,235,0,11,4
80,70,0,11,5
80,9,0,11,6
80,1,0,11,7
80,38,1,11,8
80,76,1,11,9
81,239,1,11,0
81,186,1,11,1
81,41,0,11,2
81,170,0,11,3
81,102,0,11,4
81,209,1,11,5
81,15,1,11,6
81,210,0,11,7
81,187,0,11,8
81,215,0,11,9
82,162,1,11,0
82,180,0,11,1
82,110,0,11,2
82,9,1,11,3
82,239,0,11,4
82,138,0,11,5
82,131,0,11,6
82,206,1,11,7
82,190,0,11,8
82,194,0,11,9
83,162,1,11,0
83,209,0,11,1
83,61,1,11,2
83,186,0,11,3
83,206,0,11,4
83,36,1,11,5
83,9,0,11,6
83,170,0,11,7
83,239,0,11,8
83,41,1,11,9
84,190,1,11,0
84,239,1,11,1
84,206,0,11,2
84,115,1,11,3
84,110,0,11,4
84,81,1,11,5
84,195,1,11,6
84,177,1,11,7
84,180,0,11,8
84,14,0,11,9
85,206,0,11,0
85,136,0,11,1
85,3,0,11,2
85,155,1,11,3
85,115,0,11,4
85,131,0,11,5
85,172,1,11,6
85,121,0,11,7
85,43,1,11,8
85,105,0,11,9
86,10,1,11,0
86,23,1,11,1
86,168,0,11,2
86,162,1,11,3
86,70,0,11,4
86,9,1,11,5
86,221,0,11,6
86,220,1,11,7
86,142,1,11,8
86,169,0,11,9
87,239,0,11,0
87,187,0,11,1
87,194,0,11,2
87,79,0,11,3
87,184,0,11,4
87,110,1,11,5
87,162,0,11,6
87,118,0,11,7
87,190,0,11,8
87,7,0,11,9
88,180,1,11,0
88,206,0,11,1
88,190,0,11,2
88,110,0,11,3
88,137,0,11,4
88,115,1,11,5
88,7,0,11,6
88,142,1,11,7
88,81,1,11,8
88,43,0,11,9
89,129,0,11,0
89,10,0,11,1
89,70,0,11,2
89,162,0,11,3
89,166,0,11,4
89,23,0,11,5
89,220,0,11,6
89,164,1,11,7
89,239,1,11,8
89,32,0,11,9
90,168,0,11,0
90,70,1,11,1
90,218,1,11,2
90,210,0,11,3
90,239,1,11,4
90,187,0,11,5
90,22,1,11,6
90,169,0,11,7
90,10,0,11,8
90,162,0,11,9
91,206,1,11,0
91,184,0,11,1
91,155,1,11,2
91,3,1,11,3
91,43,0,11,4
91,83,1,11,5
91,142,1,11,6
91,201,0,11,7
91,115,0,11,8
91,132,0,11,9
92,187,1,11,0
92,184,0,11,1
92,93,1,11,2
92,239,0,11,3
92,168,0,11,4
92,142,1,11,5
92,101,0,11,6
92,83,0,11,7
92,218,0,11,8
92,58,0,11,9
93,9,0,11,0
93,131,0,11,1
93,226,0,11,2
93,235,0,11,3
93,225,0,11,4
93,79,0,11,5
93,10,0,11,6
93,98,0,11,7
93,194,0,11,8
93,180,0,11,9
94,9,1,11,0
94,162,0,11,1
94,225,1,11,2
94,144,0,11,3
94,39,0,11,4
94,10,0,11,5
94,129,1,11,6
94,218,0,11,7
94,226,0,11,8
94,66,1,11,9
95,239,0,11,0
95,79,0,11,1
95,118,0,11,2
95,225,0,11,3
95,141,1,11,4
95,69,0,11,5
95,187,0,11,6
95,184,0,11,7
95,110,1,11,8
95,206,0,11,9
96,218,0,11,0
96,67,1,11,1
96,23,0,11,2
96,62,1,11,3
96,49,1,11,4
96,136,0,11,5
96,73,0,11,6
96,145,1,11,7
96,163,0,11,8
96,158,1,11,9
97,10,0,11,0
97,23,1,11,1
97,220,0,11,2
97,70,0,11,3
97,162,0,11,4
97,187,0,11,5
97,239,0,11,6
97,210,1,11,7
97,26,0,11,8
97,65,0,11,9
98,218,1,11,0
98,168,0,11,1
98,62,0,11,2
98,93,1,11,3
98,184,1,11,4
98,83,0,11,5
98,89,1,11,6
98,2,1,11,7
98,75,1,11,8
98,136,0,11,9
99,81,1,11,0
99,239,0,11,1
99,187,0,11,2
99,70,0,11,3
99,76,0,11,4
99,68,0,11,5
99,215,1,11,6
99,220,0,11,7
99,105,0,11,8
99,102,0,11,9
100,190,1,11,0
100,121,1,11,1
100,239,1,11,2
100,74,0,11,3
100,168,0,11,4
100,184,0,11,5
100,110,1,11,6
100,202,1,11,7
100,93,0,11,8
100,178,1,11,9
101,9,0,11,0
101,69,0,11,1
101,10,1,11,2
101,142,1,11,3
101,41,1,11,4
101,206,0,11,5
101,79,0,11,6
101,187,1,11,7
101,122,0,11,8
101,204,1,11,9
102,93,0,11,0
102,70,0,11,1
102,23,1,11,2
102,184,1,11,3
102,48,1,11,4
102,26,1,11,5
102,72,0,11,6
102,206,0,11,7
102,195,0,11,8
102,166,0,11,9
103,239,0,11,0
103,36,0,11,1
103,210,0,11,2
103,209,1,11,3
103,170,1,11,4
103,102,0,11,5
103,47,0,11,6
103,97,0,11,7
103,124,0,11,8
103,162,0,11,9
104,70,1,11,0
104,129,0,11,1
104,36,0,11,2
104,23,1,11,3
104,239,0,11,4
104,32,0,11,5
104,195,1,11,6
104,47,0,11,7
104,38,1,11,8
104,117,0,11,9
105,116,0,11,0
105,145,0,11,1
105,194,0,11,2
105,131,0,11,3
105,218,1,11,4
105,41,0,11,5
105,122,1,11,6
105,83,1,11,7
105,239,0,11,8
105,118,1,11,9
106,184,0,11,0
106,186,1,11,1
106,110,0,11,2
106,190,1,11,3
106,195,0,11,4
106,189,0,11,5
106,206,1,11,6
106,191,1,11,7
106,170,0,11,8
106,76,0,11,9
107,184,1,11,0
107,110,1,11,1
107,239,1,11,2
107,93,1,11,3
107,225,0,11,4
107,141,0,11,5
107,190,0,11,6
107,79,1,11,7
107,206,1,11,8
107,29,1,11,9
108,37,0,11,0
108,36,0,11,1
108,218,0,11,2
108,239,0,11,3
108,145,1,11,4
108,22,0,11,5
108,122,1,11,6
108,116,1,11,7
108,76,0,11,8
108,212,0,11,9
109,70,1,11,0
109,184,0,11,1
109,81,0,11,2
109,239,0,11,3
109,190,0,11,4
109,222,1,11,5
109,1,1,11,6
109,101,0,11,7
109,7,0,11,8
109,180,0,11,9
110,162,1,11,0
110,170,1,11,1
110,129,0,11,2
110,239,1,11,3
110,23,1,11,4
110,186,0,11,5
110,10,0,11,6
110,70,0,11,7
110,36,1,11,8
110,99,1,11,9
111,239,1,11,0
111,187,0,11,1
111,118,1,11,2
111,122,1,11,3
111,22,1,11,4
111,145,0,11,5
111,10,0,11,6
111,162,1,11,7
111,142,0,11,8
111,170,0,11,9
112,225,0,11,0
112,190,1,11,1
112,73,1,11,2
112,129,1,11,3
112,184,1,11,4
112,93,1,11,5
112,141,1,11,6
112,67,0,11,7
112,180,0,11,8
112,196,0,11,9
113,9,1,11,0
113,180,1,11,1
113,222,0,11,2
113,206,1,11,3
113,142,0,11,4
113,184,0,11,5
113,58,1,11,6
113,7,0,11,7
113,81,0,11,8
113,48,0,11,9
114,110,1,11,0
114,225,0,11,1
114,141,1,11,2
114,184,0,11,3
114,93,0,11,4
114,186,1,11,5
114,238,0,11,6
114,206,0,11,7
114,189,0,11,8
114,234,1,11,9
115,70,0,11,0
115,10,0,11,1
115,239,1,11,2
115,220,0,11,3
115,187,0,11,4
115,22,1,11,5
115,23,0,11,6
115,169,0,11,7
115,164,1,11,8
115,162,0,11,9
116,184,0,11,0
116,186,0,11,1
116,170,0,11,2
116,7,0,11,3
116,162,1,11,4
116,189,0,11,5
116,76,0,11,6
116,110,0,11,7
116,73,1,11,8
116,134,0,11,9
117,239,1,11,0
117,36,0,11,1
117,70,0,11,2
117,129,0,11,3
117,162,1,11,4
117,180,1,11,5
117,1,0,11,6
117,101,0,11,7
117,142,1,11,8
117,53,1,11,9
118,184,0,11,0
118,142,1,11,1
118,9,1,11,2
118,7,0,11,3
118,180,0,11,4
118,206,0,11,5
118,58,0,11,6
118,93,1,11,7
118,169,0,11,8
118,201,1,11,9
119,187,1,11,0
119,144,1,11,1
119,170,0,11,2
119,239,0,11,3
119,162,1,11,4
119,15,0,11,5
119,145,1,11,6
119,220,0,11,7
119,11,0,11,8
119,54,0,11,9
