source,family,family_size,left,right,n_users,mean_difference,raw_p,exceedances,draws,published_holm_p,recomputed_holm_p
per-metric family,Amazon / full_catalogue / target_margin / abstention,10,MC Shapley,LIME,250,-0.4608,9.99900009999e-05,0,10000,0.000999900009999,0.000999900009999
per-metric family,Amazon / full_catalogue / target_margin / abstention,10,MC Shapley,LOO,250,-0.456,9.99900009999e-05,0,10000,0.000999900009999,0.000999900009999
per-metric family,Amazon / full_catalogue / target_margin / abstention,10,MC Shapley,Greedy seq. del.,250,0,1,10000,10000,1,1
per-metric family,Amazon / full_catalogue / target_margin / abstention,10,MC Shapley,Random control,250,-0.0528,9.99900009999e-05,0,10000,0.000999900009999,0.000999900009999
per-metric family,Amazon / full_catalogue / target_margin / abstention,10,LIME,LOO,250,0.0048,0.585441455854,5854,10000,1,1
per-metric family,Amazon / full_catalogue / target_margin / abstention,10,LIME,Greedy seq. del.,250,0.4608,9.99900009999e-05,0,10000,0.000999900009999,0.000999900009999
per-metric family,Amazon / full_catalogue / target_margin / abstention,10,LIME,Random control,250,0.408,9.99900009999e-05,0,10000,0.000999900009999,0.000999900009999
per-metric family,Amazon / full_catalogue / target_margin / abstention,10,LOO,Greedy seq. del.,250,0.456,9.99900009999e-05,0,10000,0.000999900009999,0.000999900009999
per-metric family,Amazon / full_catalogue / target_margin / abstention,10,LOO,Random control,250,0.4032,9.99900009999e-05,0,10000,0.000999900009999,0.000999900009999
per-metric family,Amazon / full_catalogue / target_margin / abstention,10,Greedy seq. del.,Random control,250,-0.0528,9.99900009999e-05,0,10000,0.000999900009999,0.000999900009999
per-metric family,Amazon / full_catalogue / target_margin / actionability_gap,10,MC Shapley,LIME,250,0.368946022619,9.99900009999e-05,0,10000,0.000999900009999,0.000999900009999
per-metric family,Amazon / full_catalogue / target_margin / actionability_gap,10,MC Shapley,LOO,250,0.379402381673,9.99900009999e-05,0,10000,0.000999900009999,0.000999900009999
per-metric family,Amazon / full_catalogue / target_margin / actionability_gap,10,MC Shapley,Greedy seq. del.,250,0.292560072915,9.99900009999e-05,0,10000,0.000999900009999,0.000999900009999
per-metric family,Amazon / full_catalogue / target_margin / actionability_gap,10,MC Shapley,Random control,250,0.171766251835,9.99900009999e-05,0,10000,0.000999900009999,0.000999900009999
per-metric family,Amazon / full_catalogue / target_margin / actionability_gap,10,LIME,LOO,250,0.0104563590541,0.034296570343,342,10000,0.034296570343,0.034296570343
per-metric family,Amazon / full_catalogue / target_margin / actionability_gap,10,LIME,Greedy seq. del.,250,-0.0763859497035,9.99900009999e-05,0,10000,0.000999900009999,0.000999900009999
per-metric family,Amazon / full_catalogue / target_margin / actionability_gap,10,LIME,Random control,250,-0.197179770784,9.99900009999e-05,0,10000,0.000999900009999,0.000999900009999
per-metric family,Amazon / full_catalogue / target_margin / actionability_gap,10,LOO,Greedy seq. del.,250,-0.0868423087576,9.99900009999e-05,0,10000,0.000999900009999,0.000999900009999
per-metric family,Amazon / full_catalogue / target_margin / actionability_gap,10,LOO,Random control,250,-0.207636129838,9.99900009999e-05,0,10000,0.000999900009999,0.000999900009999
per-metric family,Amazon / full_catalogue / target_margin / actionability_gap,10,Greedy seq. del.,Random control,250,-0.12079382108,9.99900009999e-05,0,10000,0.000999900009999,0.000999900009999
per-metric family,Amazon / full_catalogue / target_margin / aia,10,MC Shapley,LIME,250,-0.840095872111,9.99900009999e-05,0,10000,0.000999900009999,0.000999900009999
per-metric family,Amazon / full_catalogue / target_margin / aia,10,MC Shapley,LOO,250,-0.908103581164,9.99900009999e-05,0,10000,0.000999900009999,0.000999900009999
per-metric family,Amazon / full_catalogue / target_margin / aia,10,MC Shapley,Greedy seq. del.,250,-0.568004141332,9.99900009999e-05,0,10000,0.000999900009999,0.000999900009999
per-metric family,Amazon / full_catalogue / target_margin / aia,10,MC Shapley,Random control,250,-0.114523174008,0.00509949005099,50,10000,0.00509949005099,0.00509949005099
per-metric family,Amazon / full_catalogue / target_margin / aia,10,LIME,LOO,250,-0.0680077090528,9.99900009999e-05,0,10000,0.000999900009999,0.000999900009999
per-metric family,Amazon / full_catalogue / target_margin / aia,10,LIME,Greedy seq. del.,250,0.27209173078,9.99900009999e-05,0,10000,0.000999900009999,0.000999900009999
per-metric family,Amazon / full_catalogue / target_margin / aia,10,LIME,Random control,250,0.725572698104,9.99900009999e-05,0,10000,0.000999900009999,0.000999900009999
per-metric family,Amazon / full_catalogue / target_margin / aia,10,LOO,Greedy seq. del.,250,0.340099439833,9.99900009999e-05,0,10000,0.000999900009999,0.000999900009999
per-metric family,Amazon / full_catalogue / target_margin / aia,10,LOO,Random control,250,0.793580407157,9.99900009999e-05,0,10000,0.000999900009999,0.000999900009999
per-metric family,Amazon / full_catalogue / target_margin / aia,10,Greedy seq. del.,Random control,250,0.453480967324,9.99900009999e-05,0,10000,0.000999900009999,0.000999900009999
per-metric family,Amazon / full_catalogue / target_margin / aia_ndcg,10,MC Shapley,LIME,6,0.274713095598,0.747625237476,7476,10000,1,1
per-metric family,Amazon / full_catalogue / target_margin / aia_ndcg,10,MC Shapley,LOO,6,0.274135162204,0.754324567543,7543,10000,1,1
per-metric family,Amazon / full_catalogue / target_margin / aia_ndcg,10,MC Shapley,Greedy seq. del.,6,0.0776709006307,1,10000,10000,1,1
per-metric family,Amazon / full_catalogue / target_margin / aia_ndcg,10,MC Shapley,Random control,6,0.388745547658,0.0933906609339,933,10000,0.933906609339,0.933906609339
per-metric family,Amazon / full_catalogue / target_margin / aia_ndcg,10,LIME,LOO,6,-0.000577933393648,1,10000,10000,1,1
per-metric family,Amazon / full_catalogue / target_margin / aia_ndcg,10,LIME,Greedy seq. del.,6,-0.197042194967,0.501949805019,5019,10000,1,1
per-metric family,Amazon / full_catalogue / target_margin / aia_ndcg,10,LIME,Random control,6,0.11403245206,0.783721627837,7837,10000,1,1
per-metric family,Amazon / full_catalogue / target_margin / aia_ndcg,10,LOO,Greedy seq. del.,6,-0.196464261573,0.496150384962,4961,10000,1,1
per-metric family,Amazon / full_catalogue / target_margin / aia_ndcg,10,LOO,Random control,6,0.114610385454,0.778522147785,7785,10000,1,1
per-metric family,Amazon / full_catalogue / target_margin / aia_ndcg,10,Greedy seq. del.,Random control,6,0.311074647027,0.252674732527,2526,10000,1,1
per-metric family,Amazon / full_catalogue / target_margin / direction_accuracy,10,MC Shapley,LIME,250,-0.363136530006,9.99900009999e-05,0,10000,0.000999900009999,0.000999900009999
per-metric family,Amazon / full_catalogue / target_margin / direction_accuracy,10,MC Shapley,LOO,250,-0.378382755284,9.99900009999e-05,0,10000,0.000999900009999,0.000999900009999
per-metric family,Amazon / full_catalogue / target_margin / direction_accuracy,10,MC Shapley,Greedy seq. del.,250,-0.0975782352941,9.99900009999e-05,0,10000,0.000999900009999,0.000999900009999
per-metric family,Amazon / full_catalogue / target_margin / direction_accuracy,10,MC Shapley,Random control,250,0.0164905619217,0.361663833617,3616,10000,0.361663833617,0.361663833617
per-metric family,Amazon / full_catalogue / target_margin / direction_accuracy,10,LIME,LOO,250,-0.015246225278,9.99900009999e-05,0,10000,0.000999900009999,0.000999900009999
per-metric family,Amazon / full_catalogue / target_margin / direction_accuracy,10,LIME,Greedy seq. del.,250,0.265558294712,9.99900009999e-05,0,10000,0.000999900009999,0.000999900009999
per-metric family,Amazon / full_catalogue / target_margin / direction_accuracy,10,LIME,Random control,250,0.379627091928,9.99900009999e-05,0,10000,0.000999900009999,0.000999900009999
per-metric family,Amazon / full_catalogue / target_margin / direction_accuracy,10,LOO,Greedy seq. del.,250,0.28080451999,9.99900009999e-05,0,10000,0.000999900009999,0.000999900009999
per-metric family,Amazon / full_catalogue / target_margin / direction_accuracy,10,LOO,Random control,250,0.394873317206,9.99900009999e-05,0,10000,0.000999900009999,0.000999900009999
per-metric family,Amazon / full_catalogue / target_margin / direction_accuracy,10,Greedy seq. del.,Random control,250,0.114068797216,9.99900009999e-05,0,10000,0.000999900009999,0.000999900009999
per-metric family,Amazon / full_catalogue / target_margin / direction_accuracy_ndcg,10,MC Shapley,LIME,6,0,1,10000,10000,1,1
per-metric family,Amazon / full_catalogue / target_margin / direction_accuracy_ndcg,10,MC Shapley,LOO,6,0,1,10000,10000,1,1
per-metric family,Amazon / full_catalogue / target_margin / direction_accuracy_ndcg,10,MC Shapley,Greedy seq. del.,6,0.222222222222,0.491250874913,4912,10000,1,1
per-metric family,Amazon / full_catalogue / target_margin / direction_accuracy_ndcg,10,MC Shapley,Random control,6,0.388888888889,0.0645935406459,645,10000,0.626937306269,0.626937306269
per-metric family,Amazon / full_catalogue / target_margin / direction_accuracy_ndcg,10,LIME,LOO,6,0,1,10000,10000,1,1
per-metric family,Amazon / full_catalogue / target_margin / direction_accuracy_ndcg,10,LIME,Greedy seq. del.,6,0.222222222222,0.504349565043,5043,10000,1,1
per-metric family,Amazon / full_catalogue / target_margin / direction_accuracy_ndcg,10,LIME,Random control,6,0.388888888889,0.0650934906509,650,10000,0.626937306269,0.626937306269
per-metric family,Amazon / full_catalogue / target_margin / direction_accuracy_ndcg,10,LOO,Greedy seq. del.,6,0.222222222222,0.497850214979,4978,10000,1,1
per-metric family,Amazon / full_catalogue / target_margin / direction_accuracy_ndcg,10,LOO,Random control,6,0.388888888889,0.0626937306269,626,10000,0.626937306269,0.626937306269
per-metric family,Amazon / full_catalogue / target_margin / direction_accuracy_ndcg,10,Greedy seq. del.,Random control,6,0.166666666667,0.371162883712,3711,10000,1,1
per-metric family,Amazon / full_catalogue / target_margin / faithfulness_alignment,10,MC Shapley,LIME,250,-1.20904189473,9.99900009999e-05,0,10000,0.000999900009999,0.000999900009999
per-metric family,Amazon / full_catalogue / target_margin / faithfulness_alignment,10,MC Shapley,LOO,250,-1.28750596284,9.99900009999e-05,0,10000,0.000999900009999,0.000999900009999
per-metric family,Amazon / full_catalogue / target_margin / faithfulness_alignment,10,MC Shapley,Greedy seq. del.,250,-0.860564214247,9.99900009999e-05,0,10000,0.000999900009999,0.000999900009999
per-metric family,Amazon / full_catalogue / target_margin / faithfulness_alignment,10,MC Shapley,Random control,250,-0.286289425843,9.99900009999e-05,0,10000,0.000999900009999,0.000999900009999
per-metric family,Amazon / full_catalogue / target_margin / faithfulness_alignment,10,LIME,LOO,250,-0.0784640681069,9.99900009999e-05,0,10000,0.000999900009999,0.000999900009999
per-metric family,Amazon / full_catalogue / target_margin / faithfulness_alignment,10,LIME,Greedy seq. del.,250,0.348477680483,9.99900009999e-05,0,10000,0.000999900009999,0.000999900009999
per-metric family,Amazon / full_catalogue / target_margin / faithfulness_alignment,10,LIME,Random control,250,0.922752468887,9.99900009999e-05,0,10000,0.000999900009999,0.000999900009999
per-metric family,Amazon / full_catalogue / target_margin / faithfulness_alignment,10,LOO,Greedy seq. del.,250,0.42694174859,9.99900009999e-05,0,10000,0.000999900009999,0.000999900009999
per-metric family,Amazon / full_catalogue / target_margin / faithfulness_alignment,10,LOO,Random control,250,1.00121653699,9.99900009999e-05,0,10000,0.000999900009999,0.000999900009999
per-metric family,Amazon / full_catalogue / target_margin / faithfulness_alignment,10,Greedy seq. del.,Random control,250,0.574274788404,9.99900009999e-05,0,10000,0.000999900009999,0.000999900009999
per-metric family,Amazon / full_catalogue / target_margin / intervention_success,10,MC Shapley,LIME,250,0.1984,9.99900009999e-05,0,10000,0.000999900009999,0.000999900009999
per-metric family,Amazon / full_catalogue / target_margin / intervention_success,10,MC Shapley,LOO,250,0.1936,9.99900009999e-05,0,10000,0.000999900009999,0.000999900009999
per-metric family,Amazon / full_catalogue / target_margin / intervention_success,10,MC Shapley,Greedy seq. del.,250,0.3976,9.99900009999e-05,0,10000,0.000999900009999,0.000999900009999
per-metric family,Amazon / full_catalogue / target_margin / intervention_success,10,MC Shapley,Random control,250,0.4712,9.99900009999e-05,0,10000,0.000999900009999,0.000999900009999
per-metric family,Amazon / full_catalogue / target_margin / intervention_success,10,LIME,LOO,250,-0.0048,0.581441855814,5814,10000,0.581441855814,0.581441855814
per-metric family,Amazon / full_catalogue / target_margin / intervention_success,10,LIME,Greedy seq. del.,250,0.1992,9.99900009999e-05,0,10000,0.000999900009999,0.000999900009999
per-metric family,Amazon / full_catalogue / target_margin / intervention_success,10,LIME,Random control,250,0.2728,9.99900009999e-05,0,10000,0.000999900009999,0.000999900009999
per-metric family,Amazon / full_catalogue / target_margin / intervention_success,10,LOO,Greedy seq. del.,250,0.204,9.99900009999e-05,0,10000,0.000999900009999,0.000999900009999
per-metric family,Amazon / full_catalogue / target_margin / intervention_success,10,LOO,Random control,250,0.2776,9.99900009999e-05,0,10000,0.000999900009999,0.000999900009999
per-metric family,Amazon / full_catalogue / target_margin / intervention_success,10,Greedy seq. del.,Random control,250,0.0736,0.010098990101,100,10000,0.020197980202,0.020197980202
per-metric family,Amazon / full_catalogue / target_margin / intervention_success_ndcg,10,MC Shapley,LIME,250,0.0032,1,10000,10000,1,1
per-metric family,Amazon / full_catalogue / target_margin / intervention_success_ndcg,10,MC Shapley,LOO,250,0.0032,1,10000,10000,1,1
per-metric family,Amazon / full_catalogue / target_margin / intervention_success_ndcg,10,MC Shapley,Greedy seq. del.,250,0.0032,1,10000,10000,1,1
per-metric family,Amazon / full_catalogue / target_margin / intervention_success_ndcg,10,MC Shapley,Random control,250,0.0104,0.123487651235,1234,10000,1,1
per-metric family,Amazon / full_catalogue / target_margin / intervention_success_ndcg,10,LIME,LOO,250,0,1,10000,10000,1,1
per-metric family,Amazon / full_catalogue / target_margin / intervention_success_ndcg,10,LIME,Greedy seq. del.,250,0,1,10000,10000,1,1
per-metric family,Amazon / full_catalogue / target_margin / intervention_success_ndcg,10,LIME,Random control,250,0.0072,0.248075192481,2480,10000,1,1
per-metric family,Amazon / full_catalogue / target_margin / intervention_success_ndcg,10,LOO,Greedy seq. del.,250,0,1,10000,10000,1,1
per-metric family,Amazon / full_catalogue / target_margin / intervention_success_ndcg,10,LOO,Random control,250,0.0072,0.254574542546,2545,10000,1,1
per-metric family,Amazon / full_catalogue / target_margin / intervention_success_ndcg,10,Greedy seq. del.,Random control,250,0.0072,0.245175482452,2451,10000,1,1
per-metric family,Amazon / full_catalogue / target_margin / joint_effect_ndcg,10,MC Shapley,LIME,250,0.000859925305583,1,10000,10000,1,1
per-metric family,Amazon / full_catalogue / target_margin / joint_effect_ndcg,10,MC Shapley,LOO,250,0.000859925305583,1,10000,10000,1,1
per-metric family,Amazon / full_catalogue / target_margin / joint_effect_ndcg,10,MC Shapley,Greedy seq. del.,250,0.00098913865626,0.501249875012,5012,10000,1,1
per-metric family,Amazon / full_catalogue / target_margin / joint_effect_ndcg,10,MC Shapley,Random control,250,0.00297759075136,0.030696930307,306,10000,0.30696930307,0.30696930307
per-metric family,Amazon / full_catalogue / target_margin / joint_effect_ndcg,10,LIME,LOO,250,0,1,10000,10000,1,1
per-metric family,Amazon / full_catalogue / target_margin / joint_effect_ndcg,10,LIME,Greedy seq. del.,250,0.000129213350677,1,10000,10000,1,1
per-metric family,Amazon / full_catalogue / target_margin / joint_effect_ndcg,10,LIME,Random control,250,0.00211766544578,0.0886911308869,886,10000,0.798220177982,0.798220177982
per-metric family,Amazon / full_catalogue / target_margin / joint_effect_ndcg,10,LOO,Greedy seq. del.,250,0.000129213350677,1,10000,10000,1,1
per-metric family,Amazon / full_catalogue / target_margin / joint_effect_ndcg,10,LOO,Random control,250,0.00211766544578,0.0932906709329,932,10000,0.798220177982,0.798220177982
per-metric family,Amazon / full_catalogue / target_margin / joint_effect_ndcg,10,Greedy seq. del.,Random control,250,0.0019884520951,0.0925907409259,925,10000,0.798220177982,0.798220177982
per-metric family,Amazon / full_catalogue / target_margin / joint_effect_primary,10,MC Shapley,LIME,250,-7.96433722589e-05,0.397760223978,3977,10000,0.603939606039,0.603939606039
per-metric family,Amazon / full_catalogue / target_margin / joint_effect_primary,10,MC Shapley,LOO,250,-9.84363523208e-05,0.30196980302,3019,10000,0.603939606039,0.603939606039
per-metric family,Amazon / full_catalogue / target_margin / joint_effect_primary,10,MC Shapley,Greedy seq. del.,250,0.00233572995813,9.99900009999e-05,0,10000,0.000999900009999,0.000999900009999
per-metric family,Amazon / full_catalogue / target_margin / joint_effect_primary,10,MC Shapley,Random control,250,0.00255571455809,9.99900009999e-05,0,10000,0.000999900009999,0.000999900009999
per-metric family,Amazon / full_catalogue / target_margin / joint_effect_primary,10,LIME,LOO,250,-1.87929800619e-05,0.024897510249,248,10000,0.0995900409959,0.0995900409959
per-metric family,Amazon / full_catalogue / target_margin / joint_effect_primary,10,LIME,Greedy seq. del.,250,0.00241537333039,9.99900009999e-05,0,10000,0.000999900009999,0.000999900009999
per-metric family,Amazon / full_catalogue / target_margin / joint_effect_primary,10,LIME,Random control,250,0.00263535793035,9.99900009999e-05,0,10000,0.000999900009999,0.000999900009999
per-metric family,Amazon / full_catalogue / target_margin / joint_effect_primary,10,LOO,Greedy seq. del.,250,0.00243416631045,9.99900009999e-05,0,10000,0.000999900009999,0.000999900009999
per-metric family,Amazon / full_catalogue / target_margin / joint_effect_primary,10,LOO,Random control,250,0.00265415091041,9.99900009999e-05,0,10000,0.000999900009999,0.000999900009999
per-metric family,Amazon / full_catalogue / target_margin / joint_effect_primary,10,Greedy seq. del.,Random control,250,0.000219984599964,0.138886111389,1388,10000,0.416658334167,0.416658334167
per-metric family,Amazon / full_catalogue / target_margin / joint_effect_target_margin,10,MC Shapley,LIME,250,-7.96433722589e-05,0.404759524048,4047,10000,0.595940405959,0.595940405959
per-metric family,Amazon / full_catalogue / target_margin / joint_effect_target_margin,10,MC Shapley,LOO,250,-9.84363523208e-05,0.29797020298,2979,10000,0.595940405959,0.595940405959
per-metric family,Amazon / full_catalogue / target_margin / joint_effect_target_margin,10,MC Shapley,Greedy seq. del.,250,0.00233572995813,9.99900009999e-05,0,10000,0.000999900009999,0.000999900009999
per-metric family,Amazon / full_catalogue / target_margin / joint_effect_target_margin,10,MC Shapley,Random control,250,0.00255571455809,9.99900009999e-05,0,10000,0.000999900009999,0.000999900009999
per-metric family,Amazon / full_catalogue / target_margin / joint_effect_target_margin,10,LIME,LOO,250,-1.87929800619e-05,0.022297770223,222,10000,0.0891910808919,0.0891910808919
per-metric family,Amazon / full_catalogue / target_margin / joint_effect_target_margin,10,LIME,Greedy seq. del.,250,0.00241537333039,9.99900009999e-05,0,10000,0.000999900009999,0.000999900009999
per-metric family,Amazon / full_catalogue / target_margin / joint_effect_target_margin,10,LIME,Random control,250,0.00263535793035,9.99900009999e-05,0,10000,0.000999900009999,0.000999900009999
per-metric family,Amazon / full_catalogue / target_margin / joint_effect_target_margin,10,LOO,Greedy seq. del.,250,0.00243416631045,9.99900009999e-05,0,10000,0.000999900009999,0.000999900009999
per-metric family,Amazon / full_catalogue / target_margin / joint_effect_target_margin,10,LOO,Random control,250,0.00265415091041,9.99900009999e-05,0,10000,0.000999900009999,0.000999900009999
per-metric family,Amazon / full_catalogue / target_margin / joint_effect_target_margin,10,Greedy seq. del.,Random control,250,0.000219984599964,0.136186381362,1361,10000,0.408559144086,0.408559144086
per-metric family,Amazon / full_catalogue / target_margin / joint_regret_ndcg,10,MC Shapley,LIME,250,-0.000859925305583,1,10000,10000,1,1
per-metric family,Amazon / full_catalogue / target_margin / joint_regret_ndcg,10,MC Shapley,LOO,250,-0.000859925305583,1,10000,10000,1,1
per-metric family,Amazon / full_catalogue / target_margin / joint_regret_ndcg,10,MC Shapley,Greedy seq. del.,250,-0.00098913865626,0.495250474953,4952,10000,1,1
per-metric family,Amazon / full_catalogue / target_margin / joint_regret_ndcg,10,MC Shapley,Random control,250,-0.00297759075136,0.033896610339,338,10000,0.33896610339,0.33896610339
per-metric family,Amazon / full_catalogue / target_margin / joint_regret_ndcg,10,LIME,LOO,250,0,1,10000,10000,1,1
per-metric family,Amazon / full_catalogue / target_margin / joint_regret_ndcg,10,LIME,Greedy seq. del.,250,-0.000129213350677,1,10000,10000,1,1
per-metric family,Amazon / full_catalogue / target_margin / joint_regret_ndcg,10,LIME,Random control,250,-0.00211766544578,0.0975902409759,975,10000,0.874712528747,0.874712528747
per-metric family,Amazon / full_catalogue / target_margin / joint_regret_ndcg,10,LOO,Greedy seq. del.,250,-0.000129213350677,1,10000,10000,1,1
per-metric family,Amazon / full_catalogue / target_margin / joint_regret_ndcg,10,LOO,Random control,250,-0.00211766544578,0.0971902809719,971,10000,0.874712528747,0.874712528747
per-metric family,Amazon / full_catalogue / target_margin / joint_regret_ndcg,10,Greedy seq. del.,Random control,250,-0.0019884520951,0.0981901809819,981,10000,0.874712528747,0.874712528747
per-metric family,Amazon / full_catalogue / target_margin / joint_regret_primary,10,MC Shapley,LIME,250,7.96433722589e-05,0.407459254075,4074,10000,0.612938706129,0.612938706129
per-metric family,Amazon / full_catalogue / target_margin / joint_regret_primary,10,MC Shapley,LOO,250,9.84363523208e-05,0.306469353065,3064,10000,0.612938706129,0.612938706129
per-metric family,Amazon / full_catalogue / target_margin / joint_regret_primary,10,MC Shapley,Greedy seq. del.,250,-0.00233572995813,9.99900009999e-05,0,10000,0.000999900009999,0.000999900009999
per-metric family,Amazon / full_catalogue / target_margin / joint_regret_primary,10,MC Shapley,Random control,250,-0.00255571455809,9.99900009999e-05,0,10000,0.000999900009999,0.000999900009999
per-metric family,Amazon / full_catalogue / target_margin / joint_regret_primary,10,LIME,LOO,250,1.87929800619e-05,0.020097990201,200,10000,0.0803919608039,0.0803919608039
per-metric family,Amazon / full_catalogue / target_margin / joint_regret_primary,10,LIME,Greedy seq. del.,250,-0.00241537333039,9.99900009999e-05,0,10000,0.000999900009999,0.000999900009999
per-metric family,Amazon / full_catalogue / target_margin / joint_regret_primary,10,LIME,Random control,250,-0.00263535793035,9.99900009999e-05,0,10000,0.000999900009999,0.000999900009999
per-metric family,Amazon / full_catalogue / target_margin / joint_regret_primary,10,LOO,Greedy seq. del.,250,-0.00243416631045,9.99900009999e-05,0,10000,0.000999900009999,0.000999900009999
per-metric family,Amazon / full_catalogue / target_margin / joint_regret_primary,10,LOO,Random control,250,-0.00265415091041,9.99900009999e-05,0,10000,0.000999900009999,0.000999900009999
per-metric family,Amazon / full_catalogue / target_margin / joint_regret_primary,10,Greedy seq. del.,Random control,250,-0.000219984599964,0.131786821318,1317,10000,0.395360463954,0.395360463954
per-metric family,Amazon / full_catalogue / target_margin / normalized_regret_ndcg,10,MC Shapley,LIME,5,-0.144494397919,1,10000,10000,1,1
per-metric family,Amazon / full_catalogue / target_margin / normalized_regret_ndcg,10,MC Shapley,LOO,5,-0.144494397919,1,10000,10000,1,1
per-metric family,Amazon / full_catalogue / target_margin / normalized_regret_ndcg,10,MC Shapley,Greedy seq. del.,5,-0.16387640052,0.501349865013,5013,10000,1,1
per-metric family,Amazon / full_catalogue / target_margin / normalized_regret_ndcg,10,MC Shapley,Random control,5,-0.53730241943,0.123887611239,1238,10000,1,1
per-metric family,Amazon / full_catalogue / target_margin / normalized_regret_ndcg,10,LIME,LOO,5,0,1,10000,10000,1,1
per-metric family,Amazon / full_catalogue / target_margin / normalized_regret_ndcg,10,LIME,Greedy seq. del.,5,-0.0193820026016,1,10000,10000,1,1
per-metric family,Amazon / full_catalogue / target_margin / normalized_regret_ndcg,10,LIME,Random control,5,-0.392808021512,0.249875012499,2498,10000,1,1
per-metric family,Amazon / full_catalogue / target_margin / normalized_regret_ndcg,10,LOO,Greedy seq. del.,5,-0.0193820026016,1,10000,10000,1,1
per-metric family,Amazon / full_catalogue / target_margin / normalized_regret_ndcg,10,LOO,Random control,5,-0.392808021512,0.25097490251,2509,10000,1,1
per-metric family,Amazon / full_catalogue / target_margin / normalized_regret_ndcg,10,Greedy seq. del.,Random control,5,-0.37342601891,0.257874212579,2578,10000,1,1
per-metric family,Amazon / full_catalogue / target_margin / normalized_regret_primary,10,MC Shapley,LIME,215,0.279499609194,0.046795320468,467,10000,0.140385961404,0.140385961404
per-metric family,Amazon / full_catalogue / target_margin / normalized_regret_primary,10,MC Shapley,LOO,215,0.293787973232,0.031196880312,311,10000,0.124787521248,0.124787521248
per-metric family,Amazon / full_catalogue / target_margin / normalized_regret_primary,10,MC Shapley,Greedy seq. del.,215,-3.77075596724,9.99900009999e-05,0,10000,0.000999900009999,0.000999900009999
per-metric family,Amazon / full_catalogue / target_margin / normalized_regret_primary,10,MC Shapley,Random control,215,-2.04354557679,9.99900009999e-05,0,10000,0.000999900009999,0.000999900009999
per-metric family,Amazon / full_catalogue / target_margin / normalized_regret_primary,10,LIME,LOO,215,0.0142883640379,0.0584941505849,584,10000,0.140385961404,0.140385961404
per-metric family,Amazon / full_catalogue / target_margin / normalized_regret_primary,10,LIME,Greedy seq. del.,215,-4.05025557644,9.99900009999e-05,0,10000,0.000999900009999,0.000999900009999
per-metric family,Amazon / full_catalogue / target_margin / normalized_regret_primary,10,LIME,Random control,215,-2.32304518598,9.99900009999e-05,0,10000,0.000999900009999,0.000999900009999
per-metric family,Amazon / full_catalogue / target_margin / normalized_regret_primary,10,LOO,Greedy seq. del.,215,-4.06454394047,9.99900009999e-05,0,10000,0.000999900009999,0.000999900009999
per-metric family,Amazon / full_catalogue / target_margin / normalized_regret_primary,10,LOO,Random control,215,-2.33733355002,9.99900009999e-05,0,10000,0.000999900009999,0.000999900009999
per-metric family,Amazon / full_catalogue / target_margin / normalized_regret_primary,10,Greedy seq. del.,Random control,215,1.72721039046,0.712928707129,7129,10000,0.712928707129,0.712928707129
per-metric family,Amazon / full_catalogue / target_margin / signed_alignment,10,MC Shapley,LIME,250,-0.213720705721,9.99900009999e-05,0,10000,0.000999900009999,0.000999900009999
per-metric family,Amazon / full_catalogue / target_margin / signed_alignment,10,MC Shapley,LOO,250,-0.236282654838,9.99900009999e-05,0,10000,0.000999900009999,0.000999900009999
per-metric family,Amazon / full_catalogue / target_margin / signed_alignment,10,MC Shapley,Greedy seq. del.,250,0.660004458835,9.99900009999e-05,0,10000,0.000999900009999,0.000999900009999
per-metric family,Amazon / full_catalogue / target_margin / signed_alignment,10,MC Shapley,Random control,250,0.716529994237,9.99900009999e-05,0,10000,0.000999900009999,0.000999900009999
per-metric family,Amazon / full_catalogue / target_margin / signed_alignment,10,LIME,LOO,250,-0.0225619491163,9.99900009999e-05,0,10000,0.000999900009999,0.000999900009999
per-metric family,Amazon / full_catalogue / target_margin / signed_alignment,10,LIME,Greedy seq. del.,250,0.873725164556,9.99900009999e-05,0,10000,0.000999900009999,0.000999900009999
per-metric family,Amazon / full_catalogue / target_margin / signed_alignment,10,LIME,Random control,250,0.930250699959,9.99900009999e-05,0,10000,0.000999900009999,0.000999900009999
per-metric family,Amazon / full_catalogue / target_margin / signed_alignment,10,LOO,Greedy seq. del.,250,0.896287113673,9.99900009999e-05,0,10000,0.000999900009999,0.000999900009999
per-metric family,Amazon / full_catalogue / target_margin / signed_alignment,10,LOO,Random control,250,0.952812649075,9.99900009999e-05,0,10000,0.000999900009999,0.000999900009999
per-metric family,Amazon / full_catalogue / target_margin / signed_alignment,10,Greedy seq. del.,Random control,250,0.0565255354025,0.0930906909309,930,10000,0.0930906909309,0.0930906909309
per-metric family,Amazon / full_catalogue / target_margin / signed_alignment_ndcg,10,MC Shapley,LIME,6,-0.0527046276695,1,10000,10000,1,1
per-metric family,Amazon / full_catalogue / target_margin / signed_alignment_ndcg,10,MC Shapley,LOO,6,-0.0532825610631,0.489651034897,4896,10000,1,1
per-metric family,Amazon / full_catalogue / target_margin / signed_alignment_ndcg,10,MC Shapley,Greedy seq. del.,6,0.0333333333333,1,10000,10000,1,1
per-metric family,Amazon / full_catalogue / target_margin / signed_alignment_ndcg,10,MC Shapley,Random control,6,0.56240346319,0.0653934606539,653,10000,0.622937706229,0.622937706229
per-metric family,Amazon / full_catalogue / target_margin / signed_alignment_ndcg,10,LIME,LOO,6,-0.000577933393648,1,10000,10000,1,1
per-metric family,Amazon / full_catalogue / target_margin / signed_alignment_ndcg,10,LIME,Greedy seq. del.,6,0.0860379610028,0.502549745025,5025,10000,1,1
per-metric family,Amazon / full_catalogue / target_margin / signed_alignment_ndcg,10,LIME,Random control,6,0.615108090859,0.0628937106289,628,10000,0.622937706229,0.622937706229
per-metric family,Amazon / full_catalogue / target_margin / signed_alignment_ndcg,10,LOO,Greedy seq. del.,6,0.0866158943965,0.24497550245,2449,10000,1,1
per-metric family,Amazon / full_catalogue / target_margin / signed_alignment_ndcg,10,LOO,Random control,6,0.615686024253,0.0647935206479,647,10000,0.622937706229,0.622937706229
per-metric family,Amazon / full_catalogue / target_margin / signed_alignment_ndcg,10,Greedy seq. del.,Random control,6,0.529070129857,0.0622937706229,622,10000,0.622937706229,0.622937706229
per-metric family,Amazon / full_catalogue / target_margin / top1_precision,10,MC Shapley,LIME,250,0.1456,0.000199980002,1,10000,0.000999900009999,0.000999900009999
per-metric family,Amazon / full_catalogue / target_margin / top1_precision,10,MC Shapley,LOO,250,0.1144,0.003199680032,31,10000,0.00639936006399,0.00639936006399
per-metric family,Amazon / full_catalogue / target_margin / top1_precision,10,MC Shapley,Greedy seq. del.,250,0.5864,9.99900009999e-05,0,10000,0.000999900009999,0.000999900009999
per-metric family,Amazon / full_catalogue / target_margin / top1_precision,10,MC Shapley,Random control,250,0.4576,9.99900009999e-05,0,10000,0.000999900009999,0.000999900009999
per-metric family,Amazon / full_catalogue / target_margin / top1_precision,10,LIME,LOO,250,-0.0312,0.048795120488,487,10000,0.048795120488,0.048795120488
per-metric family,Amazon / full_catalogue / target_margin / top1_precision,10,LIME,Greedy seq. del.,250,0.4408,9.99900009999e-05,0,10000,0.000999900009999,0.000999900009999
per-metric family,Amazon / full_catalogue / target_margin / top1_precision,10,LIME,Random control,250,0.312,9.99900009999e-05,0,10000,0.000999900009999,0.000999900009999
per-metric family,Amazon / full_catalogue / target_margin / top1_precision,10,LOO,Greedy seq. del.,250,0.472,9.99900009999e-05,0,10000,0.000999900009999,0.000999900009999
per-metric family,Amazon / full_catalogue / target_margin / top1_precision,10,LOO,Random control,250,0.3432,9.99900009999e-05,0,10000,0.000999900009999,0.000999900009999
per-metric family,Amazon / full_catalogue / target_margin / top1_precision,10,Greedy seq. del.,Random control,250,-0.1288,9.99900009999e-05,0,10000,0.000999900009999,0.000999900009999
per-metric family,Amazon / full_catalogue / target_margin / top3_precision,10,MC Shapley,LIME,250,0.104266666667,9.99900009999e-05,0,10000,0.000999900009999,0.000999900009999
per-metric family,Amazon / full_catalogue / target_margin / top3_precision,10,MC Shapley,LOO,250,0.0770666666667,9.99900009999e-05,0,10000,0.000999900009999,0.000999900009999
per-metric family,Amazon / full_catalogue / target_margin / top3_precision,10,MC Shapley,Greedy seq. del.,250,0.181066666667,9.99900009999e-05,0,10000,0.000999900009999,0.000999900009999
per-metric family,Amazon / full_catalogue / target_margin / top3_precision,10,MC Shapley,Random control,250,0.241333333333,9.99900009999e-05,0,10000,0.000999900009999,0.000999900009999
per-metric family,Amazon / full_catalogue / target_margin / top3_precision,10,LIME,LOO,250,-0.0272,0.000999900009999,9,10000,0.000999900009999,0.000999900009999
per-metric family,Amazon / full_catalogue / target_margin / top3_precision,10,LIME,Greedy seq. del.,250,0.0768,9.99900009999e-05,0,10000,0.000999900009999,0.000999900009999
per-metric family,Amazon / full_catalogue / target_margin / top3_precision,10,LIME,Random control,250,0.137066666667,9.99900009999e-05,0,10000,0.000999900009999,0.000999900009999
per-metric family,Amazon / full_catalogue / target_margin / top3_precision,10,LOO,Greedy seq. del.,250,0.104,9.99900009999e-05,0,10000,0.000999900009999,0.000999900009999
per-metric family,Amazon / full_catalogue / target_margin / top3_precision,10,LOO,Random control,250,0.164266666667,9.99900009999e-05,0,10000,0.000999900009999,0.000999900009999
per-metric family,Amazon / full_catalogue / target_margin / top3_precision,10,Greedy seq. del.,Random control,250,0.0602666666667,9.99900009999e-05,0,10000,0.000999900009999,0.000999900009999
per-metric family,Amazon / full_catalogue / target_margin / top5_precision,10,MC Shapley,LIME,250,0.10988,9.99900009999e-05,0,10000,0.000999900009999,0.000999900009999
per-metric family,Amazon / full_catalogue / target_margin / top5_precision,10,MC Shapley,LOO,250,0.0888,9.99900009999e-05,0,10000,0.000999900009999,0.000999900009999
per-metric family,Amazon / full_catalogue / target_margin / top5_precision,10,MC Shapley,Greedy seq. del.,250,0.146,9.99900009999e-05,0,10000,0.000999900009999,0.000999900009999
per-metric family,Amazon / full_catalogue / target_margin / top5_precision,10,MC Shapley,Random control,250,0.1794,9.99900009999e-05,0,10000,0.000999900009999,0.000999900009999
per-metric family,Amazon / full_catalogue / target_margin / top5_precision,10,LIME,LOO,250,-0.02108,0.000199980002,1,10000,0.000999900009999,0.000999900009999
per-metric family,Amazon / full_catalogue / target_margin / top5_precision,10,LIME,Greedy seq. del.,250,0.03612,9.99900009999e-05,0,10000,0.000999900009999,0.000999900009999
per-metric family,Amazon / full_catalogue / target_margin / top5_precision,10,LIME,Random control,250,0.06952,9.99900009999e-05,0,10000,0.000999900009999,0.000999900009999
per-metric family,Amazon / full_catalogue / target_margin / top5_precision,10,LOO,Greedy seq. del.,250,0.0572,9.99900009999e-05,0,10000,0.000999900009999,0.000999900009999
per-metric family,Amazon / full_catalogue / target_margin / top5_precision,10,LOO,Random control,250,0.0906,9.99900009999e-05,0,10000,0.000999900009999,0.000999900009999
per-metric family,Amazon / full_catalogue / target_margin / top5_precision,10,Greedy seq. del.,Random control,250,0.0334,0.002399760024,23,10000,0.002399760024,0.002399760024
per-metric family,Amazon / primary / target_margin / abstention,10,MC Shapley,LIME,1000,-0.06,9.99900009999e-05,0,10000,0.000999900009999,0.000999900009999
per-metric family,Amazon / primary / target_margin / abstention,10,MC Shapley,LOO,1000,-0.0758,9.99900009999e-05,0,10000,0.000999900009999,0.000999900009999
per-metric family,Amazon / primary / target_margin / abstention,10,MC Shapley,Greedy seq. del.,1000,0.0032,0.120187981202,1201,10000,0.120187981202,0.120187981202
per-metric family,Amazon / primary / target_margin / abstention,10,MC Shapley,Random control,1000,-0.0374,9.99900009999e-05,0,10000,0.000999900009999,0.000999900009999
per-metric family,Amazon / primary / target_margin / abstention,10,LIME,LOO,1000,-0.0158,0.000499950005,4,10000,0.001499850015,0.001499850015
per-metric family,Amazon / primary / target_margin / abstention,10,LIME,Greedy seq. del.,1000,0.0632,9.99900009999e-05,0,10000,0.000999900009999,0.000999900009999
per-metric family,Amazon / primary / target_margin / abstention,10,LIME,Random control,1000,0.0226,0.00839916008399,83,10000,0.016798320168,0.016798320168
per-metric family,Amazon / primary / target_margin / abstention,10,LOO,Greedy seq. del.,1000,0.079,9.99900009999e-05,0,10000,0.000999900009999,0.000999900009999
per-metric family,Amazon / primary / target_margin / abstention,10,LOO,Random control,1000,0.0384,9.99900009999e-05,0,10000,0.000999900009999,0.000999900009999
per-metric family,Amazon / primary / target_margin / abstention,10,Greedy seq. del.,Random control,1000,-0.0406,9.99900009999e-05,0,10000,0.000999900009999,0.000999900009999
per-metric family,Amazon / primary / target_margin / actionability_gap,10,MC Shapley,LIME,993,0.231753062438,9.99900009999e-05,0,10000,0.000999900009999,0.000999900009999
per-metric family,Amazon / primary / target_margin / actionability_gap,10,MC Shapley,LOO,993,0.277418357173,9.99900009999e-05,0,10000,0.000999900009999,0.000999900009999
per-metric family,Amazon / primary / target_margin / actionability_gap,10,MC Shapley,Greedy seq. del.,993,0.188578015093,9.99900009999e-05,0,10000,0.000999900009999,0.000999900009999
per-metric family,Amazon / primary / target_margin / actionability_gap,10,MC Shapley,Random control,993,0.130882203583,9.99900009999e-05,0,10000,0.000999900009999,0.000999900009999
per-metric family,Amazon / primary / target_margin / actionability_gap,10,LIME,LOO,993,0.0456652947349,9.99900009999e-05,0,10000,0.000999900009999,0.000999900009999
per-metric family,Amazon / primary / target_margin / actionability_gap,10,LIME,Greedy seq. del.,993,-0.0431750473452,9.99900009999e-05,0,10000,0.000999900009999,0.000999900009999
per-metric family,Amazon / primary / target_margin / actionability_gap,10,LIME,Random control,993,-0.100870858855,9.99900009999e-05,0,10000,0.000999900009999,0.000999900009999
per-metric family,Amazon / primary / target_margin / actionability_gap,10,LOO,Greedy seq. del.,993,-0.0888403420802,9.99900009999e-05,0,10000,0.000999900009999,0.000999900009999
per-metric family,Amazon / primary / target_margin / actionability_gap,10,LOO,Random control,993,-0.14653615359,9.99900009999e-05,0,10000,0.000999900009999,0.000999900009999
per-metric family,Amazon / primary / target_margin / actionability_gap,10,Greedy seq. del.,Random control,993,-0.0576958115098,9.99900009999e-05,0,10000,0.000999900009999,0.000999900009999
per-metric family,Amazon / primary / target_margin / aia,10,MC Shapley,LIME,993,-0.413048339682,9.99900009999e-05,0,10000,0.000999900009999,0.000999900009999
per-metric family,Amazon / primary / target_margin / aia,10,MC Shapley,LOO,993,-0.437018241392,9.99900009999e-05,0,10000,0.000999900009999,0.000999900009999
per-metric family,Amazon / primary / target_margin / aia,10,MC Shapley,Greedy seq. del.,993,0.283066329152,9.99900009999e-05,0,10000,0.000999900009999,0.000999900009999
per-metric family,Amazon / primary / target_margin / aia,10,MC Shapley,Random control,993,0.424415753954,9.99900009999e-05,0,10000,0.000999900009999,0.000999900009999
per-metric family,Amazon / primary / target_margin / aia,10,LIME,LOO,993,-0.0239699017101,9.99900009999e-05,0,10000,0.000999900009999,0.000999900009999
per-metric family,Amazon / primary / target_margin / aia,10,LIME,Greedy seq. del.,993,0.696114668834,9.99900009999e-05,0,10000,0.000999900009999,0.000999900009999
per-metric family,Amazon / primary / target_margin / aia,10,LIME,Random control,993,0.837464093636,9.99900009999e-05,0,10000,0.000999900009999,0.000999900009999
per-metric family,Amazon / primary / target_margin / aia,10,LOO,Greedy seq. del.,993,0.720084570544,9.99900009999e-05,0,10000,0.000999900009999,0.000999900009999
per-metric family,Amazon / primary / target_margin / aia,10,LOO,Random control,993,0.861433995346,9.99900009999e-05,0,10000,0.000999900009999,0.000999900009999
per-metric family,Amazon / primary / target_margin / aia,10,Greedy seq. del.,Random control,993,0.141349424801,9.99900009999e-05,0,10000,0.000999900009999,0.000999900009999
per-metric family,Amazon / primary / target_margin / aia_ndcg,10,MC Shapley,LIME,233,0.0697656537373,0.000499950005,4,10000,0.001499850015,0.001499850015
per-metric family,Amazon / primary / target_margin / aia_ndcg,10,MC Shapley,LOO,233,0.0617532903454,0.002899710029,28,10000,0.00579942005799,0.00579942005799
per-metric family,Amazon / primary / target_margin / aia_ndcg,10,MC Shapley,Greedy seq. del.,233,0.343682908204,9.99900009999e-05,0,10000,0.000999900009999,0.000999900009999
per-metric family,Amazon / primary / target_margin / aia_ndcg,10,MC Shapley,Random control,233,0.497637082167,9.99900009999e-05,0,10000,0.000999900009999,0.000999900009999
per-metric family,Amazon / primary / target_margin / aia_ndcg,10,LIME,LOO,233,-0.00801236339188,0.282471752825,2824,10000,0.282471752825,0.282471752825
per-metric family,Amazon / primary / target_margin / aia_ndcg,10,LIME,Greedy seq. del.,233,0.273917254466,9.99900009999e-05,0,10000,0.000999900009999,0.000999900009999
per-metric family,Amazon / primary / target_margin / aia_ndcg,10,LIME,Random control,233,0.427871428429,9.99900009999e-05,0,10000,0.000999900009999,0.000999900009999
per-metric family,Amazon / primary / target_margin / aia_ndcg,10,LOO,Greedy seq. del.,233,0.281929617858,9.99900009999e-05,0,10000,0.000999900009999,0.000999900009999
per-metric family,Amazon / primary / target_margin / aia_ndcg,10,LOO,Random control,233,0.435883791821,9.99900009999e-05,0,10000,0.000999900009999,0.000999900009999
per-metric family,Amazon / primary / target_margin / aia_ndcg,10,Greedy seq. del.,Random control,233,0.153954173963,9.99900009999e-05,0,10000,0.000999900009999,0.000999900009999
per-metric family,Amazon / primary / target_margin / direction_accuracy,10,MC Shapley,LIME,993,-0.151903758829,9.99900009999e-05,0,10000,0.000999900009999,0.000999900009999
per-metric family,Amazon / primary / target_margin / direction_accuracy,10,MC Shapley,LOO,993,-0.157488230484,9.99900009999e-05,0,10000,0.000999900009999,0.000999900009999
per-metric family,Amazon / primary / target_margin / direction_accuracy,10,MC Shapley,Greedy seq. del.,993,0.241247605153,9.99900009999e-05,0,10000,0.000999900009999,0.000999900009999
per-metric family,Amazon / primary / target_margin / direction_accuracy,10,MC Shapley,Random control,993,0.277406782366,9.99900009999e-05,0,10000,0.000999900009999,0.000999900009999
per-metric family,Amazon / primary / target_margin / direction_accuracy,10,LIME,LOO,993,-0.0055844716548,0.004299570043,42,10000,0.004299570043,0.004299570043
per-metric family,Amazon / primary / target_margin / direction_accuracy,10,LIME,Greedy seq. del.,993,0.393151363982,9.99900009999e-05,0,10000,0.000999900009999,0.000999900009999
per-metric family,Amazon / primary / target_margin / direction_accuracy,10,LIME,Random control,993,0.429310541195,9.99900009999e-05,0,10000,0.000999900009999,0.000999900009999
per-metric family,Amazon / primary / target_margin / direction_accuracy,10,LOO,Greedy seq. del.,993,0.398735835637,9.99900009999e-05,0,10000,0.000999900009999,0.000999900009999
per-metric family,Amazon / primary / target_margin / direction_accuracy,10,LOO,Random control,993,0.43489501285,9.99900009999e-05,0,10000,0.000999900009999,0.000999900009999
per-metric family,Amazon / primary / target_margin / direction_accuracy,10,Greedy seq. del.,Random control,993,0.0361591772135,9.99900009999e-05,0,10000,0.000999900009999,0.000999900009999
per-metric family,Amazon / primary / target_margin / direction_accuracy_ndcg,10,MC Shapley,LIME,233,0.0152542593315,0.0547945205479,547,10000,0.117888211179,0.117888211179
per-metric family,Amazon / primary / target_margin / direction_accuracy_ndcg,10,MC Shapley,LOO,233,0.0182362558757,0.039296070393,392,10000,0.117888211179,0.117888211179
per-metric family,Amazon / primary / target_margin / direction_accuracy_ndcg,10,MC Shapley,Greedy seq. del.,233,0.0808752144374,9.99900009999e-05,0,10000,0.000999900009999,0.000999900009999
per-metric family,Amazon / primary / target_margin / direction_accuracy_ndcg,10,MC Shapley,Random control,233,0.465100390787,9.99900009999e-05,0,10000,0.000999900009999,0.000999900009999
per-metric family,Amazon / primary / target_margin / direction_accuracy_ndcg,10,LIME,LOO,233,0.00298199654423,0.774622537746,7746,10000,0.774622537746,0.774622537746
per-metric family,Amazon / primary / target_margin / direction_accuracy_ndcg,10,LIME,Greedy seq. del.,233,0.0656209551059,0.000199980002,1,10000,0.000999900009999,0.000999900009999
per-metric family,Amazon / primary / target_margin / direction_accuracy_ndcg,10,LIME,Random control,233,0.449846131456,9.99900009999e-05,0,10000,0.000999900009999,0.000999900009999
per-metric family,Amazon / primary / target_margin / direction_accuracy_ndcg,10,LOO,Greedy seq. del.,233,0.0626389585617,0.000599940005999,5,10000,0.002399760024,0.002399760024
per-metric family,Amazon / primary / target_margin / direction_accuracy_ndcg,10,LOO,Random control,233,0.446864134911,9.99900009999e-05,0,10000,0.000999900009999,0.000999900009999
per-metric family,Amazon / primary / target_margin / direction_accuracy_ndcg,10,Greedy seq. del.,Random control,233,0.38422517635,9.99900009999e-05,0,10000,0.000999900009999,0.000999900009999
per-metric family,Amazon / primary / target_margin / faithfulness_alignment,10,MC Shapley,LIME,993,-0.64480140212,9.99900009999e-05,0,10000,0.000999900009999,0.000999900009999
per-metric family,Amazon / primary / target_margin / faithfulness_alignment,10,MC Shapley,LOO,993,-0.714436598565,9.99900009999e-05,0,10000,0.000999900009999,0.000999900009999
per-metric family,Amazon / primary / target_margin / faithfulness_alignment,10,MC Shapley,Greedy seq. del.,993,0.0944883140593,0.000299970003,2,10000,0.000999900009999,0.000999900009999
per-metric family,Amazon / primary / target_margin / faithfulness_alignment,10,MC Shapley,Random control,993,0.293533550371,9.99900009999e-05,0,10000,0.000999900009999,0.000999900009999
per-metric family,Amazon / primary / target_margin / faithfulness_alignment,10,LIME,LOO,993,-0.069635196445,9.99900009999e-05,0,10000,0.000999900009999,0.000999900009999
per-metric family,Amazon / primary / target_margin / faithfulness_alignment,10,LIME,Greedy seq. del.,993,0.73928971618,9.99900009999e-05,0,10000,0.000999900009999,0.000999900009999
per-metric family,Amazon / primary / target_margin / faithfulness_alignment,10,LIME,Random control,993,0.938334952491,9.99900009999e-05,0,10000,0.000999900009999,0.000999900009999
per-metric family,Amazon / primary / target_margin / faithfulness_alignment,10,LOO,Greedy seq. del.,993,0.808924912625,9.99900009999e-05,0,10000,0.000999900009999,0.000999900009999
per-metric family,Amazon / primary / target_margin / faithfulness_alignment,10,LOO,Random control,993,1.00797014894,9.99900009999e-05,0,10000,0.000999900009999,0.000999900009999
per-metric family,Amazon / primary / target_margin / faithfulness_alignment,10,Greedy seq. del.,Random control,993,0.199045236311,9.99900009999e-05,0,10000,0.000999900009999,0.000999900009999
per-metric family,Amazon / primary / target_margin / intervention_success,10,MC Shapley,LIME,1000,0.0292,0.000199980002,1,10000,0.000999900009999,0.000999900009999
per-metric family,Amazon / primary / target_margin / intervention_success,10,MC Shapley,LOO,1000,0.0426,9.99900009999e-05,0,10000,0.000999900009999,0.000999900009999
per-metric family,Amazon / primary / target_margin / intervention_success,10,MC Shapley,Greedy seq. del.,1000,0.4226,9.99900009999e-05,0,10000,0.000999900009999,0.000999900009999
per-metric family,Amazon / primary / target_margin / intervention_success,10,MC Shapley,Random control,1000,0.525,9.99900009999e-05,0,10000,0.000999900009999,0.000999900009999
per-metric family,Amazon / primary / target_margin / intervention_success,10,LIME,LOO,1000,0.0134,0.002299770023,22,10000,0.002299770023,0.002299770023
per-metric family,Amazon / primary / target_margin / intervention_success,10,LIME,Greedy seq. del.,1000,0.3934,9.99900009999e-05,0,10000,0.000999900009999,0.000999900009999
per-metric family,Amazon / primary / target_margin / intervention_success,10,LIME,Random control,1000,0.4958,9.99900009999e-05,0,10000,0.000999900009999,0.000999900009999
per-metric family,Amazon / primary / target_margin / intervention_success,10,LOO,Greedy seq. del.,1000,0.38,9.99900009999e-05,0,10000,0.000999900009999,0.000999900009999
per-metric family,Amazon / primary / target_margin / intervention_success,10,LOO,Random control,1000,0.4824,9.99900009999e-05,0,10000,0.000999900009999,0.000999900009999
per-metric family,Amazon / primary / target_margin / intervention_success,10,Greedy seq. del.,Random control,1000,0.1024,9.99900009999e-05,0,10000,0.000999900009999,0.000999900009999
per-metric family,Amazon / primary / target_margin / intervention_success_ndcg,10,MC Shapley,LIME,1000,-0.001,0.715128487151,7151,10000,0.904509549045,0.904509549045
per-metric family,Amazon / primary / target_margin / intervention_success_ndcg,10,MC Shapley,LOO,1000,0.0032,0.452254774523,4522,10000,0.904509549045,0.904509549045
per-metric family,Amazon / primary / target_margin / intervention_success_ndcg,10,MC Shapley,Greedy seq. del.,1000,0.0802,9.99900009999e-05,0,10000,0.000999900009999,0.000999900009999
per-metric family,Amazon / primary / target_margin / intervention_success_ndcg,10,MC Shapley,Random control,1000,0.1042,9.99900009999e-05,0,10000,0.000999900009999,0.000999900009999
per-metric family,Amazon / primary / target_margin / intervention_success_ndcg,10,LIME,LOO,1000,0.0042,0.0751924807519,751,10000,0.225577442256,0.225577442256
per-metric family,Amazon / primary / target_margin / intervention_success_ndcg,10,LIME,Greedy seq. del.,1000,0.0812,9.99900009999e-05,0,10000,0.000999900009999,0.000999900009999
per-metric family,Amazon / primary / target_margin / intervention_success_ndcg,10,LIME,Random control,1000,0.1052,9.99900009999e-05,0,10000,0.000999900009999,0.000999900009999
per-metric family,Amazon / primary / target_margin / intervention_success_ndcg,10,LOO,Greedy seq. del.,1000,0.077,9.99900009999e-05,0,10000,0.000999900009999,0.000999900009999
per-metric family,Amazon / primary / target_margin / intervention_success_ndcg,10,LOO,Random control,1000,0.101,9.99900009999e-05,0,10000,0.000999900009999,0.000999900009999
per-metric family,Amazon / primary / target_margin / intervention_success_ndcg,10,Greedy seq. del.,Random control,1000,0.024,0.000899910008999,8,10000,0.003599640036,0.003599640036
per-metric family,Amazon / primary / target_margin / joint_effect_ndcg,10,MC Shapley,LIME,1000,0.000130476133003,0.898310168983,8983,10000,0.898310168983,0.898310168983
per-metric family,Amazon / primary / target_margin / joint_effect_ndcg,10,MC Shapley,LOO,1000,0.00194018986547,0.129887011299,1298,10000,0.259774022598,0.259774022598
per-metric family,Amazon / primary / target_margin / joint_effect_ndcg,10,MC Shapley,Greedy seq. del.,1000,0.0231169133305,9.99900009999e-05,0,10000,0.000999900009999,0.000999900009999
per-metric family,Amazon / primary / target_margin / joint_effect_ndcg,10,MC Shapley,Random control,1000,0.0371407422087,9.99900009999e-05,0,10000,0.000999900009999,0.000999900009999
per-metric family,Amazon / primary / target_margin / joint_effect_ndcg,10,LIME,LOO,1000,0.00180971373247,0.00639936006399,63,10000,0.019198080192,0.019198080192
per-metric family,Amazon / primary / target_margin / joint_effect_ndcg,10,LIME,Greedy seq. del.,1000,0.0229864371975,9.99900009999e-05,0,10000,0.000999900009999,0.000999900009999
per-metric family,Amazon / primary / target_margin / joint_effect_ndcg,10,LIME,Random control,1000,0.0370102660757,9.99900009999e-05,0,10000,0.000999900009999,0.000999900009999
per-metric family,Amazon / primary / target_margin / joint_effect_ndcg,10,LOO,Greedy seq. del.,1000,0.0211767234651,9.99900009999e-05,0,10000,0.000999900009999,0.000999900009999
per-metric family,Amazon / primary / target_margin / joint_effect_ndcg,10,LOO,Random control,1000,0.0352005523432,9.99900009999e-05,0,10000,0.000999900009999,0.000999900009999
per-metric family,Amazon / primary / target_margin / joint_effect_ndcg,10,Greedy seq. del.,Random control,1000,0.0140238288781,9.99900009999e-05,0,10000,0.000999900009999,0.000999900009999
per-metric family,Amazon / primary / target_margin / joint_effect_primary,10,MC Shapley,LIME,1000,-8.67660668972e-06,0.482251774823,4822,10000,0.964503549645,0.964503549645
per-metric family,Amazon / primary / target_margin / joint_effect_primary,10,MC Shapley,LOO,1000,5.16711393043e-06,0.684631536846,6846,10000,0.964503549645,0.964503549645
per-metric family,Amazon / primary / target_margin / joint_effect_primary,10,MC Shapley,Greedy seq. del.,1000,0.000829071561149,9.99900009999e-05,0,10000,0.000999900009999,0.000999900009999
per-metric family,Amazon / primary / target_margin / joint_effect_primary,10,MC Shapley,Random control,1000,0.00159002473473,9.99900009999e-05,0,10000,0.000999900009999,0.000999900009999
per-metric family,Amazon / primary / target_margin / joint_effect_primary,10,LIME,LOO,1000,1.38437206202e-05,9.99900009999e-05,0,10000,0.000999900009999,0.000999900009999
per-metric family,Amazon / primary / target_margin / joint_effect_primary,10,LIME,Greedy seq. del.,1000,0.000837748167838,9.99900009999e-05,0,10000,0.000999900009999,0.000999900009999
per-metric family,Amazon / primary / target_margin / joint_effect_primary,10,LIME,Random control,1000,0.00159870134142,9.99900009999e-05,0,10000,0.000999900009999,0.000999900009999
per-metric family,Amazon / primary / target_margin / joint_effect_primary,10,LOO,Greedy seq. del.,1000,0.000823904447218,9.99900009999e-05,0,10000,0.000999900009999,0.000999900009999
per-metric family,Amazon / primary / target_margin / joint_effect_primary,10,LOO,Random control,1000,0.0015848576208,9.99900009999e-05,0,10000,0.000999900009999,0.000999900009999
per-metric family,Amazon / primary / target_margin / joint_effect_primary,10,Greedy seq. del.,Random control,1000,0.000760953173582,9.99900009999e-05,0,10000,0.000999900009999,0.000999900009999
per-metric family,Amazon / primary / target_margin / joint_effect_target_margin,10,MC Shapley,LIME,1000,-8.67660668972e-06,0.479752024798,4797,10000,0.959504049595,0.959504049595
per-metric family,Amazon / primary / target_margin / joint_effect_target_margin,10,MC Shapley,LOO,1000,5.16711393043e-06,0.686131386861,6861,10000,0.959504049595,0.959504049595
per-metric family,Amazon / primary / target_margin / joint_effect_target_margin,10,MC Shapley,Greedy seq. del.,1000,0.000829071561149,9.99900009999e-05,0,10000,0.000999900009999,0.000999900009999
per-metric family,Amazon / primary / target_margin / joint_effect_target_margin,10,MC Shapley,Random control,1000,0.00159002473473,9.99900009999e-05,0,10000,0.000999900009999,0.000999900009999
per-metric family,Amazon / primary / target_margin / joint_effect_target_margin,10,LIME,LOO,1000,1.38437206202e-05,9.99900009999e-05,0,10000,0.000999900009999,0.000999900009999
per-metric family,Amazon / primary / target_margin / joint_effect_target_margin,10,LIME,Greedy seq. del.,1000,0.000837748167838,9.99900009999e-05,0,10000,0.000999900009999,0.000999900009999
per-metric family,Amazon / primary / target_margin / joint_effect_target_margin,10,LIME,Random control,1000,0.00159870134142,9.99900009999e-05,0,10000,0.000999900009999,0.000999900009999
per-metric family,Amazon / primary / target_margin / joint_effect_target_margin,10,LOO,Greedy seq. del.,1000,0.000823904447218,9.99900009999e-05,0,10000,0.000999900009999,0.000999900009999
per-metric family,Amazon / primary / target_margin / joint_effect_target_margin,10,LOO,Random control,1000,0.0015848576208,9.99900009999e-05,0,10000,0.000999900009999,0.000999900009999
per-metric family,Amazon / primary / target_margin / joint_effect_target_margin,10,Greedy seq. del.,Random control,1000,0.000760953173582,9.99900009999e-05,0,10000,0.000999900009999,0.000999900009999
per-metric family,Amazon / primary / target_margin / joint_regret_ndcg,10,MC Shapley,LIME,1000,-0.000130476133003,0.902309769023,9023,10000,0.902309769023,0.902309769023
per-metric family,Amazon / primary / target_margin / joint_regret_ndcg,10,MC Shapley,LOO,1000,-0.00194018986547,0.135886411359,1358,10000,0.271772822718,0.271772822718
per-metric family,Amazon / primary / target_margin / joint_regret_ndcg,10,MC Shapley,Greedy seq. del.,1000,-0.0231169133305,9.99900009999e-05,0,10000,0.000999900009999,0.000999900009999
per-metric family,Amazon / primary / target_margin / joint_regret_ndcg,10,MC Shapley,Random control,1000,-0.0371407422087,9.99900009999e-05,0,10000,0.000999900009999,0.000999900009999
per-metric family,Amazon / primary / target_margin / joint_regret_ndcg,10,LIME,LOO,1000,-0.00180971373247,0.004899510049,48,10000,0.014698530147,0.014698530147
per-metric family,Amazon / primary / target_margin / joint_regret_ndcg,10,LIME,Greedy seq. del.,1000,-0.0229864371975,9.99900009999e-05,0,10000,0.000999900009999,0.000999900009999
per-metric family,Amazon / primary / target_margin / joint_regret_ndcg,10,LIME,Random control,1000,-0.0370102660757,9.99900009999e-05,0,10000,0.000999900009999,0.000999900009999
per-metric family,Amazon / primary / target_margin / joint_regret_ndcg,10,LOO,Greedy seq. del.,1000,-0.0211767234651,9.99900009999e-05,0,10000,0.000999900009999,0.000999900009999
per-metric family,Amazon / primary / target_margin / joint_regret_ndcg,10,LOO,Random control,1000,-0.0352005523432,9.99900009999e-05,0,10000,0.000999900009999,0.000999900009999
per-metric family,Amazon / primary / target_margin / joint_regret_ndcg,10,Greedy seq. del.,Random control,1000,-0.0140238288781,9.99900009999e-05,0,10000,0.000999900009999,0.000999900009999
per-metric family,Amazon / primary / target_margin / joint_regret_primary,10,MC Shapley,LIME,1000,8.67660668972e-06,0.483451654835,4834,10000,0.966903309669,0.966903309669
per-metric family,Amazon / primary / target_margin / joint_regret_primary,10,MC Shapley,LOO,1000,-5.16711393043e-06,0.695430456954,6954,10000,0.966903309669,0.966903309669
per-metric family,Amazon / primary / target_margin / joint_regret_primary,10,MC Shapley,Greedy seq. del.,1000,-0.000829071561149,9.99900009999e-05,0,10000,0.000999900009999,0.000999900009999
per-metric family,Amazon / primary / target_margin / joint_regret_primary,10,MC Shapley,Random control,1000,-0.00159002473473,9.99900009999e-05,0,10000,0.000999900009999,0.000999900009999
per-metric family,Amazon / primary / target_margin / joint_regret_primary,10,LIME,LOO,1000,-1.38437206202e-05,9.99900009999e-05,0,10000,0.000999900009999,0.000999900009999
per-metric family,Amazon / primary / target_margin / joint_regret_primary,10,LIME,Greedy seq. del.,1000,-0.000837748167838,9.99900009999e-05,0,10000,0.000999900009999,0.000999900009999
per-metric family,Amazon / primary / target_margin / joint_regret_primary,10,LIME,Random control,1000,-0.00159870134142,9.99900009999e-05,0,10000,0.000999900009999,0.000999900009999
per-metric family,Amazon / primary / target_margin / joint_regret_primary,10,LOO,Greedy seq. del.,1000,-0.000823904447218,9.99900009999e-05,0,10000,0.000999900009999,0.000999900009999
per-metric family,Amazon / primary / target_margin / joint_regret_primary,10,LOO,Random control,1000,-0.0015848576208,9.99900009999e-05,0,10000,0.000999900009999,0.000999900009999
per-metric family,Amazon / primary / target_margin / joint_regret_primary,10,Greedy seq. del.,Random control,1000,-0.000760953173582,9.99900009999e-05,0,10000,0.000999900009999,0.000999900009999
per-metric family,Amazon / primary / target_margin / normalized_regret_ndcg,10,MC Shapley,LIME,196,0.00861643989032,0.630436956304,6304,10000,0.630436956304,0.630436956304
per-metric family,Amazon / primary / target_margin / normalized_regret_ndcg,10,MC Shapley,LOO,196,-0.0263690055116,0.229477052295,2294,10000,0.45895410459,0.45895410459
per-metric family,Amazon / primary / target_margin / normalized_regret_ndcg,10,MC Shapley,Greedy seq. del.,196,-0.577556665349,9.99900009999e-05,0,10000,0.000999900009999,0.000999900009999
per-metric family,Amazon / primary / target_margin / normalized_regret_ndcg,10,MC Shapley,Random control,196,-0.991034113899,9.99900009999e-05,0,10000,0.000999900009999,0.000999900009999
per-metric family,Amazon / primary / target_margin / normalized_regret_ndcg,10,LIME,LOO,196,-0.0349854454019,0.00889911008899,88,10000,0.026697330267,0.026697330267
per-metric family,Amazon / primary / target_margin / normalized_regret_ndcg,10,LIME,Greedy seq. del.,196,-0.586173105239,9.99900009999e-05,0,10000,0.000999900009999,0.000999900009999
per-metric family,Amazon / primary / target_margin / normalized_regret_ndcg,10,LIME,Random control,196,-0.999650553789,9.99900009999e-05,0,10000,0.000999900009999,0.000999900009999
per-metric family,Amazon / primary / target_margin / normalized_regret_ndcg,10,LOO,Greedy seq. del.,196,-0.551187659837,9.99900009999e-05,0,10000,0.000999900009999,0.000999900009999
per-metric family,Amazon / primary / target_margin / normalized_regret_ndcg,10,LOO,Random control,196,-0.964665108387,9.99900009999e-05,0,10000,0.000999900009999,0.000999900009999
per-metric family,Amazon / primary / target_margin / normalized_regret_ndcg,10,Greedy seq. del.,Random control,196,-0.41347744855,9.99900009999e-05,0,10000,0.000999900009999,0.000999900009999
per-metric family,Amazon / primary / target_margin / normalized_regret_primary,10,MC Shapley,LIME,987,0.0107821892582,0.430656934307,4306,10000,0.861313868613,0.861313868613
per-metric family,Amazon / primary / target_margin / normalized_regret_primary,10,MC Shapley,LOO,987,-0.00776829875957,0.590940905909,5909,10000,0.861313868613,0.861313868613
per-metric family,Amazon / primary / target_margin / normalized_regret_primary,10,MC Shapley,Greedy seq. del.,987,-0.99011325948,9.99900009999e-05,0,10000,0.000999900009999,0.000999900009999
per-metric family,Amazon / primary / target_margin / normalized_regret_primary,10,MC Shapley,Random control,987,-1.05100396659,9.99900009999e-05,0,10000,0.000999900009999,0.000999900009999
per-metric family,Amazon / primary / target_margin / normalized_regret_primary,10,LIME,LOO,987,-0.0185504880178,9.99900009999e-05,0,10000,0.000999900009999,0.000999900009999
per-metric family,Amazon / primary / target_margin / normalized_regret_primary,10,LIME,Greedy seq. del.,987,-1.00089544874,9.99900009999e-05,0,10000,0.000999900009999,0.000999900009999
per-metric family,Amazon / primary / target_margin / normalized_regret_primary,10,LIME,Random control,987,-1.06178615585,9.99900009999e-05,0,10000,0.000999900009999,0.000999900009999
per-metric family,Amazon / primary / target_margin / normalized_regret_primary,10,LOO,Greedy seq. del.,987,-0.982344960721,9.99900009999e-05,0,10000,0.000999900009999,0.000999900009999
per-metric family,Amazon / primary / target_margin / normalized_regret_primary,10,LOO,Random control,987,-1.04323566783,9.99900009999e-05,0,10000,0.000999900009999,0.000999900009999
per-metric family,Amazon / primary / target_margin / normalized_regret_primary,10,Greedy seq. del.,Random control,987,-0.0608907071072,0.236476352365,2364,10000,0.709429057094,0.709429057094
per-metric family,Amazon / primary / target_margin / signed_alignment,10,MC Shapley,LIME,993,-0.093872064987,9.99900009999e-05,0,10000,0.000999900009999,0.000999900009999
per-metric family,Amazon / primary / target_margin / signed_alignment,10,MC Shapley,LOO,993,-0.11108481152,9.99900009999e-05,0,10000,0.000999900009999,0.000999900009999
per-metric family,Amazon / primary / target_margin / signed_alignment,10,MC Shapley,Greedy seq. del.,993,0.746351106218,9.99900009999e-05,0,10000,0.000999900009999,0.000999900009999
per-metric family,Amazon / primary / target_margin / signed_alignment,10,MC Shapley,Random control,993,0.845831514859,9.99900009999e-05,0,10000,0.000999900009999,0.000999900009999
per-metric family,Amazon / primary / target_margin / signed_alignment,10,LIME,LOO,993,-0.0172127465331,9.99900009999e-05,0,10000,0.000999900009999,0.000999900009999
per-metric family,Amazon / primary / target_margin / signed_alignment,10,LIME,Greedy seq. del.,993,0.840223171206,9.99900009999e-05,0,10000,0.000999900009999,0.000999900009999
per-metric family,Amazon / primary / target_margin / signed_alignment,10,LIME,Random control,993,0.939703579846,9.99900009999e-05,0,10000,0.000999900009999,0.000999900009999
per-metric family,Amazon / primary / target_margin / signed_alignment,10,LOO,Greedy seq. del.,993,0.857435917739,9.99900009999e-05,0,10000,0.000999900009999,0.000999900009999
per-metric family,Amazon / primary / target_margin / signed_alignment,10,LOO,Random control,993,0.956916326379,9.99900009999e-05,0,10000,0.000999900009999,0.000999900009999
per-metric family,Amazon / primary / target_margin / signed_alignment,10,Greedy seq. del.,Random control,993,0.0994804086403,9.99900009999e-05,0,10000,0.000999900009999,0.000999900009999
per-metric family,Amazon / primary / target_margin / signed_alignment_ndcg,10,MC Shapley,LIME,233,-0.00966726397478,0.264673532647,2646,10000,0.79102089791,0.79102089791
per-metric family,Amazon / primary / target_margin / signed_alignment_ndcg,10,MC Shapley,LOO,233,-0.0104163429474,0.263673632637,2636,10000,0.79102089791,0.79102089791
per-metric family,Amazon / primary / target_margin / signed_alignment_ndcg,10,MC Shapley,Greedy seq. del.,233,0.324962835032,9.99900009999e-05,0,10000,0.000999900009999,0.000999900009999
per-metric family,Amazon / primary / target_margin / signed_alignment_ndcg,10,MC Shapley,Random control,233,0.694308606818,9.99900009999e-05,0,10000,0.000999900009999,0.000999900009999
per-metric family,Amazon / primary / target_margin / signed_alignment_ndcg,10,LIME,LOO,233,-0.000749078972613,0.812818718128,8128,10000,0.812818718128,0.812818718128
per-metric family,Amazon / primary / target_margin / signed_alignment_ndcg,10,LIME,Greedy seq. del.,233,0.334630099007,9.99900009999e-05,0,10000,0.000999900009999,0.000999900009999
per-metric family,Amazon / primary / target_margin / signed_alignment_ndcg,10,LIME,Random control,233,0.703975870793,9.99900009999e-05,0,10000,0.000999900009999,0.000999900009999
per-metric family,Amazon / primary / target_margin / signed_alignment_ndcg,10,LOO,Greedy seq. del.,233,0.335379177979,9.99900009999e-05,0,10000,0.000999900009999,0.000999900009999
per-metric family,Amazon / primary / target_margin / signed_alignment_ndcg,10,LOO,Random control,233,0.704724949766,9.99900009999e-05,0,10000,0.000999900009999,0.000999900009999
per-metric family,Amazon / primary / target_margin / signed_alignment_ndcg,10,Greedy seq. del.,Random control,233,0.369345771786,9.99900009999e-05,0,10000,0.000999900009999,0.000999900009999
per-metric family,Amazon / primary / target_margin / top1_precision,10,MC Shapley,LIME,1000,-0.0658,9.99900009999e-05,0,10000,0.000999900009999,0.000999900009999
per-metric family,Amazon / primary / target_margin / top1_precision,10,MC Shapley,LOO,1000,-0.0622,9.99900009999e-05,0,10000,0.000999900009999,0.000999900009999
per-metric family,Amazon / primary / target_margin / top1_precision,10,MC Shapley,Greedy seq. del.,1000,0.6208,9.99900009999e-05,0,10000,0.000999900009999,0.000999900009999
per-metric family,Amazon / primary / target_margin / top1_precision,10,MC Shapley,Random control,1000,0.5716,9.99900009999e-05,0,10000,0.000999900009999,0.000999900009999
per-metric family,Amazon / primary / target_margin / top1_precision,10,LIME,LOO,1000,0.0036,0.619738026197,6197,10000,0.619738026197,0.619738026197
per-metric family,Amazon / primary / target_margin / top1_precision,10,LIME,Greedy seq. del.,1000,0.6866,9.99900009999e-05,0,10000,0.000999900009999,0.000999900009999
per-metric family,Amazon / primary / target_margin / top1_precision,10,LIME,Random control,1000,0.6374,9.99900009999e-05,0,10000,0.000999900009999,0.000999900009999
per-metric family,Amazon / primary / target_margin / top1_precision,10,LOO,Greedy seq. del.,1000,0.683,9.99900009999e-05,0,10000,0.000999900009999,0.000999900009999
per-metric family,Amazon / primary / target_margin / top1_precision,10,LOO,Random control,1000,0.6338,9.99900009999e-05,0,10000,0.000999900009999,0.000999900009999
per-metric family,Amazon / primary / target_margin / top1_precision,10,Greedy seq. del.,Random control,1000,-0.0492,9.99900009999e-05,0,10000,0.000999900009999,0.000999900009999
per-metric family,Amazon / primary / target_margin / top3_precision,10,MC Shapley,LIME,1000,0.00626666666667,0.340165983402,3401,10000,1,1
per-metric family,Amazon / primary / target_margin / top3_precision,10,MC Shapley,LOO,1000,0.0064,0.389661033897,3896,10000,1,1
per-metric family,Amazon / primary / target_margin / top3_precision,10,MC Shapley,Greedy seq. del.,1000,0.2414,9.99900009999e-05,0,10000,0.000999900009999,0.000999900009999
per-metric family,Amazon / primary / target_margin / top3_precision,10,MC Shapley,Random control,1000,0.325866666667,9.99900009999e-05,0,10000,0.000999900009999,0.000999900009999
per-metric family,Amazon / primary / target_margin / top3_precision,10,LIME,LOO,1000,0.000133333333333,0.985301469853,9853,10000,1,1
per-metric family,Amazon / primary / target_margin / top3_precision,10,LIME,Greedy seq. del.,1000,0.235133333333,9.99900009999e-05,0,10000,0.000999900009999,0.000999900009999
per-metric family,Amazon / primary / target_margin / top3_precision,10,LIME,Random control,1000,0.3196,9.99900009999e-05,0,10000,0.000999900009999,0.000999900009999
per-metric family,Amazon / primary / target_margin / top3_precision,10,LOO,Greedy seq. del.,1000,0.235,9.99900009999e-05,0,10000,0.000999900009999,0.000999900009999
per-metric family,Amazon / primary / target_margin / top3_precision,10,LOO,Random control,1000,0.319466666667,9.99900009999e-05,0,10000,0.000999900009999,0.000999900009999
per-metric family,Amazon / primary / target_margin / top3_precision,10,Greedy seq. del.,Random control,1000,0.0844666666667,9.99900009999e-05,0,10000,0.000999900009999,0.000999900009999
per-metric family,Amazon / primary / target_margin / top5_precision,10,MC Shapley,LIME,1000,0.03565,9.99900009999e-05,0,10000,0.000999900009999,0.000999900009999
per-metric family,Amazon / primary / target_margin / top5_precision,10,MC Shapley,LOO,1000,0.0272533333333,9.99900009999e-05,0,10000,0.000999900009999,0.000999900009999
per-metric family,Amazon / primary / target_margin / top5_precision,10,MC Shapley,Greedy seq. del.,1000,0.12722,9.99900009999e-05,0,10000,0.000999900009999,0.000999900009999
per-metric family,Amazon / primary / target_margin / top5_precision,10,MC Shapley,Random control,1000,0.255313333333,9.99900009999e-05,0,10000,0.000999900009999,0.000999900009999
per-metric family,Amazon / primary / target_margin / top5_precision,10,LIME,LOO,1000,-0.00839666666667,0.00299970003,29,10000,0.00299970003,0.00299970003
per-metric family,Amazon / primary / target_margin / top5_precision,10,LIME,Greedy seq. del.,1000,0.09157,9.99900009999e-05,0,10000,0.000999900009999,0.000999900009999
per-metric family,Amazon / primary / target_margin / top5_precision,10,LIME,Random control,1000,0.219663333333,9.99900009999e-05,0,10000,0.000999900009999,0.000999900009999
per-metric family,Amazon / primary / target_margin / top5_precision,10,LOO,Greedy seq. del.,1000,0.0999666666667,9.99900009999e-05,0,10000,0.000999900009999,0.000999900009999
per-metric family,Amazon / primary / target_margin / top5_precision,10,LOO,Random control,1000,0.22806,9.99900009999e-05,0,10000,0.000999900009999,0.000999900009999
per-metric family,Amazon / primary / target_margin / top5_precision,10,Greedy seq. del.,Random control,1000,0.128093333333,9.99900009999e-05,0,10000,0.000999900009999,0.000999900009999
per-metric family,MovieLens / full_catalogue / target_margin / abstention,10,MC Shapley,LIME,250,0,1,10000,10000,1,1
per-metric family,MovieLens / full_catalogue / target_margin / abstention,10,MC Shapley,LOO,250,0,1,10000,10000,1,1
per-metric family,MovieLens / full_catalogue / target_margin / abstention,10,MC Shapley,Greedy seq. del.,250,0,1,10000,10000,1,1
per-metric family,MovieLens / full_catalogue / target_margin / abstention,10,MC Shapley,Random control,250,-0.0008,1,10000,10000,1,1
per-metric family,MovieLens / full_catalogue / target_margin / abstention,10,LIME,LOO,250,0,1,10000,10000,1,1
per-metric family,MovieLens / full_catalogue / target_margin / abstention,10,LIME,Greedy seq. del.,250,0,1,10000,10000,1,1
per-metric family,MovieLens / full_catalogue / target_margin / abstention,10,LIME,Random control,250,-0.0008,1,10000,10000,1,1
per-metric family,MovieLens / full_catalogue / target_margin / abstention,10,LOO,Greedy seq. del.,250,0,1,10000,10000,1,1
per-metric family,MovieLens / full_catalogue / target_margin / abstention,10,LOO,Random control,250,-0.0008,1,10000,10000,1,1
per-metric family,MovieLens / full_catalogue / target_margin / abstention,10,Greedy seq. del.,Random control,250,-0.0008,1,10000,10000,1,1
per-metric family,MovieLens / full_catalogue / target_margin / actionability_gap,10,MC Shapley,LIME,250,0.0769684111309,9.99900009999e-05,0,10000,0.000999900009999,0.000999900009999
per-metric family,MovieLens / full_catalogue / target_margin / actionability_gap,10,MC Shapley,LOO,250,0.0858437364181,9.99900009999e-05,0,10000,0.000999900009999,0.000999900009999
per-metric family,MovieLens / full_catalogue / target_margin / actionability_gap,10,MC Shapley,Greedy seq. del.,250,0.0463831182023,9.99900009999e-05,0,10000,0.000999900009999,0.000999900009999
per-metric family,MovieLens / full_catalogue / target_margin / actionability_gap,10,MC Shapley,Random control,250,0.0431881304662,9.99900009999e-05,0,10000,0.000999900009999,0.000999900009999
per-metric family,MovieLens / full_catalogue / target_margin / actionability_gap,10,LIME,LOO,250,0.00887532528723,9.99900009999e-05,0,10000,0.000999900009999,0.000999900009999
per-metric family,MovieLens / full_catalogue / target_margin / actionability_gap,10,LIME,Greedy seq. del.,250,-0.0305852929286,9.99900009999e-05,0,10000,0.000999900009999,0.000999900009999
per-metric family,MovieLens / full_catalogue / target_margin / actionability_gap,10,LIME,Random control,250,-0.0337802806646,9.99900009999e-05,0,10000,0.000999900009999,0.000999900009999
per-metric family,MovieLens / full_catalogue / target_margin / actionability_gap,10,LOO,Greedy seq. del.,250,-0.0394606182158,9.99900009999e-05,0,10000,0.000999900009999,0.000999900009999
per-metric family,MovieLens / full_catalogue / target_margin / actionability_gap,10,LOO,Random control,250,-0.0426556059518,9.99900009999e-05,0,10000,0.000999900009999,0.000999900009999
per-metric family,MovieLens / full_catalogue / target_margin / actionability_gap,10,Greedy seq. del.,Random control,250,-0.00319498773601,0.554144585541,5541,10000,0.554144585541,0.554144585541
per-metric family,MovieLens / full_catalogue / target_margin / aia,10,MC Shapley,LIME,250,-0.274339347755,9.99900009999e-05,0,10000,0.000999900009999,0.000999900009999
per-metric family,MovieLens / full_catalogue / target_margin / aia,10,MC Shapley,LOO,250,-0.339913455066,9.99900009999e-05,0,10000,0.000999900009999,0.000999900009999
per-metric family,MovieLens / full_catalogue / target_margin / aia,10,MC Shapley,Greedy seq. del.,250,0.236163977255,9.99900009999e-05,0,10000,0.000999900009999,0.000999900009999
per-metric family,MovieLens / full_catalogue / target_margin / aia,10,MC Shapley,Random control,250,0.614115903685,9.99900009999e-05,0,10000,0.000999900009999,0.000999900009999
per-metric family,MovieLens / full_catalogue / target_margin / aia,10,LIME,LOO,250,-0.065574107311,9.99900009999e-05,0,10000,0.000999900009999,0.000999900009999
per-metric family,MovieLens / full_catalogue / target_margin / aia,10,LIME,Greedy seq. del.,250,0.510503325011,9.99900009999e-05,0,10000,0.000999900009999,0.000999900009999
per-metric family,MovieLens / full_catalogue / target_margin / aia,10,LIME,Random control,250,0.88845525144,9.99900009999e-05,0,10000,0.000999900009999,0.000999900009999
per-metric family,MovieLens / full_catalogue / target_margin / aia,10,LOO,Greedy seq. del.,250,0.576077432322,9.99900009999e-05,0,10000,0.000999900009999,0.000999900009999
per-metric family,MovieLens / full_catalogue / target_margin / aia,10,LOO,Random control,250,0.954029358751,9.99900009999e-05,0,10000,0.000999900009999,0.000999900009999
per-metric family,MovieLens / full_catalogue / target_margin / aia,10,Greedy seq. del.,Random control,250,0.377951926429,9.99900009999e-05,0,10000,0.000999900009999,0.000999900009999
per-metric family,MovieLens / full_catalogue / target_margin / aia_ndcg,10,MC Shapley,LIME,18,-0.123180178062,0.0610938906109,610,10000,0.122187781222,0.122187781222
per-metric family,MovieLens / full_catalogue / target_margin / aia_ndcg,10,MC Shapley,LOO,18,-0.182737099892,0.028797120288,287,10000,0.0863913608639,0.0863913608639
per-metric family,MovieLens / full_catalogue / target_margin / aia_ndcg,10,MC Shapley,Greedy seq. del.,18,0.0656583878537,0.534346565343,5343,10000,0.534346565343,0.534346565343
per-metric family,MovieLens / full_catalogue / target_margin / aia_ndcg,10,MC Shapley,Random control,18,0.323235806615,0.003499650035,34,10000,0.02099790021,0.02099790021
per-metric family,MovieLens / full_catalogue / target_margin / aia_ndcg,10,LIME,LOO,18,-0.05955692183,0.014098590141,140,10000,0.0563943605639,0.0563943605639
per-metric family,MovieLens / full_catalogue / target_margin / aia_ndcg,10,LIME,Greedy seq. del.,18,0.188838565916,0.00949905009499,94,10000,0.047495250475,0.047495250475
per-metric family,MovieLens / full_catalogue / target_margin / aia_ndcg,10,LIME,Random control,18,0.446415984677,9.99900009999e-05,0,10000,0.000999900009999,0.000999900009999
per-metric family,MovieLens / full_catalogue / target_margin / aia_ndcg,10,LOO,Greedy seq. del.,18,0.248395487746,0.001899810019,18,10000,0.013298670133,0.013298670133
per-metric family,MovieLens / full_catalogue / target_margin / aia_ndcg,10,LOO,Random control,18,0.505972906507,9.99900009999e-05,0,10000,0.000999900009999,0.000999900009999
per-metric family,MovieLens / full_catalogue / target_margin / aia_ndcg,10,Greedy seq. del.,Random control,18,0.257577418761,0.000299970003,2,10000,0.002399760024,0.002399760024
per-metric family,MovieLens / full_catalogue / target_margin / direction_accuracy,10,MC Shapley,LIME,250,-0.119257190848,9.99900009999e-05,0,10000,0.000999900009999,0.000999900009999
per-metric family,MovieLens / full_catalogue / target_margin / direction_accuracy,10,MC Shapley,LOO,250,-0.144232010363,9.99900009999e-05,0,10000,0.000999900009999,0.000999900009999
per-metric family,MovieLens / full_catalogue / target_margin / direction_accuracy,10,MC Shapley,Greedy seq. del.,250,0.197960541409,9.99900009999e-05,0,10000,0.000999900009999,0.000999900009999
per-metric family,MovieLens / full_catalogue / target_margin / direction_accuracy,10,MC Shapley,Random control,250,0.340037090422,9.99900009999e-05,0,10000,0.000999900009999,0.000999900009999
per-metric family,MovieLens / full_catalogue / target_margin / direction_accuracy,10,LIME,LOO,250,-0.0249748195149,9.99900009999e-05,0,10000,0.000999900009999,0.000999900009999
per-metric family,MovieLens / full_catalogue / target_margin / direction_accuracy,10,LIME,Greedy seq. del.,250,0.317217732257,9.99900009999e-05,0,10000,0.000999900009999,0.000999900009999
per-metric family,MovieLens / full_catalogue / target_margin / direction_accuracy,10,LIME,Random control,250,0.459294281271,9.99900009999e-05,0,10000,0.000999900009999,0.000999900009999
per-metric family,MovieLens / full_catalogue / target_margin / direction_accuracy,10,LOO,Greedy seq. del.,250,0.342192551772,9.99900009999e-05,0,10000,0.000999900009999,0.000999900009999
per-metric family,MovieLens / full_catalogue / target_margin / direction_accuracy,10,LOO,Random control,250,0.484269100786,9.99900009999e-05,0,10000,0.000999900009999,0.000999900009999
per-metric family,MovieLens / full_catalogue / target_margin / direction_accuracy,10,Greedy seq. del.,Random control,250,0.142076549013,9.99900009999e-05,0,10000,0.000999900009999,0.000999900009999
per-metric family,MovieLens / full_catalogue / target_margin / direction_accuracy_ndcg,10,MC Shapley,LIME,18,-0.0316402116402,0.184181581842,1841,10000,0.368363163684,0.368363163684
per-metric family,MovieLens / full_catalogue / target_margin / direction_accuracy_ndcg,10,MC Shapley,LOO,18,-0.0412698412698,0.122087791221,1220,10000,0.366263373663,0.366263373663
per-metric family,MovieLens / full_catalogue / target_margin / direction_accuracy_ndcg,10,MC Shapley,Greedy seq. del.,18,0.155254930255,0.041795820418,417,10000,0.167183281672,0.167183281672
per-metric family,MovieLens / full_catalogue / target_margin / direction_accuracy_ndcg,10,MC Shapley,Random control,18,0.419500962001,9.99900009999e-05,0,10000,0.000999900009999,0.000999900009999
per-metric family,MovieLens / full_catalogue / target_margin / direction_accuracy_ndcg,10,LIME,LOO,18,-0.00962962962963,0.379462053795,3794,10000,0.379462053795,0.379462053795
per-metric family,MovieLens / full_catalogue / target_margin / direction_accuracy_ndcg,10,LIME,Greedy seq. del.,18,0.186895141895,0.00519948005199,51,10000,0.02599740026,0.02599740026
per-metric family,MovieLens / full_catalogue / target_margin / direction_accuracy_ndcg,10,LIME,Random control,18,0.451141173641,0.000199980002,1,10000,0.001599840016,0.001599840016
per-metric family,MovieLens / full_catalogue / target_margin / direction_accuracy_ndcg,10,LOO,Greedy seq. del.,18,0.196524771525,0.002199780022,21,10000,0.013198680132,0.013198680132
per-metric family,MovieLens / full_catalogue / target_margin / direction_accuracy_ndcg,10,LOO,Random control,18,0.460770803271,9.99900009999e-05,0,10000,0.000999900009999,0.000999900009999
per-metric family,MovieLens / full_catalogue / target_margin / direction_accuracy_ndcg,10,Greedy seq. del.,Random control,18,0.264246031746,0.000599940005999,5,10000,0.004199580042,0.004199580042
per-metric family,MovieLens / full_catalogue / target_margin / faithfulness_alignment,10,MC Shapley,LIME,250,-0.351307758886,9.99900009999e-05,0,10000,0.000999900009999,0.000999900009999
per-metric family,MovieLens / full_catalogue / target_margin / faithfulness_alignment,10,MC Shapley,LOO,250,-0.425757191485,9.99900009999e-05,0,10000,0.000999900009999,0.000999900009999
per-metric family,MovieLens / full_catalogue / target_margin / faithfulness_alignment,10,MC Shapley,Greedy seq. del.,250,0.189780859053,9.99900009999e-05,0,10000,0.000999900009999,0.000999900009999
per-metric family,MovieLens / full_catalogue / target_margin / faithfulness_alignment,10,MC Shapley,Random control,250,0.570927773219,9.99900009999e-05,0,10000,0.000999900009999,0.000999900009999
per-metric family,MovieLens / full_catalogue / target_margin / faithfulness_alignment,10,LIME,LOO,250,-0.0744494325983,9.99900009999e-05,0,10000,0.000999900009999,0.000999900009999
per-metric family,MovieLens / full_catalogue / target_margin / faithfulness_alignment,10,LIME,Greedy seq. del.,250,0.54108861794,9.99900009999e-05,0,10000,0.000999900009999,0.000999900009999
per-metric family,MovieLens / full_catalogue / target_margin / faithfulness_alignment,10,LIME,Random control,250,0.922235532105,9.99900009999e-05,0,10000,0.000999900009999,0.000999900009999
per-metric family,MovieLens / full_catalogue / target_margin / faithfulness_alignment,10,LOO,Greedy seq. del.,250,0.615538050538,9.99900009999e-05,0,10000,0.000999900009999,0.000999900009999
per-metric family,MovieLens / full_catalogue / target_margin / faithfulness_alignment,10,LOO,Random control,250,0.996684964703,9.99900009999e-05,0,10000,0.000999900009999,0.000999900009999
per-metric family,MovieLens / full_catalogue / target_margin / faithfulness_alignment,10,Greedy seq. del.,Random control,250,0.381146914165,9.99900009999e-05,0,10000,0.000999900009999,0.000999900009999
per-metric family,MovieLens / full_catalogue / target_margin / intervention_success,10,MC Shapley,LIME,250,-0.0136,0.0604939506049,604,10000,0.178182181782,0.178182181782
per-metric family,MovieLens / full_catalogue / target_margin / intervention_success,10,MC Shapley,LOO,250,-0.0136,0.0593940605939,593,10000,0.178182181782,0.178182181782
per-metric family,MovieLens / full_catalogue / target_margin / intervention_success,10,MC Shapley,Greedy seq. del.,250,0.4504,9.99900009999e-05,0,10000,0.000999900009999,0.000999900009999
per-metric family,MovieLens / full_catalogue / target_margin / intervention_success,10,MC Shapley,Random control,250,0.5304,9.99900009999e-05,0,10000,0.000999900009999,0.000999900009999
per-metric family,MovieLens / full_catalogue / target_margin / intervention_success,10,LIME,LOO,250,0,1,10000,10000,1,1
per-metric family,MovieLens / full_catalogue / target_margin / intervention_success,10,LIME,Greedy seq. del.,250,0.464,9.99900009999e-05,0,10000,0.000999900009999,0.000999900009999
per-metric family,MovieLens / full_catalogue / target_margin / intervention_success,10,LIME,Random control,250,0.544,9.99900009999e-05,0,10000,0.000999900009999,0.000999900009999
per-metric family,MovieLens / full_catalogue / target_margin / intervention_success,10,LOO,Greedy seq. del.,250,0.464,9.99900009999e-05,0,10000,0.000999900009999,0.000999900009999
per-metric family,MovieLens / full_catalogue / target_margin / intervention_success,10,LOO,Random control,250,0.544,9.99900009999e-05,0,10000,0.000999900009999,0.000999900009999
per-metric family,MovieLens / full_catalogue / target_margin / intervention_success,10,Greedy seq. del.,Random control,250,0.08,0.026597340266,265,10000,0.106389361064,0.106389361064
per-metric family,MovieLens / full_catalogue / target_margin / intervention_success_ndcg,10,MC Shapley,LIME,250,-0.0048,0.638336166383,6383,10000,1,1
per-metric family,MovieLens / full_catalogue / target_margin / intervention_success_ndcg,10,MC Shapley,LOO,250,-0.0048,0.62603739626,6260,10000,1,1
per-metric family,MovieLens / full_catalogue / target_margin / intervention_success_ndcg,10,MC Shapley,Greedy seq. del.,250,0.0232,0.0699930006999,699,10000,0.2799720028,0.2799720028
per-metric family,MovieLens / full_catalogue / target_margin / intervention_success_ndcg,10,MC Shapley,Random control,250,0.0464,9.99900009999e-05,0,10000,0.000999900009999,0.000999900009999
per-metric family,MovieLens / full_catalogue / target_margin / intervention_success_ndcg,10,LIME,LOO,250,0,1,10000,10000,1,1
per-metric family,MovieLens / full_catalogue / target_margin / intervention_success_ndcg,10,LIME,Greedy seq. del.,250,0.028,0.017398260174,173,10000,0.104389561044,0.104389561044
per-metric family,MovieLens / full_catalogue / target_margin / intervention_success_ndcg,10,LIME,Random control,250,0.0512,9.99900009999e-05,0,10000,0.000999900009999,0.000999900009999
per-metric family,MovieLens / full_catalogue / target_margin / intervention_success_ndcg,10,LOO,Greedy seq. del.,250,0.028,0.017698230177,176,10000,0.104389561044,0.104389561044
per-metric family,MovieLens / full_catalogue / target_margin / intervention_success_ndcg,10,LOO,Random control,250,0.0512,9.99900009999e-05,0,10000,0.000999900009999,0.000999900009999
per-metric family,MovieLens / full_catalogue / target_margin / intervention_success_ndcg,10,Greedy seq. del.,Random control,250,0.0232,0.013398660134,133,10000,0.0937906209379,0.0937906209379
per-metric family,MovieLens / full_catalogue / target_margin / joint_effect_ndcg,10,MC Shapley,LIME,250,-0.00293564894584,0.125487451255,1254,10000,0.376462353765,0.376462353765
per-metric family,MovieLens / full_catalogue / target_margin / joint_effect_ndcg,10,MC Shapley,LOO,250,-0.00275028745667,0.213778622138,2137,10000,0.427557244276,0.427557244276
per-metric family,MovieLens / full_catalogue / target_margin / joint_effect_ndcg,10,MC Shapley,Greedy seq. del.,250,0.00695752995136,0.043795620438,437,10000,0.178482151785,0.178482151785
per-metric family,MovieLens / full_catalogue / target_margin / joint_effect_ndcg,10,MC Shapley,Random control,250,0.0120109588764,0.002899710029,28,10000,0.017398260174,0.017398260174
per-metric family,MovieLens / full_catalogue / target_margin / joint_effect_ndcg,10,LIME,LOO,250,0.000185361489174,1,10000,10000,1,1
per-metric family,MovieLens / full_catalogue / target_margin / joint_effect_ndcg,10,LIME,Greedy seq. del.,250,0.00989317889721,0.000499950005,4,10000,0.003499650035,0.003499650035
per-metric family,MovieLens / full_catalogue / target_margin / joint_effect_ndcg,10,LIME,Random control,250,0.0149466078222,9.99900009999e-05,0,10000,0.000999900009999,0.000999900009999
per-metric family,MovieLens / full_catalogue / target_margin / joint_effect_ndcg,10,LOO,Greedy seq. del.,250,0.00970781740803,0.000399960004,3,10000,0.003199680032,0.003199680032
per-metric family,MovieLens / full_catalogue / target_margin / joint_effect_ndcg,10,LOO,Random control,250,0.014761246333,9.99900009999e-05,0,10000,0.000999900009999,0.000999900009999
per-metric family,MovieLens / full_catalogue / target_margin / joint_effect_ndcg,10,Greedy seq. del.,Random control,250,0.005053428925,0.035696430357,356,10000,0.178482151785,0.178482151785
per-metric family,MovieLens / full_catalogue / target_margin / joint_effect_primary,10,MC Shapley,LIME,250,-0.000129798852085,9.99900009999e-05,0,10000,0.000999900009999,0.000999900009999
per-metric family,MovieLens / full_catalogue / target_margin / joint_effect_primary,10,MC Shapley,LOO,250,-0.0001272512127,9.99900009999e-05,0,10000,0.000999900009999,0.000999900009999
per-metric family,MovieLens / full_catalogue / target_margin / joint_effect_primary,10,MC Shapley,Greedy seq. del.,250,0.00265560587558,9.99900009999e-05,0,10000,0.000999900009999,0.000999900009999
per-metric family,MovieLens / full_catalogue / target_margin / joint_effect_primary,10,MC Shapley,Random control,250,0.00278403815972,9.99900009999e-05,0,10000,0.000999900009999,0.000999900009999
per-metric family,MovieLens / full_catalogue / target_margin / joint_effect_primary,10,LIME,LOO,250,2.54763938525e-06,1,10000,10000,1,1
per-metric family,MovieLens / full_catalogue / target_margin / joint_effect_primary,10,LIME,Greedy seq. del.,250,0.00278540472767,9.99900009999e-05,0,10000,0.000999900009999,0.000999900009999
per-metric family,MovieLens / full_catalogue / target_margin / joint_effect_primary,10,LIME,Random control,250,0.0029138370118,9.99900009999e-05,0,10000,0.000999900009999,0.000999900009999
per-metric family,MovieLens / full_catalogue / target_margin / joint_effect_primary,10,LOO,Greedy seq. del.,250,0.00278285708828,9.99900009999e-05,0,10000,0.000999900009999,0.000999900009999
per-metric family,MovieLens / full_catalogue / target_margin / joint_effect_primary,10,LOO,Random control,250,0.00291128937241,9.99900009999e-05,0,10000,0.000999900009999,0.000999900009999
per-metric family,MovieLens / full_catalogue / target_margin / joint_effect_primary,10,Greedy seq. del.,Random control,250,0.000128432284134,0.25197480252,2519,10000,0.503949605039,0.503949605039
per-metric family,MovieLens / full_catalogue / target_margin / joint_effect_target_margin,10,MC Shapley,LIME,250,-0.000129798852085,9.99900009999e-05,0,10000,0.000999900009999,0.000999900009999
per-metric family,MovieLens / full_catalogue / target_margin / joint_effect_target_margin,10,MC Shapley,LOO,250,-0.0001272512127,9.99900009999e-05,0,10000,0.000999900009999,0.000999900009999
per-metric family,MovieLens / full_catalogue / target_margin / joint_effect_target_margin,10,MC Shapley,Greedy seq. del.,250,0.00265560587558,9.99900009999e-05,0,10000,0.000999900009999,0.000999900009999
per-metric family,MovieLens / full_catalogue / target_margin / joint_effect_target_margin,10,MC Shapley,Random control,250,0.00278403815972,9.99900009999e-05,0,10000,0.000999900009999,0.000999900009999
per-metric family,MovieLens / full_catalogue / target_margin / joint_effect_target_margin,10,LIME,LOO,250,2.54763938525e-06,1,10000,10000,1,1
per-metric family,MovieLens / full_catalogue / target_margin / joint_effect_target_margin,10,LIME,Greedy seq. del.,250,0.00278540472767,9.99900009999e-05,0,10000,0.000999900009999,0.000999900009999
per-metric family,MovieLens / full_catalogue / target_margin / joint_effect_target_margin,10,LIME,Random control,250,0.0029138370118,9.99900009999e-05,0,10000,0.000999900009999,0.000999900009999
per-metric family,MovieLens / full_catalogue / target_margin / joint_effect_target_margin,10,LOO,Greedy seq. del.,250,0.00278285708828,9.99900009999e-05,0,10000,0.000999900009999,0.000999900009999
per-metric family,MovieLens / full_catalogue / target_margin / joint_effect_target_margin,10,LOO,Random control,250,0.00291128937241,9.99900009999e-05,0,10000,0.000999900009999,0.000999900009999
per-metric family,MovieLens / full_catalogue / target_margin / joint_effect_target_margin,10,Greedy seq. del.,Random control,250,0.000128432284134,0.260173982602,2601,10000,0.520347965203,0.520347965203
per-metric family,MovieLens / full_catalogue / target_margin / joint_regret_ndcg,10,MC Shapley,LIME,250,0.00293564894584,0.125687431257,1256,10000,0.377062293771,0.377062293771
per-metric family,MovieLens / full_catalogue / target_margin / joint_regret_ndcg,10,MC Shapley,LOO,250,0.00275028745667,0.211878812119,2118,10000,0.423757624238,0.423757624238
per-metric family,MovieLens / full_catalogue / target_margin / joint_regret_ndcg,10,MC Shapley,Greedy seq. del.,250,-0.00695752995136,0.045895410459,458,10000,0.183581641836,0.183581641836
per-metric family,MovieLens / full_catalogue / target_margin / joint_regret_ndcg,10,MC Shapley,Random control,250,-0.0120109588764,0.001199880012,11,10000,0.00719928007199,0.00719928007199
per-metric family,MovieLens / full_catalogue / target_margin / joint_regret_ndcg,10,LIME,LOO,250,-0.000185361489174,1,10000,10000,1,1
per-metric family,MovieLens / full_catalogue / target_margin / joint_regret_ndcg,10,LIME,Greedy seq. del.,250,-0.00989317889721,0.000499950005,4,10000,0.003499650035,0.003499650035
per-metric family,MovieLens / full_catalogue / target_margin / joint_regret_ndcg,10,LIME,Random control,250,-0.0149466078222,9.99900009999e-05,0,10000,0.000999900009999,0.000999900009999
per-metric family,MovieLens / full_catalogue / target_margin / joint_regret_ndcg,10,LOO,Greedy seq. del.,250,-0.00970781740803,0.000299970003,2,10000,0.002399760024,0.002399760024
per-metric family,MovieLens / full_catalogue / target_margin / joint_regret_ndcg,10,LOO,Random control,250,-0.014761246333,9.99900009999e-05,0,10000,0.000999900009999,0.000999900009999
per-metric family,MovieLens / full_catalogue / target_margin / joint_regret_ndcg,10,Greedy seq. del.,Random control,250,-0.005053428925,0.033096690331,330,10000,0.165483451655,0.165483451655
per-metric family,MovieLens / full_catalogue / target_margin / joint_regret_primary,10,MC Shapley,LIME,250,0.000129798852085,9.99900009999e-05,0,10000,0.000999900009999,0.000999900009999
per-metric family,MovieLens / full_catalogue / target_margin / joint_regret_primary,10,MC Shapley,LOO,250,0.0001272512127,9.99900009999e-05,0,10000,0.000999900009999,0.000999900009999
per-metric family,MovieLens / full_catalogue / target_margin / joint_regret_primary,10,MC Shapley,Greedy seq. del.,250,-0.00265560587558,9.99900009999e-05,0,10000,0.000999900009999,0.000999900009999
per-metric family,MovieLens / full_catalogue / target_margin / joint_regret_primary,10,MC Shapley,Random control,250,-0.00278403815972,9.99900009999e-05,0,10000,0.000999900009999,0.000999900009999
per-metric family,MovieLens / full_catalogue / target_margin / joint_regret_primary,10,LIME,LOO,250,-2.54763938525e-06,1,10000,10000,1,1
per-metric family,MovieLens / full_catalogue / target_margin / joint_regret_primary,10,LIME,Greedy seq. del.,250,-0.00278540472767,9.99900009999e-05,0,10000,0.000999900009999,0.000999900009999
per-metric family,MovieLens / full_catalogue / target_margin / joint_regret_primary,10,LIME,Random control,250,-0.0029138370118,9.99900009999e-05,0,10000,0.000999900009999,0.000999900009999
per-metric family,MovieLens / full_catalogue / target_margin / joint_regret_primary,10,LOO,Greedy seq. del.,250,-0.00278285708828,9.99900009999e-05,0,10000,0.000999900009999,0.000999900009999
per-metric family,MovieLens / full_catalogue / target_margin / joint_regret_primary,10,LOO,Random control,250,-0.00291128937241,9.99900009999e-05,0,10000,0.000999900009999,0.000999900009999
per-metric family,MovieLens / full_catalogue / target_margin / joint_regret_primary,10,Greedy seq. del.,Random control,250,-0.000128432284134,0.246775322468,2467,10000,0.493550644936,0.493550644936
per-metric family,MovieLens / full_catalogue / target_margin / normalized_regret_ndcg,10,MC Shapley,LIME,20,0.0829073875471,0.434756524348,4347,10000,1,1
per-metric family,MovieLens / full_catalogue / target_margin / normalized_regret_ndcg,10,MC Shapley,LOO,20,0.0771825188588,0.437256274373,4372,10000,1,1
per-metric family,MovieLens / full_catalogue / target_margin / normalized_regret_ndcg,10,MC Shapley,Greedy seq. del.,20,-0.328387915989,0.00989901009899,98,10000,0.044495550445,0.044495550445
per-metric family,MovieLens / full_catalogue / target_margin / normalized_regret_ndcg,10,MC Shapley,Random control,20,-0.953000968243,0.000199980002,1,10000,0.001599840016,0.001599840016
per-metric family,MovieLens / full_catalogue / target_margin / normalized_regret_ndcg,10,LIME,LOO,20,-0.00572486868832,1,10000,10000,1,1
per-metric family,MovieLens / full_catalogue / target_margin / normalized_regret_ndcg,10,LIME,Greedy seq. del.,20,-0.411295303536,0.001199880012,11,10000,0.00719928007199,0.00719928007199
per-metric family,MovieLens / full_catalogue / target_margin / normalized_regret_ndcg,10,LIME,Random control,20,-1.03590835579,9.99900009999e-05,0,10000,0.000999900009999,0.000999900009999
per-metric family,MovieLens / full_catalogue / target_margin / normalized_regret_ndcg,10,LOO,Greedy seq. del.,20,-0.405570434848,0.000899910008999,8,10000,0.00629937006299,0.00629937006299
per-metric family,MovieLens / full_catalogue / target_margin / normalized_regret_ndcg,10,LOO,Random control,20,-1.0301834871,9.99900009999e-05,0,10000,0.000999900009999,0.000999900009999
per-metric family,MovieLens / full_catalogue / target_margin / normalized_regret_ndcg,10,Greedy seq. del.,Random control,20,-0.624613052255,0.00889911008899,88,10000,0.044495550445,0.044495550445
per-metric family,MovieLens / full_catalogue / target_margin / normalized_regret_primary,10,MC Shapley,LIME,250,0.0703214872503,9.99900009999e-05,0,10000,0.000999900009999,0.000999900009999
per-metric family,MovieLens / full_catalogue / target_margin / normalized_regret_primary,10,MC Shapley,LOO,250,0.0813503374768,9.99900009999e-05,0,10000,0.000999900009999,0.000999900009999
per-metric family,MovieLens / full_catalogue / target_margin / normalized_regret_primary,10,MC Shapley,Greedy seq. del.,250,-0.94134337147,9.99900009999e-05,0,10000,0.000999900009999,0.000999900009999
per-metric family,MovieLens / full_catalogue / target_margin / normalized_regret_primary,10,MC Shapley,Random control,250,-0.956146517918,9.99900009999e-05,0,10000,0.000999900009999,0.000999900009999
per-metric family,MovieLens / full_catalogue / target_margin / normalized_regret_primary,10,LIME,LOO,250,0.0110288502265,0.001899810019,18,10000,0.003799620038,0.003799620038
per-metric family,MovieLens / full_catalogue / target_margin / normalized_regret_primary,10,LIME,Greedy seq. del.,250,-1.01166485872,9.99900009999e-05,0,10000,0.000999900009999,0.000999900009999
per-metric family,MovieLens / full_catalogue / target_margin / normalized_regret_primary,10,LIME,Random control,250,-1.02646800517,9.99900009999e-05,0,10000,0.000999900009999,0.000999900009999
per-metric family,MovieLens / full_catalogue / target_margin / normalized_regret_primary,10,LOO,Greedy seq. del.,250,-1.02269370895,9.99900009999e-05,0,10000,0.000999900009999,0.000999900009999
per-metric family,MovieLens / full_catalogue / target_margin / normalized_regret_primary,10,LOO,Random control,250,-1.03749685539,9.99900009999e-05,0,10000,0.000999900009999,0.000999900009999
per-metric family,MovieLens / full_catalogue / target_margin / normalized_regret_primary,10,Greedy seq. del.,Random control,250,-0.0148031464482,0.682131786821,6821,10000,0.682131786821,0.682131786821
per-metric family,MovieLens / full_catalogue / target_margin / signed_alignment,10,MC Shapley,LIME,250,-0.085982665573,9.99900009999e-05,0,10000,0.000999900009999,0.000999900009999
per-metric family,MovieLens / full_catalogue / target_margin / signed_alignment,10,MC Shapley,LOO,250,-0.110600456889,9.99900009999e-05,0,10000,0.000999900009999,0.000999900009999
per-metric family,MovieLens / full_catalogue / target_margin / signed_alignment,10,MC Shapley,Greedy seq. del.,250,0.424325346549,9.99900009999e-05,0,10000,0.000999900009999,0.000999900009999
per-metric family,MovieLens / full_catalogue / target_margin / signed_alignment,10,MC Shapley,Random control,250,0.882102649407,9.99900009999e-05,0,10000,0.000999900009999,0.000999900009999
per-metric family,MovieLens / full_catalogue / target_margin / signed_alignment,10,LIME,LOO,250,-0.0246177913163,9.99900009999e-05,0,10000,0.000999900009999,0.000999900009999
per-metric family,MovieLens / full_catalogue / target_margin / signed_alignment,10,LIME,Greedy seq. del.,250,0.510308012122,9.99900009999e-05,0,10000,0.000999900009999,0.000999900009999
per-metric family,MovieLens / full_catalogue / target_margin / signed_alignment,10,LIME,Random control,250,0.96808531498,9.99900009999e-05,0,10000,0.000999900009999,0.000999900009999
per-metric family,MovieLens / full_catalogue / target_margin / signed_alignment,10,LOO,Greedy seq. del.,250,0.534925803438,9.99900009999e-05,0,10000,0.000999900009999,0.000999900009999
per-metric family,MovieLens / full_catalogue / target_margin / signed_alignment,10,LOO,Random control,250,0.992703106296,9.99900009999e-05,0,10000,0.000999900009999,0.000999900009999
per-metric family,MovieLens / full_catalogue / target_margin / signed_alignment,10,Greedy seq. del.,Random control,250,0.457777302858,9.99900009999e-05,0,10000,0.000999900009999,0.000999900009999
per-metric family,MovieLens / full_catalogue / target_margin / signed_alignment_ndcg,10,MC Shapley,LIME,18,-0.0510971427235,0.024797520248,247,10000,0.0530946905309,0.0530946905309
per-metric family,MovieLens / full_catalogue / target_margin / signed_alignment_ndcg,10,MC Shapley,LOO,18,-0.0781096062508,0.017698230177,176,10000,0.0530946905309,0.0530946905309
per-metric family,MovieLens / full_catalogue / target_margin / signed_alignment_ndcg,10,MC Shapley,Greedy seq. del.,18,0.349382056395,0.000299970003,2,10000,0.001499850015,0.001499850015
per-metric family,MovieLens / full_catalogue / target_margin / signed_alignment_ndcg,10,MC Shapley,Random control,18,0.654271319313,9.99900009999e-05,0,10000,0.000999900009999,0.000999900009999
per-metric family,MovieLens / full_catalogue / target_margin / signed_alignment_ndcg,10,LIME,LOO,18,-0.0270124635272,0.0812918708129,812,10000,0.0812918708129,0.0812918708129
per-metric family,MovieLens / full_catalogue / target_margin / signed_alignment_ndcg,10,LIME,Greedy seq. del.,18,0.400479199119,9.99900009999e-05,0,10000,0.000999900009999,0.000999900009999
per-metric family,MovieLens / full_catalogue / target_margin / signed_alignment_ndcg,10,LIME,Random control,18,0.705368462037,0.000199980002,1,10000,0.001199880012,0.001199880012
per-metric family,MovieLens / full_catalogue / target_margin / signed_alignment_ndcg,10,LOO,Greedy seq. del.,18,0.427491662646,9.99900009999e-05,0,10000,0.000999900009999,0.000999900009999
per-metric family,MovieLens / full_catalogue / target_margin / signed_alignment_ndcg,10,LOO,Random control,18,0.732380925564,9.99900009999e-05,0,10000,0.000999900009999,0.000999900009999
per-metric family,MovieLens / full_catalogue / target_margin / signed_alignment_ndcg,10,Greedy seq. del.,Random control,18,0.304889262918,0.001099890011,10,10000,0.004399560044,0.004399560044
per-metric family,MovieLens / full_catalogue / target_margin / top1_precision,10,MC Shapley,LIME,250,-0.208,9.99900009999e-05,0,10000,0.000999900009999,0.000999900009999
per-metric family,MovieLens / full_catalogue / target_margin / top1_precision,10,MC Shapley,LOO,250,-0.2936,9.99900009999e-05,0,10000,0.000999900009999,0.000999900009999
per-metric family,MovieLens / full_catalogue / target_margin / top1_precision,10,MC Shapley,Greedy seq. del.,250,0.5504,9.99900009999e-05,0,10000,0.000999900009999,0.000999900009999
per-metric family,MovieLens / full_catalogue / target_margin / top1_precision,10,MC Shapley,Random control,250,0.596,9.99900009999e-05,0,10000,0.000999900009999,0.000999900009999
per-metric family,MovieLens / full_catalogue / target_margin / top1_precision,10,LIME,LOO,250,-0.0856,9.99900009999e-05,0,10000,0.000999900009999,0.000999900009999
per-metric family,MovieLens / full_catalogue / target_margin / top1_precision,10,LIME,Greedy seq. del.,250,0.7584,9.99900009999e-05,0,10000,0.000999900009999,0.000999900009999
per-metric family,MovieLens / full_catalogue / target_margin / top1_precision,10,LIME,Random control,250,0.804,9.99900009999e-05,0,10000,0.000999900009999,0.000999900009999
per-metric family,MovieLens / full_catalogue / target_margin / top1_precision,10,LOO,Greedy seq. del.,250,0.844,9.99900009999e-05,0,10000,0.000999900009999,0.000999900009999
per-metric family,MovieLens / full_catalogue / target_margin / top1_precision,10,LOO,Random control,250,0.8896,9.99900009999e-05,0,10000,0.000999900009999,0.000999900009999
per-metric family,MovieLens / full_catalogue / target_margin / top1_precision,10,Greedy seq. del.,Random control,250,0.0456,0.025397460254,253,10000,0.025397460254,0.025397460254
per-metric family,MovieLens / full_catalogue / target_margin / top3_precision,10,MC Shapley,LIME,250,-0.129866666667,9.99900009999e-05,0,10000,0.000999900009999,0.000999900009999
per-metric family,MovieLens / full_catalogue / target_margin / top3_precision,10,MC Shapley,LOO,250,-0.1744,9.99900009999e-05,0,10000,0.000999900009999,0.000999900009999
per-metric family,MovieLens / full_catalogue / target_margin / top3_precision,10,MC Shapley,Greedy seq. del.,250,0.338933333333,9.99900009999e-05,0,10000,0.000999900009999,0.000999900009999
per-metric family,MovieLens / full_catalogue / target_margin / top3_precision,10,MC Shapley,Random control,250,0.616,9.99900009999e-05,0,10000,0.000999900009999,0.000999900009999
per-metric family,MovieLens / full_catalogue / target_margin / top3_precision,10,LIME,LOO,250,-0.0445333333333,9.99900009999e-05,0,10000,0.000999900009999,0.000999900009999
per-metric family,MovieLens / full_catalogue / target_margin / top3_precision,10,LIME,Greedy seq. del.,250,0.4688,9.99900009999e-05,0,10000,0.000999900009999,0.000999900009999
per-metric family,MovieLens / full_catalogue / target_margin / top3_precision,10,LIME,Random control,250,0.745866666667,9.99900009999e-05,0,10000,0.000999900009999,0.000999900009999
per-metric family,MovieLens / full_catalogue / target_margin / top3_precision,10,LOO,Greedy seq. del.,250,0.513333333333,9.99900009999e-05,0,10000,0.000999900009999,0.000999900009999
per-metric family,MovieLens / full_catalogue / target_margin / top3_precision,10,LOO,Random control,250,0.7904,9.99900009999e-05,0,10000,0.000999900009999,0.000999900009999
per-metric family,MovieLens / full_catalogue / target_margin / top3_precision,10,Greedy seq. del.,Random control,250,0.277066666667,9.99900009999e-05,0,10000,0.000999900009999,0.000999900009999
per-metric family,MovieLens / full_catalogue / target_margin / top5_precision,10,MC Shapley,LIME,250,-0.104853333333,9.99900009999e-05,0,10000,0.000999900009999,0.000999900009999
per-metric family,MovieLens / full_catalogue / target_margin / top5_precision,10,MC Shapley,LOO,250,-0.142666666667,9.99900009999e-05,0,10000,0.000999900009999,0.000999900009999
per-metric family,MovieLens / full_catalogue / target_margin / top5_precision,10,MC Shapley,Greedy seq. del.,250,0.269333333333,9.99900009999e-05,0,10000,0.000999900009999,0.000999900009999
per-metric family,MovieLens / full_catalogue / target_margin / top5_precision,10,MC Shapley,Random control,250,0.55424,9.99900009999e-05,0,10000,0.000999900009999,0.000999900009999
per-metric family,MovieLens / full_catalogue / target_margin / top5_precision,10,LIME,LOO,250,-0.0378133333333,9.99900009999e-05,0,10000,0.000999900009999,0.000999900009999
per-metric family,MovieLens / full_catalogue / target_margin / top5_precision,10,LIME,Greedy seq. del.,250,0.374186666667,9.99900009999e-05,0,10000,0.000999900009999,0.000999900009999
per-metric family,MovieLens / full_catalogue / target_margin / top5_precision,10,LIME,Random control,250,0.659093333333,9.99900009999e-05,0,10000,0.000999900009999,0.000999900009999
per-metric family,MovieLens / full_catalogue / target_margin / top5_precision,10,LOO,Greedy seq. del.,250,0.412,9.99900009999e-05,0,10000,0.000999900009999,0.000999900009999
per-metric family,MovieLens / full_catalogue / target_margin / top5_precision,10,LOO,Random control,250,0.696906666667,9.99900009999e-05,0,10000,0.000999900009999,0.000999900009999
per-metric family,MovieLens / full_catalogue / target_margin / top5_precision,10,Greedy seq. del.,Random control,250,0.284906666667,9.99900009999e-05,0,10000,0.000999900009999,0.000999900009999
per-metric family,MovieLens / utility-ndcg / ndcg / abstention,10,MC Shapley,LIME,250,-0.0808,9.99900009999e-05,0,10000,0.000999900009999,0.000999900009999
per-metric family,MovieLens / utility-ndcg / ndcg / abstention,10,MC Shapley,LOO,250,-0.552,9.99900009999e-05,0,10000,0.000999900009999,0.000999900009999
per-metric family,MovieLens / utility-ndcg / ndcg / abstention,10,MC Shapley,Greedy seq. del.,250,-0.232,9.99900009999e-05,0,10000,0.000999900009999,0.000999900009999
per-metric family,MovieLens / utility-ndcg / ndcg / abstention,10,MC Shapley,Random control,250,0.0872,9.99900009999e-05,0,10000,0.000999900009999,0.000999900009999
per-metric family,MovieLens / utility-ndcg / ndcg / abstention,10,LIME,LOO,250,-0.4712,9.99900009999e-05,0,10000,0.000999900009999,0.000999900009999
per-metric family,MovieLens / utility-ndcg / ndcg / abstention,10,LIME,Greedy seq. del.,250,-0.1512,9.99900009999e-05,0,10000,0.000999900009999,0.000999900009999
per-metric family,MovieLens / utility-ndcg / ndcg / abstention,10,LIME,Random control,250,0.168,9.99900009999e-05,0,10000,0.000999900009999,0.000999900009999
per-metric family,MovieLens / utility-ndcg / ndcg / abstention,10,LOO,Greedy seq. del.,250,0.32,9.99900009999e-05,0,10000,0.000999900009999,0.000999900009999
per-metric family,MovieLens / utility-ndcg / ndcg / abstention,10,LOO,Random control,250,0.6392,9.99900009999e-05,0,10000,0.000999900009999,0.000999900009999
per-metric family,MovieLens / utility-ndcg / ndcg / abstention,10,Greedy seq. del.,Random control,250,0.3192,9.99900009999e-05,0,10000,0.000999900009999,0.000999900009999
per-metric family,MovieLens / utility-ndcg / ndcg / actionability_gap,10,MC Shapley,LIME,86,0.0252996301959,0.0537946205379,537,10000,0.0617938206179,0.0617938206179
per-metric family,MovieLens / utility-ndcg / ndcg / actionability_gap,10,MC Shapley,LOO,86,0.177173346008,9.99900009999e-05,0,10000,0.000999900009999,0.000999900009999
per-metric family,MovieLens / utility-ndcg / ndcg / actionability_gap,10,MC Shapley,Greedy seq. del.,86,-0.0609792322507,0.030896910309,308,10000,0.0617938206179,0.0617938206179
per-metric family,MovieLens / utility-ndcg / ndcg / actionability_gap,10,MC Shapley,Random control,86,-0.128523606874,9.99900009999e-05,0,10000,0.000999900009999,0.000999900009999
per-metric family,MovieLens / utility-ndcg / ndcg / actionability_gap,10,LIME,LOO,86,0.151873715812,9.99900009999e-05,0,10000,0.000999900009999,0.000999900009999
per-metric family,MovieLens / utility-ndcg / ndcg / actionability_gap,10,LIME,Greedy seq. del.,86,-0.0862788624465,0.000699930006999,6,10000,0.002799720028,0.002799720028
per-metric family,MovieLens / utility-ndcg / ndcg / actionability_gap,10,LIME,Random control,86,-0.15382323707,9.99900009999e-05,0,10000,0.000999900009999,0.000999900009999
per-metric family,MovieLens / utility-ndcg / ndcg / actionability_gap,10,LOO,Greedy seq. del.,86,-0.238152578259,9.99900009999e-05,0,10000,0.000999900009999,0.000999900009999
per-metric family,MovieLens / utility-ndcg / ndcg / actionability_gap,10,LOO,Random control,86,-0.305696952882,9.99900009999e-05,0,10000,0.000999900009999,0.000999900009999
per-metric family,MovieLens / utility-ndcg / ndcg / actionability_gap,10,Greedy seq. del.,Random control,86,-0.0675443746236,0.002099790021,20,10000,0.00629937006299,0.00629937006299
per-metric family,MovieLens / utility-ndcg / ndcg / aia,10,MC Shapley,LIME,86,-0.0559308844744,0.000699930006999,6,10000,0.001399860014,0.001399860014
per-metric family,MovieLens / utility-ndcg / ndcg / aia,10,MC Shapley,LOO,86,-0.317404123216,9.99900009999e-05,0,10000,0.000999900009999,0.000999900009999
per-metric family,MovieLens / utility-ndcg / ndcg / aia,10,MC Shapley,Greedy seq. del.,86,0.0935749205098,0.00639936006399,63,10000,0.00639936006399,0.00639936006399
per-metric family,MovieLens / utility-ndcg / ndcg / aia,10,MC Shapley,Random control,86,0.384741477697,9.99900009999e-05,0,10000,0.000999900009999,0.000999900009999
per-metric family,MovieLens / utility-ndcg / ndcg / aia,10,LIME,LOO,86,-0.261473238741,9.99900009999e-05,0,10000,0.000999900009999,0.000999900009999
per-metric family,MovieLens / utility-ndcg / ndcg / aia,10,LIME,Greedy seq. del.,86,0.149505804984,9.99900009999e-05,0,10000,0.000999900009999,0.000999900009999
per-metric family,MovieLens / utility-ndcg / ndcg / aia,10,LIME,Random control,86,0.440672362171,9.99900009999e-05,0,10000,0.000999900009999,0.000999900009999
per-metric family,MovieLens / utility-ndcg / ndcg / aia,10,LOO,Greedy seq. del.,86,0.410979043725,9.99900009999e-05,0,10000,0.000999900009999,0.000999900009999
per-metric family,MovieLens / utility-ndcg / ndcg / aia,10,LOO,Random control,86,0.702145600912,9.99900009999e-05,0,10000,0.000999900009999,0.000999900009999
per-metric family,MovieLens / utility-ndcg / ndcg / aia,10,Greedy seq. del.,Random control,86,0.291166557187,9.99900009999e-05,0,10000,0.000999900009999,0.000999900009999
per-metric family,MovieLens / utility-ndcg / ndcg / aia_ndcg,10,MC Shapley,LIME,86,-0.0559308844744,0.000599940005999,5,10000,0.001199880012,0.001199880012
per-metric family,MovieLens / utility-ndcg / ndcg / aia_ndcg,10,MC Shapley,LOO,86,-0.317404123216,9.99900009999e-05,0,10000,0.000999900009999,0.000999900009999
per-metric family,MovieLens / utility-ndcg / ndcg / aia_ndcg,10,MC Shapley,Greedy seq. del.,86,0.0935749205098,0.00659934006599,65,10000,0.00659934006599,0.00659934006599
per-metric family,MovieLens / utility-ndcg / ndcg / aia_ndcg,10,MC Shapley,Random control,86,0.384741477697,9.99900009999e-05,0,10000,0.000999900009999,0.000999900009999
per-metric family,MovieLens / utility-ndcg / ndcg / aia_ndcg,10,LIME,LOO,86,-0.261473238741,9.99900009999e-05,0,10000,0.000999900009999,0.000999900009999
per-metric family,MovieLens / utility-ndcg / ndcg / aia_ndcg,10,LIME,Greedy seq. del.,86,0.149505804984,9.99900009999e-05,0,10000,0.000999900009999,0.000999900009999
per-metric family,MovieLens / utility-ndcg / ndcg / aia_ndcg,10,LIME,Random control,86,0.440672362171,9.99900009999e-05,0,10000,0.000999900009999,0.000999900009999
per-metric family,MovieLens / utility-ndcg / ndcg / aia_ndcg,10,LOO,Greedy seq. del.,86,0.410979043725,9.99900009999e-05,0,10000,0.000999900009999,0.000999900009999
per-metric family,MovieLens / utility-ndcg / ndcg / aia_ndcg,10,LOO,Random control,86,0.702145600912,9.99900009999e-05,0,10000,0.000999900009999,0.000999900009999
per-metric family,MovieLens / utility-ndcg / ndcg / aia_ndcg,10,Greedy seq. del.,Random control,86,0.291166557187,9.99900009999e-05,0,10000,0.000999900009999,0.000999900009999
per-metric family,MovieLens / utility-ndcg / ndcg / direction_accuracy,10,MC Shapley,LIME,86,-0.0134915601195,0.26897310269,2689,10000,1,1
per-metric family,MovieLens / utility-ndcg / ndcg / direction_accuracy,10,MC Shapley,LOO,86,-0.00962532299742,0.499150084992,4991,10000,1,1
per-metric family,MovieLens / utility-ndcg / ndcg / direction_accuracy,10,MC Shapley,Greedy seq. del.,86,0.451388630749,9.99900009999e-05,0,10000,0.000999900009999,0.000999900009999
per-metric family,MovieLens / utility-ndcg / ndcg / direction_accuracy,10,MC Shapley,Random control,86,0.46671021485,9.99900009999e-05,0,10000,0.000999900009999,0.000999900009999
per-metric family,MovieLens / utility-ndcg / ndcg / direction_accuracy,10,LIME,LOO,86,0.00386623712205,0.660833916608,6608,10000,1,1
per-metric family,MovieLens / utility-ndcg / ndcg / direction_accuracy,10,LIME,Greedy seq. del.,86,0.464880190869,9.99900009999e-05,0,10000,0.000999900009999,0.000999900009999
per-metric family,MovieLens / utility-ndcg / ndcg / direction_accuracy,10,LIME,Random control,86,0.480201774969,9.99900009999e-05,0,10000,0.000999900009999,0.000999900009999
per-metric family,MovieLens / utility-ndcg / ndcg / direction_accuracy,10,LOO,Greedy seq. del.,86,0.461013953747,9.99900009999e-05,0,10000,0.000999900009999,0.000999900009999
per-metric family,MovieLens / utility-ndcg / ndcg / direction_accuracy,10,LOO,Random control,86,0.476335537847,9.99900009999e-05,0,10000,0.000999900009999,0.000999900009999
per-metric family,MovieLens / utility-ndcg / ndcg / direction_accuracy,10,Greedy seq. del.,Random control,86,0.0153215841007,0.661933806619,6619,10000,1,1
per-metric family,MovieLens / utility-ndcg / ndcg / direction_accuracy_ndcg,10,MC Shapley,LIME,86,-0.0134915601195,0.268573142686,2685,10000,1,1
per-metric family,MovieLens / utility-ndcg / ndcg / direction_accuracy_ndcg,10,MC Shapley,LOO,86,-0.00962532299742,0.496550344966,4965,10000,1,1
per-metric family,MovieLens / utility-ndcg / ndcg / direction_accuracy_ndcg,10,MC Shapley,Greedy seq. del.,86,0.451388630749,9.99900009999e-05,0,10000,0.000999900009999,0.000999900009999
per-metric family,MovieLens / utility-ndcg / ndcg / direction_accuracy_ndcg,10,MC Shapley,Random control,86,0.46671021485,9.99900009999e-05,0,10000,0.000999900009999,0.000999900009999
per-metric family,MovieLens / utility-ndcg / ndcg / direction_accuracy_ndcg,10,LIME,LOO,86,0.00386623712205,0.668933106689,6689,10000,1,1
per-metric family,MovieLens / utility-ndcg / ndcg / direction_accuracy_ndcg,10,LIME,Greedy seq. del.,86,0.464880190869,9.99900009999e-05,0,10000,0.000999900009999,0.000999900009999
per-metric family,MovieLens / utility-ndcg / ndcg / direction_accuracy_ndcg,10,LIME,Random control,86,0.480201774969,9.99900009999e-05,0,10000,0.000999900009999,0.000999900009999
per-metric family,MovieLens / utility-ndcg / ndcg / direction_accuracy_ndcg,10,LOO,Greedy seq. del.,86,0.461013953747,9.99900009999e-05,0,10000,0.000999900009999,0.000999900009999
per-metric family,MovieLens / utility-ndcg / ndcg / direction_accuracy_ndcg,10,LOO,Random control,86,0.476335537847,9.99900009999e-05,0,10000,0.000999900009999,0.000999900009999
per-metric family,MovieLens / utility-ndcg / ndcg / direction_accuracy_ndcg,10,Greedy seq. del.,Random control,86,0.0153215841007,0.660933906609,6609,10000,1,1
per-metric family,MovieLens / utility-ndcg / ndcg / faithfulness_alignment,10,MC Shapley,LIME,107,-0.0792147633614,9.99900009999e-05,0,10000,0.000999900009999,0.000999900009999
per-metric family,MovieLens / utility-ndcg / ndcg / faithfulness_alignment,10,MC Shapley,LOO,107,-0.503172146275,9.99900009999e-05,0,10000,0.000999900009999,0.000999900009999
per-metric family,MovieLens / utility-ndcg / ndcg / faithfulness_alignment,10,MC Shapley,Greedy seq. del.,107,0.159809100528,9.99900009999e-05,0,10000,0.000999900009999,0.000999900009999
per-metric family,MovieLens / utility-ndcg / ndcg / faithfulness_alignment,10,MC Shapley,Random control,107,0.49978306796,9.99900009999e-05,0,10000,0.000999900009999,0.000999900009999
per-metric family,MovieLens / utility-ndcg / ndcg / faithfulness_alignment,10,LIME,LOO,107,-0.423957382914,9.99900009999e-05,0,10000,0.000999900009999,0.000999900009999
per-metric family,MovieLens / utility-ndcg / ndcg / faithfulness_alignment,10,LIME,Greedy seq. del.,107,0.239023863889,9.99900009999e-05,0,10000,0.000999900009999,0.000999900009999
per-metric family,MovieLens / utility-ndcg / ndcg / faithfulness_alignment,10,LIME,Random control,107,0.578997831322,9.99900009999e-05,0,10000,0.000999900009999,0.000999900009999
per-metric family,MovieLens / utility-ndcg / ndcg / faithfulness_alignment,10,LOO,Greedy seq. del.,107,0.662981246803,9.99900009999e-05,0,10000,0.000999900009999,0.000999900009999
per-metric family,MovieLens / utility-ndcg / ndcg / faithfulness_alignment,10,LOO,Random control,107,1.00295521424,9.99900009999e-05,0,10000,0.000999900009999,0.000999900009999
per-metric family,MovieLens / utility-ndcg / ndcg / faithfulness_alignment,10,Greedy seq. del.,Random control,107,0.339973967432,9.99900009999e-05,0,10000,0.000999900009999,0.000999900009999
per-metric family,MovieLens / utility-ndcg / ndcg / intervention_success,10,MC Shapley,LIME,250,0,1,10000,10000,1,1
per-metric family,MovieLens / utility-ndcg / ndcg / intervention_success,10,MC Shapley,LOO,250,0.0088,0.508349165083,5083,10000,1,1
per-metric family,MovieLens / utility-ndcg / ndcg / intervention_success,10,MC Shapley,Greedy seq. del.,250,0.1488,9.99900009999e-05,0,10000,0.000999900009999,0.000999900009999
per-metric family,MovieLens / utility-ndcg / ndcg / intervention_success,10,MC Shapley,Random control,250,0.2448,9.99900009999e-05,0,10000,0.000999900009999,0.000999900009999
per-metric family,MovieLens / utility-ndcg / ndcg / intervention_success,10,LIME,LOO,250,0.0088,0.38696130387,3869,10000,1,1
per-metric family,MovieLens / utility-ndcg / ndcg / intervention_success,10,LIME,Greedy seq. del.,250,0.1488,9.99900009999e-05,0,10000,0.000999900009999,0.000999900009999
per-metric family,MovieLens / utility-ndcg / ndcg / intervention_success,10,LIME,Random control,250,0.2448,9.99900009999e-05,0,10000,0.000999900009999,0.000999900009999
per-metric family,MovieLens / utility-ndcg / ndcg / intervention_success,10,LOO,Greedy seq. del.,250,0.14,9.99900009999e-05,0,10000,0.000999900009999,0.000999900009999
per-metric family,MovieLens / utility-ndcg / ndcg / intervention_success,10,LOO,Random control,250,0.236,9.99900009999e-05,0,10000,0.000999900009999,0.000999900009999
per-metric family,MovieLens / utility-ndcg / ndcg / intervention_success,10,Greedy seq. del.,Random control,250,0.096,9.99900009999e-05,0,10000,0.000999900009999,0.000999900009999
per-metric family,MovieLens / utility-ndcg / ndcg / intervention_success_ndcg,10,MC Shapley,LIME,250,0,1,10000,10000,1,1
per-metric family,MovieLens / utility-ndcg / ndcg / intervention_success_ndcg,10,MC Shapley,LOO,250,0.0088,0.508749125087,5087,10000,1,1
per-metric family,MovieLens / utility-ndcg / ndcg / intervention_success_ndcg,10,MC Shapley,Greedy seq. del.,250,0.1488,9.99900009999e-05,0,10000,0.000999900009999,0.000999900009999
per-metric family,MovieLens / utility-ndcg / ndcg / intervention_success_ndcg,10,MC Shapley,Random control,250,0.2448,9.99900009999e-05,0,10000,0.000999900009999,0.000999900009999
per-metric family,MovieLens / utility-ndcg / ndcg / intervention_success_ndcg,10,LIME,LOO,250,0.0088,0.393760623938,3937,10000,1,1
per-metric family,MovieLens / utility-ndcg / ndcg / intervention_success_ndcg,10,LIME,Greedy seq. del.,250,0.1488,9.99900009999e-05,0,10000,0.000999900009999,0.000999900009999
per-metric family,MovieLens / utility-ndcg / ndcg / intervention_success_ndcg,10,LIME,Random control,250,0.2448,9.99900009999e-05,0,10000,0.000999900009999,0.000999900009999
per-metric family,MovieLens / utility-ndcg / ndcg / intervention_success_ndcg,10,LOO,Greedy seq. del.,250,0.14,9.99900009999e-05,0,10000,0.000999900009999,0.000999900009999
per-metric family,MovieLens / utility-ndcg / ndcg / intervention_success_ndcg,10,LOO,Random control,250,0.236,9.99900009999e-05,0,10000,0.000999900009999,0.000999900009999
per-metric family,MovieLens / utility-ndcg / ndcg / intervention_success_ndcg,10,Greedy seq. del.,Random control,250,0.096,9.99900009999e-05,0,10000,0.000999900009999,0.000999900009999
per-metric family,MovieLens / utility-ndcg / ndcg / joint_effect_ndcg,10,MC Shapley,LIME,250,1.34035385983e-05,0.993300669933,9933,10000,1,1
per-metric family,MovieLens / utility-ndcg / ndcg / joint_effect_ndcg,10,MC Shapley,LOO,250,0.00197365804135,0.605439456054,6054,10000,1,1
per-metric family,MovieLens / utility-ndcg / ndcg / joint_effect_ndcg,10,MC Shapley,Greedy seq. del.,250,0.0242869743479,9.99900009999e-05,0,10000,0.000999900009999,0.000999900009999
per-metric family,MovieLens / utility-ndcg / ndcg / joint_effect_ndcg,10,MC Shapley,Random control,250,0.053861763997,9.99900009999e-05,0,10000,0.000999900009999,0.000999900009999
per-metric family,MovieLens / utility-ndcg / ndcg / joint_effect_ndcg,10,LIME,LOO,250,0.00196025450276,0.472852714729,4728,10000,1,1
per-metric family,MovieLens / utility-ndcg / ndcg / joint_effect_ndcg,10,LIME,Greedy seq. del.,250,0.0242735708093,9.99900009999e-05,0,10000,0.000999900009999,0.000999900009999
per-metric family,MovieLens / utility-ndcg / ndcg / joint_effect_ndcg,10,LIME,Random control,250,0.0538483604584,9.99900009999e-05,0,10000,0.000999900009999,0.000999900009999
per-metric family,MovieLens / utility-ndcg / ndcg / joint_effect_ndcg,10,LOO,Greedy seq. del.,250,0.0223133163066,9.99900009999e-05,0,10000,0.000999900009999,0.000999900009999
per-metric family,MovieLens / utility-ndcg / ndcg / joint_effect_ndcg,10,LOO,Random control,250,0.0518881059557,9.99900009999e-05,0,10000,0.000999900009999,0.000999900009999
per-metric family,MovieLens / utility-ndcg / ndcg / joint_effect_ndcg,10,Greedy seq. del.,Random control,250,0.0295747896491,9.99900009999e-05,0,10000,0.000999900009999,0.000999900009999
per-metric family,MovieLens / utility-ndcg / ndcg / joint_effect_primary,10,MC Shapley,LIME,250,1.34035385983e-05,0.993500649935,9935,10000,1,1
per-metric family,MovieLens / utility-ndcg / ndcg / joint_effect_primary,10,MC Shapley,LOO,250,0.00197365804135,0.615338466153,6153,10000,1,1
per-metric family,MovieLens / utility-ndcg / ndcg / joint_effect_primary,10,MC Shapley,Greedy seq. del.,250,0.0242869743479,9.99900009999e-05,0,10000,0.000999900009999,0.000999900009999
per-metric family,MovieLens / utility-ndcg / ndcg / joint_effect_primary,10,MC Shapley,Random control,250,0.053861763997,9.99900009999e-05,0,10000,0.000999900009999,0.000999900009999
per-metric family,MovieLens / utility-ndcg / ndcg / joint_effect_primary,10,LIME,LOO,250,0.00196025450276,0.482351764824,4823,10000,1,1
per-metric family,MovieLens / utility-ndcg / ndcg / joint_effect_primary,10,LIME,Greedy seq. del.,250,0.0242735708093,9.99900009999e-05,0,10000,0.000999900009999,0.000999900009999
per-metric family,MovieLens / utility-ndcg / ndcg / joint_effect_primary,10,LIME,Random control,250,0.0538483604584,9.99900009999e-05,0,10000,0.000999900009999,0.000999900009999
per-metric family,MovieLens / utility-ndcg / ndcg / joint_effect_primary,10,LOO,Greedy seq. del.,250,0.0223133163066,9.99900009999e-05,0,10000,0.000999900009999,0.000999900009999
per-metric family,MovieLens / utility-ndcg / ndcg / joint_effect_primary,10,LOO,Random control,250,0.0518881059557,9.99900009999e-05,0,10000,0.000999900009999,0.000999900009999
per-metric family,MovieLens / utility-ndcg / ndcg / joint_effect_primary,10,Greedy seq. del.,Random control,250,0.0295747896491,9.99900009999e-05,0,10000,0.000999900009999,0.000999900009999
per-metric family,MovieLens / utility-ndcg / ndcg / joint_effect_target_margin,10,MC Shapley,LIME,250,0.000275988857861,9.99900009999e-05,0,10000,0.000999900009999,0.000999900009999
per-metric family,MovieLens / utility-ndcg / ndcg / joint_effect_target_margin,10,MC Shapley,LOO,250,0.00131711595617,9.99900009999e-05,0,10000,0.000999900009999,0.000999900009999
per-metric family,MovieLens / utility-ndcg / ndcg / joint_effect_target_margin,10,MC Shapley,Greedy seq. del.,250,0.00135773540384,9.99900009999e-05,0,10000,0.000999900009999,0.000999900009999
per-metric family,MovieLens / utility-ndcg / ndcg / joint_effect_target_margin,10,MC Shapley,Random control,250,0.00205891266563,9.99900009999e-05,0,10000,0.000999900009999,0.000999900009999
per-metric family,MovieLens / utility-ndcg / ndcg / joint_effect_target_margin,10,LIME,LOO,250,0.00104112709831,9.99900009999e-05,0,10000,0.000999900009999,0.000999900009999
per-metric family,MovieLens / utility-ndcg / ndcg / joint_effect_target_margin,10,LIME,Greedy seq. del.,250,0.00108174654598,9.99900009999e-05,0,10000,0.000999900009999,0.000999900009999
per-metric family,MovieLens / utility-ndcg / ndcg / joint_effect_target_margin,10,LIME,Random control,250,0.00178292380777,9.99900009999e-05,0,10000,0.000999900009999,0.000999900009999
per-metric family,MovieLens / utility-ndcg / ndcg / joint_effect_target_margin,10,LOO,Greedy seq. del.,250,4.06194476661e-05,0.542645735426,5426,10000,0.542645735426,0.542645735426
per-metric family,MovieLens / utility-ndcg / ndcg / joint_effect_target_margin,10,LOO,Random control,250,0.000741796709457,9.99900009999e-05,0,10000,0.000999900009999,0.000999900009999
per-metric family,MovieLens / utility-ndcg / ndcg / joint_effect_target_margin,10,Greedy seq. del.,Random control,250,0.000701177261791,9.99900009999e-05,0,10000,0.000999900009999,0.000999900009999
per-metric family,MovieLens / utility-ndcg / ndcg / joint_regret_ndcg,10,MC Shapley,LIME,250,-1.34035385983e-05,0.993800619938,9938,10000,1,1
per-metric family,MovieLens / utility-ndcg / ndcg / joint_regret_ndcg,10,MC Shapley,LOO,250,-0.00197365804135,0.614338566143,6143,10000,1,1
per-metric family,MovieLens / utility-ndcg / ndcg / joint_regret_ndcg,10,MC Shapley,Greedy seq. del.,250,-0.0242869743479,9.99900009999e-05,0,10000,0.000999900009999,0.000999900009999
per-metric family,MovieLens / utility-ndcg / ndcg / joint_regret_ndcg,10,MC Shapley,Random control,250,-0.053861763997,9.99900009999e-05,0,10000,0.000999900009999,0.000999900009999
per-metric family,MovieLens / utility-ndcg / ndcg / joint_regret_ndcg,10,LIME,LOO,250,-0.00196025450276,0.482051794821,4820,10000,1,1
per-metric family,MovieLens / utility-ndcg / ndcg / joint_regret_ndcg,10,LIME,Greedy seq. del.,250,-0.0242735708093,9.99900009999e-05,0,10000,0.000999900009999,0.000999900009999
per-metric family,MovieLens / utility-ndcg / ndcg / joint_regret_ndcg,10,LIME,Random control,250,-0.0538483604584,9.99900009999e-05,0,10000,0.000999900009999,0.000999900009999
per-metric family,MovieLens / utility-ndcg / ndcg / joint_regret_ndcg,10,LOO,Greedy seq. del.,250,-0.0223133163066,9.99900009999e-05,0,10000,0.000999900009999,0.000999900009999
per-metric family,MovieLens / utility-ndcg / ndcg / joint_regret_ndcg,10,LOO,Random control,250,-0.0518881059557,9.99900009999e-05,0,10000,0.000999900009999,0.000999900009999
per-metric family,MovieLens / utility-ndcg / ndcg / joint_regret_ndcg,10,Greedy seq. del.,Random control,250,-0.0295747896491,9.99900009999e-05,0,10000,0.000999900009999,0.000999900009999
per-metric family,MovieLens / utility-ndcg / ndcg / joint_regret_primary,10,MC Shapley,LIME,250,-1.34035385983e-05,0.993700629937,9937,10000,1,1
per-metric family,MovieLens / utility-ndcg / ndcg / joint_regret_primary,10,MC Shapley,LOO,250,-0.00197365804135,0.611838816118,6118,10000,1,1
per-metric family,MovieLens / utility-ndcg / ndcg / joint_regret_primary,10,MC Shapley,Greedy seq. del.,250,-0.0242869743479,9.99900009999e-05,0,10000,0.000999900009999,0.000999900009999
per-metric family,MovieLens / utility-ndcg / ndcg / joint_regret_primary,10,MC Shapley,Random control,250,-0.053861763997,9.99900009999e-05,0,10000,0.000999900009999,0.000999900009999
per-metric family,MovieLens / utility-ndcg / ndcg / joint_regret_primary,10,LIME,LOO,250,-0.00196025450276,0.478152184782,4781,10000,1,1
per-metric family,MovieLens / utility-ndcg / ndcg / joint_regret_primary,10,LIME,Greedy seq. del.,250,-0.0242735708093,9.99900009999e-05,0,10000,0.000999900009999,0.000999900009999
per-metric family,MovieLens / utility-ndcg / ndcg / joint_regret_primary,10,LIME,Random control,250,-0.0538483604584,9.99900009999e-05,0,10000,0.000999900009999,0.000999900009999
per-metric family,MovieLens / utility-ndcg / ndcg / joint_regret_primary,10,LOO,Greedy seq. del.,250,-0.0223133163066,9.99900009999e-05,0,10000,0.000999900009999,0.000999900009999
per-metric family,MovieLens / utility-ndcg / ndcg / joint_regret_primary,10,LOO,Random control,250,-0.0518881059557,9.99900009999e-05,0,10000,0.000999900009999,0.000999900009999
per-metric family,MovieLens / utility-ndcg / ndcg / joint_regret_primary,10,Greedy seq. del.,Random control,250,-0.0295747896491,9.99900009999e-05,0,10000,0.000999900009999,0.000999900009999
per-metric family,MovieLens / utility-ndcg / ndcg / normalized_regret_ndcg,10,MC Shapley,LIME,85,-0.00380175624412,0.827417258274,8274,10000,1,1
per-metric family,MovieLens / utility-ndcg / ndcg / normalized_regret_ndcg,10,MC Shapley,LOO,85,-0.0123945091099,0.725527447255,7255,10000,1,1
per-metric family,MovieLens / utility-ndcg / ndcg / normalized_regret_ndcg,10,MC Shapley,Greedy seq. del.,85,-0.716972045935,9.99900009999e-05,0,10000,0.000999900009999,0.000999900009999
per-metric family,MovieLens / utility-ndcg / ndcg / normalized_regret_ndcg,10,MC Shapley,Random control,85,-1.09869652225,9.99900009999e-05,0,10000,0.000999900009999,0.000999900009999
per-metric family,MovieLens / utility-ndcg / ndcg / normalized_regret_ndcg,10,LIME,LOO,85,-0.00859275286577,0.764623537646,7646,10000,1,1
per-metric family,MovieLens / utility-ndcg / ndcg / normalized_regret_ndcg,10,LIME,Greedy seq. del.,85,-0.713170289691,9.99900009999e-05,0,10000,0.000999900009999,0.000999900009999
per-metric family,MovieLens / utility-ndcg / ndcg / normalized_regret_ndcg,10,LIME,Random control,85,-1.09489476601,9.99900009999e-05,0,10000,0.000999900009999,0.000999900009999
per-metric family,MovieLens / utility-ndcg / ndcg / normalized_regret_ndcg,10,LOO,Greedy seq. del.,85,-0.704577536825,9.99900009999e-05,0,10000,0.000999900009999,0.000999900009999
per-metric family,MovieLens / utility-ndcg / ndcg / normalized_regret_ndcg,10,LOO,Random control,85,-1.08630201314,9.99900009999e-05,0,10000,0.000999900009999,0.000999900009999
per-metric family,MovieLens / utility-ndcg / ndcg / normalized_regret_ndcg,10,Greedy seq. del.,Random control,85,-0.381724476314,0.0587941205879,587,10000,0.235176482352,0.235176482352
per-metric family,MovieLens / utility-ndcg / ndcg / normalized_regret_primary,10,MC Shapley,LIME,85,-0.00380175624412,0.825217478252,8252,10000,1,1
per-metric family,MovieLens / utility-ndcg / ndcg / normalized_regret_primary,10,MC Shapley,LOO,85,-0.0123945091099,0.728627137286,7286,10000,1,1
per-metric family,MovieLens / utility-ndcg / ndcg / normalized_regret_primary,10,MC Shapley,Greedy seq. del.,85,-0.716972045935,9.99900009999e-05,0,10000,0.000999900009999,0.000999900009999
per-metric family,MovieLens / utility-ndcg / ndcg / normalized_regret_primary,10,MC Shapley,Random control,85,-1.09869652225,9.99900009999e-05,0,10000,0.000999900009999,0.000999900009999
per-metric family,MovieLens / utility-ndcg / ndcg / normalized_regret_primary,10,LIME,LOO,85,-0.00859275286577,0.761123887611,7611,10000,1,1
per-metric family,MovieLens / utility-ndcg / ndcg / normalized_regret_primary,10,LIME,Greedy seq. del.,85,-0.713170289691,9.99900009999e-05,0,10000,0.000999900009999,0.000999900009999
per-metric family,MovieLens / utility-ndcg / ndcg / normalized_regret_primary,10,LIME,Random control,85,-1.09489476601,9.99900009999e-05,0,10000,0.000999900009999,0.000999900009999
per-metric family,MovieLens / utility-ndcg / ndcg / normalized_regret_primary,10,LOO,Greedy seq. del.,85,-0.704577536825,9.99900009999e-05,0,10000,0.000999900009999,0.000999900009999
per-metric family,MovieLens / utility-ndcg / ndcg / normalized_regret_primary,10,LOO,Random control,85,-1.08630201314,9.99900009999e-05,0,10000,0.000999900009999,0.000999900009999
per-metric family,MovieLens / utility-ndcg / ndcg / normalized_regret_primary,10,Greedy seq. del.,Random control,85,-0.381724476314,0.0638936106389,638,10000,0.255574442556,0.255574442556
per-metric family,MovieLens / utility-ndcg / ndcg / signed_alignment,10,MC Shapley,LIME,86,-0.0106998235408,0.120087991201,1200,10000,0.120087991201,0.120087991201
per-metric family,MovieLens / utility-ndcg / ndcg / signed_alignment,10,MC Shapley,LOO,86,-0.158552622287,9.99900009999e-05,0,10000,0.000999900009999,0.000999900009999
per-metric family,MovieLens / utility-ndcg / ndcg / signed_alignment,10,MC Shapley,Greedy seq. del.,86,0.170234984646,9.99900009999e-05,0,10000,0.000999900009999,0.000999900009999
per-metric family,MovieLens / utility-ndcg / ndcg / signed_alignment,10,MC Shapley,Random control,86,0.607207840213,9.99900009999e-05,0,10000,0.000999900009999,0.000999900009999
per-metric family,MovieLens / utility-ndcg / ndcg / signed_alignment,10,LIME,LOO,86,-0.147852798747,9.99900009999e-05,0,10000,0.000999900009999,0.000999900009999
per-metric family,MovieLens / utility-ndcg / ndcg / signed_alignment,10,LIME,Greedy seq. del.,86,0.180934808187,9.99900009999e-05,0,10000,0.000999900009999,0.000999900009999
per-metric family,MovieLens / utility-ndcg / ndcg / signed_alignment,10,LIME,Random control,86,0.617907663754,9.99900009999e-05,0,10000,0.000999900009999,0.000999900009999
per-metric family,MovieLens / utility-ndcg / ndcg / signed_alignment,10,LOO,Greedy seq. del.,86,0.328787606934,9.99900009999e-05,0,10000,0.000999900009999,0.000999900009999
per-metric family,MovieLens / utility-ndcg / ndcg / signed_alignment,10,LOO,Random control,86,0.7657604625,9.99900009999e-05,0,10000,0.000999900009999,0.000999900009999
per-metric family,MovieLens / utility-ndcg / ndcg / signed_alignment,10,Greedy seq. del.,Random control,86,0.436972855567,9.99900009999e-05,0,10000,0.000999900009999,0.000999900009999
per-metric family,MovieLens / utility-ndcg / ndcg / signed_alignment_ndcg,10,MC Shapley,LIME,86,-0.0106998235408,0.112788721128,1127,10000,0.112788721128,0.112788721128
per-metric family,MovieLens / utility-ndcg / ndcg / signed_alignment_ndcg,10,MC Shapley,LOO,86,-0.158552622287,9.99900009999e-05,0,10000,0.000999900009999,0.000999900009999
per-metric family,MovieLens / utility-ndcg / ndcg / signed_alignment_ndcg,10,MC Shapley,Greedy seq. del.,86,0.170234984646,9.99900009999e-05,0,10000,0.000999900009999,0.000999900009999
per-metric family,MovieLens / utility-ndcg / ndcg / signed_alignment_ndcg,10,MC Shapley,Random control,86,0.607207840213,9.99900009999e-05,0,10000,0.000999900009999,0.000999900009999
per-metric family,MovieLens / utility-ndcg / ndcg / signed_alignment_ndcg,10,LIME,LOO,86,-0.147852798747,9.99900009999e-05,0,10000,0.000999900009999,0.000999900009999
per-metric family,MovieLens / utility-ndcg / ndcg / signed_alignment_ndcg,10,LIME,Greedy seq. del.,86,0.180934808187,9.99900009999e-05,0,10000,0.000999900009999,0.000999900009999
per-metric family,MovieLens / utility-ndcg / ndcg / signed_alignment_ndcg,10,LIME,Random control,86,0.617907663754,9.99900009999e-05,0,10000,0.000999900009999,0.000999900009999
per-metric family,MovieLens / utility-ndcg / ndcg / signed_alignment_ndcg,10,LOO,Greedy seq. del.,86,0.328787606934,9.99900009999e-05,0,10000,0.000999900009999,0.000999900009999
per-metric family,MovieLens / utility-ndcg / ndcg / signed_alignment_ndcg,10,LOO,Random control,86,0.7657604625,9.99900009999e-05,0,10000,0.000999900009999,0.000999900009999
per-metric family,MovieLens / utility-ndcg / ndcg / signed_alignment_ndcg,10,Greedy seq. del.,Random control,86,0.436972855567,9.99900009999e-05,0,10000,0.000999900009999,0.000999900009999
per-metric family,MovieLens / utility-ndcg / ndcg / top1_precision,10,MC Shapley,LIME,250,-0.0008,0.901809819018,9018,10000,0.901809819018,0.901809819018
per-metric family,MovieLens / utility-ndcg / ndcg / top1_precision,10,MC Shapley,LOO,250,-0.0392,0.044795520448,447,10000,0.0895910408959,0.0895910408959
per-metric family,MovieLens / utility-ndcg / ndcg / top1_precision,10,MC Shapley,Greedy seq. del.,250,0.0568,0.00919908009199,91,10000,0.036796320368,0.036796320368
per-metric family,MovieLens / utility-ndcg / ndcg / top1_precision,10,MC Shapley,Random control,250,0.0992,9.99900009999e-05,0,10000,0.000999900009999,0.000999900009999
per-metric family,MovieLens / utility-ndcg / ndcg / top1_precision,10,LIME,LOO,250,-0.0384,0.018298170183,182,10000,0.0548945105489,0.0548945105489
per-metric family,MovieLens / utility-ndcg / ndcg / top1_precision,10,LIME,Greedy seq. del.,250,0.0576,0.002399760024,23,10000,0.014398560144,0.014398560144
per-metric family,MovieLens / utility-ndcg / ndcg / top1_precision,10,LIME,Random control,250,0.1,9.99900009999e-05,0,10000,0.000999900009999,0.000999900009999
per-metric family,MovieLens / utility-ndcg / ndcg / top1_precision,10,LOO,Greedy seq. del.,250,0.096,9.99900009999e-05,0,10000,0.000999900009999,0.000999900009999
per-metric family,MovieLens / utility-ndcg / ndcg / top1_precision,10,LOO,Random control,250,0.1384,9.99900009999e-05,0,10000,0.000999900009999,0.000999900009999
per-metric family,MovieLens / utility-ndcg / ndcg / top1_precision,10,Greedy seq. del.,Random control,250,0.0424,0.004099590041,40,10000,0.020497950205,0.020497950205
per-metric family,MovieLens / utility-ndcg / ndcg / top3_precision,10,MC Shapley,LIME,250,-0.00213333333333,0.639836016398,6398,10000,0.639836016398,0.639836016398
per-metric family,MovieLens / utility-ndcg / ndcg / top3_precision,10,MC Shapley,LOO,250,-0.0250666666667,0.001099890011,10,10000,0.002399760024,0.002399760024
per-metric family,MovieLens / utility-ndcg / ndcg / top3_precision,10,MC Shapley,Greedy seq. del.,250,0.0522666666667,9.99900009999e-05,0,10000,0.000999900009999,0.000999900009999
per-metric family,MovieLens / utility-ndcg / ndcg / top3_precision,10,MC Shapley,Random control,250,0.0989333333333,9.99900009999e-05,0,10000,0.000999900009999,0.000999900009999
per-metric family,MovieLens / utility-ndcg / ndcg / top3_precision,10,LIME,LOO,250,-0.0229333333333,0.000799920007999,7,10000,0.002399760024,0.002399760024
per-metric family,MovieLens / utility-ndcg / ndcg / top3_precision,10,LIME,Greedy seq. del.,250,0.0544,9.99900009999e-05,0,10000,0.000999900009999,0.000999900009999
per-metric family,MovieLens / utility-ndcg / ndcg / top3_precision,10,LIME,Random control,250,0.101066666667,9.99900009999e-05,0,10000,0.000999900009999,0.000999900009999
per-metric family,MovieLens / utility-ndcg / ndcg / top3_precision,10,LOO,Greedy seq. del.,250,0.0773333333333,9.99900009999e-05,0,10000,0.000999900009999,0.000999900009999
per-metric family,MovieLens / utility-ndcg / ndcg / top3_precision,10,LOO,Random control,250,0.124,9.99900009999e-05,0,10000,0.000999900009999,0.000999900009999
per-metric family,MovieLens / utility-ndcg / ndcg / top3_precision,10,Greedy seq. del.,Random control,250,0.0466666666667,9.99900009999e-05,0,10000,0.000999900009999,0.000999900009999
per-metric family,MovieLens / utility-ndcg / ndcg / top5_precision,10,MC Shapley,LIME,250,-0.00512,0.202179782022,2021,10000,0.202179782022,0.202179782022
per-metric family,MovieLens / utility-ndcg / ndcg / top5_precision,10,MC Shapley,LOO,250,-0.016,0.001199880012,11,10000,0.003599640036,0.003599640036
per-metric family,MovieLens / utility-ndcg / ndcg / top5_precision,10,MC Shapley,Greedy seq. del.,250,0.0424,9.99900009999e-05,0,10000,0.000999900009999,0.000999900009999
per-metric family,MovieLens / utility-ndcg / ndcg / top5_precision,10,MC Shapley,Random control,250,0.07456,9.99900009999e-05,0,10000,0.000999900009999,0.000999900009999
per-metric family,MovieLens / utility-ndcg / ndcg / top5_precision,10,LIME,LOO,250,-0.01088,0.001399860014,13,10000,0.003599640036,0.003599640036
per-metric family,MovieLens / utility-ndcg / ndcg / top5_precision,10,LIME,Greedy seq. del.,250,0.04752,9.99900009999e-05,0,10000,0.000999900009999,0.000999900009999
per-metric family,MovieLens / utility-ndcg / ndcg / top5_precision,10,LIME,Random control,250,0.07968,9.99900009999e-05,0,10000,0.000999900009999,0.000999900009999
per-metric family,MovieLens / utility-ndcg / ndcg / top5_precision,10,LOO,Greedy seq. del.,250,0.0584,9.99900009999e-05,0,10000,0.000999900009999,0.000999900009999
per-metric family,MovieLens / utility-ndcg / ndcg / top5_precision,10,LOO,Random control,250,0.09056,9.99900009999e-05,0,10000,0.000999900009999,0.000999900009999
per-metric family,MovieLens / utility-ndcg / ndcg / top5_precision,10,Greedy seq. del.,Random control,250,0.03216,9.99900009999e-05,0,10000,0.000999900009999,0.000999900009999
per-metric family,MovieLens / primary / target_margin / abstention,10,MC Shapley,LIME,1000,0,1,10000,10000,1,1
per-metric family,MovieLens / primary / target_margin / abstention,10,MC Shapley,LOO,1000,0,1,10000,10000,1,1
per-metric family,MovieLens / primary / target_margin / abstention,10,MC Shapley,Greedy seq. del.,1000,0,1,10000,10000,1,1
per-metric family,MovieLens / primary / target_margin / abstention,10,MC Shapley,Random control,1000,-0.0004,0.506649335066,5066,10000,1,1
per-metric family,MovieLens / primary / target_margin / abstention,10,LIME,LOO,1000,0,1,10000,10000,1,1
per-metric family,MovieLens / primary / target_margin / abstention,10,LIME,Greedy seq. del.,1000,0,1,10000,10000,1,1
per-metric family,MovieLens / primary / target_margin / abstention,10,LIME,Random control,1000,-0.0004,0.494850514949,4948,10000,1,1
per-metric family,MovieLens / primary / target_margin / abstention,10,LOO,Greedy seq. del.,1000,0,1,10000,10000,1,1
per-metric family,MovieLens / primary / target_margin / abstention,10,LOO,Random control,1000,-0.0004,0.504449555044,5044,10000,1,1
per-metric family,MovieLens / primary / target_margin / abstention,10,Greedy seq. del.,Random control,1000,-0.0004,0.499450054995,4994,10000,1,1
per-metric family,MovieLens / primary / target_margin / actionability_gap,10,MC Shapley,LIME,1000,0.0344419271789,9.99900009999e-05,0,10000,0.000999900009999,0.000999900009999
per-metric family,MovieLens / primary / target_margin / actionability_gap,10,MC Shapley,LOO,1000,0.0389053590875,9.99900009999e-05,0,10000,0.000999900009999,0.000999900009999
per-metric family,MovieLens / primary / target_margin / actionability_gap,10,MC Shapley,Greedy seq. del.,1000,0.0191269377345,9.99900009999e-05,0,10000,0.000999900009999,0.000999900009999
per-metric family,MovieLens / primary / target_margin / actionability_gap,10,MC Shapley,Random control,1000,0.0154864454402,9.99900009999e-05,0,10000,0.000999900009999,0.000999900009999
per-metric family,MovieLens / primary / target_margin / actionability_gap,10,LIME,LOO,1000,0.00446343190858,9.99900009999e-05,0,10000,0.000999900009999,0.000999900009999
per-metric family,MovieLens / primary / target_margin / actionability_gap,10,LIME,Greedy seq. del.,1000,-0.0153149894445,9.99900009999e-05,0,10000,0.000999900009999,0.000999900009999
per-metric family,MovieLens / primary / target_margin / actionability_gap,10,LIME,Random control,1000,-0.0189554817387,9.99900009999e-05,0,10000,0.000999900009999,0.000999900009999
per-metric family,MovieLens / primary / target_margin / actionability_gap,10,LOO,Greedy seq. del.,1000,-0.0197784213531,9.99900009999e-05,0,10000,0.000999900009999,0.000999900009999
per-metric family,MovieLens / primary / target_margin / actionability_gap,10,LOO,Random control,1000,-0.0234189136473,9.99900009999e-05,0,10000,0.000999900009999,0.000999900009999
per-metric family,MovieLens / primary / target_margin / actionability_gap,10,Greedy seq. del.,Random control,1000,-0.00364049229424,0.309469053095,3094,10000,0.309469053095,0.309469053095
per-metric family,MovieLens / primary / target_margin / aia,10,MC Shapley,LIME,1000,-0.154739666924,9.99900009999e-05,0,10000,0.000999900009999,0.000999900009999
per-metric family,MovieLens / primary / target_margin / aia,10,MC Shapley,LOO,1000,-0.19935265008,9.99900009999e-05,0,10000,0.000999900009999,0.000999900009999
per-metric family,MovieLens / primary / target_margin / aia,10,MC Shapley,Greedy seq. del.,1000,0.460350758975,9.99900009999e-05,0,10000,0.000999900009999,0.000999900009999
per-metric family,MovieLens / primary / target_margin / aia,10,MC Shapley,Random control,1000,0.778266543376,9.99900009999e-05,0,10000,0.000999900009999,0.000999900009999
per-metric family,MovieLens / primary / target_margin / aia,10,LIME,LOO,1000,-0.0446129831557,9.99900009999e-05,0,10000,0.000999900009999,0.000999900009999
per-metric family,MovieLens / primary / target_margin / aia,10,LIME,Greedy seq. del.,1000,0.615090425899,9.99900009999e-05,0,10000,0.000999900009999,0.000999900009999
per-metric family,MovieLens / primary / target_margin / aia,10,LIME,Random control,1000,0.933006210301,9.99900009999e-05,0,10000,0.000999900009999,0.000999900009999
per-metric family,MovieLens / primary / target_margin / aia,10,LOO,Greedy seq. del.,1000,0.659703409055,9.99900009999e-05,0,10000,0.000999900009999,0.000999900009999
per-metric family,MovieLens / primary / target_margin / aia,10,LOO,Random control,1000,0.977619193456,9.99900009999e-05,0,10000,0.000999900009999,0.000999900009999
per-metric family,MovieLens / primary / target_margin / aia,10,Greedy seq. del.,Random control,1000,0.317915784401,9.99900009999e-05,0,10000,0.000999900009999,0.000999900009999
per-metric family,MovieLens / primary / target_margin / aia_ndcg,10,MC Shapley,LIME,349,-0.0230483489849,0.000799920007999,7,10000,0.001599840016,0.001599840016
per-metric family,MovieLens / primary / target_margin / aia_ndcg,10,MC Shapley,LOO,349,-0.0275442883183,0.000199980002,1,10000,0.000999900009999,0.000999900009999
per-metric family,MovieLens / primary / target_margin / aia_ndcg,10,MC Shapley,Greedy seq. del.,349,0.223997865981,9.99900009999e-05,0,10000,0.000999900009999,0.000999900009999
per-metric family,MovieLens / primary / target_margin / aia_ndcg,10,MC Shapley,Random control,349,0.378550854023,9.99900009999e-05,0,10000,0.000999900009999,0.000999900009999
per-metric family,MovieLens / primary / target_margin / aia_ndcg,10,LIME,LOO,349,-0.00449593933339,0.0890910908909,890,10000,0.0890910908909,0.0890910908909
per-metric family,MovieLens / primary / target_margin / aia_ndcg,10,LIME,Greedy seq. del.,349,0.247046214966,9.99900009999e-05,0,10000,0.000999900009999,0.000999900009999
per-metric family,MovieLens / primary / target_margin / aia_ndcg,10,LIME,Random control,349,0.401599203008,9.99900009999e-05,0,10000,0.000999900009999,0.000999900009999
per-metric family,MovieLens / primary / target_margin / aia_ndcg,10,LOO,Greedy seq. del.,349,0.251542154299,9.99900009999e-05,0,10000,0.000999900009999,0.000999900009999
per-metric family,MovieLens / primary / target_margin / aia_ndcg,10,LOO,Random control,349,0.406095142341,9.99900009999e-05,0,10000,0.000999900009999,0.000999900009999
per-metric family,MovieLens / primary / target_margin / aia_ndcg,10,Greedy seq. del.,Random control,349,0.154552988042,9.99900009999e-05,0,10000,0.000999900009999,0.000999900009999
per-metric family,MovieLens / primary / target_margin / direction_accuracy,10,MC Shapley,LIME,1000,-0.0741110812751,9.99900009999e-05,0,10000,0.000999900009999,0.000999900009999
per-metric family,MovieLens / primary / target_margin / direction_accuracy,10,MC Shapley,LOO,1000,-0.100512529415,9.99900009999e-05,0,10000,0.000999900009999,0.000999900009999
per-metric family,MovieLens / primary / target_margin / direction_accuracy,10,MC Shapley,Greedy seq. del.,1000,0.271828326874,9.99900009999e-05,0,10000,0.000999900009999,0.000999900009999
per-metric family,MovieLens / primary / target_margin / direction_accuracy,10,MC Shapley,Random control,1000,0.386113598551,9.99900009999e-05,0,10000,0.000999900009999,0.000999900009999
per-metric family,MovieLens / primary / target_margin / direction_accuracy,10,LIME,LOO,1000,-0.0264014481399,9.99900009999e-05,0,10000,0.000999900009999,0.000999900009999
per-metric family,MovieLens / primary / target_margin / direction_accuracy,10,LIME,Greedy seq. del.,1000,0.345939408149,9.99900009999e-05,0,10000,0.000999900009999,0.000999900009999
per-metric family,MovieLens / primary / target_margin / direction_accuracy,10,LIME,Random control,1000,0.460224679826,9.99900009999e-05,0,10000,0.000999900009999,0.000999900009999
per-metric family,MovieLens / primary / target_margin / direction_accuracy,10,LOO,Greedy seq. del.,1000,0.372340856289,9.99900009999e-05,0,10000,0.000999900009999,0.000999900009999
per-metric family,MovieLens / primary / target_margin / direction_accuracy,10,LOO,Random control,1000,0.486626127966,9.99900009999e-05,0,10000,0.000999900009999,0.000999900009999
per-metric family,MovieLens / primary / target_margin / direction_accuracy,10,Greedy seq. del.,Random control,1000,0.114285271677,9.99900009999e-05,0,10000,0.000999900009999,0.000999900009999
per-metric family,MovieLens / primary / target_margin / direction_accuracy_ndcg,10,MC Shapley,LIME,349,-0.00534093016185,0.154584541546,1545,10000,0.309169083092,0.309169083092
per-metric family,MovieLens / primary / target_margin / direction_accuracy_ndcg,10,MC Shapley,LOO,349,-0.00734829719787,0.0849915008499,849,10000,0.25497450255,0.25497450255
per-metric family,MovieLens / primary / target_margin / direction_accuracy_ndcg,10,MC Shapley,Greedy seq. del.,349,0.171504571519,9.99900009999e-05,0,10000,0.000999900009999,0.000999900009999
per-metric family,MovieLens / primary / target_margin / direction_accuracy_ndcg,10,MC Shapley,Random control,349,0.441398122731,9.99900009999e-05,0,10000,0.000999900009999,0.000999900009999
per-metric family,MovieLens / primary / target_margin / direction_accuracy_ndcg,10,LIME,LOO,349,-0.00200736703602,0.449155084492,4491,10000,0.449155084492,0.449155084492
per-metric family,MovieLens / primary / target_margin / direction_accuracy_ndcg,10,LIME,Greedy seq. del.,349,0.176845501681,9.99900009999e-05,0,10000,0.000999900009999,0.000999900009999
per-metric family,MovieLens / primary / target_margin / direction_accuracy_ndcg,10,LIME,Random control,349,0.446739052892,9.99900009999e-05,0,10000,0.000999900009999,0.000999900009999
per-metric family,MovieLens / primary / target_margin / direction_accuracy_ndcg,10,LOO,Greedy seq. del.,349,0.178852868717,9.99900009999e-05,0,10000,0.000999900009999,0.000999900009999
per-metric family,MovieLens / primary / target_margin / direction_accuracy_ndcg,10,LOO,Random control,349,0.448746419928,9.99900009999e-05,0,10000,0.000999900009999,0.000999900009999
per-metric family,MovieLens / primary / target_margin / direction_accuracy_ndcg,10,Greedy seq. del.,Random control,349,0.269893551212,9.99900009999e-05,0,10000,0.000999900009999,0.000999900009999
per-metric family,MovieLens / primary / target_margin / faithfulness_alignment,10,MC Shapley,LIME,1000,-0.189181594103,9.99900009999e-05,0,10000,0.000999900009999,0.000999900009999
per-metric family,MovieLens / primary / target_margin / faithfulness_alignment,10,MC Shapley,LOO,1000,-0.238258009168,9.99900009999e-05,0,10000,0.000999900009999,0.000999900009999
per-metric family,MovieLens / primary / target_margin / faithfulness_alignment,10,MC Shapley,Greedy seq. del.,1000,0.44122382124,9.99900009999e-05,0,10000,0.000999900009999,0.000999900009999
per-metric family,MovieLens / primary / target_margin / faithfulness_alignment,10,MC Shapley,Random control,1000,0.762780097936,9.99900009999e-05,0,10000,0.000999900009999,0.000999900009999
per-metric family,MovieLens / primary / target_margin / faithfulness_alignment,10,LIME,LOO,1000,-0.0490764150642,9.99900009999e-05,0,10000,0.000999900009999,0.000999900009999
per-metric family,MovieLens / primary / target_margin / faithfulness_alignment,10,LIME,Greedy seq. del.,1000,0.630405415344,9.99900009999e-05,0,10000,0.000999900009999,0.000999900009999
per-metric family,MovieLens / primary / target_margin / faithfulness_alignment,10,LIME,Random control,1000,0.951961692039,9.99900009999e-05,0,10000,0.000999900009999,0.000999900009999
per-metric family,MovieLens / primary / target_margin / faithfulness_alignment,10,LOO,Greedy seq. del.,1000,0.679481830408,9.99900009999e-05,0,10000,0.000999900009999,0.000999900009999
per-metric family,MovieLens / primary / target_margin / faithfulness_alignment,10,LOO,Random control,1000,1.0010381071,9.99900009999e-05,0,10000,0.000999900009999,0.000999900009999
per-metric family,MovieLens / primary / target_margin / faithfulness_alignment,10,Greedy seq. del.,Random control,1000,0.321556276696,9.99900009999e-05,0,10000,0.000999900009999,0.000999900009999
per-metric family,MovieLens / primary / target_margin / intervention_success,10,MC Shapley,LIME,1000,-0.0004,0.497550244976,4975,10000,1,1
per-metric family,MovieLens / primary / target_margin / intervention_success,10,MC Shapley,LOO,1000,-0.0004,0.501349865013,5013,10000,1,1
per-metric family,MovieLens / primary / target_margin / intervention_success,10,MC Shapley,Greedy seq. del.,1000,0.4876,9.99900009999e-05,0,10000,0.000999900009999,0.000999900009999
per-metric family,MovieLens / primary / target_margin / intervention_success,10,MC Shapley,Random control,1000,0.5122,9.99900009999e-05,0,10000,0.000999900009999,0.000999900009999
per-metric family,MovieLens / primary / target_margin / intervention_success,10,LIME,LOO,1000,0,1,10000,10000,1,1
per-metric family,MovieLens / primary / target_margin / intervention_success,10,LIME,Greedy seq. del.,1000,0.488,9.99900009999e-05,0,10000,0.000999900009999,0.000999900009999
per-metric family,MovieLens / primary / target_margin / intervention_success,10,LIME,Random control,1000,0.5126,9.99900009999e-05,0,10000,0.000999900009999,0.000999900009999
per-metric family,MovieLens / primary / target_margin / intervention_success,10,LOO,Greedy seq. del.,1000,0.488,9.99900009999e-05,0,10000,0.000999900009999,0.000999900009999
per-metric family,MovieLens / primary / target_margin / intervention_success,10,LOO,Random control,1000,0.5126,9.99900009999e-05,0,10000,0.000999900009999,0.000999900009999
per-metric family,MovieLens / primary / target_margin / intervention_success,10,Greedy seq. del.,Random control,1000,0.0246,0.193180681932,1931,10000,0.772722727727,0.772722727727
per-metric family,MovieLens / primary / target_margin / intervention_success_ndcg,10,MC Shapley,LIME,1000,-0.0134,0.001599840016,15,10000,0.004799520048,0.004799520048
per-metric family,MovieLens / primary / target_margin / intervention_success_ndcg,10,MC Shapley,LOO,1000,-0.0148,0.003599640036,35,10000,0.00719928007199,0.00719928007199
per-metric family,MovieLens / primary / target_margin / intervention_success_ndcg,10,MC Shapley,Greedy seq. del.,1000,0.1712,9.99900009999e-05,0,10000,0.000999900009999,0.000999900009999
per-metric family,MovieLens / primary / target_margin / intervention_success_ndcg,10,MC Shapley,Random control,1000,0.1998,9.99900009999e-05,0,10000,0.000999900009999,0.000999900009999
per-metric family,MovieLens / primary / target_margin / intervention_success_ndcg,10,LIME,LOO,1000,-0.0014,0.629837016298,6298,10000,0.629837016298,0.629837016298
per-metric family,MovieLens / primary / target_margin / intervention_success_ndcg,10,LIME,Greedy seq. del.,1000,0.1846,9.99900009999e-05,0,10000,0.000999900009999,0.000999900009999
per-metric family,MovieLens / primary / target_margin / intervention_success_ndcg,10,LIME,Random control,1000,0.2132,9.99900009999e-05,0,10000,0.000999900009999,0.000999900009999
per-metric family,MovieLens / primary / target_margin / intervention_success_ndcg,10,LOO,Greedy seq. del.,1000,0.186,9.99900009999e-05,0,10000,0.000999900009999,0.000999900009999
per-metric family,MovieLens / primary / target_margin / intervention_success_ndcg,10,LOO,Random control,1000,0.2146,9.99900009999e-05,0,10000,0.000999900009999,0.000999900009999
per-metric family,MovieLens / primary / target_margin / intervention_success_ndcg,10,Greedy seq. del.,Random control,1000,0.0286,0.001199880012,11,10000,0.004799520048,0.004799520048
per-metric family,MovieLens / primary / target_margin / joint_effect_ndcg,10,MC Shapley,LIME,1000,-0.00226672350766,0.00529947005299,52,10000,0.015898410159,0.015898410159
per-metric family,MovieLens / primary / target_margin / joint_effect_ndcg,10,MC Shapley,LOO,1000,-0.0028679911847,0.00569943005699,56,10000,0.015898410159,0.015898410159
per-metric family,MovieLens / primary / target_margin / joint_effect_ndcg,10,MC Shapley,Greedy seq. del.,1000,0.0344264114146,9.99900009999e-05,0,10000,0.000999900009999,0.000999900009999
per-metric family,MovieLens / primary / target_margin / joint_effect_ndcg,10,MC Shapley,Random control,1000,0.0412676851263,9.99900009999e-05,0,10000,0.000999900009999,0.000999900009999
per-metric family,MovieLens / primary / target_margin / joint_effect_ndcg,10,LIME,LOO,1000,-0.000601267677039,0.367563243676,3675,10000,0.367563243676,0.367563243676
per-metric family,MovieLens / primary / target_margin / joint_effect_ndcg,10,LIME,Greedy seq. del.,1000,0.0366931349222,9.99900009999e-05,0,10000,0.000999900009999,0.000999900009999
per-metric family,MovieLens / primary / target_margin / joint_effect_ndcg,10,LIME,Random control,1000,0.043534408634,9.99900009999e-05,0,10000,0.000999900009999,0.000999900009999
per-metric family,MovieLens / primary / target_margin / joint_effect_ndcg,10,LOO,Greedy seq. del.,1000,0.0372944025993,9.99900009999e-05,0,10000,0.000999900009999,0.000999900009999
per-metric family,MovieLens / primary / target_margin / joint_effect_ndcg,10,LOO,Random control,1000,0.044135676311,9.99900009999e-05,0,10000,0.000999900009999,0.000999900009999
per-metric family,MovieLens / primary / target_margin / joint_effect_ndcg,10,Greedy seq. del.,Random control,1000,0.00684127371178,0.003099690031,30,10000,0.012398760124,0.012398760124
per-metric family,MovieLens / primary / target_margin / joint_effect_primary,10,MC Shapley,LIME,1000,-5.99943791571e-05,9.99900009999e-05,0,10000,0.000999900009999,0.000999900009999
per-metric family,MovieLens / primary / target_margin / joint_effect_primary,10,MC Shapley,LOO,1000,-6.68348251233e-05,9.99900009999e-05,0,10000,0.000999900009999,0.000999900009999
per-metric family,MovieLens / primary / target_margin / joint_effect_primary,10,MC Shapley,Greedy seq. del.,1000,0.00212941477315,9.99900009999e-05,0,10000,0.000999900009999,0.000999900009999
per-metric family,MovieLens / primary / target_margin / joint_effect_primary,10,MC Shapley,Random control,1000,0.00243531404466,9.99900009999e-05,0,10000,0.000999900009999,0.000999900009999
per-metric family,MovieLens / primary / target_margin / joint_effect_primary,10,LIME,LOO,1000,-6.84044596622e-06,9.99900009999e-05,0,10000,0.000999900009999,0.000999900009999
per-metric family,MovieLens / primary / target_margin / joint_effect_primary,10,LIME,Greedy seq. del.,1000,0.0021894091523,9.99900009999e-05,0,10000,0.000999900009999,0.000999900009999
per-metric family,MovieLens / primary / target_margin / joint_effect_primary,10,LIME,Random control,1000,0.00249530842382,9.99900009999e-05,0,10000,0.000999900009999,0.000999900009999
per-metric family,MovieLens / primary / target_margin / joint_effect_primary,10,LOO,Greedy seq. del.,1000,0.00219624959827,9.99900009999e-05,0,10000,0.000999900009999,0.000999900009999
per-metric family,MovieLens / primary / target_margin / joint_effect_primary,10,LOO,Random control,1000,0.00250214886979,9.99900009999e-05,0,10000,0.000999900009999,0.000999900009999
per-metric family,MovieLens / primary / target_margin / joint_effect_primary,10,Greedy seq. del.,Random control,1000,0.000305899271516,9.99900009999e-05,0,10000,0.000999900009999,0.000999900009999
per-metric family,MovieLens / primary / target_margin / joint_effect_target_margin,10,MC Shapley,LIME,1000,-5.99943791571e-05,9.99900009999e-05,0,10000,0.000999900009999,0.000999900009999
per-metric family,MovieLens / primary / target_margin / joint_effect_target_margin,10,MC Shapley,LOO,1000,-6.68348251233e-05,9.99900009999e-05,0,10000,0.000999900009999,0.000999900009999
per-metric family,MovieLens / primary / target_margin / joint_effect_target_margin,10,MC Shapley,Greedy seq. del.,1000,0.00212941477315,9.99900009999e-05,0,10000,0.000999900009999,0.000999900009999
per-metric family,MovieLens / primary / target_margin / joint_effect_target_margin,10,MC Shapley,Random control,1000,0.00243531404466,9.99900009999e-05,0,10000,0.000999900009999,0.000999900009999
per-metric family,MovieLens / primary / target_margin / joint_effect_target_margin,10,LIME,LOO,1000,-6.84044596622e-06,9.99900009999e-05,0,10000,0.000999900009999,0.000999900009999
per-metric family,MovieLens / primary / target_margin / joint_effect_target_margin,10,LIME,Greedy seq. del.,1000,0.0021894091523,9.99900009999e-05,0,10000,0.000999900009999,0.000999900009999
per-metric family,MovieLens / primary / target_margin / joint_effect_target_margin,10,LIME,Random control,1000,0.00249530842382,9.99900009999e-05,0,10000,0.000999900009999,0.000999900009999
per-metric family,MovieLens / primary / target_margin / joint_effect_target_margin,10,LOO,Greedy seq. del.,1000,0.00219624959827,9.99900009999e-05,0,10000,0.000999900009999,0.000999900009999
per-metric family,MovieLens / primary / target_margin / joint_effect_target_margin,10,LOO,Random control,1000,0.00250214886979,9.99900009999e-05,0,10000,0.000999900009999,0.000999900009999
per-metric family,MovieLens / primary / target_margin / joint_effect_target_margin,10,Greedy seq. del.,Random control,1000,0.000305899271516,9.99900009999e-05,0,10000,0.000999900009999,0.000999900009999
per-metric family,MovieLens / primary / target_margin / joint_regret_ndcg,10,MC Shapley,LIME,1000,0.00226672350766,0.00639936006399,63,10000,0.017098290171,0.017098290171
per-metric family,MovieLens / primary / target_margin / joint_regret_ndcg,10,MC Shapley,LOO,1000,0.0028679911847,0.00569943005699,56,10000,0.017098290171,0.017098290171
per-metric family,MovieLens / primary / target_margin / joint_regret_ndcg,10,MC Shapley,Greedy seq. del.,1000,-0.0344264114146,9.99900009999e-05,0,10000,0.000999900009999,0.000999900009999
per-metric family,MovieLens / primary / target_margin / joint_regret_ndcg,10,MC Shapley,Random control,1000,-0.0412676851263,9.99900009999e-05,0,10000,0.000999900009999,0.000999900009999
per-metric family,MovieLens / primary / target_margin / joint_regret_ndcg,10,LIME,LOO,1000,0.000601267677039,0.36096390361,3609,10000,0.36096390361,0.36096390361
per-metric family,MovieLens / primary / target_margin / joint_regret_ndcg,10,LIME,Greedy seq. del.,1000,-0.0366931349222,9.99900009999e-05,0,10000,0.000999900009999,0.000999900009999
per-metric family,MovieLens / primary / target_margin / joint_regret_ndcg,10,LIME,Random control,1000,-0.043534408634,9.99900009999e-05,0,10000,0.000999900009999,0.000999900009999
per-metric family,MovieLens / primary / target_margin / joint_regret_ndcg,10,LOO,Greedy seq. del.,1000,-0.0372944025993,9.99900009999e-05,0,10000,0.000999900009999,0.000999900009999
per-metric family,MovieLens / primary / target_margin / joint_regret_ndcg,10,LOO,Random control,1000,-0.044135676311,9.99900009999e-05,0,10000,0.000999900009999,0.000999900009999
per-metric family,MovieLens / primary / target_margin / joint_regret_ndcg,10,Greedy seq. del.,Random control,1000,-0.00684127371178,0.00199980002,19,10000,0.00799920007999,0.00799920007999
per-metric family,MovieLens / primary / target_margin / joint_regret_primary,10,MC Shapley,LIME,1000,5.99943791571e-05,9.99900009999e-05,0,10000,0.000999900009999,0.000999900009999
per-metric family,MovieLens / primary / target_margin / joint_regret_primary,10,MC Shapley,LOO,1000,6.68348251233e-05,9.99900009999e-05,0,10000,0.000999900009999,0.000999900009999
per-metric family,MovieLens / primary / target_margin / joint_regret_primary,10,MC Shapley,Greedy seq. del.,1000,-0.00212941477315,9.99900009999e-05,0,10000,0.000999900009999,0.000999900009999
per-metric family,MovieLens / primary / target_margin / joint_regret_primary,10,MC Shapley,Random control,1000,-0.00243531404466,9.99900009999e-05,0,10000,0.000999900009999,0.000999900009999
per-metric family,MovieLens / primary / target_margin / joint_regret_primary,10,LIME,LOO,1000,6.84044596622e-06,9.99900009999e-05,0,10000,0.000999900009999,0.000999900009999
per-metric family,MovieLens / primary / target_margin / joint_regret_primary,10,LIME,Greedy seq. del.,1000,-0.0021894091523,9.99900009999e-05,0,10000,0.000999900009999,0.000999900009999
per-metric family,MovieLens / primary / target_margin / joint_regret_primary,10,LIME,Random control,1000,-0.00249530842382,9.99900009999e-05,0,10000,0.000999900009999,0.000999900009999
per-metric family,MovieLens / primary / target_margin / joint_regret_primary,10,LOO,Greedy seq. del.,1000,-0.00219624959827,9.99900009999e-05,0,10000,0.000999900009999,0.000999900009999
per-metric family,MovieLens / primary / target_margin / joint_regret_primary,10,LOO,Random control,1000,-0.00250214886979,9.99900009999e-05,0,10000,0.000999900009999,0.000999900009999
per-metric family,MovieLens / primary / target_margin / joint_regret_primary,10,Greedy seq. del.,Random control,1000,-0.000305899271516,9.99900009999e-05,0,10000,0.000999900009999,0.000999900009999
per-metric family,MovieLens / primary / target_margin / normalized_regret_ndcg,10,MC Shapley,LIME,339,0.0420659321927,0.001399860014,13,10000,0.00519948005199,0.00519948005199
per-metric family,MovieLens / primary / target_margin / normalized_regret_ndcg,10,MC Shapley,LOO,339,0.0501165908183,0.001299870013,12,10000,0.00519948005199,0.00519948005199
per-metric family,MovieLens / primary / target_margin / normalized_regret_ndcg,10,MC Shapley,Greedy seq. del.,339,-1.20354151124,9.99900009999e-05,0,10000,0.000999900009999,0.000999900009999
per-metric family,MovieLens / primary / target_margin / normalized_regret_ndcg,10,MC Shapley,Random control,339,-1.17799667864,9.99900009999e-05,0,10000,0.000999900009999,0.000999900009999
per-metric family,MovieLens / primary / target_margin / normalized_regret_ndcg,10,LIME,LOO,339,0.00805065862567,0.397660233977,3976,10000,0.795320467953,0.795320467953
per-metric family,MovieLens / primary / target_margin / normalized_regret_ndcg,10,LIME,Greedy seq. del.,339,-1.24560744344,9.99900009999e-05,0,10000,0.000999900009999,0.000999900009999
per-metric family,MovieLens / primary / target_margin / normalized_regret_ndcg,10,LIME,Random control,339,-1.22006261084,9.99900009999e-05,0,10000,0.000999900009999,0.000999900009999
per-metric family,MovieLens / primary / target_margin / normalized_regret_ndcg,10,LOO,Greedy seq. del.,339,-1.25365810206,9.99900009999e-05,0,10000,0.000999900009999,0.000999900009999
per-metric family,MovieLens / primary / target_margin / normalized_regret_ndcg,10,LOO,Random control,339,-1.22811326946,9.99900009999e-05,0,10000,0.000999900009999,0.000999900009999
per-metric family,MovieLens / primary / target_margin / normalized_regret_ndcg,10,Greedy seq. del.,Random control,339,0.0255448326008,0.874712528747,8747,10000,0.874712528747,0.874712528747
per-metric family,MovieLens / primary / target_margin / normalized_regret_primary,10,MC Shapley,LIME,1000,0.0354953906664,9.99900009999e-05,0,10000,0.000999900009999,0.000999900009999
per-metric family,MovieLens / primary / target_margin / normalized_regret_primary,10,MC Shapley,LOO,1000,0.0393962060072,9.99900009999e-05,0,10000,0.000999900009999,0.000999900009999
per-metric family,MovieLens / primary / target_margin / normalized_regret_primary,10,MC Shapley,Greedy seq. del.,1000,-0.943067917996,9.99900009999e-05,0,10000,0.000999900009999,0.000999900009999
per-metric family,MovieLens / primary / target_margin / normalized_regret_primary,10,MC Shapley,Random control,1000,-0.985426216669,9.99900009999e-05,0,10000,0.000999900009999,0.000999900009999
per-metric family,MovieLens / primary / target_margin / normalized_regret_primary,10,LIME,LOO,1000,0.00390081534087,9.99900009999e-05,0,10000,0.000999900009999,0.000999900009999
per-metric family,MovieLens / primary / target_margin / normalized_regret_primary,10,LIME,Greedy seq. del.,1000,-0.978563308662,9.99900009999e-05,0,10000,0.000999900009999,0.000999900009999
per-metric family,MovieLens / primary / target_margin / normalized_regret_primary,10,LIME,Random control,1000,-1.02092160734,9.99900009999e-05,0,10000,0.000999900009999,0.000999900009999
per-metric family,MovieLens / primary / target_margin / normalized_regret_primary,10,LOO,Greedy seq. del.,1000,-0.982464124003,9.99900009999e-05,0,10000,0.000999900009999,0.000999900009999
per-metric family,MovieLens / primary / target_margin / normalized_regret_primary,10,LOO,Random control,1000,-1.02482242268,9.99900009999e-05,0,10000,0.000999900009999,0.000999900009999
per-metric family,MovieLens / primary / target_margin / normalized_regret_primary,10,Greedy seq. del.,Random control,1000,-0.0423582986733,0.03099690031,309,10000,0.03099690031,0.03099690031
per-metric family,MovieLens / primary / target_margin / signed_alignment,10,MC Shapley,LIME,1000,-0.0450372452483,9.99900009999e-05,0,10000,0.000999900009999,0.000999900009999
per-metric family,MovieLens / primary / target_margin / signed_alignment,10,MC Shapley,LOO,1000,-0.0652361032929,9.99900009999e-05,0,10000,0.000999900009999,0.000999900009999
per-metric family,MovieLens / primary / target_margin / signed_alignment,10,MC Shapley,Greedy seq. del.,1000,0.586935804901,9.99900009999e-05,0,10000,0.000999900009999,0.000999900009999
per-metric family,MovieLens / primary / target_margin / signed_alignment,10,MC Shapley,Random control,1000,0.924887783404,9.99900009999e-05,0,10000,0.000999900009999,0.000999900009999
per-metric family,MovieLens / primary / target_margin / signed_alignment,10,LIME,LOO,1000,-0.0201988580446,9.99900009999e-05,0,10000,0.000999900009999,0.000999900009999
per-metric family,MovieLens / primary / target_margin / signed_alignment,10,LIME,Greedy seq. del.,1000,0.63197305015,9.99900009999e-05,0,10000,0.000999900009999,0.000999900009999
per-metric family,MovieLens / primary / target_margin / signed_alignment,10,LIME,Random control,1000,0.969925028652,9.99900009999e-05,0,10000,0.000999900009999,0.000999900009999
per-metric family,MovieLens / primary / target_margin / signed_alignment,10,LOO,Greedy seq. del.,1000,0.652171908194,9.99900009999e-05,0,10000,0.000999900009999,0.000999900009999
per-metric family,MovieLens / primary / target_margin / signed_alignment,10,LOO,Random control,1000,0.990123886696,9.99900009999e-05,0,10000,0.000999900009999,0.000999900009999
per-metric family,MovieLens / primary / target_margin / signed_alignment,10,Greedy seq. del.,Random control,1000,0.337951978502,9.99900009999e-05,0,10000,0.000999900009999,0.000999900009999
per-metric family,MovieLens / primary / target_margin / signed_alignment_ndcg,10,MC Shapley,LIME,349,-0.0147799332537,9.99900009999e-05,0,10000,0.000999900009999,0.000999900009999
per-metric family,MovieLens / primary / target_margin / signed_alignment_ndcg,10,MC Shapley,LOO,349,-0.0202722524691,9.99900009999e-05,0,10000,0.000999900009999,0.000999900009999
per-metric family,MovieLens / primary / target_margin / signed_alignment_ndcg,10,MC Shapley,Greedy seq. del.,349,0.324068919635,9.99900009999e-05,0,10000,0.000999900009999,0.000999900009999
per-metric family,MovieLens / primary / target_margin / signed_alignment_ndcg,10,MC Shapley,Random control,349,0.591632178893,9.99900009999e-05,0,10000,0.000999900009999,0.000999900009999
per-metric family,MovieLens / primary / target_margin / signed_alignment_ndcg,10,LIME,LOO,349,-0.00549231921547,0.001099890011,10,10000,0.001099890011,0.001099890011
per-metric family,MovieLens / primary / target_margin / signed_alignment_ndcg,10,LIME,Greedy seq. del.,349,0.338848852889,9.99900009999e-05,0,10000,0.000999900009999,0.000999900009999
per-metric family,MovieLens / primary / target_margin / signed_alignment_ndcg,10,LIME,Random control,349,0.606412112147,9.99900009999e-05,0,10000,0.000999900009999,0.000999900009999
per-metric family,MovieLens / primary / target_margin / signed_alignment_ndcg,10,LOO,Greedy seq. del.,349,0.344341172104,9.99900009999e-05,0,10000,0.000999900009999,0.000999900009999
per-metric family,MovieLens / primary / target_margin / signed_alignment_ndcg,10,LOO,Random control,349,0.611904431362,9.99900009999e-05,0,10000,0.000999900009999,0.000999900009999
per-metric family,MovieLens / primary / target_margin / signed_alignment_ndcg,10,Greedy seq. del.,Random control,349,0.267563259258,9.99900009999e-05,0,10000,0.000999900009999,0.000999900009999
per-metric family,MovieLens / primary / target_margin / top1_precision,10,MC Shapley,LIME,1000,-0.147,9.99900009999e-05,0,10000,0.000999900009999,0.000999900009999
per-metric family,MovieLens / primary / target_margin / top1_precision,10,MC Shapley,LOO,1000,-0.2176,9.99900009999e-05,0,10000,0.000999900009999,0.000999900009999
per-metric family,MovieLens / primary / target_margin / top1_precision,10,MC Shapley,Greedy seq. del.,1000,0.6074,9.99900009999e-05,0,10000,0.000999900009999,0.000999900009999
per-metric family,MovieLens / primary / target_margin / top1_precision,10,MC Shapley,Random control,1000,0.6772,9.99900009999e-05,0,10000,0.000999900009999,0.000999900009999
per-metric family,MovieLens / primary / target_margin / top1_precision,10,LIME,LOO,1000,-0.0706,9.99900009999e-05,0,10000,0.000999900009999,0.000999900009999
per-metric family,MovieLens / primary / target_margin / top1_precision,10,LIME,Greedy seq. del.,1000,0.7544,9.99900009999e-05,0,10000,0.000999900009999,0.000999900009999
per-metric family,MovieLens / primary / target_margin / top1_precision,10,LIME,Random control,1000,0.8242,9.99900009999e-05,0,10000,0.000999900009999,0.000999900009999
per-metric family,MovieLens / primary / target_margin / top1_precision,10,LOO,Greedy seq. del.,1000,0.825,9.99900009999e-05,0,10000,0.000999900009999,0.000999900009999
per-metric family,MovieLens / primary / target_margin / top1_precision,10,LOO,Random control,1000,0.8948,9.99900009999e-05,0,10000,0.000999900009999,0.000999900009999
per-metric family,MovieLens / primary / target_margin / top1_precision,10,Greedy seq. del.,Random control,1000,0.0698,9.99900009999e-05,0,10000,0.000999900009999,0.000999900009999
per-metric family,MovieLens / primary / target_margin / top3_precision,10,MC Shapley,LIME,1000,-0.0999333333333,9.99900009999e-05,0,10000,0.000999900009999,0.000999900009999
per-metric family,MovieLens / primary / target_margin / top3_precision,10,MC Shapley,LOO,1000,-0.146866666667,9.99900009999e-05,0,10000,0.000999900009999,0.000999900009999
per-metric family,MovieLens / primary / target_margin / top3_precision,10,MC Shapley,Greedy seq. del.,1000,0.5238,9.99900009999e-05,0,10000,0.000999900009999,0.000999900009999
per-metric family,MovieLens / primary / target_margin / top3_precision,10,MC Shapley,Random control,1000,0.655,9.99900009999e-05,0,10000,0.000999900009999,0.000999900009999
per-metric family,MovieLens / primary / target_margin / top3_precision,10,LIME,LOO,1000,-0.0469333333333,9.99900009999e-05,0,10000,0.000999900009999,0.000999900009999
per-metric family,MovieLens / primary / target_margin / top3_precision,10,LIME,Greedy seq. del.,1000,0.623733333333,9.99900009999e-05,0,10000,0.000999900009999,0.000999900009999
per-metric family,MovieLens / primary / target_margin / top3_precision,10,LIME,Random control,1000,0.754933333333,9.99900009999e-05,0,10000,0.000999900009999,0.000999900009999
per-metric family,MovieLens / primary / target_margin / top3_precision,10,LOO,Greedy seq. del.,1000,0.670666666667,9.99900009999e-05,0,10000,0.000999900009999,0.000999900009999
per-metric family,MovieLens / primary / target_margin / top3_precision,10,LOO,Random control,1000,0.801866666667,9.99900009999e-05,0,10000,0.000999900009999,0.000999900009999
per-metric family,MovieLens / primary / target_margin / top3_precision,10,Greedy seq. del.,Random control,1000,0.1312,9.99900009999e-05,0,10000,0.000999900009999,0.000999900009999
per-metric family,MovieLens / primary / target_margin / top5_precision,10,MC Shapley,LIME,1000,-0.07092,9.99900009999e-05,0,10000,0.000999900009999,0.000999900009999
per-metric family,MovieLens / primary / target_margin / top5_precision,10,MC Shapley,LOO,1000,-0.11476,9.99900009999e-05,0,10000,0.000999900009999,0.000999900009999
per-metric family,MovieLens / primary / target_margin / top5_precision,10,MC Shapley,Greedy seq. del.,1000,0.45749,9.99900009999e-05,0,10000,0.000999900009999,0.000999900009999
per-metric family,MovieLens / primary / target_margin / top5_precision,10,MC Shapley,Random control,1000,0.579666666667,9.99900009999e-05,0,10000,0.000999900009999,0.000999900009999
per-metric family,MovieLens / primary / target_margin / top5_precision,10,LIME,LOO,1000,-0.04384,9.99900009999e-05,0,10000,0.000999900009999,0.000999900009999
per-metric family,MovieLens / primary / target_margin / top5_precision,10,LIME,Greedy seq. del.,1000,0.52841,9.99900009999e-05,0,10000,0.000999900009999,0.000999900009999
per-metric family,MovieLens / primary / target_margin / top5_precision,10,LIME,Random control,1000,0.650586666667,9.99900009999e-05,0,10000,0.000999900009999,0.000999900009999
per-metric family,MovieLens / primary / target_margin / top5_precision,10,LOO,Greedy seq. del.,1000,0.57225,9.99900009999e-05,0,10000,0.000999900009999,0.000999900009999
per-metric family,MovieLens / primary / target_margin / top5_precision,10,LOO,Random control,1000,0.694426666667,9.99900009999e-05,0,10000,0.000999900009999,0.000999900009999
per-metric family,MovieLens / primary / target_margin / top5_precision,10,Greedy seq. del.,Random control,1000,0.122176666667,9.99900009999e-05,0,10000,0.000999900009999,0.000999900009999
per-metric family,MovieLens / budget1 / target_margin / abstention,10,MC Shapley,LIME,250,-0.004,1,10000,10000,1,1
per-metric family,MovieLens / budget1 / target_margin / abstention,10,MC Shapley,LOO,250,-0.004,1,10000,10000,1,1
per-metric family,MovieLens / budget1 / target_margin / abstention,10,MC Shapley,Greedy seq. del.,250,0,1,10000,10000,1,1
per-metric family,MovieLens / budget1 / target_margin / abstention,10,MC Shapley,Random control,250,-0.0008,1,10000,10000,1,1
per-metric family,MovieLens / budget1 / target_margin / abstention,10,LIME,LOO,250,0,1,10000,10000,1,1
per-metric family,MovieLens / budget1 / target_margin / abstention,10,LIME,Greedy seq. del.,250,0.004,1,10000,10000,1,1
per-metric family,MovieLens / budget1 / target_margin / abstention,10,LIME,Random control,250,0.0032,1,10000,10000,1,1
per-metric family,MovieLens / budget1 / target_margin / abstention,10,LOO,Greedy seq. del.,250,0.004,1,10000,10000,1,1
per-metric family,MovieLens / budget1 / target_margin / abstention,10,LOO,Random control,250,0.0032,1,10000,10000,1,1
per-metric family,MovieLens / budget1 / target_margin / abstention,10,Greedy seq. del.,Random control,250,-0.0008,1,10000,10000,1,1
per-metric family,MovieLens / budget1 / target_margin / intervention_success,10,MC Shapley,LIME,250,0.0032,1,10000,10000,1,1
per-metric family,MovieLens / budget1 / target_margin / intervention_success,10,MC Shapley,LOO,250,0.0032,1,10000,10000,1,1
per-metric family,MovieLens / budget1 / target_margin / intervention_success,10,MC Shapley,Greedy seq. del.,250,0.7032,9.99900009999e-05,0,10000,0.000999900009999,0.000999900009999
per-metric family,MovieLens / budget1 / target_margin / intervention_success,10,MC Shapley,Random control,250,0.5392,9.99900009999e-05,0,10000,0.000999900009999,0.000999900009999
per-metric family,MovieLens / budget1 / target_margin / intervention_success,10,LIME,LOO,250,0,1,10000,10000,1,1
per-metric family,MovieLens / budget1 / target_margin / intervention_success,10,LIME,Greedy seq. del.,250,0.7,9.99900009999e-05,0,10000,0.000999900009999,0.000999900009999
per-metric family,MovieLens / budget1 / target_margin / intervention_success,10,LIME,Random control,250,0.536,9.99900009999e-05,0,10000,0.000999900009999,0.000999900009999
per-metric family,MovieLens / budget1 / target_margin / intervention_success,10,LOO,Greedy seq. del.,250,0.7,9.99900009999e-05,0,10000,0.000999900009999,0.000999900009999
per-metric family,MovieLens / budget1 / target_margin / intervention_success,10,LOO,Random control,250,0.536,9.99900009999e-05,0,10000,0.000999900009999,0.000999900009999
per-metric family,MovieLens / budget1 / target_margin / intervention_success,10,Greedy seq. del.,Random control,250,-0.164,9.99900009999e-05,0,10000,0.000999900009999,0.000999900009999
per-metric family,MovieLens / budget1 / target_margin / intervention_success_ndcg,10,MC Shapley,LIME,250,0.0128,0.029097090291,290,10000,0.116388361164,0.116388361164
per-metric family,MovieLens / budget1 / target_margin / intervention_success_ndcg,10,MC Shapley,LOO,250,0.0064,0.44495550445,4449,10000,0.65603439656,0.65603439656
per-metric family,MovieLens / budget1 / target_margin / intervention_success_ndcg,10,MC Shapley,Greedy seq. del.,250,0.1304,9.99900009999e-05,0,10000,0.000999900009999,0.000999900009999
per-metric family,MovieLens / budget1 / target_margin / intervention_success_ndcg,10,MC Shapley,Random control,250,0.1488,9.99900009999e-05,0,10000,0.000999900009999,0.000999900009999
per-metric family,MovieLens / budget1 / target_margin / intervention_success_ndcg,10,LIME,LOO,250,-0.0064,0.254774522548,2547,10000,0.65603439656,0.65603439656
per-metric family,MovieLens / budget1 / target_margin / intervention_success_ndcg,10,LIME,Greedy seq. del.,250,0.1176,9.99900009999e-05,0,10000,0.000999900009999,0.000999900009999
per-metric family,MovieLens / budget1 / target_margin / intervention_success_ndcg,10,LIME,Random control,250,0.136,9.99900009999e-05,0,10000,0.000999900009999,0.000999900009999
per-metric family,MovieLens / budget1 / target_margin / intervention_success_ndcg,10,LOO,Greedy seq. del.,250,0.124,9.99900009999e-05,0,10000,0.000999900009999,0.000999900009999
per-metric family,MovieLens / budget1 / target_margin / intervention_success_ndcg,10,LOO,Random control,250,0.1424,9.99900009999e-05,0,10000,0.000999900009999,0.000999900009999
per-metric family,MovieLens / budget1 / target_margin / intervention_success_ndcg,10,Greedy seq. del.,Random control,250,0.0184,0.218678132187,2186,10000,0.65603439656,0.65603439656
per-metric family,MovieLens / budget1 / target_margin / joint_effect_ndcg,10,MC Shapley,LIME,250,0.00039565212396,0.357564243576,3575,10000,1,1
per-metric family,MovieLens / budget1 / target_margin / joint_effect_ndcg,10,MC Shapley,LOO,250,-0.000429682813999,0.375362463754,3753,10000,1,1
per-metric family,MovieLens / budget1 / target_margin / joint_effect_ndcg,10,MC Shapley,Greedy seq. del.,250,0.0280099407744,9.99900009999e-05,0,10000,0.000999900009999,0.000999900009999
per-metric family,MovieLens / budget1 / target_margin / joint_effect_ndcg,10,MC Shapley,Random control,250,0.0254993477197,9.99900009999e-05,0,10000,0.000999900009999,0.000999900009999
per-metric family,MovieLens / budget1 / target_margin / joint_effect_ndcg,10,LIME,LOO,250,-0.000825334937959,0.0617938206179,617,10000,0.247175282472,0.247175282472
per-metric family,MovieLens / budget1 / target_margin / joint_effect_ndcg,10,LIME,Greedy seq. del.,250,0.0276142886504,9.99900009999e-05,0,10000,0.000999900009999,0.000999900009999
per-metric family,MovieLens / budget1 / target_margin / joint_effect_ndcg,10,LIME,Random control,250,0.0251036955958,9.99900009999e-05,0,10000,0.000999900009999,0.000999900009999
per-metric family,MovieLens / budget1 / target_margin / joint_effect_ndcg,10,LOO,Greedy seq. del.,250,0.0284396235884,9.99900009999e-05,0,10000,0.000999900009999,0.000999900009999
per-metric family,MovieLens / budget1 / target_margin / joint_effect_ndcg,10,LOO,Random control,250,0.0259290305337,9.99900009999e-05,0,10000,0.000999900009999,0.000999900009999
per-metric family,MovieLens / budget1 / target_margin / joint_effect_ndcg,10,Greedy seq. del.,Random control,250,-0.00251059305463,0.463753624638,4637,10000,1,1
per-metric family,MovieLens / budget1 / target_margin / joint_effect_primary,10,MC Shapley,LIME,250,-2.20131999952e-05,0.015698430157,156,10000,0.031396860314,0.031396860314
per-metric family,MovieLens / budget1 / target_margin / joint_effect_primary,10,MC Shapley,LOO,250,-2.77071420536e-05,0.001199880012,11,10000,0.003599640036,0.003599640036
per-metric family,MovieLens / budget1 / target_margin / joint_effect_primary,10,MC Shapley,Greedy seq. del.,250,0.00151460311208,9.99900009999e-05,0,10000,0.000999900009999,0.000999900009999
per-metric family,MovieLens / budget1 / target_margin / joint_effect_primary,10,MC Shapley,Random control,250,0.00135727576544,9.99900009999e-05,0,10000,0.000999900009999,0.000999900009999
per-metric family,MovieLens / budget1 / target_margin / joint_effect_primary,10,LIME,LOO,250,-5.69394205834e-06,9.99900009999e-05,0,10000,0.000999900009999,0.000999900009999
per-metric family,MovieLens / budget1 / target_margin / joint_effect_primary,10,LIME,Greedy seq. del.,250,0.00153661631208,9.99900009999e-05,0,10000,0.000999900009999,0.000999900009999
per-metric family,MovieLens / budget1 / target_margin / joint_effect_primary,10,LIME,Random control,250,0.00137928896543,9.99900009999e-05,0,10000,0.000999900009999,0.000999900009999
per-metric family,MovieLens / budget1 / target_margin / joint_effect_primary,10,LOO,Greedy seq. del.,250,0.00154231025414,9.99900009999e-05,0,10000,0.000999900009999,0.000999900009999
per-metric family,MovieLens / budget1 / target_margin / joint_effect_primary,10,LOO,Random control,250,0.00138498290749,9.99900009999e-05,0,10000,0.000999900009999,0.000999900009999
per-metric family,MovieLens / budget1 / target_margin / joint_effect_primary,10,Greedy seq. del.,Random control,250,-0.000157327346646,0.027097290271,270,10000,0.031396860314,0.031396860314
per-metric family,MovieLens / budget1 / target_margin / joint_effect_target_margin,10,MC Shapley,LIME,250,-2.20131999952e-05,0.016598340166,165,10000,0.033196680332,0.033196680332
per-metric family,MovieLens / budget1 / target_margin / joint_effect_target_margin,10,MC Shapley,LOO,250,-2.77071420536e-05,0.001199880012,11,10000,0.003599640036,0.003599640036
per-metric family,MovieLens / budget1 / target_margin / joint_effect_target_margin,10,MC Shapley,Greedy seq. del.,250,0.00151460311208,9.99900009999e-05,0,10000,0.000999900009999,0.000999900009999
per-metric family,MovieLens / budget1 / target_margin / joint_effect_target_margin,10,MC Shapley,Random control,250,0.00135727576544,9.99900009999e-05,0,10000,0.000999900009999,0.000999900009999
per-metric family,MovieLens / budget1 / target_margin / joint_effect_target_margin,10,LIME,LOO,250,-5.69394205834e-06,9.99900009999e-05,0,10000,0.000999900009999,0.000999900009999
per-metric family,MovieLens / budget1 / target_margin / joint_effect_target_margin,10,LIME,Greedy seq. del.,250,0.00153661631208,9.99900009999e-05,0,10000,0.000999900009999,0.000999900009999
per-metric family,MovieLens / budget1 / target_margin / joint_effect_target_margin,10,LIME,Random control,250,0.00137928896543,9.99900009999e-05,0,10000,0.000999900009999,0.000999900009999
per-metric family,MovieLens / budget1 / target_margin / joint_effect_target_margin,10,LOO,Greedy seq. del.,250,0.00154231025414,9.99900009999e-05,0,10000,0.000999900009999,0.000999900009999
per-metric family,MovieLens / budget1 / target_margin / joint_effect_target_margin,10,LOO,Random control,250,0.00138498290749,9.99900009999e-05,0,10000,0.000999900009999,0.000999900009999
per-metric family,MovieLens / budget1 / target_margin / joint_effect_target_margin,10,Greedy seq. del.,Random control,250,-0.000157327346646,0.022897710229,228,10000,0.033196680332,0.033196680332
per-metric family,MovieLens / budget1 / target_margin / joint_regret_ndcg,10,MC Shapley,LIME,250,-0.00039565212396,0.339766023398,3397,10000,1,1
per-metric family,MovieLens / budget1 / target_margin / joint_regret_ndcg,10,MC Shapley,LOO,250,0.000429682813999,0.376162383762,3761,10000,1,1
per-metric family,MovieLens / budget1 / target_margin / joint_regret_ndcg,10,MC Shapley,Greedy seq. del.,250,-0.0280099407744,9.99900009999e-05,0,10000,0.000999900009999,0.000999900009999
per-metric family,MovieLens / budget1 / target_margin / joint_regret_ndcg,10,MC Shapley,Random control,250,-0.0254993477197,9.99900009999e-05,0,10000,0.000999900009999,0.000999900009999
per-metric family,MovieLens / budget1 / target_margin / joint_regret_ndcg,10,LIME,LOO,250,0.000825334937959,0.0685931406859,685,10000,0.274372562744,0.274372562744
per-metric family,MovieLens / budget1 / target_margin / joint_regret_ndcg,10,LIME,Greedy seq. del.,250,-0.0276142886504,9.99900009999e-05,0,10000,0.000999900009999,0.000999900009999
per-metric family,MovieLens / budget1 / target_margin / joint_regret_ndcg,10,LIME,Random control,250,-0.0251036955958,9.99900009999e-05,0,10000,0.000999900009999,0.000999900009999
per-metric family,MovieLens / budget1 / target_margin / joint_regret_ndcg,10,LOO,Greedy seq. del.,250,-0.0284396235884,9.99900009999e-05,0,10000,0.000999900009999,0.000999900009999
per-metric family,MovieLens / budget1 / target_margin / joint_regret_ndcg,10,LOO,Random control,250,-0.0259290305337,9.99900009999e-05,0,10000,0.000999900009999,0.000999900009999
per-metric family,MovieLens / budget1 / target_margin / joint_regret_ndcg,10,Greedy seq. del.,Random control,250,0.00251059305463,0.463453654635,4634,10000,1,1
per-metric family,MovieLens / budget1 / target_margin / joint_regret_primary,10,MC Shapley,LIME,250,2.20131999952e-05,0.016198380162,161,10000,0.032396760324,0.032396760324
per-metric family,MovieLens / budget1 / target_margin / joint_regret_primary,10,MC Shapley,LOO,250,2.77071420536e-05,0.000899910008999,8,10000,0.002699730027,0.002699730027
per-metric family,MovieLens / budget1 / target_margin / joint_regret_primary,10,MC Shapley,Greedy seq. del.,250,-0.00151460311208,9.99900009999e-05,0,10000,0.000999900009999,0.000999900009999
per-metric family,MovieLens / budget1 / target_margin / joint_regret_primary,10,MC Shapley,Random control,250,-0.00135727576544,9.99900009999e-05,0,10000,0.000999900009999,0.000999900009999
per-metric family,MovieLens / budget1 / target_margin / joint_regret_primary,10,LIME,LOO,250,5.69394205834e-06,9.99900009999e-05,0,10000,0.000999900009999,0.000999900009999
per-metric family,MovieLens / budget1 / target_margin / joint_regret_primary,10,LIME,Greedy seq. del.,250,-0.00153661631208,9.99900009999e-05,0,10000,0.000999900009999,0.000999900009999
per-metric family,MovieLens / budget1 / target_margin / joint_regret_primary,10,LIME,Random control,250,-0.00137928896543,9.99900009999e-05,0,10000,0.000999900009999,0.000999900009999
per-metric family,MovieLens / budget1 / target_margin / joint_regret_primary,10,LOO,Greedy seq. del.,250,-0.00154231025414,9.99900009999e-05,0,10000,0.000999900009999,0.000999900009999
per-metric family,MovieLens / budget1 / target_margin / joint_regret_primary,10,LOO,Random control,250,-0.00138498290749,9.99900009999e-05,0,10000,0.000999900009999,0.000999900009999
per-metric family,MovieLens / budget1 / target_margin / joint_regret_primary,10,Greedy seq. del.,Random control,250,0.000157327346646,0.025197480252,251,10000,0.032396760324,0.032396760324
per-metric family,MovieLens / budget1 / target_margin / normalized_regret_ndcg,10,MC Shapley,LIME,60,-0.0227632640998,0.391260873913,3912,10000,1,1
per-metric family,MovieLens / budget1 / target_margin / normalized_regret_ndcg,10,MC Shapley,LOO,60,0.0137483086223,0.684831516848,6848,10000,1,1
per-metric family,MovieLens / budget1 / target_margin / normalized_regret_ndcg,10,MC Shapley,Greedy seq. del.,60,-0.669915670306,9.99900009999e-05,0,10000,0.000999900009999,0.000999900009999
per-metric family,MovieLens / budget1 / target_margin / normalized_regret_ndcg,10,MC Shapley,Random control,60,-0.685954966426,9.99900009999e-05,0,10000,0.000999900009999,0.000999900009999
per-metric family,MovieLens / budget1 / target_margin / normalized_regret_ndcg,10,LIME,LOO,60,0.036511572722,0.0620937906209,620,10000,0.248375162484,0.248375162484
per-metric family,MovieLens / budget1 / target_margin / normalized_regret_ndcg,10,LIME,Greedy seq. del.,60,-0.647152406206,9.99900009999e-05,0,10000,0.000999900009999,0.000999900009999
per-metric family,MovieLens / budget1 / target_margin / normalized_regret_ndcg,10,LIME,Random control,60,-0.663191702327,9.99900009999e-05,0,10000,0.000999900009999,0.000999900009999
per-metric family,MovieLens / budget1 / target_margin / normalized_regret_ndcg,10,LOO,Greedy seq. del.,60,-0.683663978928,9.99900009999e-05,0,10000,0.000999900009999,0.000999900009999
per-metric family,MovieLens / budget1 / target_margin / normalized_regret_ndcg,10,LOO,Random control,60,-0.699703275049,9.99900009999e-05,0,10000,0.000999900009999,0.000999900009999
per-metric family,MovieLens / budget1 / target_margin / normalized_regret_ndcg,10,Greedy seq. del.,Random control,60,-0.0160392961208,0.844915508449,8449,10000,1,1
per-metric family,MovieLens / budget1 / target_margin / normalized_regret_primary,10,MC Shapley,LIME,250,0.0299414997787,9.99900009999e-05,0,10000,0.000999900009999,0.000999900009999
per-metric family,MovieLens / budget1 / target_margin / normalized_regret_primary,10,MC Shapley,LOO,250,0.0353186991326,9.99900009999e-05,0,10000,0.000999900009999,0.000999900009999
per-metric family,MovieLens / budget1 / target_margin / normalized_regret_primary,10,MC Shapley,Greedy seq. del.,250,-1.21922532501,9.99900009999e-05,0,10000,0.000999900009999,0.000999900009999
per-metric family,MovieLens / budget1 / target_margin / normalized_regret_primary,10,MC Shapley,Random control,250,-1.02014797171,9.99900009999e-05,0,10000,0.000999900009999,0.000999900009999
per-metric family,MovieLens / budget1 / target_margin / normalized_regret_primary,10,LIME,LOO,250,0.00537719935393,0.002199780022,21,10000,0.002199780022,0.002199780022
per-metric family,MovieLens / budget1 / target_margin / normalized_regret_primary,10,LIME,Greedy seq. del.,250,-1.24916682478,9.99900009999e-05,0,10000,0.000999900009999,0.000999900009999
per-metric family,MovieLens / budget1 / target_margin / normalized_regret_primary,10,LIME,Random control,250,-1.05008947149,9.99900009999e-05,0,10000,0.000999900009999,0.000999900009999
per-metric family,MovieLens / budget1 / target_margin / normalized_regret_primary,10,LOO,Greedy seq. del.,250,-1.25454402414,9.99900009999e-05,0,10000,0.000999900009999,0.000999900009999
per-metric family,MovieLens / budget1 / target_margin / normalized_regret_primary,10,LOO,Random control,250,-1.05546667084,9.99900009999e-05,0,10000,0.000999900009999,0.000999900009999
per-metric family,MovieLens / budget1 / target_margin / normalized_regret_primary,10,Greedy seq. del.,Random control,250,0.199077353298,9.99900009999e-05,0,10000,0.000999900009999,0.000999900009999
per-metric family,MovieLens / budget3 / target_margin / abstention,10,MC Shapley,LIME,250,-0.004,1,10000,10000,1,1
per-metric family,MovieLens / budget3 / target_margin / abstention,10,MC Shapley,LOO,250,-0.004,1,10000,10000,1,1
per-metric family,MovieLens / budget3 / target_margin / abstention,10,MC Shapley,Greedy seq. del.,250,0,1,10000,10000,1,1
per-metric family,MovieLens / budget3 / target_margin / abstention,10,MC Shapley,Random control,250,-0.0008,1,10000,10000,1,1
per-metric family,MovieLens / budget3 / target_margin / abstention,10,LIME,LOO,250,0,1,10000,10000,1,1
per-metric family,MovieLens / budget3 / target_margin / abstention,10,LIME,Greedy seq. del.,250,0.004,1,10000,10000,1,1
per-metric family,MovieLens / budget3 / target_margin / abstention,10,LIME,Random control,250,0.0032,1,10000,10000,1,1
per-metric family,MovieLens / budget3 / target_margin / abstention,10,LOO,Greedy seq. del.,250,0.004,1,10000,10000,1,1
per-metric family,MovieLens / budget3 / target_margin / abstention,10,LOO,Random control,250,0.0032,1,10000,10000,1,1
per-metric family,MovieLens / budget3 / target_margin / abstention,10,Greedy seq. del.,Random control,250,-0.0008,1,10000,10000,1,1
per-metric family,MovieLens / budget3 / target_margin / intervention_success,10,MC Shapley,LIME,250,0.004,1,10000,10000,1,1
per-metric family,MovieLens / budget3 / target_margin / intervention_success,10,MC Shapley,LOO,250,0.004,1,10000,10000,1,1
per-metric family,MovieLens / budget3 / target_margin / intervention_success,10,MC Shapley,Greedy seq. del.,250,0.36,9.99900009999e-05,0,10000,0.000999900009999,0.000999900009999
per-metric family,MovieLens / budget3 / target_margin / intervention_success,10,MC Shapley,Random control,250,0.5176,9.99900009999e-05,0,10000,0.000999900009999,0.000999900009999
per-metric family,MovieLens / budget3 / target_margin / intervention_success,10,LIME,LOO,250,0,1,10000,10000,1,1
per-metric family,MovieLens / budget3 / target_margin / intervention_success,10,LIME,Greedy seq. del.,250,0.356,9.99900009999e-05,0,10000,0.000999900009999,0.000999900009999
per-metric family,MovieLens / budget3 / target_margin / intervention_success,10,LIME,Random control,250,0.5136,9.99900009999e-05,0,10000,0.000999900009999,0.000999900009999
per-metric family,MovieLens / budget3 / target_margin / intervention_success,10,LOO,Greedy seq. del.,250,0.356,9.99900009999e-05,0,10000,0.000999900009999,0.000999900009999
per-metric family,MovieLens / budget3 / target_margin / intervention_success,10,LOO,Random control,250,0.5136,9.99900009999e-05,0,10000,0.000999900009999,0.000999900009999
per-metric family,MovieLens / budget3 / target_margin / intervention_success,10,Greedy seq. del.,Random control,250,0.1576,9.99900009999e-05,0,10000,0.000999900009999,0.000999900009999
per-metric family,MovieLens / budget3 / target_margin / intervention_success_ndcg,10,MC Shapley,LIME,250,0,1,10000,10000,1,1
per-metric family,MovieLens / budget3 / target_margin / intervention_success_ndcg,10,MC Shapley,LOO,250,0,1,10000,10000,1,1
per-metric family,MovieLens / budget3 / target_margin / intervention_success_ndcg,10,MC Shapley,Greedy seq. del.,250,0.188,9.99900009999e-05,0,10000,0.000999900009999,0.000999900009999
per-metric family,MovieLens / budget3 / target_margin / intervention_success_ndcg,10,MC Shapley,Random control,250,0.2448,9.99900009999e-05,0,10000,0.000999900009999,0.000999900009999
per-metric family,MovieLens / budget3 / target_margin / intervention_success_ndcg,10,LIME,LOO,250,0,1,10000,10000,1,1
per-metric family,MovieLens / budget3 / target_margin / intervention_success_ndcg,10,LIME,Greedy seq. del.,250,0.188,9.99900009999e-05,0,10000,0.000999900009999,0.000999900009999
per-metric family,MovieLens / budget3 / target_margin / intervention_success_ndcg,10,LIME,Random control,250,0.2448,9.99900009999e-05,0,10000,0.000999900009999,0.000999900009999
per-metric family,MovieLens / budget3 / target_margin / intervention_success_ndcg,10,LOO,Greedy seq. del.,250,0.188,9.99900009999e-05,0,10000,0.000999900009999,0.000999900009999
per-metric family,MovieLens / budget3 / target_margin / intervention_success_ndcg,10,LOO,Random control,250,0.2448,9.99900009999e-05,0,10000,0.000999900009999,0.000999900009999
per-metric family,MovieLens / budget3 / target_margin / intervention_success_ndcg,10,Greedy seq. del.,Random control,250,0.0568,0.004899510049,48,10000,0.019598040196,0.019598040196
per-metric family,MovieLens / budget3 / target_margin / joint_effect_ndcg,10,MC Shapley,LIME,250,0.000164438197847,0.936806319368,9368,10000,1,1
per-metric family,MovieLens / budget3 / target_margin / joint_effect_ndcg,10,MC Shapley,LOO,250,0.000740520433384,0.723527647235,7235,10000,1,1
per-metric family,MovieLens / budget3 / target_margin / joint_effect_ndcg,10,MC Shapley,Greedy seq. del.,250,0.0525194411825,9.99900009999e-05,0,10000,0.000999900009999,0.000999900009999
per-metric family,MovieLens / budget3 / target_margin / joint_effect_ndcg,10,MC Shapley,Random control,250,0.0602964739748,9.99900009999e-05,0,10000,0.000999900009999,0.000999900009999
per-metric family,MovieLens / budget3 / target_margin / joint_effect_ndcg,10,LIME,LOO,250,0.000576082235537,0.418758124188,4187,10000,1,1
per-metric family,MovieLens / budget3 / target_margin / joint_effect_ndcg,10,LIME,Greedy seq. del.,250,0.0523550029847,9.99900009999e-05,0,10000,0.000999900009999,0.000999900009999
per-metric family,MovieLens / budget3 / target_margin / joint_effect_ndcg,10,LIME,Random control,250,0.0601320357769,9.99900009999e-05,0,10000,0.000999900009999,0.000999900009999
per-metric family,MovieLens / budget3 / target_margin / joint_effect_ndcg,10,LOO,Greedy seq. del.,250,0.0517789207492,9.99900009999e-05,0,10000,0.000999900009999,0.000999900009999
per-metric family,MovieLens / budget3 / target_margin / joint_effect_ndcg,10,LOO,Random control,250,0.0595559535414,9.99900009999e-05,0,10000,0.000999900009999,0.000999900009999
per-metric family,MovieLens / budget3 / target_margin / joint_effect_ndcg,10,Greedy seq. del.,Random control,250,0.00777703279221,0.16898310169,1689,10000,0.675932406759,0.675932406759
per-metric family,MovieLens / budget3 / target_margin / joint_effect_primary,10,MC Shapley,LIME,250,-7.50202041115e-05,9.99900009999e-05,0,10000,0.000999900009999,0.000999900009999
per-metric family,MovieLens / budget3 / target_margin / joint_effect_primary,10,MC Shapley,LOO,250,-8.3341388335e-05,9.99900009999e-05,0,10000,0.000999900009999,0.000999900009999
per-metric family,MovieLens / budget3 / target_margin / joint_effect_primary,10,MC Shapley,Greedy seq. del.,250,0.00250772498396,9.99900009999e-05,0,10000,0.000999900009999,0.000999900009999
per-metric family,MovieLens / budget3 / target_margin / joint_effect_primary,10,MC Shapley,Random control,250,0.00327727134462,9.99900009999e-05,0,10000,0.000999900009999,0.000999900009999
per-metric family,MovieLens / budget3 / target_margin / joint_effect_primary,10,LIME,LOO,250,-8.32118422344e-06,0.043195680432,431,10000,0.043195680432,0.043195680432
per-metric family,MovieLens / budget3 / target_margin / joint_effect_primary,10,LIME,Greedy seq. del.,250,0.00258274518807,9.99900009999e-05,0,10000,0.000999900009999,0.000999900009999
per-metric family,MovieLens / budget3 / target_margin / joint_effect_primary,10,LIME,Random control,250,0.00335229154873,9.99900009999e-05,0,10000,0.000999900009999,0.000999900009999
per-metric family,MovieLens / budget3 / target_margin / joint_effect_primary,10,LOO,Greedy seq. del.,250,0.0025910663723,9.99900009999e-05,0,10000,0.000999900009999,0.000999900009999
per-metric family,MovieLens / budget3 / target_margin / joint_effect_primary,10,LOO,Random control,250,0.00336061273296,9.99900009999e-05,0,10000,0.000999900009999,0.000999900009999
per-metric family,MovieLens / budget3 / target_margin / joint_effect_primary,10,Greedy seq. del.,Random control,250,0.000769546360658,9.99900009999e-05,0,10000,0.000999900009999,0.000999900009999
per-metric family,MovieLens / budget3 / target_margin / joint_effect_target_margin,10,MC Shapley,LIME,250,-7.50202041115e-05,9.99900009999e-05,0,10000,0.000999900009999,0.000999900009999
per-metric family,MovieLens / budget3 / target_margin / joint_effect_target_margin,10,MC Shapley,LOO,250,-8.3341388335e-05,9.99900009999e-05,0,10000,0.000999900009999,0.000999900009999
per-metric family,MovieLens / budget3 / target_margin / joint_effect_target_margin,10,MC Shapley,Greedy seq. del.,250,0.00250772498396,9.99900009999e-05,0,10000,0.000999900009999,0.000999900009999
per-metric family,MovieLens / budget3 / target_margin / joint_effect_target_margin,10,MC Shapley,Random control,250,0.00327727134462,9.99900009999e-05,0,10000,0.000999900009999,0.000999900009999
per-metric family,MovieLens / budget3 / target_margin / joint_effect_target_margin,10,LIME,LOO,250,-8.32118422344e-06,0.046095390461,460,10000,0.046095390461,0.046095390461
per-metric family,MovieLens / budget3 / target_margin / joint_effect_target_margin,10,LIME,Greedy seq. del.,250,0.00258274518807,9.99900009999e-05,0,10000,0.000999900009999,0.000999900009999
per-metric family,MovieLens / budget3 / target_margin / joint_effect_target_margin,10,LIME,Random control,250,0.00335229154873,9.99900009999e-05,0,10000,0.000999900009999,0.000999900009999
per-metric family,MovieLens / budget3 / target_margin / joint_effect_target_margin,10,LOO,Greedy seq. del.,250,0.0025910663723,9.99900009999e-05,0,10000,0.000999900009999,0.000999900009999
per-metric family,MovieLens / budget3 / target_margin / joint_effect_target_margin,10,LOO,Random control,250,0.00336061273296,9.99900009999e-05,0,10000,0.000999900009999,0.000999900009999
per-metric family,MovieLens / budget3 / target_margin / joint_effect_target_margin,10,Greedy seq. del.,Random control,250,0.000769546360658,9.99900009999e-05,0,10000,0.000999900009999,0.000999900009999
per-metric family,MovieLens / budget3 / target_margin / joint_regret_ndcg,10,MC Shapley,LIME,100,-0.00132089237916,1,10000,10000,1,1
per-metric family,MovieLens / budget3 / target_margin / joint_regret_ndcg,10,MC Shapley,LOO,100,-0.00132089237916,1,10000,10000,1,1
per-metric family,MovieLens / budget3 / target_margin / joint_regret_ndcg,10,MC Shapley,Greedy seq. del.,100,-0.0402752154961,9.99900009999e-05,0,10000,0.000999900009999,0.000999900009999
per-metric family,MovieLens / budget3 / target_margin / joint_regret_ndcg,10,MC Shapley,Random control,100,-0.0451489364899,9.99900009999e-05,0,10000,0.000999900009999,0.000999900009999
per-metric family,MovieLens / budget3 / target_margin / joint_regret_ndcg,10,LIME,LOO,100,0,1,10000,10000,1,1
per-metric family,MovieLens / budget3 / target_margin / joint_regret_ndcg,10,LIME,Greedy seq. del.,100,-0.038954323117,9.99900009999e-05,0,10000,0.000999900009999,0.000999900009999
per-metric family,MovieLens / budget3 / target_margin / joint_regret_ndcg,10,LIME,Random control,100,-0.0438280441107,9.99900009999e-05,0,10000,0.000999900009999,0.000999900009999
per-metric family,MovieLens / budget3 / target_margin / joint_regret_ndcg,10,LOO,Greedy seq. del.,100,-0.038954323117,9.99900009999e-05,0,10000,0.000999900009999,0.000999900009999
per-metric family,MovieLens / budget3 / target_margin / joint_regret_ndcg,10,LOO,Random control,100,-0.0438280441107,9.99900009999e-05,0,10000,0.000999900009999,0.000999900009999
per-metric family,MovieLens / budget3 / target_margin / joint_regret_ndcg,10,Greedy seq. del.,Random control,100,-0.00487372099375,0.51104889511,5110,10000,1,1
per-metric family,MovieLens / budget3 / target_margin / joint_regret_primary,10,MC Shapley,LIME,100,9.60430638551e-05,9.99900009999e-05,0,10000,0.000999900009999,0.000999900009999
per-metric family,MovieLens / budget3 / target_margin / joint_regret_primary,10,MC Shapley,LOO,100,9.72139134099e-05,9.99900009999e-05,0,10000,0.000999900009999,0.000999900009999
per-metric family,MovieLens / budget3 / target_margin / joint_regret_primary,10,MC Shapley,Greedy seq. del.,100,-0.00237498800883,9.99900009999e-05,0,10000,0.000999900009999,0.000999900009999
per-metric family,MovieLens / budget3 / target_margin / joint_regret_primary,10,MC Shapley,Random control,100,-0.00337483267421,9.99900009999e-05,0,10000,0.000999900009999,0.000999900009999
per-metric family,MovieLens / budget3 / target_margin / joint_regret_primary,10,LIME,LOO,100,1.1708495548e-06,0.957604239576,9576,10000,0.957604239576,0.957604239576
per-metric family,MovieLens / budget3 / target_margin / joint_regret_primary,10,LIME,Greedy seq. del.,100,-0.00247103107268,9.99900009999e-05,0,10000,0.000999900009999,0.000999900009999
per-metric family,MovieLens / budget3 / target_margin / joint_regret_primary,10,LIME,Random control,100,-0.00347087573807,9.99900009999e-05,0,10000,0.000999900009999,0.000999900009999
per-metric family,MovieLens / budget3 / target_margin / joint_regret_primary,10,LOO,Greedy seq. del.,100,-0.00247220192224,9.99900009999e-05,0,10000,0.000999900009999,0.000999900009999
per-metric family,MovieLens / budget3 / target_margin / joint_regret_primary,10,LOO,Random control,100,-0.00347204658762,9.99900009999e-05,0,10000,0.000999900009999,0.000999900009999
per-metric family,MovieLens / budget3 / target_margin / joint_regret_primary,10,Greedy seq. del.,Random control,100,-0.000999844665383,9.99900009999e-05,0,10000,0.000999900009999,0.000999900009999
per-metric family,MovieLens / budget3 / target_margin / normalized_regret_ndcg,10,MC Shapley,LIME,25,-0.00698811709979,1,10000,10000,1,1
per-metric family,MovieLens / budget3 / target_margin / normalized_regret_ndcg,10,MC Shapley,LOO,25,-0.00698811709979,1,10000,10000,1,1
per-metric family,MovieLens / budget3 / target_margin / normalized_regret_ndcg,10,MC Shapley,Greedy seq. del.,25,-0.670278619268,0.000399960004,3,10000,0.00199980002,0.00199980002
per-metric family,MovieLens / budget3 / target_margin / normalized_regret_ndcg,10,MC Shapley,Random control,25,-0.863669054464,9.99900009999e-05,0,10000,0.000999900009999,0.000999900009999
per-metric family,MovieLens / budget3 / target_margin / normalized_regret_ndcg,10,LIME,LOO,25,0,1,10000,10000,1,1
per-metric family,MovieLens / budget3 / target_margin / normalized_regret_ndcg,10,LIME,Greedy seq. del.,25,-0.663290502168,0.000199980002,1,10000,0.001399860014,0.001399860014
per-metric family,MovieLens / budget3 / target_margin / normalized_regret_ndcg,10,LIME,Random control,25,-0.856680937365,9.99900009999e-05,0,10000,0.000999900009999,0.000999900009999
per-metric family,MovieLens / budget3 / target_margin / normalized_regret_ndcg,10,LOO,Greedy seq. del.,25,-0.663290502168,0.000199980002,1,10000,0.001399860014,0.001399860014
per-metric family,MovieLens / budget3 / target_margin / normalized_regret_ndcg,10,LOO,Random control,25,-0.856680937365,9.99900009999e-05,0,10000,0.000999900009999,0.000999900009999
per-metric family,MovieLens / budget3 / target_margin / normalized_regret_ndcg,10,Greedy seq. del.,Random control,25,-0.193390435197,0.243575642436,2435,10000,0.974302569743,0.974302569743
per-metric family,MovieLens / budget3 / target_margin / normalized_regret_primary,10,MC Shapley,LIME,100,0.0347185140621,9.99900009999e-05,0,10000,0.000999900009999,0.000999900009999
per-metric family,MovieLens / budget3 / target_margin / normalized_regret_primary,10,MC Shapley,LOO,100,0.0351033809339,9.99900009999e-05,0,10000,0.000999900009999,0.000999900009999
per-metric family,MovieLens / budget3 / target_margin / normalized_regret_primary,10,MC Shapley,Greedy seq. del.,100,-0.759338903062,9.99900009999e-05,0,10000,0.000999900009999,0.000999900009999
per-metric family,MovieLens / budget3 / target_margin / normalized_regret_primary,10,MC Shapley,Random control,100,-0.996589333567,9.99900009999e-05,0,10000,0.000999900009999,0.000999900009999
per-metric family,MovieLens / budget3 / target_margin / normalized_regret_primary,10,LIME,LOO,100,0.000384866871781,0.962103789621,9621,10000,0.962103789621,0.962103789621
per-metric family,MovieLens / budget3 / target_margin / normalized_regret_primary,10,LIME,Greedy seq. del.,100,-0.794057417124,9.99900009999e-05,0,10000,0.000999900009999,0.000999900009999
per-metric family,MovieLens / budget3 / target_margin / normalized_regret_primary,10,LIME,Random control,100,-1.03130784763,9.99900009999e-05,0,10000,0.000999900009999,0.000999900009999
per-metric family,MovieLens / budget3 / target_margin / normalized_regret_primary,10,LOO,Greedy seq. del.,100,-0.794442283996,9.99900009999e-05,0,10000,0.000999900009999,0.000999900009999
per-metric family,MovieLens / budget3 / target_margin / normalized_regret_primary,10,LOO,Random control,100,-1.0316927145,9.99900009999e-05,0,10000,0.000999900009999,0.000999900009999
per-metric family,MovieLens / budget3 / target_margin / normalized_regret_primary,10,Greedy seq. del.,Random control,100,-0.237250430505,9.99900009999e-05,0,10000,0.000999900009999,0.000999900009999
per-metric family,MovieLens / candidates100 / target_margin / abstention,10,MC Shapley,LIME,250,0,1,10000,10000,1,1
per-metric family,MovieLens / candidates100 / target_margin / abstention,10,MC Shapley,LOO,250,0,1,10000,10000,1,1
per-metric family,MovieLens / candidates100 / target_margin / abstention,10,MC Shapley,Greedy seq. del.,250,0,1,10000,10000,1,1
per-metric family,MovieLens / candidates100 / target_margin / abstention,10,MC Shapley,Random control,250,-0.0008,1,10000,10000,1,1
per-metric family,MovieLens / candidates100 / target_margin / abstention,10,LIME,LOO,250,0,1,10000,10000,1,1
per-metric family,MovieLens / candidates100 / target_margin / abstention,10,LIME,Greedy seq. del.,250,0,1,10000,10000,1,1
per-metric family,MovieLens / candidates100 / target_margin / abstention,10,LIME,Random control,250,-0.0008,1,10000,10000,1,1
per-metric family,MovieLens / candidates100 / target_margin / abstention,10,LOO,Greedy seq. del.,250,0,1,10000,10000,1,1
per-metric family,MovieLens / candidates100 / target_margin / abstention,10,LOO,Random control,250,-0.0008,1,10000,10000,1,1
per-metric family,MovieLens / candidates100 / target_margin / abstention,10,Greedy seq. del.,Random control,250,-0.0008,1,10000,10000,1,1
per-metric family,MovieLens / candidates100 / target_margin / actionability_gap,10,MC Shapley,LIME,250,0.0259361557015,9.99900009999e-05,0,10000,0.000999900009999,0.000999900009999
per-metric family,MovieLens / candidates100 / target_margin / actionability_gap,10,MC Shapley,LOO,250,0.0299832640254,9.99900009999e-05,0,10000,0.000999900009999,0.000999900009999
per-metric family,MovieLens / candidates100 / target_margin / actionability_gap,10,MC Shapley,Greedy seq. del.,250,0.0150487022519,0.00779922007799,77,10000,0.015598440156,0.015598440156
per-metric family,MovieLens / candidates100 / target_margin / actionability_gap,10,MC Shapley,Random control,250,0.0108177111957,0.000399960004,3,10000,0.001599840016,0.001599840016
per-metric family,MovieLens / candidates100 / target_margin / actionability_gap,10,LIME,LOO,250,0.00404710832383,0.000399960004,3,10000,0.001599840016,0.001599840016
per-metric family,MovieLens / candidates100 / target_margin / actionability_gap,10,LIME,Greedy seq. del.,250,-0.0108874534496,9.99900009999e-05,0,10000,0.000999900009999,0.000999900009999
per-metric family,MovieLens / candidates100 / target_margin / actionability_gap,10,LIME,Random control,250,-0.0151184445059,9.99900009999e-05,0,10000,0.000999900009999,0.000999900009999
per-metric family,MovieLens / candidates100 / target_margin / actionability_gap,10,LOO,Greedy seq. del.,250,-0.0149345617734,9.99900009999e-05,0,10000,0.000999900009999,0.000999900009999
per-metric family,MovieLens / candidates100 / target_margin / actionability_gap,10,LOO,Random control,250,-0.0191655528297,9.99900009999e-05,0,10000,0.000999900009999,0.000999900009999
per-metric family,MovieLens / candidates100 / target_margin / actionability_gap,10,Greedy seq. del.,Random control,250,-0.00423099105627,0.427157284272,4271,10000,0.427157284272,0.427157284272
per-metric family,MovieLens / candidates100 / target_margin / aia,10,MC Shapley,LIME,250,-0.125942926079,9.99900009999e-05,0,10000,0.000999900009999,0.000999900009999
per-metric family,MovieLens / candidates100 / target_margin / aia,10,MC Shapley,LOO,250,-0.161457449,9.99900009999e-05,0,10000,0.000999900009999,0.000999900009999
per-metric family,MovieLens / candidates100 / target_margin / aia,10,MC Shapley,Greedy seq. del.,250,0.56039377911,9.99900009999e-05,0,10000,0.000999900009999,0.000999900009999
per-metric family,MovieLens / candidates100 / target_margin / aia,10,MC Shapley,Random control,250,0.823781709592,9.99900009999e-05,0,10000,0.000999900009999,0.000999900009999
per-metric family,MovieLens / candidates100 / target_margin / aia,10,LIME,LOO,250,-0.0355145229213,9.99900009999e-05,0,10000,0.000999900009999,0.000999900009999
per-metric family,MovieLens / candidates100 / target_margin / aia,10,LIME,Greedy seq. del.,250,0.686336705188,9.99900009999e-05,0,10000,0.000999900009999,0.000999900009999
per-metric family,MovieLens / candidates100 / target_margin / aia,10,LIME,Random control,250,0.949724635671,9.99900009999e-05,0,10000,0.000999900009999,0.000999900009999
per-metric family,MovieLens / candidates100 / target_margin / aia,10,LOO,Greedy seq. del.,250,0.72185122811,9.99900009999e-05,0,10000,0.000999900009999,0.000999900009999
per-metric family,MovieLens / candidates100 / target_margin / aia,10,LOO,Random control,250,0.985239158592,9.99900009999e-05,0,10000,0.000999900009999,0.000999900009999
per-metric family,MovieLens / candidates100 / target_margin / aia,10,Greedy seq. del.,Random control,250,0.263387930483,9.99900009999e-05,0,10000,0.000999900009999,0.000999900009999
per-metric family,MovieLens / candidates100 / target_margin / aia_ndcg,10,MC Shapley,LIME,106,-0.00680456197787,0.530446955304,5304,10000,0.629937006299,0.629937006299
per-metric family,MovieLens / candidates100 / target_margin / aia_ndcg,10,MC Shapley,LOO,106,-0.015056013749,0.2099790021,2099,10000,0.629937006299,0.629937006299
per-metric family,MovieLens / candidates100 / target_margin / aia_ndcg,10,MC Shapley,Greedy seq. del.,106,0.223109751248,9.99900009999e-05,0,10000,0.000999900009999,0.000999900009999
per-metric family,MovieLens / candidates100 / target_margin / aia_ndcg,10,MC Shapley,Random control,106,0.358325522468,9.99900009999e-05,0,10000,0.000999900009999,0.000999900009999
per-metric family,MovieLens / candidates100 / target_margin / aia_ndcg,10,LIME,LOO,106,-0.0082514517711,0.215378462154,2153,10000,0.629937006299,0.629937006299
per-metric family,MovieLens / candidates100 / target_margin / aia_ndcg,10,LIME,Greedy seq. del.,106,0.229914313226,9.99900009999e-05,0,10000,0.000999900009999,0.000999900009999
per-metric family,MovieLens / candidates100 / target_margin / aia_ndcg,10,LIME,Random control,106,0.365130084446,9.99900009999e-05,0,10000,0.000999900009999,0.000999900009999
per-metric family,MovieLens / candidates100 / target_margin / aia_ndcg,10,LOO,Greedy seq. del.,106,0.238165764997,9.99900009999e-05,0,10000,0.000999900009999,0.000999900009999
per-metric family,MovieLens / candidates100 / target_margin / aia_ndcg,10,LOO,Random control,106,0.373381536217,9.99900009999e-05,0,10000,0.000999900009999,0.000999900009999
per-metric family,MovieLens / candidates100 / target_margin / aia_ndcg,10,Greedy seq. del.,Random control,106,0.13521577122,9.99900009999e-05,0,10000,0.000999900009999,0.000999900009999
per-metric family,MovieLens / candidates100 / target_margin / direction_accuracy,10,MC Shapley,LIME,250,-0.0457691954932,9.99900009999e-05,0,10000,0.000999900009999,0.000999900009999
per-metric family,MovieLens / candidates100 / target_margin / direction_accuracy,10,MC Shapley,LOO,250,-0.0716983085851,9.99900009999e-05,0,10000,0.000999900009999,0.000999900009999
per-metric family,MovieLens / candidates100 / target_margin / direction_accuracy,10,MC Shapley,Greedy seq. del.,250,0.315420653378,9.99900009999e-05,0,10000,0.000999900009999,0.000999900009999
per-metric family,MovieLens / candidates100 / target_margin / direction_accuracy,10,MC Shapley,Random control,250,0.421247007179,9.99900009999e-05,0,10000,0.000999900009999,0.000999900009999
per-metric family,MovieLens / candidates100 / target_margin / direction_accuracy,10,LIME,LOO,250,-0.0259291130919,9.99900009999e-05,0,10000,0.000999900009999,0.000999900009999
per-metric family,MovieLens / candidates100 / target_margin / direction_accuracy,10,LIME,Greedy seq. del.,250,0.361189848871,9.99900009999e-05,0,10000,0.000999900009999,0.000999900009999
per-metric family,MovieLens / candidates100 / target_margin / direction_accuracy,10,LIME,Random control,250,0.467016202672,9.99900009999e-05,0,10000,0.000999900009999,0.000999900009999
per-metric family,MovieLens / candidates100 / target_margin / direction_accuracy,10,LOO,Greedy seq. del.,250,0.387118961963,9.99900009999e-05,0,10000,0.000999900009999,0.000999900009999
per-metric family,MovieLens / candidates100 / target_margin / direction_accuracy,10,LOO,Random control,250,0.492945315764,9.99900009999e-05,0,10000,0.000999900009999,0.000999900009999
per-metric family,MovieLens / candidates100 / target_margin / direction_accuracy,10,Greedy seq. del.,Random control,250,0.105826353801,9.99900009999e-05,0,10000,0.000999900009999,0.000999900009999
per-metric family,MovieLens / candidates100 / target_margin / direction_accuracy_ndcg,10,MC Shapley,LIME,106,0.00757412398922,0.26897310269,2689,10000,0.806919308069,0.806919308069
per-metric family,MovieLens / candidates100 / target_margin / direction_accuracy_ndcg,10,MC Shapley,LOO,106,0.00513701707098,0.494150584942,4941,10000,0.806919308069,0.806919308069
per-metric family,MovieLens / candidates100 / target_margin / direction_accuracy_ndcg,10,MC Shapley,Greedy seq. del.,106,0.245202768929,9.99900009999e-05,0,10000,0.000999900009999,0.000999900009999
per-metric family,MovieLens / candidates100 / target_margin / direction_accuracy_ndcg,10,MC Shapley,Random control,106,0.457815758665,9.99900009999e-05,0,10000,0.000999900009999,0.000999900009999
per-metric family,MovieLens / candidates100 / target_margin / direction_accuracy_ndcg,10,LIME,LOO,106,-0.00243710691824,0.302369763024,3023,10000,0.806919308069,0.806919308069
per-metric family,MovieLens / candidates100 / target_margin / direction_accuracy_ndcg,10,LIME,Greedy seq. del.,106,0.23762864494,9.99900009999e-05,0,10000,0.000999900009999,0.000999900009999
per-metric family,MovieLens / candidates100 / target_margin / direction_accuracy_ndcg,10,LIME,Random control,106,0.450241634676,9.99900009999e-05,0,10000,0.000999900009999,0.000999900009999
per-metric family,MovieLens / candidates100 / target_margin / direction_accuracy_ndcg,10,LOO,Greedy seq. del.,106,0.240065751858,9.99900009999e-05,0,10000,0.000999900009999,0.000999900009999
per-metric family,MovieLens / candidates100 / target_margin / direction_accuracy_ndcg,10,LOO,Random control,106,0.452678741594,9.99900009999e-05,0,10000,0.000999900009999,0.000999900009999
per-metric family,MovieLens / candidates100 / target_margin / direction_accuracy_ndcg,10,Greedy seq. del.,Random control,106,0.212612989736,9.99900009999e-05,0,10000,0.000999900009999,0.000999900009999
per-metric family,MovieLens / candidates100 / target_margin / faithfulness_alignment,10,MC Shapley,LIME,250,-0.15187908178,9.99900009999e-05,0,10000,0.000999900009999,0.000999900009999
per-metric family,MovieLens / candidates100 / target_margin / faithfulness_alignment,10,MC Shapley,LOO,250,-0.191440713026,9.99900009999e-05,0,10000,0.000999900009999,0.000999900009999
per-metric family,MovieLens / candidates100 / target_margin / faithfulness_alignment,10,MC Shapley,Greedy seq. del.,250,0.545345076858,9.99900009999e-05,0,10000,0.000999900009999,0.000999900009999
per-metric family,MovieLens / candidates100 / target_margin / faithfulness_alignment,10,MC Shapley,Random control,250,0.812963998397,9.99900009999e-05,0,10000,0.000999900009999,0.000999900009999
per-metric family,MovieLens / candidates100 / target_margin / faithfulness_alignment,10,LIME,LOO,250,-0.0395616312451,9.99900009999e-05,0,10000,0.000999900009999,0.000999900009999
per-metric family,MovieLens / candidates100 / target_margin / faithfulness_alignment,10,LIME,Greedy seq. del.,250,0.697224158638,9.99900009999e-05,0,10000,0.000999900009999,0.000999900009999
per-metric family,MovieLens / candidates100 / target_margin / faithfulness_alignment,10,LIME,Random control,250,0.964843080177,9.99900009999e-05,0,10000,0.000999900009999,0.000999900009999
per-metric family,MovieLens / candidates100 / target_margin / faithfulness_alignment,10,LOO,Greedy seq. del.,250,0.736785789883,9.99900009999e-05,0,10000,0.000999900009999,0.000999900009999
per-metric family,MovieLens / candidates100 / target_margin / faithfulness_alignment,10,LOO,Random control,250,1.00440471142,9.99900009999e-05,0,10000,0.000999900009999,0.000999900009999
per-metric family,MovieLens / candidates100 / target_margin / faithfulness_alignment,10,Greedy seq. del.,Random control,250,0.267618921539,9.99900009999e-05,0,10000,0.000999900009999,0.000999900009999
per-metric family,MovieLens / candidates100 / target_margin / intervention_success,10,MC Shapley,LIME,250,-0.0032,1,10000,10000,1,1
per-metric family,MovieLens / candidates100 / target_margin / intervention_success,10,MC Shapley,LOO,250,-0.0032,1,10000,10000,1,1
per-metric family,MovieLens / candidates100 / target_margin / intervention_success,10,MC Shapley,Greedy seq. del.,250,0.5568,9.99900009999e-05,0,10000,0.000999900009999,0.000999900009999
per-metric family,MovieLens / candidates100 / target_margin / intervention_success,10,MC Shapley,Random control,250,0.5032,9.99900009999e-05,0,10000,0.000999900009999,0.000999900009999
per-metric family,MovieLens / candidates100 / target_margin / intervention_success,10,LIME,LOO,250,0,1,10000,10000,1,1
per-metric family,MovieLens / candidates100 / target_margin / intervention_success,10,LIME,Greedy seq. del.,250,0.56,9.99900009999e-05,0,10000,0.000999900009999,0.000999900009999
per-metric family,MovieLens / candidates100 / target_margin / intervention_success,10,LIME,Random control,250,0.5064,9.99900009999e-05,0,10000,0.000999900009999,0.000999900009999
per-metric family,MovieLens / candidates100 / target_margin / intervention_success,10,LOO,Greedy seq. del.,250,0.56,9.99900009999e-05,0,10000,0.000999900009999,0.000999900009999
per-metric family,MovieLens / candidates100 / target_margin / intervention_success,10,LOO,Random control,250,0.5064,9.99900009999e-05,0,10000,0.000999900009999,0.000999900009999
per-metric family,MovieLens / candidates100 / target_margin / intervention_success,10,Greedy seq. del.,Random control,250,-0.0536,0.150784921508,1507,10000,0.603139686031,0.603139686031
per-metric family,MovieLens / candidates100 / target_margin / intervention_success_ndcg,10,MC Shapley,LIME,250,-0.0024,0.946805319468,9468,10000,1,1
per-metric family,MovieLens / candidates100 / target_margin / intervention_success_ndcg,10,MC Shapley,LOO,250,-0.008,0.437056294371,4370,10000,1,1
per-metric family,MovieLens / candidates100 / target_margin / intervention_success_ndcg,10,MC Shapley,Greedy seq. del.,250,0.252,9.99900009999e-05,0,10000,0.000999900009999,0.000999900009999
per-metric family,MovieLens / candidates100 / target_margin / intervention_success_ndcg,10,MC Shapley,Random control,250,0.236,9.99900009999e-05,0,10000,0.000999900009999,0.000999900009999
per-metric family,MovieLens / candidates100 / target_margin / intervention_success_ndcg,10,LIME,LOO,250,-0.0056,0.252274772523,2522,10000,1,1
per-metric family,MovieLens / candidates100 / target_margin / intervention_success_ndcg,10,LIME,Greedy seq. del.,250,0.2544,9.99900009999e-05,0,10000,0.000999900009999,0.000999900009999
per-metric family,MovieLens / candidates100 / target_margin / intervention_success_ndcg,10,LIME,Random control,250,0.2384,9.99900009999e-05,0,10000,0.000999900009999,0.000999900009999
per-metric family,MovieLens / candidates100 / target_margin / intervention_success_ndcg,10,LOO,Greedy seq. del.,250,0.26,9.99900009999e-05,0,10000,0.000999900009999,0.000999900009999
per-metric family,MovieLens / candidates100 / target_margin / intervention_success_ndcg,10,LOO,Random control,250,0.244,9.99900009999e-05,0,10000,0.000999900009999,0.000999900009999
per-metric family,MovieLens / candidates100 / target_margin / intervention_success_ndcg,10,Greedy seq. del.,Random control,250,-0.016,0.397560243976,3975,10000,1,1
per-metric family,MovieLens / candidates100 / target_margin / joint_effect_ndcg,10,MC Shapley,LIME,250,0.00013785586123,0.948705129487,9487,10000,1,1
per-metric family,MovieLens / candidates100 / target_margin / joint_effect_ndcg,10,MC Shapley,LOO,250,0.00084428855667,0.775422457754,7754,10000,1,1
per-metric family,MovieLens / candidates100 / target_margin / joint_effect_ndcg,10,MC Shapley,Greedy seq. del.,250,0.0577576145409,9.99900009999e-05,0,10000,0.000999900009999,0.000999900009999
per-metric family,MovieLens / candidates100 / target_margin / joint_effect_ndcg,10,MC Shapley,Random control,250,0.048999566967,9.99900009999e-05,0,10000,0.000999900009999,0.000999900009999
per-metric family,MovieLens / candidates100 / target_margin / joint_effect_ndcg,10,LIME,LOO,250,0.000706432695439,0.996700329967,9967,10000,1,1
per-metric family,MovieLens / candidates100 / target_margin / joint_effect_ndcg,10,LIME,Greedy seq. del.,250,0.0576197586796,9.99900009999e-05,0,10000,0.000999900009999,0.000999900009999
per-metric family,MovieLens / candidates100 / target_margin / joint_effect_ndcg,10,LIME,Random control,250,0.0488617111058,9.99900009999e-05,0,10000,0.000999900009999,0.000999900009999
per-metric family,MovieLens / candidates100 / target_margin / joint_effect_ndcg,10,LOO,Greedy seq. del.,250,0.0569133259842,9.99900009999e-05,0,10000,0.000999900009999,0.000999900009999
per-metric family,MovieLens / candidates100 / target_margin / joint_effect_ndcg,10,LOO,Random control,250,0.0481552784104,9.99900009999e-05,0,10000,0.000999900009999,0.000999900009999
per-metric family,MovieLens / candidates100 / target_margin / joint_effect_ndcg,10,Greedy seq. del.,Random control,250,-0.00875804757381,0.03599640036,359,10000,0.14398560144,0.14398560144
per-metric family,MovieLens / candidates100 / target_margin / joint_effect_primary,10,MC Shapley,LIME,250,-2.39668763296e-05,0.0805919408059,805,10000,0.161183881612,0.161183881612
per-metric family,MovieLens / candidates100 / target_margin / joint_effect_primary,10,MC Shapley,LOO,250,-2.89161693654e-05,0.016598340166,165,10000,0.049795020498,0.049795020498
per-metric family,MovieLens / candidates100 / target_margin / joint_effect_primary,10,MC Shapley,Greedy seq. del.,250,0.00231804758602,9.99900009999e-05,0,10000,0.000999900009999,0.000999900009999
per-metric family,MovieLens / candidates100 / target_margin / joint_effect_primary,10,MC Shapley,Random control,250,0.00235275260778,9.99900009999e-05,0,10000,0.000999900009999,0.000999900009999
per-metric family,MovieLens / candidates100 / target_margin / joint_effect_primary,10,LIME,LOO,250,-4.94929303582e-06,0.001299870013,12,10000,0.00519948005199,0.00519948005199
per-metric family,MovieLens / candidates100 / target_margin / joint_effect_primary,10,LIME,Greedy seq. del.,250,0.00234201446235,9.99900009999e-05,0,10000,0.000999900009999,0.000999900009999
per-metric family,MovieLens / candidates100 / target_margin / joint_effect_primary,10,LIME,Random control,250,0.00237671948411,9.99900009999e-05,0,10000,0.000999900009999,0.000999900009999
per-metric family,MovieLens / candidates100 / target_margin / joint_effect_primary,10,LOO,Greedy seq. del.,250,0.00234696375538,9.99900009999e-05,0,10000,0.000999900009999,0.000999900009999
per-metric family,MovieLens / candidates100 / target_margin / joint_effect_primary,10,LOO,Random control,250,0.00238166877714,9.99900009999e-05,0,10000,0.000999900009999,0.000999900009999
per-metric family,MovieLens / candidates100 / target_margin / joint_effect_primary,10,Greedy seq. del.,Random control,250,3.47050217585e-05,0.738526147385,7385,10000,0.738526147385,0.738526147385
per-metric family,MovieLens / candidates100 / target_margin / joint_effect_target_margin,10,MC Shapley,LIME,250,-2.39668763296e-05,0.0808919108089,808,10000,0.161783821618,0.161783821618
per-metric family,MovieLens / candidates100 / target_margin / joint_effect_target_margin,10,MC Shapley,LOO,250,-2.89161693654e-05,0.01599840016,159,10000,0.04799520048,0.04799520048
per-metric family,MovieLens / candidates100 / target_margin / joint_effect_target_margin,10,MC Shapley,Greedy seq. del.,250,0.00231804758602,9.99900009999e-05,0,10000,0.000999900009999,0.000999900009999
per-metric family,MovieLens / candidates100 / target_margin / joint_effect_target_margin,10,MC Shapley,Random control,250,0.00235275260778,9.99900009999e-05,0,10000,0.000999900009999,0.000999900009999
per-metric family,MovieLens / candidates100 / target_margin / joint_effect_target_margin,10,LIME,LOO,250,-4.94929303582e-06,0.000399960004,3,10000,0.001599840016,0.001599840016
per-metric family,MovieLens / candidates100 / target_margin / joint_effect_target_margin,10,LIME,Greedy seq. del.,250,0.00234201446235,9.99900009999e-05,0,10000,0.000999900009999,0.000999900009999
per-metric family,MovieLens / candidates100 / target_margin / joint_effect_target_margin,10,LIME,Random control,250,0.00237671948411,9.99900009999e-05,0,10000,0.000999900009999,0.000999900009999
per-metric family,MovieLens / candidates100 / target_margin / joint_effect_target_margin,10,LOO,Greedy seq. del.,250,0.00234696375538,9.99900009999e-05,0,10000,0.000999900009999,0.000999900009999
per-metric family,MovieLens / candidates100 / target_margin / joint_effect_target_margin,10,LOO,Random control,250,0.00238166877714,9.99900009999e-05,0,10000,0.000999900009999,0.000999900009999
per-metric family,MovieLens / candidates100 / target_margin / joint_effect_target_margin,10,Greedy seq. del.,Random control,250,3.47050217585e-05,0.742225777422,7422,10000,0.742225777422,0.742225777422
per-metric family,MovieLens / candidates100 / target_margin / joint_regret_ndcg,10,MC Shapley,LIME,250,-0.00013785586123,0.946805319468,9468,10000,1,1
per-metric family,MovieLens / candidates100 / target_margin / joint_regret_ndcg,10,MC Shapley,LOO,250,-0.00084428855667,0.777522247775,7775,10000,1,1
per-metric family,MovieLens / candidates100 / target_margin / joint_regret_ndcg,10,MC Shapley,Greedy seq. del.,250,-0.0577576145409,9.99900009999e-05,0,10000,0.000999900009999,0.000999900009999
per-metric family,MovieLens / candidates100 / target_margin / joint_regret_ndcg,10,MC Shapley,Random control,250,-0.048999566967,9.99900009999e-05,0,10000,0.000999900009999,0.000999900009999
per-metric family,MovieLens / candidates100 / target_margin / joint_regret_ndcg,10,LIME,LOO,250,-0.000706432695439,0.996300369963,9963,10000,1,1
per-metric family,MovieLens / candidates100 / target_margin / joint_regret_ndcg,10,LIME,Greedy seq. del.,250,-0.0576197586796,9.99900009999e-05,0,10000,0.000999900009999,0.000999900009999
per-metric family,MovieLens / candidates100 / target_margin / joint_regret_ndcg,10,LIME,Random control,250,-0.0488617111058,9.99900009999e-05,0,10000,0.000999900009999,0.000999900009999
per-metric family,MovieLens / candidates100 / target_margin / joint_regret_ndcg,10,LOO,Greedy seq. del.,250,-0.0569133259842,9.99900009999e-05,0,10000,0.000999900009999,0.000999900009999
per-metric family,MovieLens / candidates100 / target_margin / joint_regret_ndcg,10,LOO,Random control,250,-0.0481552784104,9.99900009999e-05,0,10000,0.000999900009999,0.000999900009999
per-metric family,MovieLens / candidates100 / target_margin / joint_regret_ndcg,10,Greedy seq. del.,Random control,250,0.00875804757381,0.036896310369,368,10000,0.147585241476,0.147585241476
per-metric family,MovieLens / candidates100 / target_margin / joint_regret_primary,10,MC Shapley,LIME,250,2.39668763296e-05,0.0728927107289,728,10000,0.145785421458,0.145785421458
per-metric family,MovieLens / candidates100 / target_margin / joint_regret_primary,10,MC Shapley,LOO,250,2.89161693654e-05,0.013798620138,137,10000,0.041395860414,0.041395860414
per-metric family,MovieLens / candidates100 / target_margin / joint_regret_primary,10,MC Shapley,Greedy seq. del.,250,-0.00231804758602,9.99900009999e-05,0,10000,0.000999900009999,0.000999900009999
per-metric family,MovieLens / candidates100 / target_margin / joint_regret_primary,10,MC Shapley,Random control,250,-0.00235275260778,9.99900009999e-05,0,10000,0.000999900009999,0.000999900009999
per-metric family,MovieLens / candidates100 / target_margin / joint_regret_primary,10,LIME,LOO,250,4.94929303582e-06,0.001299870013,12,10000,0.00519948005199,0.00519948005199
per-metric family,MovieLens / candidates100 / target_margin / joint_regret_primary,10,LIME,Greedy seq. del.,250,-0.00234201446235,9.99900009999e-05,0,10000,0.000999900009999,0.000999900009999
per-metric family,MovieLens / candidates100 / target_margin / joint_regret_primary,10,LIME,Random control,250,-0.00237671948411,9.99900009999e-05,0,10000,0.000999900009999,0.000999900009999
per-metric family,MovieLens / candidates100 / target_margin / joint_regret_primary,10,LOO,Greedy seq. del.,250,-0.00234696375538,9.99900009999e-05,0,10000,0.000999900009999,0.000999900009999
per-metric family,MovieLens / candidates100 / target_margin / joint_regret_primary,10,LOO,Random control,250,-0.00238166877714,9.99900009999e-05,0,10000,0.000999900009999,0.000999900009999
per-metric family,MovieLens / candidates100 / target_margin / joint_regret_primary,10,Greedy seq. del.,Random control,250,-3.47050217585e-05,0.739226077392,7392,10000,0.739226077392,0.739226077392
per-metric family,MovieLens / candidates100 / target_margin / normalized_regret_ndcg,10,MC Shapley,LIME,94,0.00881584465638,0.708329167083,7083,10000,1,1
per-metric family,MovieLens / candidates100 / target_margin / normalized_regret_ndcg,10,MC Shapley,LOO,94,0.0280573963183,0.242775722428,2427,10000,0.941905809419,0.941905809419
per-metric family,MovieLens / candidates100 / target_margin / normalized_regret_ndcg,10,MC Shapley,Greedy seq. del.,94,-1.03413314628,9.99900009999e-05,0,10000,0.000999900009999,0.000999900009999
per-metric family,MovieLens / candidates100 / target_margin / normalized_regret_ndcg,10,MC Shapley,Random control,94,-0.977631979831,9.99900009999e-05,0,10000,0.000999900009999,0.000999900009999
per-metric family,MovieLens / candidates100 / target_margin / normalized_regret_ndcg,10,LIME,LOO,94,0.0192415516619,0.235476452355,2354,10000,0.941905809419,0.941905809419
per-metric family,MovieLens / candidates100 / target_margin / normalized_regret_ndcg,10,LIME,Greedy seq. del.,94,-1.04294899093,9.99900009999e-05,0,10000,0.000999900009999,0.000999900009999
per-metric family,MovieLens / candidates100 / target_margin / normalized_regret_ndcg,10,LIME,Random control,94,-0.986447824488,9.99900009999e-05,0,10000,0.000999900009999,0.000999900009999
per-metric family,MovieLens / candidates100 / target_margin / normalized_regret_ndcg,10,LOO,Greedy seq. del.,94,-1.0621905426,9.99900009999e-05,0,10000,0.000999900009999,0.000999900009999
per-metric family,MovieLens / candidates100 / target_margin / normalized_regret_ndcg,10,LOO,Random control,94,-1.00568937615,9.99900009999e-05,0,10000,0.000999900009999,0.000999900009999
per-metric family,MovieLens / candidates100 / target_margin / normalized_regret_ndcg,10,Greedy seq. del.,Random control,94,0.0565011664461,0.693630636936,6936,10000,1,1
per-metric family,MovieLens / candidates100 / target_margin / normalized_regret_primary,10,MC Shapley,LIME,250,0.0231054859632,9.99900009999e-05,0,10000,0.000999900009999,0.000999900009999
per-metric family,MovieLens / candidates100 / target_margin / normalized_regret_primary,10,MC Shapley,LOO,250,0.0249505241084,9.99900009999e-05,0,10000,0.000999900009999,0.000999900009999
per-metric family,MovieLens / candidates100 / target_margin / normalized_regret_primary,10,MC Shapley,Greedy seq. del.,250,-1.04625969724,9.99900009999e-05,0,10000,0.000999900009999,0.000999900009999
per-metric family,MovieLens / candidates100 / target_margin / normalized_regret_primary,10,MC Shapley,Random control,250,-0.998997974712,9.99900009999e-05,0,10000,0.000999900009999,0.000999900009999
per-metric family,MovieLens / candidates100 / target_margin / normalized_regret_primary,10,LIME,LOO,250,0.00184503814518,0.238176182382,2381,10000,0.476352364764,0.476352364764
per-metric family,MovieLens / candidates100 / target_margin / normalized_regret_primary,10,LIME,Greedy seq. del.,250,-1.0693651832,9.99900009999e-05,0,10000,0.000999900009999,0.000999900009999
per-metric family,MovieLens / candidates100 / target_margin / normalized_regret_primary,10,LIME,Random control,250,-1.02210346068,9.99900009999e-05,0,10000,0.000999900009999,0.000999900009999
per-metric family,MovieLens / candidates100 / target_margin / normalized_regret_primary,10,LOO,Greedy seq. del.,250,-1.07121022135,9.99900009999e-05,0,10000,0.000999900009999,0.000999900009999
per-metric family,MovieLens / candidates100 / target_margin / normalized_regret_primary,10,LOO,Random control,250,-1.02394849882,9.99900009999e-05,0,10000,0.000999900009999,0.000999900009999
per-metric family,MovieLens / candidates100 / target_margin / normalized_regret_primary,10,Greedy seq. del.,Random control,250,0.0472617225265,0.245275472453,2452,10000,0.476352364764,0.476352364764
per-metric family,MovieLens / candidates100 / target_margin / signed_alignment,10,MC Shapley,LIME,250,-0.0256572563357,9.99900009999e-05,0,10000,0.000999900009999,0.000999900009999
per-metric family,MovieLens / candidates100 / target_margin / signed_alignment,10,MC Shapley,LOO,250,-0.0433284279035,9.99900009999e-05,0,10000,0.000999900009999,0.000999900009999
per-metric family,MovieLens / candidates100 / target_margin / signed_alignment,10,MC Shapley,Greedy seq. del.,250,0.696694863971,9.99900009999e-05,0,10000,0.000999900009999,0.000999900009999
per-metric family,MovieLens / candidates100 / target_margin / signed_alignment,10,MC Shapley,Random control,250,0.949046552449,9.99900009999e-05,0,10000,0.000999900009999,0.000999900009999
per-metric family,MovieLens / candidates100 / target_margin / signed_alignment,10,LIME,LOO,250,-0.0176711715678,9.99900009999e-05,0,10000,0.000999900009999,0.000999900009999
per-metric family,MovieLens / candidates100 / target_margin / signed_alignment,10,LIME,Greedy seq. del.,250,0.722352120306,9.99900009999e-05,0,10000,0.000999900009999,0.000999900009999
per-metric family,MovieLens / candidates100 / target_margin / signed_alignment,10,LIME,Random control,250,0.974703808785,9.99900009999e-05,0,10000,0.000999900009999,0.000999900009999
per-metric family,MovieLens / candidates100 / target_margin / signed_alignment,10,LOO,Greedy seq. del.,250,0.740023291874,9.99900009999e-05,0,10000,0.000999900009999,0.000999900009999
per-metric family,MovieLens / candidates100 / target_margin / signed_alignment,10,LOO,Random control,250,0.992374980352,9.99900009999e-05,0,10000,0.000999900009999,0.000999900009999
per-metric family,MovieLens / candidates100 / target_margin / signed_alignment,10,Greedy seq. del.,Random control,250,0.252351688478,9.99900009999e-05,0,10000,0.000999900009999,0.000999900009999
per-metric family,MovieLens / candidates100 / target_margin / signed_alignment_ndcg,10,MC Shapley,LIME,106,-0.00179932191037,0.772822717728,7728,10000,1,1
per-metric family,MovieLens / candidates100 / target_margin / signed_alignment_ndcg,10,MC Shapley,LOO,106,-0.00592120690001,0.479752024798,4797,10000,1,1
per-metric family,MovieLens / candidates100 / target_margin / signed_alignment_ndcg,10,MC Shapley,Greedy seq. del.,106,0.399920708889,9.99900009999e-05,0,10000,0.000999900009999,0.000999900009999
per-metric family,MovieLens / candidates100 / target_margin / signed_alignment_ndcg,10,MC Shapley,Random control,106,0.567357167494,9.99900009999e-05,0,10000,0.000999900009999,0.000999900009999
per-metric family,MovieLens / candidates100 / target_margin / signed_alignment_ndcg,10,LIME,LOO,106,-0.00412188498964,0.364063593641,3640,10000,1,1
per-metric family,MovieLens / candidates100 / target_margin / signed_alignment_ndcg,10,LIME,Greedy seq. del.,106,0.4017200308,9.99900009999e-05,0,10000,0.000999900009999,0.000999900009999
per-metric family,MovieLens / candidates100 / target_margin / signed_alignment_ndcg,10,LIME,Random control,106,0.569156489404,9.99900009999e-05,0,10000,0.000999900009999,0.000999900009999
per-metric family,MovieLens / candidates100 / target_margin / signed_alignment_ndcg,10,LOO,Greedy seq. del.,106,0.405841915789,9.99900009999e-05,0,10000,0.000999900009999,0.000999900009999
per-metric family,MovieLens / candidates100 / target_margin / signed_alignment_ndcg,10,LOO,Random control,106,0.573278374394,9.99900009999e-05,0,10000,0.000999900009999,0.000999900009999
per-metric family,MovieLens / candidates100 / target_margin / signed_alignment_ndcg,10,Greedy seq. del.,Random control,106,0.167436458604,9.99900009999e-05,0,10000,0.000999900009999,0.000999900009999
per-metric family,MovieLens / candidates100 / target_margin / top1_precision,10,MC Shapley,LIME,250,-0.1072,9.99900009999e-05,0,10000,0.000999900009999,0.000999900009999
per-metric family,MovieLens / candidates100 / target_margin / top1_precision,10,MC Shapley,LOO,250,-0.1696,9.99900009999e-05,0,10000,0.000999900009999,0.000999900009999
per-metric family,MovieLens / candidates100 / target_margin / top1_precision,10,MC Shapley,Greedy seq. del.,250,0.7144,9.99900009999e-05,0,10000,0.000999900009999,0.000999900009999
per-metric family,MovieLens / candidates100 / target_margin / top1_precision,10,MC Shapley,Random control,250,0.7384,9.99900009999e-05,0,10000,0.000999900009999,0.000999900009999
per-metric family,MovieLens / candidates100 / target_margin / top1_precision,10,LIME,LOO,250,-0.0624,9.99900009999e-05,0,10000,0.000999900009999,0.000999900009999
per-metric family,MovieLens / candidates100 / target_margin / top1_precision,10,LIME,Greedy seq. del.,250,0.8216,9.99900009999e-05,0,10000,0.000999900009999,0.000999900009999
per-metric family,MovieLens / candidates100 / target_margin / top1_precision,10,LIME,Random control,250,0.8456,9.99900009999e-05,0,10000,0.000999900009999,0.000999900009999
per-metric family,MovieLens / candidates100 / target_margin / top1_precision,10,LOO,Greedy seq. del.,250,0.884,9.99900009999e-05,0,10000,0.000999900009999,0.000999900009999
per-metric family,MovieLens / candidates100 / target_margin / top1_precision,10,LOO,Random control,250,0.908,9.99900009999e-05,0,10000,0.000999900009999,0.000999900009999
per-metric family,MovieLens / candidates100 / target_margin / top1_precision,10,Greedy seq. del.,Random control,250,0.024,0.191680831917,1916,10000,0.191680831917,0.191680831917
per-metric family,MovieLens / candidates100 / target_margin / top3_precision,10,MC Shapley,LIME,250,-0.0776,9.99900009999e-05,0,10000,0.000999900009999,0.000999900009999
per-metric family,MovieLens / candidates100 / target_margin / top3_precision,10,MC Shapley,LOO,250,-0.118133333333,9.99900009999e-05,0,10000,0.000999900009999,0.000999900009999
per-metric family,MovieLens / candidates100 / target_margin / top3_precision,10,MC Shapley,Greedy seq. del.,250,0.648533333333,9.99900009999e-05,0,10000,0.000999900009999,0.000999900009999
per-metric family,MovieLens / candidates100 / target_margin / top3_precision,10,MC Shapley,Random control,250,0.6848,9.99900009999e-05,0,10000,0.000999900009999,0.000999900009999
per-metric family,MovieLens / candidates100 / target_margin / top3_precision,10,LIME,LOO,250,-0.0405333333333,9.99900009999e-05,0,10000,0.000999900009999,0.000999900009999
per-metric family,MovieLens / candidates100 / target_margin / top3_precision,10,LIME,Greedy seq. del.,250,0.726133333333,9.99900009999e-05,0,10000,0.000999900009999,0.000999900009999
per-metric family,MovieLens / candidates100 / target_margin / top3_precision,10,LIME,Random control,250,0.7624,9.99900009999e-05,0,10000,0.000999900009999,0.000999900009999
per-metric family,MovieLens / candidates100 / target_margin / top3_precision,10,LOO,Greedy seq. del.,250,0.766666666667,9.99900009999e-05,0,10000,0.000999900009999,0.000999900009999
per-metric family,MovieLens / candidates100 / target_margin / top3_precision,10,LOO,Random control,250,0.802933333333,9.99900009999e-05,0,10000,0.000999900009999,0.000999900009999
per-metric family,MovieLens / candidates100 / target_margin / top3_precision,10,Greedy seq. del.,Random control,250,0.0362666666667,0.037796220378,377,10000,0.037796220378,0.037796220378
per-metric family,MovieLens / candidates100 / target_margin / top5_precision,10,MC Shapley,LIME,250,-0.04768,9.99900009999e-05,0,10000,0.000999900009999,0.000999900009999
per-metric family,MovieLens / candidates100 / target_margin / top5_precision,10,MC Shapley,LOO,250,-0.08896,9.99900009999e-05,0,10000,0.000999900009999,0.000999900009999
per-metric family,MovieLens / candidates100 / target_margin / top5_precision,10,MC Shapley,Greedy seq. del.,250,0.56304,9.99900009999e-05,0,10000,0.000999900009999,0.000999900009999
per-metric family,MovieLens / candidates100 / target_margin / top5_precision,10,MC Shapley,Random control,250,0.612426666667,9.99900009999e-05,0,10000,0.000999900009999,0.000999900009999
per-metric family,MovieLens / candidates100 / target_margin / top5_precision,10,LIME,LOO,250,-0.04128,9.99900009999e-05,0,10000,0.000999900009999,0.000999900009999
per-metric family,MovieLens / candidates100 / target_margin / top5_precision,10,LIME,Greedy seq. del.,250,0.61072,9.99900009999e-05,0,10000,0.000999900009999,0.000999900009999
per-metric family,MovieLens / candidates100 / target_margin / top5_precision,10,LIME,Random control,250,0.660106666667,9.99900009999e-05,0,10000,0.000999900009999,0.000999900009999
per-metric family,MovieLens / candidates100 / target_margin / top5_precision,10,LOO,Greedy seq. del.,250,0.652,9.99900009999e-05,0,10000,0.000999900009999,0.000999900009999
per-metric family,MovieLens / candidates100 / target_margin / top5_precision,10,LOO,Random control,250,0.701386666667,9.99900009999e-05,0,10000,0.000999900009999,0.000999900009999
per-metric family,MovieLens / candidates100 / target_margin / top5_precision,10,Greedy seq. del.,Random control,250,0.0493866666667,0.00559944005599,55,10000,0.00559944005599,0.00559944005599
per-metric family,MovieLens / candidates500 / target_margin / abstention,10,MC Shapley,LIME,250,0,1,10000,10000,1,1
per-metric family,MovieLens / candidates500 / target_margin / abstention,10,MC Shapley,LOO,250,0,1,10000,10000,1,1
per-metric family,MovieLens / candidates500 / target_margin / abstention,10,MC Shapley,Greedy seq. del.,250,0,1,10000,10000,1,1
per-metric family,MovieLens / candidates500 / target_margin / abstention,10,MC Shapley,Random control,250,-0.0008,1,10000,10000,1,1
per-metric family,MovieLens / candidates500 / target_margin / abstention,10,LIME,LOO,250,0,1,10000,10000,1,1
per-metric family,MovieLens / candidates500 / target_margin / abstention,10,LIME,Greedy seq. del.,250,0,1,10000,10000,1,1
per-metric family,MovieLens / candidates500 / target_margin / abstention,10,LIME,Random control,250,-0.0008,1,10000,10000,1,1
per-metric family,MovieLens / candidates500 / target_margin / abstention,10,LOO,Greedy seq. del.,250,0,1,10000,10000,1,1
per-metric family,MovieLens / candidates500 / target_margin / abstention,10,LOO,Random control,250,-0.0008,1,10000,10000,1,1
per-metric family,MovieLens / candidates500 / target_margin / abstention,10,Greedy seq. del.,Random control,250,-0.0008,1,10000,10000,1,1
per-metric family,MovieLens / candidates500 / target_margin / actionability_gap,10,MC Shapley,LIME,250,0.0546908832663,9.99900009999e-05,0,10000,0.000999900009999,0.000999900009999
per-metric family,MovieLens / candidates500 / target_margin / actionability_gap,10,MC Shapley,LOO,250,0.0611010523718,9.99900009999e-05,0,10000,0.000999900009999,0.000999900009999
per-metric family,MovieLens / candidates500 / target_margin / actionability_gap,10,MC Shapley,Greedy seq. del.,250,0.0271664938625,9.99900009999e-05,0,10000,0.000999900009999,0.000999900009999
per-metric family,MovieLens / candidates500 / target_margin / actionability_gap,10,MC Shapley,Random control,250,0.0298806087221,9.99900009999e-05,0,10000,0.000999900009999,0.000999900009999
per-metric family,MovieLens / candidates500 / target_margin / actionability_gap,10,LIME,LOO,250,0.00641016910544,0.000199980002,1,10000,0.000999900009999,0.000999900009999
per-metric family,MovieLens / candidates500 / target_margin / actionability_gap,10,LIME,Greedy seq. del.,250,-0.0275243894038,9.99900009999e-05,0,10000,0.000999900009999,0.000999900009999
per-metric family,MovieLens / candidates500 / target_margin / actionability_gap,10,LIME,Random control,250,-0.0248102745442,9.99900009999e-05,0,10000,0.000999900009999,0.000999900009999
per-metric family,MovieLens / candidates500 / target_margin / actionability_gap,10,LOO,Greedy seq. del.,250,-0.0339345585093,9.99900009999e-05,0,10000,0.000999900009999,0.000999900009999
per-metric family,MovieLens / candidates500 / target_margin / actionability_gap,10,LOO,Random control,250,-0.0312204436497,9.99900009999e-05,0,10000,0.000999900009999,0.000999900009999
per-metric family,MovieLens / candidates500 / target_margin / actionability_gap,10,Greedy seq. del.,Random control,250,0.00271411485961,0.557744225577,5577,10000,0.557744225577,0.557744225577
per-metric family,MovieLens / candidates500 / target_margin / aia,10,MC Shapley,LIME,250,-0.197950602825,9.99900009999e-05,0,10000,0.000999900009999,0.000999900009999
per-metric family,MovieLens / candidates500 / target_margin / aia,10,MC Shapley,LOO,250,-0.247064597049,9.99900009999e-05,0,10000,0.000999900009999,0.000999900009999
per-metric family,MovieLens / candidates500 / target_margin / aia,10,MC Shapley,Greedy seq. del.,250,0.345687149759,9.99900009999e-05,0,10000,0.000999900009999,0.000999900009999
per-metric family,MovieLens / candidates500 / target_margin / aia,10,MC Shapley,Random control,250,0.719921495031,9.99900009999e-05,0,10000,0.000999900009999,0.000999900009999
per-metric family,MovieLens / candidates500 / target_margin / aia,10,LIME,LOO,250,-0.0491139942239,9.99900009999e-05,0,10000,0.000999900009999,0.000999900009999
per-metric family,MovieLens / candidates500 / target_margin / aia,10,LIME,Greedy seq. del.,250,0.543637752584,9.99900009999e-05,0,10000,0.000999900009999,0.000999900009999
per-metric family,MovieLens / candidates500 / target_margin / aia,10,LIME,Random control,250,0.917872097857,9.99900009999e-05,0,10000,0.000999900009999,0.000999900009999
per-metric family,MovieLens / candidates500 / target_margin / aia,10,LOO,Greedy seq. del.,250,0.592751746808,9.99900009999e-05,0,10000,0.000999900009999,0.000999900009999
per-metric family,MovieLens / candidates500 / target_margin / aia,10,LOO,Random control,250,0.96698609208,9.99900009999e-05,0,10000,0.000999900009999,0.000999900009999
per-metric family,MovieLens / candidates500 / target_margin / aia,10,Greedy seq. del.,Random control,250,0.374234345273,9.99900009999e-05,0,10000,0.000999900009999,0.000999900009999
per-metric family,MovieLens / candidates500 / target_margin / aia_ndcg,10,MC Shapley,LIME,57,-0.0492666406701,0.0606939306069,606,10000,0.121387861214,0.121387861214
per-metric family,MovieLens / candidates500 / target_margin / aia_ndcg,10,MC Shapley,LOO,57,-0.0632847494722,0.027097290271,270,10000,0.0812918708129,0.0812918708129
per-metric family,MovieLens / candidates500 / target_margin / aia_ndcg,10,MC Shapley,Greedy seq. del.,57,0.174114021564,9.99900009999e-05,0,10000,0.000999900009999,0.000999900009999
per-metric family,MovieLens / candidates500 / target_margin / aia_ndcg,10,MC Shapley,Random control,57,0.330137561514,9.99900009999e-05,0,10000,0.000999900009999,0.000999900009999
per-metric family,MovieLens / candidates500 / target_margin / aia_ndcg,10,LIME,LOO,57,-0.0140181088021,0.133186681332,1331,10000,0.133186681332,0.133186681332
per-metric family,MovieLens / candidates500 / target_margin / aia_ndcg,10,LIME,Greedy seq. del.,57,0.223380662234,9.99900009999e-05,0,10000,0.000999900009999,0.000999900009999
per-metric family,MovieLens / candidates500 / target_margin / aia_ndcg,10,LIME,Random control,57,0.379404202184,9.99900009999e-05,0,10000,0.000999900009999,0.000999900009999
per-metric family,MovieLens / candidates500 / target_margin / aia_ndcg,10,LOO,Greedy seq. del.,57,0.237398771037,9.99900009999e-05,0,10000,0.000999900009999,0.000999900009999
per-metric family,MovieLens / candidates500 / target_margin / aia_ndcg,10,LOO,Random control,57,0.393422310987,9.99900009999e-05,0,10000,0.000999900009999,0.000999900009999
per-metric family,MovieLens / candidates500 / target_margin / aia_ndcg,10,Greedy seq. del.,Random control,57,0.15602353995,0.000599940005999,5,10000,0.002399760024,0.002399760024
per-metric family,MovieLens / candidates500 / target_margin / direction_accuracy,10,MC Shapley,LIME,250,-0.0901401397674,9.99900009999e-05,0,10000,0.000999900009999,0.000999900009999
per-metric family,MovieLens / candidates500 / target_margin / direction_accuracy,10,MC Shapley,LOO,250,-0.119052100246,9.99900009999e-05,0,10000,0.000999900009999,0.000999900009999
per-metric family,MovieLens / candidates500 / target_margin / direction_accuracy,10,MC Shapley,Greedy seq. del.,250,0.252049369389,9.99900009999e-05,0,10000,0.000999900009999,0.000999900009999
per-metric family,MovieLens / candidates500 / target_margin / direction_accuracy,10,MC Shapley,Random control,250,0.371906527164,9.99900009999e-05,0,10000,0.000999900009999,0.000999900009999
per-metric family,MovieLens / candidates500 / target_margin / direction_accuracy,10,LIME,LOO,250,-0.0289119604785,9.99900009999e-05,0,10000,0.000999900009999,0.000999900009999
per-metric family,MovieLens / candidates500 / target_margin / direction_accuracy,10,LIME,Greedy seq. del.,250,0.342189509156,9.99900009999e-05,0,10000,0.000999900009999,0.000999900009999
per-metric family,MovieLens / candidates500 / target_margin / direction_accuracy,10,LIME,Random control,250,0.462046666931,9.99900009999e-05,0,10000,0.000999900009999,0.000999900009999
per-metric family,MovieLens / candidates500 / target_margin / direction_accuracy,10,LOO,Greedy seq. del.,250,0.371101469635,9.99900009999e-05,0,10000,0.000999900009999,0.000999900009999
per-metric family,MovieLens / candidates500 / target_margin / direction_accuracy,10,LOO,Random control,250,0.49095862741,9.99900009999e-05,0,10000,0.000999900009999,0.000999900009999
per-metric family,MovieLens / candidates500 / target_margin / direction_accuracy,10,Greedy seq. del.,Random control,250,0.119857157775,9.99900009999e-05,0,10000,0.000999900009999,0.000999900009999
per-metric family,MovieLens / candidates500 / target_margin / direction_accuracy_ndcg,10,MC Shapley,LIME,57,-0.000843776106934,0.92700729927,9270,10000,1,1
per-metric family,MovieLens / candidates500 / target_margin / direction_accuracy_ndcg,10,MC Shapley,LOO,57,-0.00812447786132,0.548345165483,5483,10000,1,1
per-metric family,MovieLens / candidates500 / target_margin / direction_accuracy_ndcg,10,MC Shapley,Greedy seq. del.,57,0.153384091542,0.000399960004,3,10000,0.001599840016,0.001599840016
per-metric family,MovieLens / candidates500 / target_margin / direction_accuracy_ndcg,10,MC Shapley,Random control,57,0.443435356067,9.99900009999e-05,0,10000,0.000999900009999,0.000999900009999
per-metric family,MovieLens / candidates500 / target_margin / direction_accuracy_ndcg,10,LIME,LOO,57,-0.00728070175439,0.293270672933,2932,10000,0.879812018798,0.879812018798
per-metric family,MovieLens / candidates500 / target_margin / direction_accuracy_ndcg,10,LIME,Greedy seq. del.,57,0.154227867649,0.000199980002,1,10000,0.000999900009999,0.000999900009999
per-metric family,MovieLens / candidates500 / target_margin / direction_accuracy_ndcg,10,LIME,Random control,57,0.444279132174,9.99900009999e-05,0,10000,0.000999900009999,0.000999900009999
per-metric family,MovieLens / candidates500 / target_margin / direction_accuracy_ndcg,10,LOO,Greedy seq. del.,57,0.161508569403,9.99900009999e-05,0,10000,0.000999900009999,0.000999900009999
per-metric family,MovieLens / candidates500 / target_margin / direction_accuracy_ndcg,10,LOO,Random control,57,0.451559833928,9.99900009999e-05,0,10000,0.000999900009999,0.000999900009999
per-metric family,MovieLens / candidates500 / target_margin / direction_accuracy_ndcg,10,Greedy seq. del.,Random control,57,0.290051264525,9.99900009999e-05,0,10000,0.000999900009999,0.000999900009999
per-metric family,MovieLens / candidates500 / target_margin / faithfulness_alignment,10,MC Shapley,LIME,250,-0.252641486092,9.99900009999e-05,0,10000,0.000999900009999,0.000999900009999
per-metric family,MovieLens / candidates500 / target_margin / faithfulness_alignment,10,MC Shapley,LOO,250,-0.308165649421,9.99900009999e-05,0,10000,0.000999900009999,0.000999900009999
per-metric family,MovieLens / candidates500 / target_margin / faithfulness_alignment,10,MC Shapley,Greedy seq. del.,250,0.318520655896,9.99900009999e-05,0,10000,0.000999900009999,0.000999900009999
per-metric family,MovieLens / candidates500 / target_margin / faithfulness_alignment,10,MC Shapley,Random control,250,0.690040886309,9.99900009999e-05,0,10000,0.000999900009999,0.000999900009999
per-metric family,MovieLens / candidates500 / target_margin / faithfulness_alignment,10,LIME,LOO,250,-0.0555241633294,9.99900009999e-05,0,10000,0.000999900009999,0.000999900009999
per-metric family,MovieLens / candidates500 / target_margin / faithfulness_alignment,10,LIME,Greedy seq. del.,250,0.571162141988,9.99900009999e-05,0,10000,0.000999900009999,0.000999900009999
per-metric family,MovieLens / candidates500 / target_margin / faithfulness_alignment,10,LIME,Random control,250,0.942682372401,9.99900009999e-05,0,10000,0.000999900009999,0.000999900009999
per-metric family,MovieLens / candidates500 / target_margin / faithfulness_alignment,10,LOO,Greedy seq. del.,250,0.626686305317,9.99900009999e-05,0,10000,0.000999900009999,0.000999900009999
per-metric family,MovieLens / candidates500 / target_margin / faithfulness_alignment,10,LOO,Random control,250,0.99820653573,9.99900009999e-05,0,10000,0.000999900009999,0.000999900009999
per-metric family,MovieLens / candidates500 / target_margin / faithfulness_alignment,10,Greedy seq. del.,Random control,250,0.371520230413,9.99900009999e-05,0,10000,0.000999900009999,0.000999900009999
per-metric family,MovieLens / candidates500 / target_margin / intervention_success,10,MC Shapley,LIME,250,-0.0056,0.49595040496,4959,10000,1,1
per-metric family,MovieLens / candidates500 / target_margin / intervention_success,10,MC Shapley,LOO,250,-0.0056,0.500549945005,5005,10000,1,1
per-metric family,MovieLens / candidates500 / target_margin / intervention_success,10,MC Shapley,Greedy seq. del.,250,0.4424,9.99900009999e-05,0,10000,0.000999900009999,0.000999900009999
per-metric family,MovieLens / candidates500 / target_margin / intervention_success,10,MC Shapley,Random control,250,0.5216,9.99900009999e-05,0,10000,0.000999900009999,0.000999900009999
per-metric family,MovieLens / candidates500 / target_margin / intervention_success,10,LIME,LOO,250,0,1,10000,10000,1,1
per-metric family,MovieLens / candidates500 / target_margin / intervention_success,10,LIME,Greedy seq. del.,250,0.448,9.99900009999e-05,0,10000,0.000999900009999,0.000999900009999
per-metric family,MovieLens / candidates500 / target_margin / intervention_success,10,LIME,Random control,250,0.5272,9.99900009999e-05,0,10000,0.000999900009999,0.000999900009999
per-metric family,MovieLens / candidates500 / target_margin / intervention_success,10,LOO,Greedy seq. del.,250,0.448,9.99900009999e-05,0,10000,0.000999900009999,0.000999900009999
per-metric family,MovieLens / candidates500 / target_margin / intervention_success,10,LOO,Random control,250,0.5272,9.99900009999e-05,0,10000,0.000999900009999,0.000999900009999
per-metric family,MovieLens / candidates500 / target_margin / intervention_success,10,Greedy seq. del.,Random control,250,0.0792,0.024297570243,242,10000,0.0971902809719,0.0971902809719
per-metric family,MovieLens / candidates500 / target_margin / intervention_success_ndcg,10,MC Shapley,LIME,250,-0.0168,0.047495250475,474,10000,0.142485751425,0.142485751425
per-metric family,MovieLens / candidates500 / target_margin / intervention_success_ndcg,10,MC Shapley,LOO,250,-0.0168,0.154084591541,1540,10000,0.308169183082,0.308169183082
per-metric family,MovieLens / candidates500 / target_margin / intervention_success_ndcg,10,MC Shapley,Greedy seq. del.,250,0.0952,9.99900009999e-05,0,10000,0.000999900009999,0.000999900009999
per-metric family,MovieLens / candidates500 / target_margin / intervention_success_ndcg,10,MC Shapley,Random control,250,0.1384,9.99900009999e-05,0,10000,0.000999900009999,0.000999900009999
per-metric family,MovieLens / candidates500 / target_margin / intervention_success_ndcg,10,LIME,LOO,250,0,1,10000,10000,1,1
per-metric family,MovieLens / candidates500 / target_margin / intervention_success_ndcg,10,LIME,Greedy seq. del.,250,0.112,9.99900009999e-05,0,10000,0.000999900009999,0.000999900009999
per-metric family,MovieLens / candidates500 / target_margin / intervention_success_ndcg,10,LIME,Random control,250,0.1552,9.99900009999e-05,0,10000,0.000999900009999,0.000999900009999
per-metric family,MovieLens / candidates500 / target_margin / intervention_success_ndcg,10,LOO,Greedy seq. del.,250,0.112,9.99900009999e-05,0,10000,0.000999900009999,0.000999900009999
per-metric family,MovieLens / candidates500 / target_margin / intervention_success_ndcg,10,LOO,Random control,250,0.1552,9.99900009999e-05,0,10000,0.000999900009999,0.000999900009999
per-metric family,MovieLens / candidates500 / target_margin / intervention_success_ndcg,10,Greedy seq. del.,Random control,250,0.0432,0.00729927007299,72,10000,0.029197080292,0.029197080292
per-metric family,MovieLens / candidates500 / target_margin / joint_effect_ndcg,10,MC Shapley,LIME,250,-0.00467278281579,0.00779922007799,77,10000,0.031196880312,0.031196880312
per-metric family,MovieLens / candidates500 / target_margin / joint_effect_ndcg,10,MC Shapley,LOO,250,-0.00366809719968,0.209479052095,2094,10000,0.41895810419,0.41895810419
per-metric family,MovieLens / candidates500 / target_margin / joint_effect_ndcg,10,MC Shapley,Greedy seq. del.,250,0.0185284241612,0.000199980002,1,10000,0.000999900009999,0.000999900009999
per-metric family,MovieLens / candidates500 / target_margin / joint_effect_ndcg,10,MC Shapley,Random control,250,0.0237957160732,9.99900009999e-05,0,10000,0.000999900009999,0.000999900009999
per-metric family,MovieLens / candidates500 / target_margin / joint_effect_ndcg,10,LIME,LOO,250,0.00100468561611,0.599340065993,5993,10000,0.599340065993,0.599340065993
per-metric family,MovieLens / candidates500 / target_margin / joint_effect_ndcg,10,LIME,Greedy seq. del.,250,0.023201206977,9.99900009999e-05,0,10000,0.000999900009999,0.000999900009999
per-metric family,MovieLens / candidates500 / target_margin / joint_effect_ndcg,10,LIME,Random control,250,0.028468498889,9.99900009999e-05,0,10000,0.000999900009999,0.000999900009999
per-metric family,MovieLens / candidates500 / target_margin / joint_effect_ndcg,10,LOO,Greedy seq. del.,250,0.0221965213609,9.99900009999e-05,0,10000,0.000999900009999,0.000999900009999
per-metric family,MovieLens / candidates500 / target_margin / joint_effect_ndcg,10,LOO,Random control,250,0.0274638132729,9.99900009999e-05,0,10000,0.000999900009999,0.000999900009999
per-metric family,MovieLens / candidates500 / target_margin / joint_effect_ndcg,10,Greedy seq. del.,Random control,250,0.00526729191198,0.0866913308669,866,10000,0.260073992601,0.260073992601
per-metric family,MovieLens / candidates500 / target_margin / joint_effect_primary,10,MC Shapley,LIME,250,-6.521420555e-05,0.000399960004,3,10000,0.000999900009999,0.000999900009999
per-metric family,MovieLens / candidates500 / target_margin / joint_effect_primary,10,MC Shapley,LOO,250,-7.90140207059e-05,9.99900009999e-05,0,10000,0.000999900009999,0.000999900009999
per-metric family,MovieLens / candidates500 / target_margin / joint_effect_primary,10,MC Shapley,Greedy seq. del.,250,0.00207390871856,9.99900009999e-05,0,10000,0.000999900009999,0.000999900009999
per-metric family,MovieLens / candidates500 / target_margin / joint_effect_primary,10,MC Shapley,Random control,250,0.00252556044429,9.99900009999e-05,0,10000,0.000999900009999,0.000999900009999
per-metric family,MovieLens / candidates500 / target_margin / joint_effect_primary,10,LIME,LOO,250,-1.37998151559e-05,9.99900009999e-05,0,10000,0.000999900009999,0.000999900009999
per-metric family,MovieLens / candidates500 / target_margin / joint_effect_primary,10,LIME,Greedy seq. del.,250,0.00213912292411,9.99900009999e-05,0,10000,0.000999900009999,0.000999900009999
per-metric family,MovieLens / candidates500 / target_margin / joint_effect_primary,10,LIME,Random control,250,0.00259077464984,9.99900009999e-05,0,10000,0.000999900009999,0.000999900009999
per-metric family,MovieLens / candidates500 / target_margin / joint_effect_primary,10,LOO,Greedy seq. del.,250,0.00215292273927,9.99900009999e-05,0,10000,0.000999900009999,0.000999900009999
per-metric family,MovieLens / candidates500 / target_margin / joint_effect_primary,10,LOO,Random control,250,0.00260457446499,9.99900009999e-05,0,10000,0.000999900009999,0.000999900009999
per-metric family,MovieLens / candidates500 / target_margin / joint_effect_primary,10,Greedy seq. del.,Random control,250,0.000451651725727,9.99900009999e-05,0,10000,0.000999900009999,0.000999900009999
per-metric family,MovieLens / candidates500 / target_margin / joint_effect_target_margin,10,MC Shapley,LIME,250,-6.521420555e-05,9.99900009999e-05,0,10000,0.000999900009999,0.000999900009999
per-metric family,MovieLens / candidates500 / target_margin / joint_effect_target_margin,10,MC Shapley,LOO,250,-7.90140207059e-05,9.99900009999e-05,0,10000,0.000999900009999,0.000999900009999
per-metric family,MovieLens / candidates500 / target_margin / joint_effect_target_margin,10,MC Shapley,Greedy seq. del.,250,0.00207390871856,9.99900009999e-05,0,10000,0.000999900009999,0.000999900009999
per-metric family,MovieLens / candidates500 / target_margin / joint_effect_target_margin,10,MC Shapley,Random control,250,0.00252556044429,9.99900009999e-05,0,10000,0.000999900009999,0.000999900009999
per-metric family,MovieLens / candidates500 / target_margin / joint_effect_target_margin,10,LIME,LOO,250,-1.37998151559e-05,9.99900009999e-05,0,10000,0.000999900009999,0.000999900009999
per-metric family,MovieLens / candidates500 / target_margin / joint_effect_target_margin,10,LIME,Greedy seq. del.,250,0.00213912292411,9.99900009999e-05,0,10000,0.000999900009999,0.000999900009999
per-metric family,MovieLens / candidates500 / target_margin / joint_effect_target_margin,10,LIME,Random control,250,0.00259077464984,9.99900009999e-05,0,10000,0.000999900009999,0.000999900009999
per-metric family,MovieLens / candidates500 / target_margin / joint_effect_target_margin,10,LOO,Greedy seq. del.,250,0.00215292273927,9.99900009999e-05,0,10000,0.000999900009999,0.000999900009999
per-metric family,MovieLens / candidates500 / target_margin / joint_effect_target_margin,10,LOO,Random control,250,0.00260457446499,9.99900009999e-05,0,10000,0.000999900009999,0.000999900009999
per-metric family,MovieLens / candidates500 / target_margin / joint_effect_target_margin,10,Greedy seq. del.,Random control,250,0.000451651725727,9.99900009999e-05,0,10000,0.000999900009999,0.000999900009999
per-metric family,MovieLens / candidates500 / target_margin / joint_regret_ndcg,10,MC Shapley,LIME,250,0.00467278281579,0.00649935006499,64,10000,0.02599740026,0.02599740026
per-metric family,MovieLens / candidates500 / target_margin / joint_regret_ndcg,10,MC Shapley,LOO,250,0.00366809719968,0.214578542146,2145,10000,0.429157084292,0.429157084292
per-metric family,MovieLens / candidates500 / target_margin / joint_regret_ndcg,10,MC Shapley,Greedy seq. del.,250,-0.0185284241612,0.000299970003,2,10000,0.001499850015,0.001499850015
per-metric family,MovieLens / candidates500 / target_margin / joint_regret_ndcg,10,MC Shapley,Random control,250,-0.0237957160732,9.99900009999e-05,0,10000,0.000999900009999,0.000999900009999
per-metric family,MovieLens / candidates500 / target_margin / joint_regret_ndcg,10,LIME,LOO,250,-0.00100468561611,0.591840815918,5918,10000,0.591840815918,0.591840815918
per-metric family,MovieLens / candidates500 / target_margin / joint_regret_ndcg,10,LIME,Greedy seq. del.,250,-0.023201206977,9.99900009999e-05,0,10000,0.000999900009999,0.000999900009999
per-metric family,MovieLens / candidates500 / target_margin / joint_regret_ndcg,10,LIME,Random control,250,-0.028468498889,9.99900009999e-05,0,10000,0.000999900009999,0.000999900009999
per-metric family,MovieLens / candidates500 / target_margin / joint_regret_ndcg,10,LOO,Greedy seq. del.,250,-0.0221965213609,9.99900009999e-05,0,10000,0.000999900009999,0.000999900009999
per-metric family,MovieLens / candidates500 / target_margin / joint_regret_ndcg,10,LOO,Random control,250,-0.0274638132729,9.99900009999e-05,0,10000,0.000999900009999,0.000999900009999
per-metric family,MovieLens / candidates500 / target_margin / joint_regret_ndcg,10,Greedy seq. del.,Random control,250,-0.00526729191198,0.0896910308969,896,10000,0.269073092691,0.269073092691
per-metric family,MovieLens / candidates500 / target_margin / joint_regret_primary,10,MC Shapley,LIME,250,6.521420555e-05,0.000499950005,4,10000,0.000999900009999,0.000999900009999
per-metric family,MovieLens / candidates500 / target_margin / joint_regret_primary,10,MC Shapley,LOO,250,7.90140207059e-05,9.99900009999e-05,0,10000,0.000999900009999,0.000999900009999
per-metric family,MovieLens / candidates500 / target_margin / joint_regret_primary,10,MC Shapley,Greedy seq. del.,250,-0.00207390871856,9.99900009999e-05,0,10000,0.000999900009999,0.000999900009999
per-metric family,MovieLens / candidates500 / target_margin / joint_regret_primary,10,MC Shapley,Random control,250,-0.00252556044429,9.99900009999e-05,0,10000,0.000999900009999,0.000999900009999
per-metric family,MovieLens / candidates500 / target_margin / joint_regret_primary,10,LIME,LOO,250,1.37998151559e-05,9.99900009999e-05,0,10000,0.000999900009999,0.000999900009999
per-metric family,MovieLens / candidates500 / target_margin / joint_regret_primary,10,LIME,Greedy seq. del.,250,-0.00213912292411,9.99900009999e-05,0,10000,0.000999900009999,0.000999900009999
per-metric family,MovieLens / candidates500 / target_margin / joint_regret_primary,10,LIME,Random control,250,-0.00259077464984,9.99900009999e-05,0,10000,0.000999900009999,0.000999900009999
per-metric family,MovieLens / candidates500 / target_margin / joint_regret_primary,10,LOO,Greedy seq. del.,250,-0.00215292273927,9.99900009999e-05,0,10000,0.000999900009999,0.000999900009999
per-metric family,MovieLens / candidates500 / target_margin / joint_regret_primary,10,LOO,Random control,250,-0.00260457446499,9.99900009999e-05,0,10000,0.000999900009999,0.000999900009999
per-metric family,MovieLens / candidates500 / target_margin / joint_regret_primary,10,Greedy seq. del.,Random control,250,-0.000451651725727,9.99900009999e-05,0,10000,0.000999900009999,0.000999900009999
per-metric family,MovieLens / candidates500 / target_margin / normalized_regret_ndcg,10,MC Shapley,LIME,60,0.113782500763,0.001799820018,17,10000,0.00719928007199,0.00719928007199
per-metric family,MovieLens / candidates500 / target_margin / normalized_regret_ndcg,10,MC Shapley,LOO,60,0.101893882493,0.040795920408,407,10000,0.122387761224,0.122387761224
per-metric family,MovieLens / candidates500 / target_margin / normalized_regret_ndcg,10,MC Shapley,Greedy seq. del.,60,-0.709720331506,9.99900009999e-05,0,10000,0.000999900009999,0.000999900009999
per-metric family,MovieLens / candidates500 / target_margin / normalized_regret_ndcg,10,MC Shapley,Random control,60,-1.17876414011,9.99900009999e-05,0,10000,0.000999900009999,0.000999900009999
per-metric family,MovieLens / candidates500 / target_margin / normalized_regret_ndcg,10,LIME,LOO,60,-0.0118886182697,0.707629237076,7076,10000,0.707629237076,0.707629237076
per-metric family,MovieLens / candidates500 / target_margin / normalized_regret_ndcg,10,LIME,Greedy seq. del.,60,-0.823502832269,9.99900009999e-05,0,10000,0.000999900009999,0.000999900009999
per-metric family,MovieLens / candidates500 / target_margin / normalized_regret_ndcg,10,LIME,Random control,60,-1.29254664087,9.99900009999e-05,0,10000,0.000999900009999,0.000999900009999
per-metric family,MovieLens / candidates500 / target_margin / normalized_regret_ndcg,10,LOO,Greedy seq. del.,60,-0.811614213999,9.99900009999e-05,0,10000,0.000999900009999,0.000999900009999
per-metric family,MovieLens / candidates500 / target_margin / normalized_regret_ndcg,10,LOO,Random control,60,-1.2806580226,9.99900009999e-05,0,10000,0.000999900009999,0.000999900009999
per-metric family,MovieLens / candidates500 / target_margin / normalized_regret_ndcg,10,Greedy seq. del.,Random control,60,-0.469043808605,0.04799520048,479,10000,0.122387761224,0.122387761224
per-metric family,MovieLens / candidates500 / target_margin / normalized_regret_primary,10,MC Shapley,LIME,250,0.0438750175452,9.99900009999e-05,0,10000,0.000999900009999,0.000999900009999
per-metric family,MovieLens / candidates500 / target_margin / normalized_regret_primary,10,MC Shapley,LOO,250,0.0506754836202,9.99900009999e-05,0,10000,0.000999900009999,0.000999900009999
per-metric family,MovieLens / candidates500 / target_margin / normalized_regret_primary,10,MC Shapley,Greedy seq. del.,250,-0.868116822334,9.99900009999e-05,0,10000,0.000999900009999,0.000999900009999
per-metric family,MovieLens / candidates500 / target_margin / normalized_regret_primary,10,MC Shapley,Random control,250,-0.978938369591,9.99900009999e-05,0,10000,0.000999900009999,0.000999900009999
per-metric family,MovieLens / candidates500 / target_margin / normalized_regret_primary,10,LIME,LOO,250,0.00680046607498,9.99900009999e-05,0,10000,0.000999900009999,0.000999900009999
per-metric family,MovieLens / candidates500 / target_margin / normalized_regret_primary,10,LIME,Greedy seq. del.,250,-0.911991839879,9.99900009999e-05,0,10000,0.000999900009999,0.000999900009999
per-metric family,MovieLens / candidates500 / target_margin / normalized_regret_primary,10,LIME,Random control,250,-1.02281338714,9.99900009999e-05,0,10000,0.000999900009999,0.000999900009999
per-metric family,MovieLens / candidates500 / target_margin / normalized_regret_primary,10,LOO,Greedy seq. del.,250,-0.918792305954,9.99900009999e-05,0,10000,0.000999900009999,0.000999900009999
per-metric family,MovieLens / candidates500 / target_margin / normalized_regret_primary,10,LOO,Random control,250,-1.02961385321,9.99900009999e-05,0,10000,0.000999900009999,0.000999900009999
per-metric family,MovieLens / candidates500 / target_margin / normalized_regret_primary,10,Greedy seq. del.,Random control,250,-0.110821547257,0.004099590041,40,10000,0.004099590041,0.004099590041
per-metric family,MovieLens / candidates500 / target_margin / signed_alignment,10,MC Shapley,LIME,250,-0.0541882899553,9.99900009999e-05,0,10000,0.000999900009999,0.000999900009999
per-metric family,MovieLens / candidates500 / target_margin / signed_alignment,10,MC Shapley,LOO,250,-0.0736277005792,9.99900009999e-05,0,10000,0.000999900009999,0.000999900009999
per-metric family,MovieLens / candidates500 / target_margin / signed_alignment,10,MC Shapley,Greedy seq. del.,250,0.485632092692,9.99900009999e-05,0,10000,0.000999900009999,0.000999900009999
per-metric family,MovieLens / candidates500 / target_margin / signed_alignment,10,MC Shapley,Random control,250,0.91985590526,9.99900009999e-05,0,10000,0.000999900009999,0.000999900009999
per-metric family,MovieLens / candidates500 / target_margin / signed_alignment,10,LIME,LOO,250,-0.0194394106239,9.99900009999e-05,0,10000,0.000999900009999,0.000999900009999
per-metric family,MovieLens / candidates500 / target_margin / signed_alignment,10,LIME,Greedy seq. del.,250,0.539820382648,9.99900009999e-05,0,10000,0.000999900009999,0.000999900009999
per-metric family,MovieLens / candidates500 / target_margin / signed_alignment,10,LIME,Random control,250,0.974044195215,9.99900009999e-05,0,10000,0.000999900009999,0.000999900009999
per-metric family,MovieLens / candidates500 / target_margin / signed_alignment,10,LOO,Greedy seq. del.,250,0.559259793272,9.99900009999e-05,0,10000,0.000999900009999,0.000999900009999
per-metric family,MovieLens / candidates500 / target_margin / signed_alignment,10,LOO,Random control,250,0.993483605839,9.99900009999e-05,0,10000,0.000999900009999,0.000999900009999
per-metric family,MovieLens / candidates500 / target_margin / signed_alignment,10,Greedy seq. del.,Random control,250,0.434223812567,9.99900009999e-05,0,10000,0.000999900009999,0.000999900009999
per-metric family,MovieLens / candidates500 / target_margin / signed_alignment_ndcg,10,MC Shapley,LIME,57,-0.0133104123783,0.184281571843,1842,10000,0.552844715528,0.552844715528
per-metric family,MovieLens / candidates500 / target_margin / signed_alignment_ndcg,10,MC Shapley,LOO,57,-0.0165580872434,0.209379062094,2093,10000,0.552844715528,0.552844715528
per-metric family,MovieLens / candidates500 / target_margin / signed_alignment_ndcg,10,MC Shapley,Greedy seq. del.,57,0.27355345416,9.99900009999e-05,0,10000,0.000999900009999,0.000999900009999
per-metric family,MovieLens / candidates500 / target_margin / signed_alignment_ndcg,10,MC Shapley,Random control,57,0.591620757072,9.99900009999e-05,0,10000,0.000999900009999,0.000999900009999
per-metric family,MovieLens / candidates500 / target_margin / signed_alignment_ndcg,10,LIME,LOO,57,-0.00324767486505,0.598240175982,5982,10000,0.598240175982,0.598240175982
per-metric family,MovieLens / candidates500 / target_margin / signed_alignment_ndcg,10,LIME,Greedy seq. del.,57,0.286863866539,9.99900009999e-05,0,10000,0.000999900009999,0.000999900009999
per-metric family,MovieLens / candidates500 / target_margin / signed_alignment_ndcg,10,LIME,Random control,57,0.60493116945,9.99900009999e-05,0,10000,0.000999900009999,0.000999900009999
per-metric family,MovieLens / candidates500 / target_margin / signed_alignment_ndcg,10,LOO,Greedy seq. del.,57,0.290111541404,9.99900009999e-05,0,10000,0.000999900009999,0.000999900009999
per-metric family,MovieLens / candidates500 / target_margin / signed_alignment_ndcg,10,LOO,Random control,57,0.608178844315,9.99900009999e-05,0,10000,0.000999900009999,0.000999900009999
per-metric family,MovieLens / candidates500 / target_margin / signed_alignment_ndcg,10,Greedy seq. del.,Random control,57,0.318067302911,9.99900009999e-05,0,10000,0.000999900009999,0.000999900009999
per-metric family,MovieLens / candidates500 / target_margin / top1_precision,10,MC Shapley,LIME,250,-0.1624,9.99900009999e-05,0,10000,0.000999900009999,0.000999900009999
per-metric family,MovieLens / candidates500 / target_margin / top1_precision,10,MC Shapley,LOO,250,-0.2344,9.99900009999e-05,0,10000,0.000999900009999,0.000999900009999
per-metric family,MovieLens / candidates500 / target_margin / top1_precision,10,MC Shapley,Greedy seq. del.,250,0.5216,9.99900009999e-05,0,10000,0.000999900009999,0.000999900009999
per-metric family,MovieLens / candidates500 / target_margin / top1_precision,10,MC Shapley,Random control,250,0.664,9.99900009999e-05,0,10000,0.000999900009999,0.000999900009999
per-metric family,MovieLens / candidates500 / target_margin / top1_precision,10,LIME,LOO,250,-0.072,9.99900009999e-05,0,10000,0.000999900009999,0.000999900009999
per-metric family,MovieLens / candidates500 / target_margin / top1_precision,10,LIME,Greedy seq. del.,250,0.684,9.99900009999e-05,0,10000,0.000999900009999,0.000999900009999
per-metric family,MovieLens / candidates500 / target_margin / top1_precision,10,LIME,Random control,250,0.8264,9.99900009999e-05,0,10000,0.000999900009999,0.000999900009999
per-metric family,MovieLens / candidates500 / target_margin / top1_precision,10,LOO,Greedy seq. del.,250,0.756,9.99900009999e-05,0,10000,0.000999900009999,0.000999900009999
per-metric family,MovieLens / candidates500 / target_margin / top1_precision,10,LOO,Random control,250,0.8984,9.99900009999e-05,0,10000,0.000999900009999,0.000999900009999
per-metric family,MovieLens / candidates500 / target_margin / top1_precision,10,Greedy seq. del.,Random control,250,0.1424,9.99900009999e-05,0,10000,0.000999900009999,0.000999900009999
per-metric family,MovieLens / candidates500 / target_margin / top3_precision,10,MC Shapley,LIME,250,-0.106933333333,9.99900009999e-05,0,10000,0.000999900009999,0.000999900009999
per-metric family,MovieLens / candidates500 / target_margin / top3_precision,10,MC Shapley,LOO,250,-0.1632,9.99900009999e-05,0,10000,0.000999900009999,0.000999900009999
per-metric family,MovieLens / candidates500 / target_margin / top3_precision,10,MC Shapley,Greedy seq. del.,250,0.430133333333,9.99900009999e-05,0,10000,0.000999900009999,0.000999900009999
per-metric family,MovieLens / candidates500 / target_margin / top3_precision,10,MC Shapley,Random control,250,0.641066666667,9.99900009999e-05,0,10000,0.000999900009999,0.000999900009999
per-metric family,MovieLens / candidates500 / target_margin / top3_precision,10,LIME,LOO,250,-0.0562666666667,9.99900009999e-05,0,10000,0.000999900009999,0.000999900009999
per-metric family,MovieLens / candidates500 / target_margin / top3_precision,10,LIME,Greedy seq. del.,250,0.537066666667,9.99900009999e-05,0,10000,0.000999900009999,0.000999900009999
per-metric family,MovieLens / candidates500 / target_margin / top3_precision,10,LIME,Random control,250,0.748,9.99900009999e-05,0,10000,0.000999900009999,0.000999900009999
per-metric family,MovieLens / candidates500 / target_margin / top3_precision,10,LOO,Greedy seq. del.,250,0.593333333333,9.99900009999e-05,0,10000,0.000999900009999,0.000999900009999
per-metric family,MovieLens / candidates500 / target_margin / top3_precision,10,LOO,Random control,250,0.804266666667,9.99900009999e-05,0,10000,0.000999900009999,0.000999900009999
per-metric family,MovieLens / candidates500 / target_margin / top3_precision,10,Greedy seq. del.,Random control,250,0.210933333333,9.99900009999e-05,0,10000,0.000999900009999,0.000999900009999
per-metric family,MovieLens / candidates500 / target_margin / top5_precision,10,MC Shapley,LIME,250,-0.0778666666667,9.99900009999e-05,0,10000,0.000999900009999,0.000999900009999
per-metric family,MovieLens / candidates500 / target_margin / top5_precision,10,MC Shapley,LOO,250,-0.120906666667,9.99900009999e-05,0,10000,0.000999900009999,0.000999900009999
per-metric family,MovieLens / candidates500 / target_margin / top5_precision,10,MC Shapley,Greedy seq. del.,250,0.355893333333,9.99900009999e-05,0,10000,0.000999900009999,0.000999900009999
per-metric family,MovieLens / candidates500 / target_margin / top5_precision,10,MC Shapley,Random control,250,0.5784,9.99900009999e-05,0,10000,0.000999900009999,0.000999900009999
per-metric family,MovieLens / candidates500 / target_margin / top5_precision,10,LIME,LOO,250,-0.04304,9.99900009999e-05,0,10000,0.000999900009999,0.000999900009999
per-metric family,MovieLens / candidates500 / target_margin / top5_precision,10,LIME,Greedy seq. del.,250,0.43376,9.99900009999e-05,0,10000,0.000999900009999,0.000999900009999
per-metric family,MovieLens / candidates500 / target_margin / top5_precision,10,LIME,Random control,250,0.656266666667,9.99900009999e-05,0,10000,0.000999900009999,0.000999900009999
per-metric family,MovieLens / candidates500 / target_margin / top5_precision,10,LOO,Greedy seq. del.,250,0.4768,9.99900009999e-05,0,10000,0.000999900009999,0.000999900009999
per-metric family,MovieLens / candidates500 / target_margin / top5_precision,10,LOO,Random control,250,0.699306666667,9.99900009999e-05,0,10000,0.000999900009999,0.000999900009999
per-metric family,MovieLens / candidates500 / target_margin / top5_precision,10,Greedy seq. del.,Random control,250,0.222506666667,9.99900009999e-05,0,10000,0.000999900009999,0.000999900009999
per-metric family,MovieLens / nmax100 / target_margin / abstention,10,MC Shapley,LIME,250,-0.004,1,10000,10000,1,1
per-metric family,MovieLens / nmax100 / target_margin / abstention,10,MC Shapley,LOO,250,-0.004,1,10000,10000,1,1
per-metric family,MovieLens / nmax100 / target_margin / abstention,10,MC Shapley,Greedy seq. del.,250,0,1,10000,10000,1,1
per-metric family,MovieLens / nmax100 / target_margin / abstention,10,MC Shapley,Random control,250,-0.0008,1,10000,10000,1,1
per-metric family,MovieLens / nmax100 / target_margin / abstention,10,LIME,LOO,250,0,1,10000,10000,1,1
per-metric family,MovieLens / nmax100 / target_margin / abstention,10,LIME,Greedy seq. del.,250,0.004,1,10000,10000,1,1
per-metric family,MovieLens / nmax100 / target_margin / abstention,10,LIME,Random control,250,0.0032,1,10000,10000,1,1
per-metric family,MovieLens / nmax100 / target_margin / abstention,10,LOO,Greedy seq. del.,250,0.004,1,10000,10000,1,1
per-metric family,MovieLens / nmax100 / target_margin / abstention,10,LOO,Random control,250,0.0032,1,10000,10000,1,1
per-metric family,MovieLens / nmax100 / target_margin / abstention,10,Greedy seq. del.,Random control,250,-0.0008,1,10000,10000,1,1
per-metric family,MovieLens / nmax100 / target_margin / actionability_gap,10,MC Shapley,LIME,250,0.0161104118403,9.99900009999e-05,0,10000,0.000999900009999,0.000999900009999
per-metric family,MovieLens / nmax100 / target_margin / actionability_gap,10,MC Shapley,LOO,250,0.0191671850508,9.99900009999e-05,0,10000,0.000999900009999,0.000999900009999
per-metric family,MovieLens / nmax100 / target_margin / actionability_gap,10,MC Shapley,Greedy seq. del.,250,0.0131206473511,0.000499950005,4,10000,0.00299970003,0.00299970003
per-metric family,MovieLens / nmax100 / target_margin / actionability_gap,10,MC Shapley,Random control,250,0.00592079011096,0.047895210479,478,10000,0.143685631437,0.143685631437
per-metric family,MovieLens / nmax100 / target_margin / actionability_gap,10,LIME,LOO,250,0.00305677321044,0.001599840016,15,10000,0.00799920007999,0.00799920007999
per-metric family,MovieLens / nmax100 / target_margin / actionability_gap,10,LIME,Greedy seq. del.,250,-0.00298976448923,0.253174682532,2531,10000,0.253174682532,0.253174682532
per-metric family,MovieLens / nmax100 / target_margin / actionability_gap,10,LIME,Random control,250,-0.0101896217294,9.99900009999e-05,0,10000,0.000999900009999,0.000999900009999
per-metric family,MovieLens / nmax100 / target_margin / actionability_gap,10,LOO,Greedy seq. del.,250,-0.00604653769967,0.004499550045,44,10000,0.01799820018,0.01799820018
per-metric family,MovieLens / nmax100 / target_margin / actionability_gap,10,LOO,Random control,250,-0.0132463949398,9.99900009999e-05,0,10000,0.000999900009999,0.000999900009999
per-metric family,MovieLens / nmax100 / target_margin / actionability_gap,10,Greedy seq. del.,Random control,250,-0.00719985724013,0.049095090491,490,10000,0.143685631437,0.143685631437
per-metric family,MovieLens / nmax100 / target_margin / aia,10,MC Shapley,LIME,250,-0.110101976617,9.99900009999e-05,0,10000,0.000999900009999,0.000999900009999
per-metric family,MovieLens / nmax100 / target_margin / aia,10,MC Shapley,LOO,250,-0.17906612535,9.99900009999e-05,0,10000,0.000999900009999,0.000999900009999
per-metric family,MovieLens / nmax100 / target_margin / aia,10,MC Shapley,Greedy seq. del.,250,0.427445558241,9.99900009999e-05,0,10000,0.000999900009999,0.000999900009999
per-metric family,MovieLens / nmax100 / target_margin / aia,10,MC Shapley,Random control,250,0.806678604605,9.99900009999e-05,0,10000,0.000999900009999,0.000999900009999
per-metric family,MovieLens / nmax100 / target_margin / aia,10,LIME,LOO,250,-0.0689641487326,9.99900009999e-05,0,10000,0.000999900009999,0.000999900009999
per-metric family,MovieLens / nmax100 / target_margin / aia,10,LIME,Greedy seq. del.,250,0.537547534858,9.99900009999e-05,0,10000,0.000999900009999,0.000999900009999
per-metric family,MovieLens / nmax100 / target_margin / aia,10,LIME,Random control,250,0.916780581221,9.99900009999e-05,0,10000,0.000999900009999,0.000999900009999
per-metric family,MovieLens / nmax100 / target_margin / aia,10,LOO,Greedy seq. del.,250,0.60651168359,9.99900009999e-05,0,10000,0.000999900009999,0.000999900009999
per-metric family,MovieLens / nmax100 / target_margin / aia,10,LOO,Random control,250,0.985744729954,9.99900009999e-05,0,10000,0.000999900009999,0.000999900009999
per-metric family,MovieLens / nmax100 / target_margin / aia,10,Greedy seq. del.,Random control,250,0.379233046364,9.99900009999e-05,0,10000,0.000999900009999,0.000999900009999
per-metric family,MovieLens / nmax100 / target_margin / aia_ndcg,10,MC Shapley,LIME,54,-0.00412525101518,0.800619938006,8006,10000,0.800619938006,0.800619938006
per-metric family,MovieLens / nmax100 / target_margin / aia_ndcg,10,MC Shapley,LOO,54,-0.0200802847334,0.259474052595,2594,10000,0.518948105189,0.518948105189
per-metric family,MovieLens / nmax100 / target_margin / aia_ndcg,10,MC Shapley,Greedy seq. del.,54,0.148042779386,9.99900009999e-05,0,10000,0.000999900009999,0.000999900009999
per-metric family,MovieLens / nmax100 / target_margin / aia_ndcg,10,MC Shapley,Random control,54,0.311877126183,9.99900009999e-05,0,10000,0.000999900009999,0.000999900009999
per-metric family,MovieLens / nmax100 / target_margin / aia_ndcg,10,LIME,LOO,54,-0.0159550337183,0.004399560044,43,10000,0.013198680132,0.013198680132
per-metric family,MovieLens / nmax100 / target_margin / aia_ndcg,10,LIME,Greedy seq. del.,54,0.152168030401,0.000199980002,1,10000,0.000999900009999,0.000999900009999
per-metric family,MovieLens / nmax100 / target_margin / aia_ndcg,10,LIME,Random control,54,0.316002377198,9.99900009999e-05,0,10000,0.000999900009999,0.000999900009999
per-metric family,MovieLens / nmax100 / target_margin / aia_ndcg,10,LOO,Greedy seq. del.,54,0.168123064119,9.99900009999e-05,0,10000,0.000999900009999,0.000999900009999
per-metric family,MovieLens / nmax100 / target_margin / aia_ndcg,10,LOO,Random control,54,0.331957410917,9.99900009999e-05,0,10000,0.000999900009999,0.000999900009999
per-metric family,MovieLens / nmax100 / target_margin / aia_ndcg,10,Greedy seq. del.,Random control,54,0.163834346798,9.99900009999e-05,0,10000,0.000999900009999,0.000999900009999
per-metric family,MovieLens / nmax100 / target_margin / direction_accuracy,10,MC Shapley,LIME,250,-0.053747585874,9.99900009999e-05,0,10000,0.000999900009999,0.000999900009999
per-metric family,MovieLens / nmax100 / target_margin / direction_accuracy,10,MC Shapley,LOO,250,-0.10031060721,9.99900009999e-05,0,10000,0.000999900009999,0.000999900009999
per-metric family,MovieLens / nmax100 / target_margin / direction_accuracy,10,MC Shapley,Greedy seq. del.,250,0.333306987695,9.99900009999e-05,0,10000,0.000999900009999,0.000999900009999
per-metric family,MovieLens / nmax100 / target_margin / direction_accuracy,10,MC Shapley,Random control,250,0.392317622399,9.99900009999e-05,0,10000,0.000999900009999,0.000999900009999
per-metric family,MovieLens / nmax100 / target_margin / direction_accuracy,10,LIME,LOO,250,-0.0465630213358,9.99900009999e-05,0,10000,0.000999900009999,0.000999900009999
per-metric family,MovieLens / nmax100 / target_margin / direction_accuracy,10,LIME,Greedy seq. del.,250,0.387054573569,9.99900009999e-05,0,10000,0.000999900009999,0.000999900009999
per-metric family,MovieLens / nmax100 / target_margin / direction_accuracy,10,LIME,Random control,250,0.446065208273,9.99900009999e-05,0,10000,0.000999900009999,0.000999900009999
per-metric family,MovieLens / nmax100 / target_margin / direction_accuracy,10,LOO,Greedy seq. del.,250,0.433617594905,9.99900009999e-05,0,10000,0.000999900009999,0.000999900009999
per-metric family,MovieLens / nmax100 / target_margin / direction_accuracy,10,LOO,Random control,250,0.492628229608,9.99900009999e-05,0,10000,0.000999900009999,0.000999900009999
per-metric family,MovieLens / nmax100 / target_margin / direction_accuracy,10,Greedy seq. del.,Random control,250,0.0590106347038,9.99900009999e-05,0,10000,0.000999900009999,0.000999900009999
per-metric family,MovieLens / nmax100 / target_margin / direction_accuracy_ndcg,10,MC Shapley,LIME,54,-0.0047765244181,0.518648135186,5186,10000,1,1
per-metric family,MovieLens / nmax100 / target_margin / direction_accuracy_ndcg,10,MC Shapley,LOO,54,-0.0054545865657,0.418758124188,4187,10000,1,1
per-metric family,MovieLens / nmax100 / target_margin / direction_accuracy_ndcg,10,MC Shapley,Greedy seq. del.,54,0.176089340377,0.000999900009999,9,10000,0.00399960004,0.00399960004
per-metric family,MovieLens / nmax100 / target_margin / direction_accuracy_ndcg,10,MC Shapley,Random control,54,0.45203316625,9.99900009999e-05,0,10000,0.000999900009999,0.000999900009999
per-metric family,MovieLens / nmax100 / target_margin / direction_accuracy_ndcg,10,LIME,LOO,54,-0.000678062147596,0.900409959004,9004,10000,1,1
per-metric family,MovieLens / nmax100 / target_margin / direction_accuracy_ndcg,10,LIME,Greedy seq. del.,54,0.180865864795,0.000499950005,4,10000,0.00299970003,0.00299970003
per-metric family,MovieLens / nmax100 / target_margin / direction_accuracy_ndcg,10,LIME,Random control,54,0.456809690669,9.99900009999e-05,0,10000,0.000999900009999,0.000999900009999
per-metric family,MovieLens / nmax100 / target_margin / direction_accuracy_ndcg,10,LOO,Greedy seq. del.,54,0.181543926942,0.000499950005,4,10000,0.00299970003,0.00299970003
per-metric family,MovieLens / nmax100 / target_margin / direction_accuracy_ndcg,10,LOO,Random control,54,0.457487752816,9.99900009999e-05,0,10000,0.000999900009999,0.000999900009999
per-metric family,MovieLens / nmax100 / target_margin / direction_accuracy_ndcg,10,Greedy seq. del.,Random control,54,0.275943825874,9.99900009999e-05,0,10000,0.000999900009999,0.000999900009999
per-metric family,MovieLens / nmax100 / target_margin / faithfulness_alignment,10,MC Shapley,LIME,250,-0.126212388457,9.99900009999e-05,0,10000,0.000999900009999,0.000999900009999
per-metric family,MovieLens / nmax100 / target_margin / faithfulness_alignment,10,MC Shapley,LOO,250,-0.1982333104,9.99900009999e-05,0,10000,0.000999900009999,0.000999900009999
per-metric family,MovieLens / nmax100 / target_margin / faithfulness_alignment,10,MC Shapley,Greedy seq. del.,250,0.41432491089,9.99900009999e-05,0,10000,0.000999900009999,0.000999900009999
per-metric family,MovieLens / nmax100 / target_margin / faithfulness_alignment,10,MC Shapley,Random control,250,0.800757814494,9.99900009999e-05,0,10000,0.000999900009999,0.000999900009999
per-metric family,MovieLens / nmax100 / target_margin / faithfulness_alignment,10,LIME,LOO,250,-0.072020921943,9.99900009999e-05,0,10000,0.000999900009999,0.000999900009999
per-metric family,MovieLens / nmax100 / target_margin / faithfulness_alignment,10,LIME,Greedy seq. del.,250,0.540537299347,9.99900009999e-05,0,10000,0.000999900009999,0.000999900009999
per-metric family,MovieLens / nmax100 / target_margin / faithfulness_alignment,10,LIME,Random control,250,0.926970202951,9.99900009999e-05,0,10000,0.000999900009999,0.000999900009999
per-metric family,MovieLens / nmax100 / target_margin / faithfulness_alignment,10,LOO,Greedy seq. del.,250,0.61255822129,9.99900009999e-05,0,10000,0.000999900009999,0.000999900009999
per-metric family,MovieLens / nmax100 / target_margin / faithfulness_alignment,10,LOO,Random control,250,0.998991124894,9.99900009999e-05,0,10000,0.000999900009999,0.000999900009999
per-metric family,MovieLens / nmax100 / target_margin / faithfulness_alignment,10,Greedy seq. del.,Random control,250,0.386432903604,9.99900009999e-05,0,10000,0.000999900009999,0.000999900009999
per-metric family,MovieLens / nmax100 / target_margin / intervention_success,10,MC Shapley,LIME,250,0.004,1,10000,10000,1,1
per-metric family,MovieLens / nmax100 / target_margin / intervention_success,10,MC Shapley,LOO,250,0.004,1,10000,10000,1,1
per-metric family,MovieLens / nmax100 / target_margin / intervention_success,10,MC Shapley,Greedy seq. del.,250,0.688,9.99900009999e-05,0,10000,0.000999900009999,0.000999900009999
per-metric family,MovieLens / nmax100 / target_margin / intervention_success,10,MC Shapley,Random control,250,0.5216,9.99900009999e-05,0,10000,0.000999900009999,0.000999900009999
per-metric family,MovieLens / nmax100 / target_margin / intervention_success,10,LIME,LOO,250,0,1,10000,10000,1,1
per-metric family,MovieLens / nmax100 / target_margin / intervention_success,10,LIME,Greedy seq. del.,250,0.684,9.99900009999e-05,0,10000,0.000999900009999,0.000999900009999
per-metric family,MovieLens / nmax100 / target_margin / intervention_success,10,LIME,Random control,250,0.5176,9.99900009999e-05,0,10000,0.000999900009999,0.000999900009999
per-metric family,MovieLens / nmax100 / target_margin / intervention_success,10,LOO,Greedy seq. del.,250,0.684,9.99900009999e-05,0,10000,0.000999900009999,0.000999900009999
per-metric family,MovieLens / nmax100 / target_margin / intervention_success,10,LOO,Random control,250,0.5176,9.99900009999e-05,0,10000,0.000999900009999,0.000999900009999
per-metric family,MovieLens / nmax100 / target_margin / intervention_success,10,Greedy seq. del.,Random control,250,-0.1664,9.99900009999e-05,0,10000,0.000999900009999,0.000999900009999
per-metric family,MovieLens / nmax100 / target_margin / intervention_success_ndcg,10,MC Shapley,LIME,250,0.0064,0.249875012499,2498,10000,0.749625037496,0.749625037496
per-metric family,MovieLens / nmax100 / target_margin / intervention_success_ndcg,10,MC Shapley,LOO,250,0.0024,0.750124987501,7501,10000,1,1
per-metric family,MovieLens / nmax100 / target_margin / intervention_success_ndcg,10,MC Shapley,Greedy seq. del.,250,0.1144,9.99900009999e-05,0,10000,0.000999900009999,0.000999900009999
per-metric family,MovieLens / nmax100 / target_margin / intervention_success_ndcg,10,MC Shapley,Random control,250,0.1408,9.99900009999e-05,0,10000,0.000999900009999,0.000999900009999
per-metric family,MovieLens / nmax100 / target_margin / intervention_success_ndcg,10,LIME,LOO,250,-0.004,0.752124787521,7521,10000,1,1
per-metric family,MovieLens / nmax100 / target_margin / intervention_success_ndcg,10,LIME,Greedy seq. del.,250,0.108,9.99900009999e-05,0,10000,0.000999900009999,0.000999900009999
per-metric family,MovieLens / nmax100 / target_margin / intervention_success_ndcg,10,LIME,Random control,250,0.1344,9.99900009999e-05,0,10000,0.000999900009999,0.000999900009999
per-metric family,MovieLens / nmax100 / target_margin / intervention_success_ndcg,10,LOO,Greedy seq. del.,250,0.112,9.99900009999e-05,0,10000,0.000999900009999,0.000999900009999
per-metric family,MovieLens / nmax100 / target_margin / intervention_success_ndcg,10,LOO,Random control,250,0.1384,9.99900009999e-05,0,10000,0.000999900009999,0.000999900009999
per-metric family,MovieLens / nmax100 / target_margin / intervention_success_ndcg,10,Greedy seq. del.,Random control,250,0.0264,0.0693930606939,693,10000,0.277572242776,0.277572242776
per-metric family,MovieLens / nmax100 / target_margin / joint_effect_ndcg,10,MC Shapley,LIME,250,0.00162999173173,0.269073092691,2690,10000,0.807219278072,0.807219278072
per-metric family,MovieLens / nmax100 / target_margin / joint_effect_ndcg,10,MC Shapley,LOO,250,0.00180266544837,0.401659834017,4016,10000,0.807219278072,0.807219278072
per-metric family,MovieLens / nmax100 / target_margin / joint_effect_ndcg,10,MC Shapley,Greedy seq. del.,250,0.0209072080454,9.99900009999e-05,0,10000,0.000999900009999,0.000999900009999
per-metric family,MovieLens / nmax100 / target_margin / joint_effect_ndcg,10,MC Shapley,Random control,250,0.0262090328267,9.99900009999e-05,0,10000,0.000999900009999,0.000999900009999
per-metric family,MovieLens / nmax100 / target_margin / joint_effect_ndcg,10,LIME,LOO,250,0.000172673716637,0.876612338766,8766,10000,0.876612338766,0.876612338766
per-metric family,MovieLens / nmax100 / target_margin / joint_effect_ndcg,10,LIME,Greedy seq. del.,250,0.0192772163136,9.99900009999e-05,0,10000,0.000999900009999,0.000999900009999
per-metric family,MovieLens / nmax100 / target_margin / joint_effect_ndcg,10,LIME,Random control,250,0.0245790410949,9.99900009999e-05,0,10000,0.000999900009999,0.000999900009999
per-metric family,MovieLens / nmax100 / target_margin / joint_effect_ndcg,10,LOO,Greedy seq. del.,250,0.019104542597,9.99900009999e-05,0,10000,0.000999900009999,0.000999900009999
per-metric family,MovieLens / nmax100 / target_margin / joint_effect_ndcg,10,LOO,Random control,250,0.0244063673783,9.99900009999e-05,0,10000,0.000999900009999,0.000999900009999
per-metric family,MovieLens / nmax100 / target_margin / joint_effect_ndcg,10,Greedy seq. del.,Random control,250,0.00530182478131,0.146885311469,1468,10000,0.587541245875,0.587541245875
per-metric family,MovieLens / nmax100 / target_margin / joint_effect_primary,10,MC Shapley,LIME,250,-9.04228875356e-06,0.944305569443,9443,10000,1,1
per-metric family,MovieLens / nmax100 / target_margin / joint_effect_primary,10,MC Shapley,LOO,250,-1.55854036403e-05,0.735926407359,7359,10000,1,1
per-metric family,MovieLens / nmax100 / target_margin / joint_effect_primary,10,MC Shapley,Greedy seq. del.,250,0.00143811132385,9.99900009999e-05,0,10000,0.000999900009999,0.000999900009999
per-metric family,MovieLens / nmax100 / target_margin / joint_effect_primary,10,MC Shapley,Random control,250,0.0014638979372,9.99900009999e-05,0,10000,0.000999900009999,0.000999900009999
per-metric family,MovieLens / nmax100 / target_margin / joint_effect_primary,10,LIME,LOO,250,-6.54311488675e-06,9.99900009999e-05,0,10000,0.000999900009999,0.000999900009999
per-metric family,MovieLens / nmax100 / target_margin / joint_effect_primary,10,LIME,Greedy seq. del.,250,0.0014471536126,9.99900009999e-05,0,10000,0.000999900009999,0.000999900009999
per-metric family,MovieLens / nmax100 / target_margin / joint_effect_primary,10,LIME,Random control,250,0.00147294022596,9.99900009999e-05,0,10000,0.000999900009999,0.000999900009999
per-metric family,MovieLens / nmax100 / target_margin / joint_effect_primary,10,LOO,Greedy seq. del.,250,0.00145369672749,9.99900009999e-05,0,10000,0.000999900009999,0.000999900009999
per-metric family,MovieLens / nmax100 / target_margin / joint_effect_primary,10,LOO,Random control,250,0.00147948334084,9.99900009999e-05,0,10000,0.000999900009999,0.000999900009999
per-metric family,MovieLens / nmax100 / target_margin / joint_effect_primary,10,Greedy seq. del.,Random control,250,2.57866133526e-05,0.726427357264,7264,10000,1,1
per-metric family,MovieLens / nmax100 / target_margin / joint_effect_target_margin,10,MC Shapley,LIME,250,-9.04228875356e-06,0.946805319468,9468,10000,1,1
per-metric family,MovieLens / nmax100 / target_margin / joint_effect_target_margin,10,MC Shapley,LOO,250,-1.55854036403e-05,0.750224977502,7502,10000,1,1
per-metric family,MovieLens / nmax100 / target_margin / joint_effect_target_margin,10,MC Shapley,Greedy seq. del.,250,0.00143811132385,9.99900009999e-05,0,10000,0.000999900009999,0.000999900009999
per-metric family,MovieLens / nmax100 / target_margin / joint_effect_target_margin,10,MC Shapley,Random control,250,0.0014638979372,9.99900009999e-05,0,10000,0.000999900009999,0.000999900009999
per-metric family,MovieLens / nmax100 / target_margin / joint_effect_target_margin,10,LIME,LOO,250,-6.54311488675e-06,9.99900009999e-05,0,10000,0.000999900009999,0.000999900009999
per-metric family,MovieLens / nmax100 / target_margin / joint_effect_target_margin,10,LIME,Greedy seq. del.,250,0.0014471536126,9.99900009999e-05,0,10000,0.000999900009999,0.000999900009999
per-metric family,MovieLens / nmax100 / target_margin / joint_effect_target_margin,10,LIME,Random control,250,0.00147294022596,9.99900009999e-05,0,10000,0.000999900009999,0.000999900009999
per-metric family,MovieLens / nmax100 / target_margin / joint_effect_target_margin,10,LOO,Greedy seq. del.,250,0.00145369672749,9.99900009999e-05,0,10000,0.000999900009999,0.000999900009999
per-metric family,MovieLens / nmax100 / target_margin / joint_effect_target_margin,10,LOO,Random control,250,0.00147948334084,9.99900009999e-05,0,10000,0.000999900009999,0.000999900009999
per-metric family,MovieLens / nmax100 / target_margin / joint_effect_target_margin,10,Greedy seq. del.,Random control,250,2.57866133526e-05,0.729327067293,7293,10000,1,1
per-metric family,MovieLens / nmax100 / target_margin / joint_regret_ndcg,10,MC Shapley,LIME,250,-0.00162999173173,0.266873312669,2668,10000,0.800619938006,0.800619938006
per-metric family,MovieLens / nmax100 / target_margin / joint_regret_ndcg,10,MC Shapley,LOO,250,-0.00180266544837,0.403159684032,4031,10000,0.806319368063,0.806319368063
per-metric family,MovieLens / nmax100 / target_margin / joint_regret_ndcg,10,MC Shapley,Greedy seq. del.,250,-0.0209072080454,9.99900009999e-05,0,10000,0.000999900009999,0.000999900009999
per-metric family,MovieLens / nmax100 / target_margin / joint_regret_ndcg,10,MC Shapley,Random control,250,-0.0262090328267,9.99900009999e-05,0,10000,0.000999900009999,0.000999900009999
per-metric family,MovieLens / nmax100 / target_margin / joint_regret_ndcg,10,LIME,LOO,250,-0.000172673716637,0.87501249875,8750,10000,0.87501249875,0.87501249875
per-metric family,MovieLens / nmax100 / target_margin / joint_regret_ndcg,10,LIME,Greedy seq. del.,250,-0.0192772163136,9.99900009999e-05,0,10000,0.000999900009999,0.000999900009999
per-metric family,MovieLens / nmax100 / target_margin / joint_regret_ndcg,10,LIME,Random control,250,-0.0245790410949,9.99900009999e-05,0,10000,0.000999900009999,0.000999900009999
per-metric family,MovieLens / nmax100 / target_margin / joint_regret_ndcg,10,LOO,Greedy seq. del.,250,-0.019104542597,9.99900009999e-05,0,10000,0.000999900009999,0.000999900009999
per-metric family,MovieLens / nmax100 / target_margin / joint_regret_ndcg,10,LOO,Random control,250,-0.0244063673783,9.99900009999e-05,0,10000,0.000999900009999,0.000999900009999
per-metric family,MovieLens / nmax100 / target_margin / joint_regret_ndcg,10,Greedy seq. del.,Random control,250,-0.00530182478131,0.152184781522,1521,10000,0.608739126087,0.608739126087
per-metric family,MovieLens / nmax100 / target_margin / joint_regret_primary,10,MC Shapley,LIME,250,9.04228875356e-06,0.945605439456,9456,10000,1,1
per-metric family,MovieLens / nmax100 / target_margin / joint_regret_primary,10,MC Shapley,LOO,250,1.55854036403e-05,0.744525547445,7445,10000,1,1
per-metric family,MovieLens / nmax100 / target_margin / joint_regret_primary,10,MC Shapley,Greedy seq. del.,250,-0.00143811132385,9.99900009999e-05,0,10000,0.000999900009999,0.000999900009999
per-metric family,MovieLens / nmax100 / target_margin / joint_regret_primary,10,MC Shapley,Random control,250,-0.0014638979372,9.99900009999e-05,0,10000,0.000999900009999,0.000999900009999
per-metric family,MovieLens / nmax100 / target_margin / joint_regret_primary,10,LIME,LOO,250,6.54311488675e-06,9.99900009999e-05,0,10000,0.000999900009999,0.000999900009999
per-metric family,MovieLens / nmax100 / target_margin / joint_regret_primary,10,LIME,Greedy seq. del.,250,-0.0014471536126,9.99900009999e-05,0,10000,0.000999900009999,0.000999900009999
per-metric family,MovieLens / nmax100 / target_margin / joint_regret_primary,10,LIME,Random control,250,-0.00147294022596,9.99900009999e-05,0,10000,0.000999900009999,0.000999900009999
per-metric family,MovieLens / nmax100 / target_margin / joint_regret_primary,10,LOO,Greedy seq. del.,250,-0.00145369672749,9.99900009999e-05,0,10000,0.000999900009999,0.000999900009999
per-metric family,MovieLens / nmax100 / target_margin / joint_regret_primary,10,LOO,Random control,250,-0.00147948334084,9.99900009999e-05,0,10000,0.000999900009999,0.000999900009999
per-metric family,MovieLens / nmax100 / target_margin / joint_regret_primary,10,Greedy seq. del.,Random control,250,-2.57866133526e-05,0.729927007299,7299,10000,1,1
per-metric family,MovieLens / nmax100 / target_margin / normalized_regret_ndcg,10,MC Shapley,LIME,55,-0.0321574430814,0.183581641836,1835,10000,0.550744925507,0.550744925507
per-metric family,MovieLens / nmax100 / target_margin / normalized_regret_ndcg,10,MC Shapley,LOO,55,-0.0166597721463,0.496150384962,4961,10000,0.992300769923,0.992300769923
per-metric family,MovieLens / nmax100 / target_margin / normalized_regret_ndcg,10,MC Shapley,Greedy seq. del.,55,-0.603050526378,9.99900009999e-05,0,10000,0.000999900009999,0.000999900009999
per-metric family,MovieLens / nmax100 / target_margin / normalized_regret_ndcg,10,MC Shapley,Random control,55,-0.969214964245,9.99900009999e-05,0,10000,0.000999900009999,0.000999900009999
per-metric family,MovieLens / nmax100 / target_margin / normalized_regret_ndcg,10,LIME,LOO,55,0.0154976709351,0.623637636236,6236,10000,0.992300769923,0.992300769923
per-metric family,MovieLens / nmax100 / target_margin / normalized_regret_ndcg,10,LIME,Greedy seq. del.,55,-0.570893083296,9.99900009999e-05,0,10000,0.000999900009999,0.000999900009999
per-metric family,MovieLens / nmax100 / target_margin / normalized_regret_ndcg,10,LIME,Random control,55,-0.937057521163,9.99900009999e-05,0,10000,0.000999900009999,0.000999900009999
per-metric family,MovieLens / nmax100 / target_margin / normalized_regret_ndcg,10,LOO,Greedy seq. del.,55,-0.586390754231,9.99900009999e-05,0,10000,0.000999900009999,0.000999900009999
per-metric family,MovieLens / nmax100 / target_margin / normalized_regret_ndcg,10,LOO,Random control,55,-0.952555192098,9.99900009999e-05,0,10000,0.000999900009999,0.000999900009999
per-metric family,MovieLens / nmax100 / target_margin / normalized_regret_ndcg,10,Greedy seq. del.,Random control,55,-0.366164437867,0.0510948905109,510,10000,0.204379562044,0.204379562044
per-metric family,MovieLens / nmax100 / target_margin / normalized_regret_primary,10,MC Shapley,LIME,250,0.0197226221914,0.000199980002,1,10000,0.000999900009999,0.000999900009999
per-metric family,MovieLens / nmax100 / target_margin / normalized_regret_primary,10,MC Shapley,LOO,250,0.0293342674731,9.99900009999e-05,0,10000,0.000999900009999,0.000999900009999
per-metric family,MovieLens / nmax100 / target_margin / normalized_regret_primary,10,MC Shapley,Greedy seq. del.,250,-1.20445447171,9.99900009999e-05,0,10000,0.000999900009999,0.000999900009999
per-metric family,MovieLens / nmax100 / target_margin / normalized_regret_primary,10,MC Shapley,Random control,250,-0.997079908066,9.99900009999e-05,0,10000,0.000999900009999,0.000999900009999
per-metric family,MovieLens / nmax100 / target_margin / normalized_regret_primary,10,LIME,LOO,250,0.00961164528175,9.99900009999e-05,0,10000,0.000999900009999,0.000999900009999
per-metric family,MovieLens / nmax100 / target_margin / normalized_regret_primary,10,LIME,Greedy seq. del.,250,-1.2241770939,9.99900009999e-05,0,10000,0.000999900009999,0.000999900009999
per-metric family,MovieLens / nmax100 / target_margin / normalized_regret_primary,10,LIME,Random control,250,-1.01680253026,9.99900009999e-05,0,10000,0.000999900009999,0.000999900009999
per-metric family,MovieLens / nmax100 / target_margin / normalized_regret_primary,10,LOO,Greedy seq. del.,250,-1.23378873919,9.99900009999e-05,0,10000,0.000999900009999,0.000999900009999
per-metric family,MovieLens / nmax100 / target_margin / normalized_regret_primary,10,LOO,Random control,250,-1.02641417554,9.99900009999e-05,0,10000,0.000999900009999,0.000999900009999
per-metric family,MovieLens / nmax100 / target_margin / normalized_regret_primary,10,Greedy seq. del.,Random control,250,0.207374563647,9.99900009999e-05,0,10000,0.000999900009999,0.000999900009999
per-metric family,MovieLens / nmax100 / target_margin / signed_alignment,10,MC Shapley,LIME,250,-0.0259781062301,9.99900009999e-05,0,10000,0.000999900009999,0.000999900009999
per-metric family,MovieLens / nmax100 / target_margin / signed_alignment,10,MC Shapley,LOO,250,-0.0576473721911,9.99900009999e-05,0,10000,0.000999900009999,0.000999900009999
per-metric family,MovieLens / nmax100 / target_margin / signed_alignment,10,MC Shapley,Greedy seq. del.,250,0.736645502748,9.99900009999e-05,0,10000,0.000999900009999,0.000999900009999
per-metric family,MovieLens / nmax100 / target_margin / signed_alignment,10,MC Shapley,Random control,250,0.937508873279,9.99900009999e-05,0,10000,0.000999900009999,0.000999900009999
per-metric family,MovieLens / nmax100 / target_margin / signed_alignment,10,LIME,LOO,250,-0.031669265961,9.99900009999e-05,0,10000,0.000999900009999,0.000999900009999
per-metric family,MovieLens / nmax100 / target_margin / signed_alignment,10,LIME,Greedy seq. del.,250,0.762623608978,9.99900009999e-05,0,10000,0.000999900009999,0.000999900009999
per-metric family,MovieLens / nmax100 / target_margin / signed_alignment,10,LIME,Random control,250,0.963486979509,9.99900009999e-05,0,10000,0.000999900009999,0.000999900009999
per-metric family,MovieLens / nmax100 / target_margin / signed_alignment,10,LOO,Greedy seq. del.,250,0.794292874939,9.99900009999e-05,0,10000,0.000999900009999,0.000999900009999
per-metric family,MovieLens / nmax100 / target_margin / signed_alignment,10,LOO,Random control,250,0.99515624547,9.99900009999e-05,0,10000,0.000999900009999,0.000999900009999
per-metric family,MovieLens / nmax100 / target_margin / signed_alignment,10,Greedy seq. del.,Random control,250,0.200863370531,9.99900009999e-05,0,10000,0.000999900009999,0.000999900009999
per-metric family,MovieLens / nmax100 / target_margin / signed_alignment_ndcg,10,MC Shapley,LIME,54,-0.0109520726802,0.170382961704,1703,10000,0.170382961704,0.170382961704
per-metric family,MovieLens / nmax100 / target_margin / signed_alignment_ndcg,10,MC Shapley,LOO,54,-0.0231342673554,0.00939906009399,93,10000,0.018798120188,0.018798120188
per-metric family,MovieLens / nmax100 / target_margin / signed_alignment_ndcg,10,MC Shapley,Greedy seq. del.,54,0.245362440167,9.99900009999e-05,0,10000,0.000999900009999,0.000999900009999
per-metric family,MovieLens / nmax100 / target_margin / signed_alignment_ndcg,10,MC Shapley,Random control,54,0.486589834519,9.99900009999e-05,0,10000,0.000999900009999,0.000999900009999
per-metric family,MovieLens / nmax100 / target_margin / signed_alignment_ndcg,10,LIME,LOO,54,-0.0121821946752,0.001299870013,12,10000,0.003899610039,0.003899610039
per-metric family,MovieLens / nmax100 / target_margin / signed_alignment_ndcg,10,LIME,Greedy seq. del.,54,0.256314512847,9.99900009999e-05,0,10000,0.000999900009999,0.000999900009999
per-metric family,MovieLens / nmax100 / target_margin / signed_alignment_ndcg,10,LIME,Random control,54,0.497541907199,9.99900009999e-05,0,10000,0.000999900009999,0.000999900009999
per-metric family,MovieLens / nmax100 / target_margin / signed_alignment_ndcg,10,LOO,Greedy seq. del.,54,0.268496707523,9.99900009999e-05,0,10000,0.000999900009999,0.000999900009999
per-metric family,MovieLens / nmax100 / target_margin / signed_alignment_ndcg,10,LOO,Random control,54,0.509724101874,9.99900009999e-05,0,10000,0.000999900009999,0.000999900009999
per-metric family,MovieLens / nmax100 / target_margin / signed_alignment_ndcg,10,Greedy seq. del.,Random control,54,0.241227394352,9.99900009999e-05,0,10000,0.000999900009999,0.000999900009999
per-metric family,MovieLens / nmax100 / target_margin / top1_precision,10,MC Shapley,LIME,250,-0.0904,9.99900009999e-05,0,10000,0.000999900009999,0.000999900009999
per-metric family,MovieLens / nmax100 / target_margin / top1_precision,10,MC Shapley,LOO,250,-0.3184,9.99900009999e-05,0,10000,0.000999900009999,0.000999900009999
per-metric family,MovieLens / nmax100 / target_margin / top1_precision,10,MC Shapley,Greedy seq. del.,250,0.5936,9.99900009999e-05,0,10000,0.000999900009999,0.000999900009999
per-metric family,MovieLens / nmax100 / target_margin / top1_precision,10,MC Shapley,Random control,250,0.6192,9.99900009999e-05,0,10000,0.000999900009999,0.000999900009999
per-metric family,MovieLens / nmax100 / target_margin / top1_precision,10,LIME,LOO,250,-0.228,9.99900009999e-05,0,10000,0.000999900009999,0.000999900009999
per-metric family,MovieLens / nmax100 / target_margin / top1_precision,10,LIME,Greedy seq. del.,250,0.684,9.99900009999e-05,0,10000,0.000999900009999,0.000999900009999
per-metric family,MovieLens / nmax100 / target_margin / top1_precision,10,LIME,Random control,250,0.7096,9.99900009999e-05,0,10000,0.000999900009999,0.000999900009999
per-metric family,MovieLens / nmax100 / target_margin / top1_precision,10,LOO,Greedy seq. del.,250,0.912,9.99900009999e-05,0,10000,0.000999900009999,0.000999900009999
per-metric family,MovieLens / nmax100 / target_margin / top1_precision,10,LOO,Random control,250,0.9376,9.99900009999e-05,0,10000,0.000999900009999,0.000999900009999
per-metric family,MovieLens / nmax100 / target_margin / top1_precision,10,Greedy seq. del.,Random control,250,0.0256,0.120187981202,1201,10000,0.120187981202,0.120187981202
per-metric family,MovieLens / nmax100 / target_margin / top3_precision,10,MC Shapley,LIME,250,-0.0728,9.99900009999e-05,0,10000,0.000999900009999,0.000999900009999
per-metric family,MovieLens / nmax100 / target_margin / top3_precision,10,MC Shapley,LOO,250,-0.2152,9.99900009999e-05,0,10000,0.000999900009999,0.000999900009999
per-metric family,MovieLens / nmax100 / target_margin / top3_precision,10,MC Shapley,Greedy seq. del.,250,0.563466666667,9.99900009999e-05,0,10000,0.000999900009999,0.000999900009999
per-metric family,MovieLens / nmax100 / target_margin / top3_precision,10,MC Shapley,Random control,250,0.676,9.99900009999e-05,0,10000,0.000999900009999,0.000999900009999
per-metric family,MovieLens / nmax100 / target_margin / top3_precision,10,LIME,LOO,250,-0.1424,9.99900009999e-05,0,10000,0.000999900009999,0.000999900009999
per-metric family,MovieLens / nmax100 / target_margin / top3_precision,10,LIME,Greedy seq. del.,250,0.636266666667,9.99900009999e-05,0,10000,0.000999900009999,0.000999900009999
per-metric family,MovieLens / nmax100 / target_margin / top3_precision,10,LIME,Random control,250,0.7488,9.99900009999e-05,0,10000,0.000999900009999,0.000999900009999
per-metric family,MovieLens / nmax100 / target_margin / top3_precision,10,LOO,Greedy seq. del.,250,0.778666666667,9.99900009999e-05,0,10000,0.000999900009999,0.000999900009999
per-metric family,MovieLens / nmax100 / target_margin / top3_precision,10,LOO,Random control,250,0.8912,9.99900009999e-05,0,10000,0.000999900009999,0.000999900009999
per-metric family,MovieLens / nmax100 / target_margin / top3_precision,10,Greedy seq. del.,Random control,250,0.112533333333,9.99900009999e-05,0,10000,0.000999900009999,0.000999900009999
per-metric family,MovieLens / nmax100 / target_margin / top5_precision,10,MC Shapley,LIME,250,-0.0554666666667,9.99900009999e-05,0,10000,0.000999900009999,0.000999900009999
per-metric family,MovieLens / nmax100 / target_margin / top5_precision,10,MC Shapley,LOO,250,-0.163626666667,9.99900009999e-05,0,10000,0.000999900009999,0.000999900009999
per-metric family,MovieLens / nmax100 / target_margin / top5_precision,10,MC Shapley,Greedy seq. del.,250,0.551573333333,9.99900009999e-05,0,10000,0.000999900009999,0.000999900009999
per-metric family,MovieLens / nmax100 / target_margin / top5_precision,10,MC Shapley,Random control,250,0.664586666667,9.99900009999e-05,0,10000,0.000999900009999,0.000999900009999
per-metric family,MovieLens / nmax100 / target_margin / top5_precision,10,LIME,LOO,250,-0.10816,9.99900009999e-05,0,10000,0.000999900009999,0.000999900009999
per-metric family,MovieLens / nmax100 / target_margin / top5_precision,10,LIME,Greedy seq. del.,250,0.60704,9.99900009999e-05,0,10000,0.000999900009999,0.000999900009999
per-metric family,MovieLens / nmax100 / target_margin / top5_precision,10,LIME,Random control,250,0.720053333333,9.99900009999e-05,0,10000,0.000999900009999,0.000999900009999
per-metric family,MovieLens / nmax100 / target_margin / top5_precision,10,LOO,Greedy seq. del.,250,0.7152,9.99900009999e-05,0,10000,0.000999900009999,0.000999900009999
per-metric family,MovieLens / nmax100 / target_margin / top5_precision,10,LOO,Random control,250,0.828213333333,9.99900009999e-05,0,10000,0.000999900009999,0.000999900009999
per-metric family,MovieLens / nmax100 / target_margin / top5_precision,10,Greedy seq. del.,Random control,250,0.113013333333,9.99900009999e-05,0,10000,0.000999900009999,0.000999900009999
per-metric family,MovieLens / nmax50 / target_margin / abstention,10,MC Shapley,LIME,250,-0.004,1,10000,10000,1,1
per-metric family,MovieLens / nmax50 / target_margin / abstention,10,MC Shapley,LOO,250,-0.004,1,10000,10000,1,1
per-metric family,MovieLens / nmax50 / target_margin / abstention,10,MC Shapley,Greedy seq. del.,250,0,1,10000,10000,1,1
per-metric family,MovieLens / nmax50 / target_margin / abstention,10,MC Shapley,Random control,250,-0.0008,1,10000,10000,1,1
per-metric family,MovieLens / nmax50 / target_margin / abstention,10,LIME,LOO,250,0,1,10000,10000,1,1
per-metric family,MovieLens / nmax50 / target_margin / abstention,10,LIME,Greedy seq. del.,250,0.004,1,10000,10000,1,1
per-metric family,MovieLens / nmax50 / target_margin / abstention,10,LIME,Random control,250,0.0032,1,10000,10000,1,1
per-metric family,MovieLens / nmax50 / target_margin / abstention,10,LOO,Greedy seq. del.,250,0.004,1,10000,10000,1,1
per-metric family,MovieLens / nmax50 / target_margin / abstention,10,LOO,Random control,250,0.0032,1,10000,10000,1,1
per-metric family,MovieLens / nmax50 / target_margin / abstention,10,Greedy seq. del.,Random control,250,-0.0008,1,10000,10000,1,1
per-metric family,MovieLens / nmax50 / target_margin / actionability_gap,10,MC Shapley,LIME,250,0.0186839973104,9.99900009999e-05,0,10000,0.000999900009999,0.000999900009999
per-metric family,MovieLens / nmax50 / target_margin / actionability_gap,10,MC Shapley,LOO,250,0.0215665391868,9.99900009999e-05,0,10000,0.000999900009999,0.000999900009999
per-metric family,MovieLens / nmax50 / target_margin / actionability_gap,10,MC Shapley,Greedy seq. del.,250,0.0140411457347,9.99900009999e-05,0,10000,0.000999900009999,0.000999900009999
per-metric family,MovieLens / nmax50 / target_margin / actionability_gap,10,MC Shapley,Random control,250,0.00792039294002,0.00679932006799,67,10000,0.025197480252,0.025197480252
per-metric family,MovieLens / nmax50 / target_margin / actionability_gap,10,LIME,LOO,250,0.00288254187637,0.00629937006299,62,10000,0.025197480252,0.025197480252
per-metric family,MovieLens / nmax50 / target_margin / actionability_gap,10,LIME,Greedy seq. del.,250,-0.00464285157577,0.0690930906909,690,10000,0.138186181382,0.138186181382
per-metric family,MovieLens / nmax50 / target_margin / actionability_gap,10,LIME,Random control,250,-0.0107636043704,9.99900009999e-05,0,10000,0.000999900009999,0.000999900009999
per-metric family,MovieLens / nmax50 / target_margin / actionability_gap,10,LOO,Greedy seq. del.,250,-0.00752539345214,0.000499950005,4,10000,0.002499750025,0.002499750025
per-metric family,MovieLens / nmax50 / target_margin / actionability_gap,10,LOO,Random control,250,-0.0136461462468,9.99900009999e-05,0,10000,0.000999900009999,0.000999900009999
per-metric family,MovieLens / nmax50 / target_margin / actionability_gap,10,Greedy seq. del.,Random control,250,-0.00612075279465,0.131486851315,1314,10000,0.138186181382,0.138186181382
per-metric family,MovieLens / nmax50 / target_margin / aia,10,MC Shapley,LIME,250,-0.126465938521,9.99900009999e-05,0,10000,0.000999900009999,0.000999900009999
per-metric family,MovieLens / nmax50 / target_margin / aia,10,MC Shapley,LOO,250,-0.17875388306,9.99900009999e-05,0,10000,0.000999900009999,0.000999900009999
per-metric family,MovieLens / nmax50 / target_margin / aia,10,MC Shapley,Greedy seq. del.,250,0.444355992376,9.99900009999e-05,0,10000,0.000999900009999,0.000999900009999
per-metric family,MovieLens / nmax50 / target_margin / aia,10,MC Shapley,Random control,250,0.806585529526,9.99900009999e-05,0,10000,0.000999900009999,0.000999900009999
per-metric family,MovieLens / nmax50 / target_margin / aia,10,LIME,LOO,250,-0.0522879445392,9.99900009999e-05,0,10000,0.000999900009999,0.000999900009999
per-metric family,MovieLens / nmax50 / target_margin / aia,10,LIME,Greedy seq. del.,250,0.570821930898,9.99900009999e-05,0,10000,0.000999900009999,0.000999900009999
per-metric family,MovieLens / nmax50 / target_margin / aia,10,LIME,Random control,250,0.933051468047,9.99900009999e-05,0,10000,0.000999900009999,0.000999900009999
per-metric family,MovieLens / nmax50 / target_margin / aia,10,LOO,Greedy seq. del.,250,0.623109875437,9.99900009999e-05,0,10000,0.000999900009999,0.000999900009999
per-metric family,MovieLens / nmax50 / target_margin / aia,10,LOO,Random control,250,0.985339412587,9.99900009999e-05,0,10000,0.000999900009999,0.000999900009999
per-metric family,MovieLens / nmax50 / target_margin / aia,10,Greedy seq. del.,Random control,250,0.36222953715,9.99900009999e-05,0,10000,0.000999900009999,0.000999900009999
per-metric family,MovieLens / nmax50 / target_margin / aia_ndcg,10,MC Shapley,LIME,62,-0.010655249692,0.479652034797,4796,10000,0.479652034797,0.479652034797
per-metric family,MovieLens / nmax50 / target_margin / aia_ndcg,10,MC Shapley,LOO,62,-0.0271883652113,0.0877912208779,877,10000,0.175582441756,0.175582441756
per-metric family,MovieLens / nmax50 / target_margin / aia_ndcg,10,MC Shapley,Greedy seq. del.,62,0.148439137467,0.000199980002,1,10000,0.000999900009999,0.000999900009999
per-metric family,MovieLens / nmax50 / target_margin / aia_ndcg,10,MC Shapley,Random control,62,0.323605221172,9.99900009999e-05,0,10000,0.000999900009999,0.000999900009999
per-metric family,MovieLens / nmax50 / target_margin / aia_ndcg,10,LIME,LOO,62,-0.0165331155193,0.000799920007999,7,10000,0.002399760024,0.002399760024
per-metric family,MovieLens / nmax50 / target_margin / aia_ndcg,10,LIME,Greedy seq. del.,62,0.159094387159,9.99900009999e-05,0,10000,0.000999900009999,0.000999900009999
per-metric family,MovieLens / nmax50 / target_margin / aia_ndcg,10,LIME,Random control,62,0.334260470864,9.99900009999e-05,0,10000,0.000999900009999,0.000999900009999
per-metric family,MovieLens / nmax50 / target_margin / aia_ndcg,10,LOO,Greedy seq. del.,62,0.175627502678,9.99900009999e-05,0,10000,0.000999900009999,0.000999900009999
per-metric family,MovieLens / nmax50 / target_margin / aia_ndcg,10,LOO,Random control,62,0.350793586383,9.99900009999e-05,0,10000,0.000999900009999,0.000999900009999
per-metric family,MovieLens / nmax50 / target_margin / aia_ndcg,10,Greedy seq. del.,Random control,62,0.175166083705,9.99900009999e-05,0,10000,0.000999900009999,0.000999900009999
per-metric family,MovieLens / nmax50 / target_margin / direction_accuracy,10,MC Shapley,LIME,250,-0.0656465938848,9.99900009999e-05,0,10000,0.000999900009999,0.000999900009999
per-metric family,MovieLens / nmax50 / target_margin / direction_accuracy,10,MC Shapley,LOO,250,-0.102538858143,9.99900009999e-05,0,10000,0.000999900009999,0.000999900009999
per-metric family,MovieLens / nmax50 / target_margin / direction_accuracy,10,MC Shapley,Greedy seq. del.,250,0.323991753909,9.99900009999e-05,0,10000,0.000999900009999,0.000999900009999
per-metric family,MovieLens / nmax50 / target_margin / direction_accuracy,10,MC Shapley,Random control,250,0.389295604474,9.99900009999e-05,0,10000,0.000999900009999,0.000999900009999
per-metric family,MovieLens / nmax50 / target_margin / direction_accuracy,10,LIME,LOO,250,-0.0368922642585,9.99900009999e-05,0,10000,0.000999900009999,0.000999900009999
per-metric family,MovieLens / nmax50 / target_margin / direction_accuracy,10,LIME,Greedy seq. del.,250,0.389638347794,9.99900009999e-05,0,10000,0.000999900009999,0.000999900009999
per-metric family,MovieLens / nmax50 / target_margin / direction_accuracy,10,LIME,Random control,250,0.454942198359,9.99900009999e-05,0,10000,0.000999900009999,0.000999900009999
per-metric family,MovieLens / nmax50 / target_margin / direction_accuracy,10,LOO,Greedy seq. del.,250,0.426530612053,9.99900009999e-05,0,10000,0.000999900009999,0.000999900009999
per-metric family,MovieLens / nmax50 / target_margin / direction_accuracy,10,LOO,Random control,250,0.491834462617,9.99900009999e-05,0,10000,0.000999900009999,0.000999900009999
per-metric family,MovieLens / nmax50 / target_margin / direction_accuracy,10,Greedy seq. del.,Random control,250,0.0653038505644,9.99900009999e-05,0,10000,0.000999900009999,0.000999900009999
per-metric family,MovieLens / nmax50 / target_margin / direction_accuracy_ndcg,10,MC Shapley,LIME,62,-0.0010605151364,0.879312068793,8793,10000,1,1
per-metric family,MovieLens / nmax50 / target_margin / direction_accuracy_ndcg,10,MC Shapley,LOO,62,-0.00492706955705,0.503549645035,5035,10000,1,1
per-metric family,MovieLens / nmax50 / target_margin / direction_accuracy_ndcg,10,MC Shapley,Greedy seq. del.,62,0.207473559027,9.99900009999e-05,0,10000,0.000999900009999,0.000999900009999
per-metric family,MovieLens / nmax50 / target_margin / direction_accuracy_ndcg,10,MC Shapley,Random control,62,0.456783664147,9.99900009999e-05,0,10000,0.000999900009999,0.000999900009999
per-metric family,MovieLens / nmax50 / target_margin / direction_accuracy_ndcg,10,LIME,LOO,62,-0.00386655442065,0.435756424358,4357,10000,1,1
per-metric family,MovieLens / nmax50 / target_margin / direction_accuracy_ndcg,10,LIME,Greedy seq. del.,62,0.208534074163,9.99900009999e-05,0,10000,0.000999900009999,0.000999900009999
per-metric family,MovieLens / nmax50 / target_margin / direction_accuracy_ndcg,10,LIME,Random control,62,0.457844179283,9.99900009999e-05,0,10000,0.000999900009999,0.000999900009999
per-metric family,MovieLens / nmax50 / target_margin / direction_accuracy_ndcg,10,LOO,Greedy seq. del.,62,0.212400628584,9.99900009999e-05,0,10000,0.000999900009999,0.000999900009999
per-metric family,MovieLens / nmax50 / target_margin / direction_accuracy_ndcg,10,LOO,Random control,62,0.461710733704,9.99900009999e-05,0,10000,0.000999900009999,0.000999900009999
per-metric family,MovieLens / nmax50 / target_margin / direction_accuracy_ndcg,10,Greedy seq. del.,Random control,62,0.24931010512,9.99900009999e-05,0,10000,0.000999900009999,0.000999900009999
per-metric family,MovieLens / nmax50 / target_margin / faithfulness_alignment,10,MC Shapley,LIME,250,-0.145149935832,9.99900009999e-05,0,10000,0.000999900009999,0.000999900009999
per-metric family,MovieLens / nmax50 / target_margin / faithfulness_alignment,10,MC Shapley,LOO,250,-0.200320422247,9.99900009999e-05,0,10000,0.000999900009999,0.000999900009999
per-metric family,MovieLens / nmax50 / target_margin / faithfulness_alignment,10,MC Shapley,Greedy seq. del.,250,0.430314846642,9.99900009999e-05,0,10000,0.000999900009999,0.000999900009999
per-metric family,MovieLens / nmax50 / target_margin / faithfulness_alignment,10,MC Shapley,Random control,250,0.798665136586,9.99900009999e-05,0,10000,0.000999900009999,0.000999900009999
per-metric family,MovieLens / nmax50 / target_margin / faithfulness_alignment,10,LIME,LOO,250,-0.0551704864156,9.99900009999e-05,0,10000,0.000999900009999,0.000999900009999
per-metric family,MovieLens / nmax50 / target_margin / faithfulness_alignment,10,LIME,Greedy seq. del.,250,0.575464782473,9.99900009999e-05,0,10000,0.000999900009999,0.000999900009999
per-metric family,MovieLens / nmax50 / target_margin / faithfulness_alignment,10,LIME,Random control,250,0.943815072418,9.99900009999e-05,0,10000,0.000999900009999,0.000999900009999
per-metric family,MovieLens / nmax50 / target_margin / faithfulness_alignment,10,LOO,Greedy seq. del.,250,0.630635268889,9.99900009999e-05,0,10000,0.000999900009999,0.000999900009999
per-metric family,MovieLens / nmax50 / target_margin / faithfulness_alignment,10,LOO,Random control,250,0.998985558833,9.99900009999e-05,0,10000,0.000999900009999,0.000999900009999
per-metric family,MovieLens / nmax50 / target_margin / faithfulness_alignment,10,Greedy seq. del.,Random control,250,0.368350289944,9.99900009999e-05,0,10000,0.000999900009999,0.000999900009999
per-metric family,MovieLens / nmax50 / target_margin / intervention_success,10,MC Shapley,LIME,250,0.004,1,10000,10000,1,1
per-metric family,MovieLens / nmax50 / target_margin / intervention_success,10,MC Shapley,LOO,250,0.004,1,10000,10000,1,1
per-metric family,MovieLens / nmax50 / target_margin / intervention_success,10,MC Shapley,Greedy seq. del.,250,0.632,9.99900009999e-05,0,10000,0.000999900009999,0.000999900009999
per-metric family,MovieLens / nmax50 / target_margin / intervention_success,10,MC Shapley,Random control,250,0.524,9.99900009999e-05,0,10000,0.000999900009999,0.000999900009999
per-metric family,MovieLens / nmax50 / target_margin / intervention_success,10,LIME,LOO,250,0,1,10000,10000,1,1
per-metric family,MovieLens / nmax50 / target_margin / intervention_success,10,LIME,Greedy seq. del.,250,0.628,9.99900009999e-05,0,10000,0.000999900009999,0.000999900009999
per-metric family,MovieLens / nmax50 / target_margin / intervention_success,10,LIME,Random control,250,0.52,9.99900009999e-05,0,10000,0.000999900009999,0.000999900009999
per-metric family,MovieLens / nmax50 / target_margin / intervention_success,10,LOO,Greedy seq. del.,250,0.628,9.99900009999e-05,0,10000,0.000999900009999,0.000999900009999
per-metric family,MovieLens / nmax50 / target_margin / intervention_success,10,LOO,Random control,250,0.52,9.99900009999e-05,0,10000,0.000999900009999,0.000999900009999
per-metric family,MovieLens / nmax50 / target_margin / intervention_success,10,Greedy seq. del.,Random control,250,-0.108,0.001299870013,12,10000,0.00519948005199,0.00519948005199
per-metric family,MovieLens / nmax50 / target_margin / intervention_success_ndcg,10,MC Shapley,LIME,250,-0.0048,0.551644835516,5516,10000,1,1
per-metric family,MovieLens / nmax50 / target_margin / intervention_success_ndcg,10,MC Shapley,LOO,250,-0.0072,0.130386961304,1303,10000,0.521547845215,0.521547845215
per-metric family,MovieLens / nmax50 / target_margin / intervention_success_ndcg,10,MC Shapley,Greedy seq. del.,250,0.1368,9.99900009999e-05,0,10000,0.000999900009999,0.000999900009999
per-metric family,MovieLens / nmax50 / target_margin / intervention_success_ndcg,10,MC Shapley,Random control,250,0.1536,9.99900009999e-05,0,10000,0.000999900009999,0.000999900009999
per-metric family,MovieLens / nmax50 / target_margin / intervention_success_ndcg,10,LIME,LOO,250,-0.0024,0.872112788721,8721,10000,1,1
per-metric family,MovieLens / nmax50 / target_margin / intervention_success_ndcg,10,LIME,Greedy seq. del.,250,0.1416,9.99900009999e-05,0,10000,0.000999900009999,0.000999900009999
per-metric family,MovieLens / nmax50 / target_margin / intervention_success_ndcg,10,LIME,Random control,250,0.1584,9.99900009999e-05,0,10000,0.000999900009999,0.000999900009999
per-metric family,MovieLens / nmax50 / target_margin / intervention_success_ndcg,10,LOO,Greedy seq. del.,250,0.144,9.99900009999e-05,0,10000,0.000999900009999,0.000999900009999
per-metric family,MovieLens / nmax50 / target_margin / intervention_success_ndcg,10,LOO,Random control,250,0.1608,9.99900009999e-05,0,10000,0.000999900009999,0.000999900009999
per-metric family,MovieLens / nmax50 / target_margin / intervention_success_ndcg,10,Greedy seq. del.,Random control,250,0.0168,0.253174682532,2531,10000,0.759524047595,0.759524047595
per-metric family,MovieLens / nmax50 / target_margin / joint_effect_ndcg,10,MC Shapley,LIME,250,-0.000278144192949,0.648835116488,6488,10000,1,1
per-metric family,MovieLens / nmax50 / target_margin / joint_effect_ndcg,10,MC Shapley,LOO,250,5.04484253627e-06,0.994700529947,9947,10000,1,1
per-metric family,MovieLens / nmax50 / target_margin / joint_effect_ndcg,10,MC Shapley,Greedy seq. del.,250,0.0345215218223,9.99900009999e-05,0,10000,0.000999900009999,0.000999900009999
per-metric family,MovieLens / nmax50 / target_margin / joint_effect_ndcg,10,MC Shapley,Random control,250,0.0318938956539,9.99900009999e-05,0,10000,0.000999900009999,0.000999900009999
per-metric family,MovieLens / nmax50 / target_margin / joint_effect_ndcg,10,LIME,LOO,250,0.000283189035486,0.538346165383,5383,10000,1,1
per-metric family,MovieLens / nmax50 / target_margin / joint_effect_ndcg,10,LIME,Greedy seq. del.,250,0.0347996660152,9.99900009999e-05,0,10000,0.000999900009999,0.000999900009999
per-metric family,MovieLens / nmax50 / target_margin / joint_effect_ndcg,10,LIME,Random control,250,0.0321720398468,9.99900009999e-05,0,10000,0.000999900009999,0.000999900009999
per-metric family,MovieLens / nmax50 / target_margin / joint_effect_ndcg,10,LOO,Greedy seq. del.,250,0.0345164769797,9.99900009999e-05,0,10000,0.000999900009999,0.000999900009999
per-metric family,MovieLens / nmax50 / target_margin / joint_effect_ndcg,10,LOO,Random control,250,0.0318888508113,9.99900009999e-05,0,10000,0.000999900009999,0.000999900009999
per-metric family,MovieLens / nmax50 / target_margin / joint_effect_ndcg,10,Greedy seq. del.,Random control,250,-0.00262762616838,0.595140485951,5951,10000,1,1
per-metric family,MovieLens / nmax50 / target_margin / joint_effect_primary,10,MC Shapley,LIME,250,-1.30871757598e-05,0.839216078392,8392,10000,1,1
per-metric family,MovieLens / nmax50 / target_margin / joint_effect_primary,10,MC Shapley,LOO,250,-2.05196668713e-05,0.505649435056,5056,10000,1,1
per-metric family,MovieLens / nmax50 / target_margin / joint_effect_primary,10,MC Shapley,Greedy seq. del.,250,0.00166060042132,9.99900009999e-05,0,10000,0.000999900009999,0.000999900009999
per-metric family,MovieLens / nmax50 / target_margin / joint_effect_primary,10,MC Shapley,Random control,250,0.00166001125578,9.99900009999e-05,0,10000,0.000999900009999,0.000999900009999
per-metric family,MovieLens / nmax50 / target_margin / joint_effect_primary,10,LIME,LOO,250,-7.43249111144e-06,9.99900009999e-05,0,10000,0.000999900009999,0.000999900009999
per-metric family,MovieLens / nmax50 / target_margin / joint_effect_primary,10,LIME,Greedy seq. del.,250,0.00167368759708,9.99900009999e-05,0,10000,0.000999900009999,0.000999900009999
per-metric family,MovieLens / nmax50 / target_margin / joint_effect_primary,10,LIME,Random control,250,0.00167309843154,9.99900009999e-05,0,10000,0.000999900009999,0.000999900009999
per-metric family,MovieLens / nmax50 / target_margin / joint_effect_primary,10,LOO,Greedy seq. del.,250,0.00168112008819,9.99900009999e-05,0,10000,0.000999900009999,0.000999900009999
per-metric family,MovieLens / nmax50 / target_margin / joint_effect_primary,10,LOO,Random control,250,0.00168053092265,9.99900009999e-05,0,10000,0.000999900009999,0.000999900009999
per-metric family,MovieLens / nmax50 / target_margin / joint_effect_primary,10,Greedy seq. del.,Random control,250,-5.89165540845e-07,0.993700629937,9937,10000,1,1
per-metric family,MovieLens / nmax50 / target_margin / joint_effect_target_margin,10,MC Shapley,LIME,250,-1.30871757598e-05,0.842315768423,8423,10000,1,1
per-metric family,MovieLens / nmax50 / target_margin / joint_effect_target_margin,10,MC Shapley,LOO,250,-2.05196668713e-05,0.509149085091,5091,10000,1,1
per-metric family,MovieLens / nmax50 / target_margin / joint_effect_target_margin,10,MC Shapley,Greedy seq. del.,250,0.00166060042132,9.99900009999e-05,0,10000,0.000999900009999,0.000999900009999
per-metric family,MovieLens / nmax50 / target_margin / joint_effect_target_margin,10,MC Shapley,Random control,250,0.00166001125578,9.99900009999e-05,0,10000,0.000999900009999,0.000999900009999
per-metric family,MovieLens / nmax50 / target_margin / joint_effect_target_margin,10,LIME,LOO,250,-7.43249111144e-06,9.99900009999e-05,0,10000,0.000999900009999,0.000999900009999
per-metric family,MovieLens / nmax50 / target_margin / joint_effect_target_margin,10,LIME,Greedy seq. del.,250,0.00167368759708,9.99900009999e-05,0,10000,0.000999900009999,0.000999900009999
per-metric family,MovieLens / nmax50 / target_margin / joint_effect_target_margin,10,LIME,Random control,250,0.00167309843154,9.99900009999e-05,0,10000,0.000999900009999,0.000999900009999
per-metric family,MovieLens / nmax50 / target_margin / joint_effect_target_margin,10,LOO,Greedy seq. del.,250,0.00168112008819,9.99900009999e-05,0,10000,0.000999900009999,0.000999900009999
per-metric family,MovieLens / nmax50 / target_margin / joint_effect_target_margin,10,LOO,Random control,250,0.00168053092265,9.99900009999e-05,0,10000,0.000999900009999,0.000999900009999
per-metric family,MovieLens / nmax50 / target_margin / joint_effect_target_margin,10,Greedy seq. del.,Random control,250,-5.89165540845e-07,0.993400659934,9934,10000,1,1
per-metric family,MovieLens / nmax50 / target_margin / joint_regret_ndcg,10,MC Shapley,LIME,250,0.000278144192949,0.647735226477,6477,10000,1,1
per-metric family,MovieLens / nmax50 / target_margin / joint_regret_ndcg,10,MC Shapley,LOO,250,-5.04484253627e-06,0.994600539946,9946,10000,1,1
per-metric family,MovieLens / nmax50 / target_margin / joint_regret_ndcg,10,MC Shapley,Greedy seq. del.,250,-0.0345215218223,9.99900009999e-05,0,10000,0.000999900009999,0.000999900009999
per-metric family,MovieLens / nmax50 / target_margin / joint_regret_ndcg,10,MC Shapley,Random control,250,-0.0318938956539,9.99900009999e-05,0,10000,0.000999900009999,0.000999900009999
per-metric family,MovieLens / nmax50 / target_margin / joint_regret_ndcg,10,LIME,LOO,250,-0.000283189035486,0.525647435256,5256,10000,1,1
per-metric family,MovieLens / nmax50 / target_margin / joint_regret_ndcg,10,LIME,Greedy seq. del.,250,-0.0347996660152,9.99900009999e-05,0,10000,0.000999900009999,0.000999900009999
per-metric family,MovieLens / nmax50 / target_margin / joint_regret_ndcg,10,LIME,Random control,250,-0.0321720398468,9.99900009999e-05,0,10000,0.000999900009999,0.000999900009999
per-metric family,MovieLens / nmax50 / target_margin / joint_regret_ndcg,10,LOO,Greedy seq. del.,250,-0.0345164769797,9.99900009999e-05,0,10000,0.000999900009999,0.000999900009999
per-metric family,MovieLens / nmax50 / target_margin / joint_regret_ndcg,10,LOO,Random control,250,-0.0318888508113,9.99900009999e-05,0,10000,0.000999900009999,0.000999900009999
per-metric family,MovieLens / nmax50 / target_margin / joint_regret_ndcg,10,Greedy seq. del.,Random control,250,0.00262762616838,0.595540445955,5955,10000,1,1
per-metric family,MovieLens / nmax50 / target_margin / joint_regret_primary,10,MC Shapley,LIME,250,1.30871757598e-05,0.837816218378,8378,10000,1,1
per-metric family,MovieLens / nmax50 / target_margin / joint_regret_primary,10,MC Shapley,LOO,250,2.05196668713e-05,0.498850114989,4988,10000,1,1
per-metric family,MovieLens / nmax50 / target_margin / joint_regret_primary,10,MC Shapley,Greedy seq. del.,250,-0.00166060042132,9.99900009999e-05,0,10000,0.000999900009999,0.000999900009999
per-metric family,MovieLens / nmax50 / target_margin / joint_regret_primary,10,MC Shapley,Random control,250,-0.00166001125578,9.99900009999e-05,0,10000,0.000999900009999,0.000999900009999
per-metric family,MovieLens / nmax50 / target_margin / joint_regret_primary,10,LIME,LOO,250,7.43249111144e-06,9.99900009999e-05,0,10000,0.000999900009999,0.000999900009999
per-metric family,MovieLens / nmax50 / target_margin / joint_regret_primary,10,LIME,Greedy seq. del.,250,-0.00167368759708,9.99900009999e-05,0,10000,0.000999900009999,0.000999900009999
per-metric family,MovieLens / nmax50 / target_margin / joint_regret_primary,10,LIME,Random control,250,-0.00167309843154,9.99900009999e-05,0,10000,0.000999900009999,0.000999900009999
per-metric family,MovieLens / nmax50 / target_margin / joint_regret_primary,10,LOO,Greedy seq. del.,250,-0.00168112008819,9.99900009999e-05,0,10000,0.000999900009999,0.000999900009999
per-metric family,MovieLens / nmax50 / target_margin / joint_regret_primary,10,LOO,Random control,250,-0.00168053092265,9.99900009999e-05,0,10000,0.000999900009999,0.000999900009999
per-metric family,MovieLens / nmax50 / target_margin / joint_regret_primary,10,Greedy seq. del.,Random control,250,5.89165540846e-07,0.994200579942,9942,10000,1,1
per-metric family,MovieLens / nmax50 / target_margin / normalized_regret_ndcg,10,MC Shapley,LIME,61,0.0180929913846,0.539646035396,5396,10000,1,1
per-metric family,MovieLens / nmax50 / target_margin / normalized_regret_ndcg,10,MC Shapley,LOO,61,0.0120884497585,0.640635936406,6406,10000,1,1
per-metric family,MovieLens / nmax50 / target_margin / normalized_regret_ndcg,10,MC Shapley,Greedy seq. del.,61,-1.85746459687,9.99900009999e-05,0,10000,0.000999900009999,0.000999900009999
per-metric family,MovieLens / nmax50 / target_margin / normalized_regret_ndcg,10,MC Shapley,Random control,61,-1.30165759301,9.99900009999e-05,0,10000,0.000999900009999,0.000999900009999
per-metric family,MovieLens / nmax50 / target_margin / normalized_regret_ndcg,10,LIME,LOO,61,-0.00600454162604,0.728927107289,7289,10000,1,1
per-metric family,MovieLens / nmax50 / target_margin / normalized_regret_ndcg,10,LIME,Greedy seq. del.,61,-1.87555758825,9.99900009999e-05,0,10000,0.000999900009999,0.000999900009999
per-metric family,MovieLens / nmax50 / target_margin / normalized_regret_ndcg,10,LIME,Random control,61,-1.3197505844,9.99900009999e-05,0,10000,0.000999900009999,0.000999900009999
per-metric family,MovieLens / nmax50 / target_margin / normalized_regret_ndcg,10,LOO,Greedy seq. del.,61,-1.86955304663,9.99900009999e-05,0,10000,0.000999900009999,0.000999900009999
per-metric family,MovieLens / nmax50 / target_margin / normalized_regret_ndcg,10,LOO,Random control,61,-1.31374604277,9.99900009999e-05,0,10000,0.000999900009999,0.000999900009999
per-metric family,MovieLens / nmax50 / target_margin / normalized_regret_ndcg,10,Greedy seq. del.,Random control,61,0.555807003854,0.331566843316,3315,10000,1,1
per-metric family,MovieLens / nmax50 / target_margin / normalized_regret_primary,10,MC Shapley,LIME,250,0.0223016466094,9.99900009999e-05,0,10000,0.000999900009999,0.000999900009999
per-metric family,MovieLens / nmax50 / target_margin / normalized_regret_primary,10,MC Shapley,LOO,250,0.0295047896836,9.99900009999e-05,0,10000,0.000999900009999,0.000999900009999
per-metric family,MovieLens / nmax50 / target_margin / normalized_regret_primary,10,MC Shapley,Greedy seq. del.,250,-1.13034679027,9.99900009999e-05,0,10000,0.000999900009999,0.000999900009999
per-metric family,MovieLens / nmax50 / target_margin / normalized_regret_primary,10,MC Shapley,Random control,250,-0.989696686372,9.99900009999e-05,0,10000,0.000999900009999,0.000999900009999
per-metric family,MovieLens / nmax50 / target_margin / normalized_regret_primary,10,LIME,LOO,250,0.00720314307412,9.99900009999e-05,0,10000,0.000999900009999,0.000999900009999
per-metric family,MovieLens / nmax50 / target_margin / normalized_regret_primary,10,LIME,Greedy seq. del.,250,-1.15264843688,9.99900009999e-05,0,10000,0.000999900009999,0.000999900009999
per-metric family,MovieLens / nmax50 / target_margin / normalized_regret_primary,10,LIME,Random control,250,-1.01199833298,9.99900009999e-05,0,10000,0.000999900009999,0.000999900009999
per-metric family,MovieLens / nmax50 / target_margin / normalized_regret_primary,10,LOO,Greedy seq. del.,250,-1.15985157995,9.99900009999e-05,0,10000,0.000999900009999,0.000999900009999
per-metric family,MovieLens / nmax50 / target_margin / normalized_regret_primary,10,LOO,Random control,250,-1.01920147606,9.99900009999e-05,0,10000,0.000999900009999,0.000999900009999
per-metric family,MovieLens / nmax50 / target_margin / normalized_regret_primary,10,Greedy seq. del.,Random control,250,0.140650103895,9.99900009999e-05,0,10000,0.000999900009999,0.000999900009999
per-metric family,MovieLens / nmax50 / target_margin / signed_alignment,10,MC Shapley,LIME,250,-0.0327270151867,9.99900009999e-05,0,10000,0.000999900009999,0.000999900009999
per-metric family,MovieLens / nmax50 / target_margin / signed_alignment,10,MC Shapley,LOO,250,-0.0568492361178,9.99900009999e-05,0,10000,0.000999900009999,0.000999900009999
per-metric family,MovieLens / nmax50 / target_margin / signed_alignment,10,MC Shapley,Greedy seq. del.,250,0.67919360263,9.99900009999e-05,0,10000,0.000999900009999,0.000999900009999
per-metric family,MovieLens / nmax50 / target_margin / signed_alignment,10,MC Shapley,Random control,250,0.941854605073,9.99900009999e-05,0,10000,0.000999900009999,0.000999900009999
per-metric family,MovieLens / nmax50 / target_margin / signed_alignment,10,LIME,LOO,250,-0.0241222209311,9.99900009999e-05,0,10000,0.000999900009999,0.000999900009999
per-metric family,MovieLens / nmax50 / target_margin / signed_alignment,10,LIME,Greedy seq. del.,250,0.711920617817,9.99900009999e-05,0,10000,0.000999900009999,0.000999900009999
per-metric family,MovieLens / nmax50 / target_margin / signed_alignment,10,LIME,Random control,250,0.974581620259,9.99900009999e-05,0,10000,0.000999900009999,0.000999900009999
per-metric family,MovieLens / nmax50 / target_margin / signed_alignment,10,LOO,Greedy seq. del.,250,0.736042838748,9.99900009999e-05,0,10000,0.000999900009999,0.000999900009999
per-metric family,MovieLens / nmax50 / target_margin / signed_alignment,10,LOO,Random control,250,0.998703841191,9.99900009999e-05,0,10000,0.000999900009999,0.000999900009999
per-metric family,MovieLens / nmax50 / target_margin / signed_alignment,10,Greedy seq. del.,Random control,250,0.262661002442,9.99900009999e-05,0,10000,0.000999900009999,0.000999900009999
per-metric family,MovieLens / nmax50 / target_margin / signed_alignment_ndcg,10,MC Shapley,LIME,62,-0.00625715465045,0.401559844016,4015,10000,0.401559844016,0.401559844016
per-metric family,MovieLens / nmax50 / target_margin / signed_alignment_ndcg,10,MC Shapley,LOO,62,-0.0210836147938,0.00689931006899,68,10000,0.013798620138,0.013798620138
per-metric family,MovieLens / nmax50 / target_margin / signed_alignment_ndcg,10,MC Shapley,Greedy seq. del.,62,0.333047722482,9.99900009999e-05,0,10000,0.000999900009999,0.000999900009999
per-metric family,MovieLens / nmax50 / target_margin / signed_alignment_ndcg,10,MC Shapley,Random control,62,0.541375293458,9.99900009999e-05,0,10000,0.000999900009999,0.000999900009999
per-metric family,MovieLens / nmax50 / target_margin / signed_alignment_ndcg,10,LIME,LOO,62,-0.0148264601433,9.99900009999e-05,0,10000,0.000999900009999,0.000999900009999
per-metric family,MovieLens / nmax50 / target_margin / signed_alignment_ndcg,10,LIME,Greedy seq. del.,62,0.339304877132,9.99900009999e-05,0,10000,0.000999900009999,0.000999900009999
per-metric family,MovieLens / nmax50 / target_margin / signed_alignment_ndcg,10,LIME,Random control,62,0.547632448109,9.99900009999e-05,0,10000,0.000999900009999,0.000999900009999
per-metric family,MovieLens / nmax50 / target_margin / signed_alignment_ndcg,10,LOO,Greedy seq. del.,62,0.354131337275,9.99900009999e-05,0,10000,0.000999900009999,0.000999900009999
per-metric family,MovieLens / nmax50 / target_margin / signed_alignment_ndcg,10,LOO,Random control,62,0.562458908252,9.99900009999e-05,0,10000,0.000999900009999,0.000999900009999
per-metric family,MovieLens / nmax50 / target_margin / signed_alignment_ndcg,10,Greedy seq. del.,Random control,62,0.208327570976,9.99900009999e-05,0,10000,0.000999900009999,0.000999900009999
per-metric family,MovieLens / nmax50 / target_margin / top1_precision,10,MC Shapley,LIME,250,-0.0888,9.99900009999e-05,0,10000,0.000999900009999,0.000999900009999
per-metric family,MovieLens / nmax50 / target_margin / top1_precision,10,MC Shapley,LOO,250,-0.2544,9.99900009999e-05,0,10000,0.000999900009999,0.000999900009999
per-metric family,MovieLens / nmax50 / target_margin / top1_precision,10,MC Shapley,Greedy seq. del.,250,0.6056,9.99900009999e-05,0,10000,0.000999900009999,0.000999900009999
per-metric family,MovieLens / nmax50 / target_margin / top1_precision,10,MC Shapley,Random control,250,0.6528,9.99900009999e-05,0,10000,0.000999900009999,0.000999900009999
per-metric family,MovieLens / nmax50 / target_margin / top1_precision,10,LIME,LOO,250,-0.1656,9.99900009999e-05,0,10000,0.000999900009999,0.000999900009999
per-metric family,MovieLens / nmax50 / target_margin / top1_precision,10,LIME,Greedy seq. del.,250,0.6944,9.99900009999e-05,0,10000,0.000999900009999,0.000999900009999
per-metric family,MovieLens / nmax50 / target_margin / top1_precision,10,LIME,Random control,250,0.7416,9.99900009999e-05,0,10000,0.000999900009999,0.000999900009999
per-metric family,MovieLens / nmax50 / target_margin / top1_precision,10,LOO,Greedy seq. del.,250,0.86,9.99900009999e-05,0,10000,0.000999900009999,0.000999900009999
per-metric family,MovieLens / nmax50 / target_margin / top1_precision,10,LOO,Random control,250,0.9072,9.99900009999e-05,0,10000,0.000999900009999,0.000999900009999
per-metric family,MovieLens / nmax50 / target_margin / top1_precision,10,Greedy seq. del.,Random control,250,0.0472,0.014398560144,143,10000,0.014398560144,0.014398560144
per-metric family,MovieLens / nmax50 / target_margin / top3_precision,10,MC Shapley,LIME,250,-0.092,9.99900009999e-05,0,10000,0.000999900009999,0.000999900009999
per-metric family,MovieLens / nmax50 / target_margin / top3_precision,10,MC Shapley,LOO,250,-0.186666666667,9.99900009999e-05,0,10000,0.000999900009999,0.000999900009999
per-metric family,MovieLens / nmax50 / target_margin / top3_precision,10,MC Shapley,Greedy seq. del.,250,0.561333333333,9.99900009999e-05,0,10000,0.000999900009999,0.000999900009999
per-metric family,MovieLens / nmax50 / target_margin / top3_precision,10,MC Shapley,Random control,250,0.688266666667,9.99900009999e-05,0,10000,0.000999900009999,0.000999900009999
per-metric family,MovieLens / nmax50 / target_margin / top3_precision,10,LIME,LOO,250,-0.0946666666667,9.99900009999e-05,0,10000,0.000999900009999,0.000999900009999
per-metric family,MovieLens / nmax50 / target_margin / top3_precision,10,LIME,Greedy seq. del.,250,0.653333333333,9.99900009999e-05,0,10000,0.000999900009999,0.000999900009999
per-metric family,MovieLens / nmax50 / target_margin / top3_precision,10,LIME,Random control,250,0.780266666667,9.99900009999e-05,0,10000,0.000999900009999,0.000999900009999
per-metric family,MovieLens / nmax50 / target_margin / top3_precision,10,LOO,Greedy seq. del.,250,0.748,9.99900009999e-05,0,10000,0.000999900009999,0.000999900009999
per-metric family,MovieLens / nmax50 / target_margin / top3_precision,10,LOO,Random control,250,0.874933333333,9.99900009999e-05,0,10000,0.000999900009999,0.000999900009999
per-metric family,MovieLens / nmax50 / target_margin / top3_precision,10,Greedy seq. del.,Random control,250,0.126933333333,9.99900009999e-05,0,10000,0.000999900009999,0.000999900009999
per-metric family,MovieLens / nmax50 / target_margin / top5_precision,10,MC Shapley,LIME,250,-0.0677866666667,9.99900009999e-05,0,10000,0.000999900009999,0.000999900009999
per-metric family,MovieLens / nmax50 / target_margin / top5_precision,10,MC Shapley,LOO,250,-0.130186666667,9.99900009999e-05,0,10000,0.000999900009999,0.000999900009999
per-metric family,MovieLens / nmax50 / target_margin / top5_precision,10,MC Shapley,Greedy seq. del.,250,0.539413333333,9.99900009999e-05,0,10000,0.000999900009999,0.000999900009999
per-metric family,MovieLens / nmax50 / target_margin / top5_precision,10,MC Shapley,Random control,250,0.674346666667,9.99900009999e-05,0,10000,0.000999900009999,0.000999900009999
per-metric family,MovieLens / nmax50 / target_margin / top5_precision,10,LIME,LOO,250,-0.0624,9.99900009999e-05,0,10000,0.000999900009999,0.000999900009999
per-metric family,MovieLens / nmax50 / target_margin / top5_precision,10,LIME,Greedy seq. del.,250,0.6072,9.99900009999e-05,0,10000,0.000999900009999,0.000999900009999
per-metric family,MovieLens / nmax50 / target_margin / top5_precision,10,LIME,Random control,250,0.742133333333,9.99900009999e-05,0,10000,0.000999900009999,0.000999900009999
per-metric family,MovieLens / nmax50 / target_margin / top5_precision,10,LOO,Greedy seq. del.,250,0.6696,9.99900009999e-05,0,10000,0.000999900009999,0.000999900009999
per-metric family,MovieLens / nmax50 / target_margin / top5_precision,10,LOO,Random control,250,0.804533333333,9.99900009999e-05,0,10000,0.000999900009999,0.000999900009999
per-metric family,MovieLens / nmax50 / target_margin / top5_precision,10,Greedy seq. del.,Random control,250,0.134933333333,9.99900009999e-05,0,10000,0.000999900009999,0.000999900009999
per-metric family,MovieLens / rho025 / target_margin / abstention,10,MC Shapley,LIME,250,-0.004,1,10000,10000,1,1
per-metric family,MovieLens / rho025 / target_margin / abstention,10,MC Shapley,LOO,250,-0.004,1,10000,10000,1,1
per-metric family,MovieLens / rho025 / target_margin / abstention,10,MC Shapley,Greedy seq. del.,250,0,1,10000,10000,1,1
per-metric family,MovieLens / rho025 / target_margin / abstention,10,MC Shapley,Random control,250,-0.0008,1,10000,10000,1,1
per-metric family,MovieLens / rho025 / target_margin / abstention,10,LIME,LOO,250,0,1,10000,10000,1,1
per-metric family,MovieLens / rho025 / target_margin / abstention,10,LIME,Greedy seq. del.,250,0.004,1,10000,10000,1,1
per-metric family,MovieLens / rho025 / target_margin / abstention,10,LIME,Random control,250,0.0032,1,10000,10000,1,1
per-metric family,MovieLens / rho025 / target_margin / abstention,10,LOO,Greedy seq. del.,250,0.004,1,10000,10000,1,1
per-metric family,MovieLens / rho025 / target_margin / abstention,10,LOO,Random control,250,0.0032,1,10000,10000,1,1
per-metric family,MovieLens / rho025 / target_margin / abstention,10,Greedy seq. del.,Random control,250,-0.0008,1,10000,10000,1,1
per-metric family,MovieLens / rho025 / target_margin / actionability_gap,10,MC Shapley,LIME,250,0.0121273684225,9.99900009999e-05,0,10000,0.000999900009999,0.000999900009999
per-metric family,MovieLens / rho025 / target_margin / actionability_gap,10,MC Shapley,LOO,250,0.0146213597058,9.99900009999e-05,0,10000,0.000999900009999,0.000999900009999
per-metric family,MovieLens / rho025 / target_margin / actionability_gap,10,MC Shapley,Greedy seq. del.,250,0.00823097184558,9.99900009999e-05,0,10000,0.000999900009999,0.000999900009999
per-metric family,MovieLens / rho025 / target_margin / actionability_gap,10,MC Shapley,Random control,250,0.00804931316095,9.99900009999e-05,0,10000,0.000999900009999,0.000999900009999
per-metric family,MovieLens / rho025 / target_margin / actionability_gap,10,LIME,LOO,250,0.0024939912833,0.003899610039,38,10000,0.011698830117,0.011698830117
per-metric family,MovieLens / rho025 / target_margin / actionability_gap,10,LIME,Greedy seq. del.,250,-0.00389639657689,0.0589941005899,589,10000,0.11798820118,0.11798820118
per-metric family,MovieLens / rho025 / target_margin / actionability_gap,10,LIME,Random control,250,-0.00407805526151,0.002199780022,21,10000,0.00879912008799,0.00879912008799
per-metric family,MovieLens / rho025 / target_margin / actionability_gap,10,LOO,Greedy seq. del.,250,-0.00639038786018,9.99900009999e-05,0,10000,0.000999900009999,0.000999900009999
per-metric family,MovieLens / rho025 / target_margin / actionability_gap,10,LOO,Random control,250,-0.00657204654481,9.99900009999e-05,0,10000,0.000999900009999,0.000999900009999
per-metric family,MovieLens / rho025 / target_margin / actionability_gap,10,Greedy seq. del.,Random control,250,-0.000181658684626,0.929807019298,9298,10000,0.929807019298,0.929807019298
per-metric family,MovieLens / rho025 / target_margin / aia,10,MC Shapley,LIME,250,-0.183407745976,9.99900009999e-05,0,10000,0.000999900009999,0.000999900009999
per-metric family,MovieLens / rho025 / target_margin / aia,10,MC Shapley,LOO,250,-0.225801276985,9.99900009999e-05,0,10000,0.000999900009999,0.000999900009999
per-metric family,MovieLens / rho025 / target_margin / aia,10,MC Shapley,Greedy seq. del.,250,0.389828692024,9.99900009999e-05,0,10000,0.000999900009999,0.000999900009999
per-metric family,MovieLens / rho025 / target_margin / aia,10,MC Shapley,Random control,250,0.771437865635,9.99900009999e-05,0,10000,0.000999900009999,0.000999900009999
per-metric family,MovieLens / rho025 / target_margin / aia,10,LIME,LOO,250,-0.0423935310095,9.99900009999e-05,0,10000,0.000999900009999,0.000999900009999
per-metric family,MovieLens / rho025 / target_margin / aia,10,LIME,Greedy seq. del.,250,0.573236438,9.99900009999e-05,0,10000,0.000999900009999,0.000999900009999
per-metric family,MovieLens / rho025 / target_margin / aia,10,LIME,Random control,250,0.954845611611,9.99900009999e-05,0,10000,0.000999900009999,0.000999900009999
per-metric family,MovieLens / rho025 / target_margin / aia,10,LOO,Greedy seq. del.,250,0.615629969009,9.99900009999e-05,0,10000,0.000999900009999,0.000999900009999
per-metric family,MovieLens / rho025 / target_margin / aia,10,LOO,Random control,250,0.99723914262,9.99900009999e-05,0,10000,0.000999900009999,0.000999900009999
per-metric family,MovieLens / rho025 / target_margin / aia,10,Greedy seq. del.,Random control,250,0.381609173611,9.99900009999e-05,0,10000,0.000999900009999,0.000999900009999
per-metric family,MovieLens / rho025 / target_margin / aia_ndcg,10,MC Shapley,LIME,99,0.000989689113788,0.943905609439,9439,10000,0.943905609439,0.943905609439
per-metric family,MovieLens / rho025 / target_margin / aia_ndcg,10,MC Shapley,LOO,99,-0.0195292014402,0.166683331667,1666,10000,0.333366663334,0.333366663334
per-metric family,MovieLens / rho025 / target_margin / aia_ndcg,10,MC Shapley,Greedy seq. del.,99,0.212668806682,9.99900009999e-05,0,10000,0.000999900009999,0.000999900009999
per-metric family,MovieLens / rho025 / target_margin / aia_ndcg,10,MC Shapley,Random control,99,0.426254830704,9.99900009999e-05,0,10000,0.000999900009999,0.000999900009999
per-metric family,MovieLens / rho025 / target_margin / aia_ndcg,10,LIME,LOO,99,-0.020518890554,9.99900009999e-05,0,10000,0.000999900009999,0.000999900009999
per-metric family,MovieLens / rho025 / target_margin / aia_ndcg,10,LIME,Greedy seq. del.,99,0.211679117568,9.99900009999e-05,0,10000,0.000999900009999,0.000999900009999
per-metric family,MovieLens / rho025 / target_margin / aia_ndcg,10,LIME,Random control,99,0.42526514159,9.99900009999e-05,0,10000,0.000999900009999,0.000999900009999
per-metric family,MovieLens / rho025 / target_margin / aia_ndcg,10,LOO,Greedy seq. del.,99,0.232198008122,9.99900009999e-05,0,10000,0.000999900009999,0.000999900009999
per-metric family,MovieLens / rho025 / target_margin / aia_ndcg,10,LOO,Random control,99,0.445784032144,9.99900009999e-05,0,10000,0.000999900009999,0.000999900009999
per-metric family,MovieLens / rho025 / target_margin / aia_ndcg,10,Greedy seq. del.,Random control,99,0.213586024022,9.99900009999e-05,0,10000,0.000999900009999,0.000999900009999
per-metric family,MovieLens / rho025 / target_margin / direction_accuracy,10,MC Shapley,LIME,250,-0.0801892138718,9.99900009999e-05,0,10000,0.000999900009999,0.000999900009999
per-metric family,MovieLens / rho025 / target_margin / direction_accuracy,10,MC Shapley,LOO,250,-0.104642498884,9.99900009999e-05,0,10000,0.000999900009999,0.000999900009999
per-metric family,MovieLens / rho025 / target_margin / direction_accuracy,10,MC Shapley,Greedy seq. del.,250,0.284277183996,9.99900009999e-05,0,10000,0.000999900009999,0.000999900009999
per-metric family,MovieLens / rho025 / target_margin / direction_accuracy,10,MC Shapley,Random control,250,0.386074963808,9.99900009999e-05,0,10000,0.000999900009999,0.000999900009999
per-metric family,MovieLens / rho025 / target_margin / direction_accuracy,10,LIME,LOO,250,-0.0244532850122,9.99900009999e-05,0,10000,0.000999900009999,0.000999900009999
per-metric family,MovieLens / rho025 / target_margin / direction_accuracy,10,LIME,Greedy seq. del.,250,0.364466397868,9.99900009999e-05,0,10000,0.000999900009999,0.000999900009999
per-metric family,MovieLens / rho025 / target_margin / direction_accuracy,10,LIME,Random control,250,0.46626417768,9.99900009999e-05,0,10000,0.000999900009999,0.000999900009999
per-metric family,MovieLens / rho025 / target_margin / direction_accuracy,10,LOO,Greedy seq. del.,250,0.38891968288,9.99900009999e-05,0,10000,0.000999900009999,0.000999900009999
per-metric family,MovieLens / rho025 / target_margin / direction_accuracy,10,LOO,Random control,250,0.490717462692,9.99900009999e-05,0,10000,0.000999900009999,0.000999900009999
per-metric family,MovieLens / rho025 / target_margin / direction_accuracy,10,Greedy seq. del.,Random control,250,0.101797779812,9.99900009999e-05,0,10000,0.000999900009999,0.000999900009999
per-metric family,MovieLens / rho025 / target_margin / direction_accuracy_ndcg,10,MC Shapley,LIME,99,-0.00200096200096,0.712928707129,7129,10000,1,1
per-metric family,MovieLens / rho025 / target_margin / direction_accuracy_ndcg,10,MC Shapley,LOO,99,-0.00371332371332,0.522247775222,5222,10000,1,1
per-metric family,MovieLens / rho025 / target_margin / direction_accuracy_ndcg,10,MC Shapley,Greedy seq. del.,99,0.215199133078,9.99900009999e-05,0,10000,0.000999900009999,0.000999900009999
per-metric family,MovieLens / rho025 / target_margin / direction_accuracy_ndcg,10,MC Shapley,Random control,99,0.46852120943,9.99900009999e-05,0,10000,0.000999900009999,0.000999900009999
per-metric family,MovieLens / rho025 / target_margin / direction_accuracy_ndcg,10,LIME,LOO,99,-0.00171236171236,0.645135486451,6451,10000,1,1
per-metric family,MovieLens / rho025 / target_margin / direction_accuracy_ndcg,10,LIME,Greedy seq. del.,99,0.217200095079,9.99900009999e-05,0,10000,0.000999900009999,0.000999900009999
per-metric family,MovieLens / rho025 / target_margin / direction_accuracy_ndcg,10,LIME,Random control,99,0.470522171431,9.99900009999e-05,0,10000,0.000999900009999,0.000999900009999
per-metric family,MovieLens / rho025 / target_margin / direction_accuracy_ndcg,10,LOO,Greedy seq. del.,99,0.218912456791,9.99900009999e-05,0,10000,0.000999900009999,0.000999900009999
per-metric family,MovieLens / rho025 / target_margin / direction_accuracy_ndcg,10,LOO,Random control,99,0.472234533144,9.99900009999e-05,0,10000,0.000999900009999,0.000999900009999
per-metric family,MovieLens / rho025 / target_margin / direction_accuracy_ndcg,10,Greedy seq. del.,Random control,99,0.253322076352,9.99900009999e-05,0,10000,0.000999900009999,0.000999900009999
per-metric family,MovieLens / rho025 / target_margin / faithfulness_alignment,10,MC Shapley,LIME,250,-0.195535114398,9.99900009999e-05,0,10000,0.000999900009999,0.000999900009999
per-metric family,MovieLens / rho025 / target_margin / faithfulness_alignment,10,MC Shapley,LOO,250,-0.240422636691,9.99900009999e-05,0,10000,0.000999900009999,0.000999900009999
per-metric family,MovieLens / rho025 / target_margin / faithfulness_alignment,10,MC Shapley,Greedy seq. del.,250,0.381597720179,9.99900009999e-05,0,10000,0.000999900009999,0.000999900009999
per-metric family,MovieLens / rho025 / target_margin / faithfulness_alignment,10,MC Shapley,Random control,250,0.763388552474,9.99900009999e-05,0,10000,0.000999900009999,0.000999900009999
per-metric family,MovieLens / rho025 / target_margin / faithfulness_alignment,10,LIME,LOO,250,-0.0448875222928,9.99900009999e-05,0,10000,0.000999900009999,0.000999900009999
per-metric family,MovieLens / rho025 / target_margin / faithfulness_alignment,10,LIME,Greedy seq. del.,250,0.577132834577,9.99900009999e-05,0,10000,0.000999900009999,0.000999900009999
per-metric family,MovieLens / rho025 / target_margin / faithfulness_alignment,10,LIME,Random control,250,0.958923666872,9.99900009999e-05,0,10000,0.000999900009999,0.000999900009999
per-metric family,MovieLens / rho025 / target_margin / faithfulness_alignment,10,LOO,Greedy seq. del.,250,0.62202035687,9.99900009999e-05,0,10000,0.000999900009999,0.000999900009999
per-metric family,MovieLens / rho025 / target_margin / faithfulness_alignment,10,LOO,Random control,250,1.00381118917,9.99900009999e-05,0,10000,0.000999900009999,0.000999900009999
per-metric family,MovieLens / rho025 / target_margin / faithfulness_alignment,10,Greedy seq. del.,Random control,250,0.381790832295,9.99900009999e-05,0,10000,0.000999900009999,0.000999900009999
per-metric family,MovieLens / rho025 / target_margin / intervention_success,10,MC Shapley,LIME,250,0.004,1,10000,10000,1,1
per-metric family,MovieLens / rho025 / target_margin / intervention_success,10,MC Shapley,LOO,250,0.004,1,10000,10000,1,1
per-metric family,MovieLens / rho025 / target_margin / intervention_success,10,MC Shapley,Greedy seq. del.,250,0.5,9.99900009999e-05,0,10000,0.000999900009999,0.000999900009999
per-metric family,MovieLens / rho025 / target_margin / intervention_success,10,MC Shapley,Random control,250,0.5312,9.99900009999e-05,0,10000,0.000999900009999,0.000999900009999
per-metric family,MovieLens / rho025 / target_margin / intervention_success,10,LIME,LOO,250,0,1,10000,10000,1,1
per-metric family,MovieLens / rho025 / target_margin / intervention_success,10,LIME,Greedy seq. del.,250,0.496,9.99900009999e-05,0,10000,0.000999900009999,0.000999900009999
per-metric family,MovieLens / rho025 / target_margin / intervention_success,10,LIME,Random control,250,0.5272,9.99900009999e-05,0,10000,0.000999900009999,0.000999900009999
per-metric family,MovieLens / rho025 / target_margin / intervention_success,10,LOO,Greedy seq. del.,250,0.496,9.99900009999e-05,0,10000,0.000999900009999,0.000999900009999
per-metric family,MovieLens / rho025 / target_margin / intervention_success,10,LOO,Random control,250,0.5272,9.99900009999e-05,0,10000,0.000999900009999,0.000999900009999
per-metric family,MovieLens / rho025 / target_margin / intervention_success,10,Greedy seq. del.,Random control,250,0.0312,0.398460153985,3984,10000,1,1
per-metric family,MovieLens / rho025 / target_margin / intervention_success_ndcg,10,MC Shapley,LIME,250,0.0008,1,10000,10000,1,1
per-metric family,MovieLens / rho025 / target_margin / intervention_success_ndcg,10,MC Shapley,LOO,250,-0.0016,1,10000,10000,1,1
per-metric family,MovieLens / rho025 / target_margin / intervention_success_ndcg,10,MC Shapley,Greedy seq. del.,250,0.2144,9.99900009999e-05,0,10000,0.000999900009999,0.000999900009999
per-metric family,MovieLens / rho025 / target_margin / intervention_success_ndcg,10,MC Shapley,Random control,250,0.264,9.99900009999e-05,0,10000,0.000999900009999,0.000999900009999
per-metric family,MovieLens / rho025 / target_margin / intervention_success_ndcg,10,LIME,LOO,250,-0.0024,1,10000,10000,1,1
per-metric family,MovieLens / rho025 / target_margin / intervention_success_ndcg,10,LIME,Greedy seq. del.,250,0.2136,9.99900009999e-05,0,10000,0.000999900009999,0.000999900009999
per-metric family,MovieLens / rho025 / target_margin / intervention_success_ndcg,10,LIME,Random control,250,0.2632,9.99900009999e-05,0,10000,0.000999900009999,0.000999900009999
per-metric family,MovieLens / rho025 / target_margin / intervention_success_ndcg,10,LOO,Greedy seq. del.,250,0.216,9.99900009999e-05,0,10000,0.000999900009999,0.000999900009999
per-metric family,MovieLens / rho025 / target_margin / intervention_success_ndcg,10,LOO,Random control,250,0.2656,9.99900009999e-05,0,10000,0.000999900009999,0.000999900009999
per-metric family,MovieLens / rho025 / target_margin / intervention_success_ndcg,10,Greedy seq. del.,Random control,250,0.0496,0.01699830017,169,10000,0.0679932006799,0.0679932006799
per-metric family,MovieLens / rho025 / target_margin / joint_effect_ndcg,10,MC Shapley,LIME,250,-0.000739748262282,0.684331566843,6843,10000,1,1
per-metric family,MovieLens / rho025 / target_margin / joint_effect_ndcg,10,MC Shapley,LOO,250,-0.00103532889274,0.583141685831,5831,10000,1,1
per-metric family,MovieLens / rho025 / target_margin / joint_effect_ndcg,10,MC Shapley,Greedy seq. del.,250,0.058361705302,9.99900009999e-05,0,10000,0.000999900009999,0.000999900009999
per-metric family,MovieLens / rho025 / target_margin / joint_effect_ndcg,10,MC Shapley,Random control,250,0.0641419026643,9.99900009999e-05,0,10000,0.000999900009999,0.000999900009999
per-metric family,MovieLens / rho025 / target_margin / joint_effect_ndcg,10,LIME,LOO,250,-0.000295580630461,0.583941605839,5839,10000,1,1
per-metric family,MovieLens / rho025 / target_margin / joint_effect_ndcg,10,LIME,Greedy seq. del.,250,0.0591014535642,9.99900009999e-05,0,10000,0.000999900009999,0.000999900009999
per-metric family,MovieLens / rho025 / target_margin / joint_effect_ndcg,10,LIME,Random control,250,0.0648816509266,9.99900009999e-05,0,10000,0.000999900009999,0.000999900009999
per-metric family,MovieLens / rho025 / target_margin / joint_effect_ndcg,10,LOO,Greedy seq. del.,250,0.0593970341947,9.99900009999e-05,0,10000,0.000999900009999,0.000999900009999
per-metric family,MovieLens / rho025 / target_margin / joint_effect_ndcg,10,LOO,Random control,250,0.0651772315571,9.99900009999e-05,0,10000,0.000999900009999,0.000999900009999
per-metric family,MovieLens / rho025 / target_margin / joint_effect_ndcg,10,Greedy seq. del.,Random control,250,0.00578019736239,0.353364663534,3533,10000,1,1
per-metric family,MovieLens / rho025 / target_margin / joint_effect_primary,10,MC Shapley,LIME,250,-6.99941906066e-05,9.99900009999e-05,0,10000,0.000999900009999,0.000999900009999
per-metric family,MovieLens / rho025 / target_margin / joint_effect_primary,10,MC Shapley,LOO,250,-7.89705118367e-05,0.000299970003,2,10000,0.000999900009999,0.000999900009999
per-metric family,MovieLens / rho025 / target_margin / joint_effect_primary,10,MC Shapley,Greedy seq. del.,250,0.00320136125745,9.99900009999e-05,0,10000,0.000999900009999,0.000999900009999
per-metric family,MovieLens / rho025 / target_margin / joint_effect_primary,10,MC Shapley,Random control,250,0.00368081226042,9.99900009999e-05,0,10000,0.000999900009999,0.000999900009999
per-metric family,MovieLens / rho025 / target_margin / joint_effect_primary,10,LIME,LOO,250,-8.97632123009e-06,0.00909909009099,90,10000,0.00909909009099,0.00909909009099
per-metric family,MovieLens / rho025 / target_margin / joint_effect_primary,10,LIME,Greedy seq. del.,250,0.00327135544806,9.99900009999e-05,0,10000,0.000999900009999,0.000999900009999
per-metric family,MovieLens / rho025 / target_margin / joint_effect_primary,10,LIME,Random control,250,0.00375080645103,9.99900009999e-05,0,10000,0.000999900009999,0.000999900009999
per-metric family,MovieLens / rho025 / target_margin / joint_effect_primary,10,LOO,Greedy seq. del.,250,0.00328033176929,9.99900009999e-05,0,10000,0.000999900009999,0.000999900009999
per-metric family,MovieLens / rho025 / target_margin / joint_effect_primary,10,LOO,Random control,250,0.00375978277226,9.99900009999e-05,0,10000,0.000999900009999,0.000999900009999
per-metric family,MovieLens / rho025 / target_margin / joint_effect_primary,10,Greedy seq. del.,Random control,250,0.000479451002967,0.003499650035,34,10000,0.00699930006999,0.00699930006999
per-metric family,MovieLens / rho025 / target_margin / joint_effect_target_margin,10,MC Shapley,LIME,250,-6.99941906066e-05,9.99900009999e-05,0,10000,0.000999900009999,0.000999900009999
per-metric family,MovieLens / rho025 / target_margin / joint_effect_target_margin,10,MC Shapley,LOO,250,-7.89705118367e-05,9.99900009999e-05,0,10000,0.000999900009999,0.000999900009999
per-metric family,MovieLens / rho025 / target_margin / joint_effect_target_margin,10,MC Shapley,Greedy seq. del.,250,0.00320136125745,9.99900009999e-05,0,10000,0.000999900009999,0.000999900009999
per-metric family,MovieLens / rho025 / target_margin / joint_effect_target_margin,10,MC Shapley,Random control,250,0.00368081226042,9.99900009999e-05,0,10000,0.000999900009999,0.000999900009999
per-metric family,MovieLens / rho025 / target_margin / joint_effect_target_margin,10,LIME,LOO,250,-8.97632123009e-06,0.00799920007999,79,10000,0.00799920007999,0.00799920007999
per-metric family,MovieLens / rho025 / target_margin / joint_effect_target_margin,10,LIME,Greedy seq. del.,250,0.00327135544806,9.99900009999e-05,0,10000,0.000999900009999,0.000999900009999
per-metric family,MovieLens / rho025 / target_margin / joint_effect_target_margin,10,LIME,Random control,250,0.00375080645103,9.99900009999e-05,0,10000,0.000999900009999,0.000999900009999
per-metric family,MovieLens / rho025 / target_margin / joint_effect_target_margin,10,LOO,Greedy seq. del.,250,0.00328033176929,9.99900009999e-05,0,10000,0.000999900009999,0.000999900009999
per-metric family,MovieLens / rho025 / target_margin / joint_effect_target_margin,10,LOO,Random control,250,0.00375978277226,9.99900009999e-05,0,10000,0.000999900009999,0.000999900009999
per-metric family,MovieLens / rho025 / target_margin / joint_effect_target_margin,10,Greedy seq. del.,Random control,250,0.000479451002967,0.003699630037,36,10000,0.00739926007399,0.00739926007399
per-metric family,MovieLens / rho025 / target_margin / joint_regret_ndcg,10,MC Shapley,LIME,250,0.000739748262282,0.689731026897,6897,10000,1,1
per-metric family,MovieLens / rho025 / target_margin / joint_regret_ndcg,10,MC Shapley,LOO,250,0.00103532889274,0.58704129587,5870,10000,1,1
per-metric family,MovieLens / rho025 / target_margin / joint_regret_ndcg,10,MC Shapley,Greedy seq. del.,250,-0.058361705302,9.99900009999e-05,0,10000,0.000999900009999,0.000999900009999
per-metric family,MovieLens / rho025 / target_margin / joint_regret_ndcg,10,MC Shapley,Random control,250,-0.0641419026643,9.99900009999e-05,0,10000,0.000999900009999,0.000999900009999
per-metric family,MovieLens / rho025 / target_margin / joint_regret_ndcg,10,LIME,LOO,250,0.000295580630461,0.575242475752,5752,10000,1,1
per-metric family,MovieLens / rho025 / target_margin / joint_regret_ndcg,10,LIME,Greedy seq. del.,250,-0.0591014535642,9.99900009999e-05,0,10000,0.000999900009999,0.000999900009999
per-metric family,MovieLens / rho025 / target_margin / joint_regret_ndcg,10,LIME,Random control,250,-0.0648816509266,9.99900009999e-05,0,10000,0.000999900009999,0.000999900009999
per-metric family,MovieLens / rho025 / target_margin / joint_regret_ndcg,10,LOO,Greedy seq. del.,250,-0.0593970341947,9.99900009999e-05,0,10000,0.000999900009999,0.000999900009999
per-metric family,MovieLens / rho025 / target_margin / joint_regret_ndcg,10,LOO,Random control,250,-0.0651772315571,9.99900009999e-05,0,10000,0.000999900009999,0.000999900009999
per-metric family,MovieLens / rho025 / target_margin / joint_regret_ndcg,10,Greedy seq. del.,Random control,250,-0.00578019736239,0.344065593441,3440,10000,1,1
per-metric family,MovieLens / rho025 / target_margin / joint_regret_primary,10,MC Shapley,LIME,250,6.99941906066e-05,0.000199980002,1,10000,0.000999900009999,0.000999900009999
per-metric family,MovieLens / rho025 / target_margin / joint_regret_primary,10,MC Shapley,LOO,250,7.89705118367e-05,9.99900009999e-05,0,10000,0.000999900009999,0.000999900009999
per-metric family,MovieLens / rho025 / target_margin / joint_regret_primary,10,MC Shapley,Greedy seq. del.,250,-0.00320136125745,9.99900009999e-05,0,10000,0.000999900009999,0.000999900009999
per-metric family,MovieLens / rho025 / target_margin / joint_regret_primary,10,MC Shapley,Random control,250,-0.00368081226042,9.99900009999e-05,0,10000,0.000999900009999,0.000999900009999
per-metric family,MovieLens / rho025 / target_margin / joint_regret_primary,10,LIME,LOO,250,8.97632123009e-06,0.00749925007499,74,10000,0.00749925007499,0.00749925007499
per-metric family,MovieLens / rho025 / target_margin / joint_regret_primary,10,LIME,Greedy seq. del.,250,-0.00327135544806,9.99900009999e-05,0,10000,0.000999900009999,0.000999900009999
per-metric family,MovieLens / rho025 / target_margin / joint_regret_primary,10,LIME,Random control,250,-0.00375080645103,9.99900009999e-05,0,10000,0.000999900009999,0.000999900009999
per-metric family,MovieLens / rho025 / target_margin / joint_regret_primary,10,LOO,Greedy seq. del.,250,-0.00328033176929,9.99900009999e-05,0,10000,0.000999900009999,0.000999900009999
per-metric family,MovieLens / rho025 / target_margin / joint_regret_primary,10,LOO,Random control,250,-0.00375978277226,9.99900009999e-05,0,10000,0.000999900009999,0.000999900009999
per-metric family,MovieLens / rho025 / target_margin / joint_regret_primary,10,Greedy seq. del.,Random control,250,-0.000479451002967,0.003199680032,31,10000,0.00639936006399,0.00639936006399
per-metric family,MovieLens / rho025 / target_margin / normalized_regret_ndcg,10,MC Shapley,LIME,98,0.0126283798597,0.447255274473,4472,10000,0.771922807719,0.771922807719
per-metric family,MovieLens / rho025 / target_margin / normalized_regret_ndcg,10,MC Shapley,LOO,98,0.0250332969571,0.194380561944,1943,10000,0.771922807719,0.771922807719
per-metric family,MovieLens / rho025 / target_margin / normalized_regret_ndcg,10,MC Shapley,Greedy seq. del.,98,-0.829585354408,9.99900009999e-05,0,10000,0.000999900009999,0.000999900009999
per-metric family,MovieLens / rho025 / target_margin / normalized_regret_ndcg,10,MC Shapley,Random control,98,-1.08965810443,9.99900009999e-05,0,10000,0.000999900009999,0.000999900009999
per-metric family,MovieLens / rho025 / target_margin / normalized_regret_ndcg,10,LIME,LOO,98,0.0124049170973,0.220677932207,2206,10000,0.771922807719,0.771922807719
per-metric family,MovieLens / rho025 / target_margin / normalized_regret_ndcg,10,LIME,Greedy seq. del.,98,-0.842213734268,9.99900009999e-05,0,10000,0.000999900009999,0.000999900009999
per-metric family,MovieLens / rho025 / target_margin / normalized_regret_ndcg,10,LIME,Random control,98,-1.10228648429,9.99900009999e-05,0,10000,0.000999900009999,0.000999900009999
per-metric family,MovieLens / rho025 / target_margin / normalized_regret_ndcg,10,LOO,Greedy seq. del.,98,-0.854618651365,9.99900009999e-05,0,10000,0.000999900009999,0.000999900009999
per-metric family,MovieLens / rho025 / target_margin / normalized_regret_ndcg,10,LOO,Random control,98,-1.11469140139,9.99900009999e-05,0,10000,0.000999900009999,0.000999900009999
per-metric family,MovieLens / rho025 / target_margin / normalized_regret_ndcg,10,Greedy seq. del.,Random control,98,-0.26007275002,0.19298070193,1929,10000,0.771922807719,0.771922807719
per-metric family,MovieLens / rho025 / target_margin / normalized_regret_primary,10,MC Shapley,LIME,250,0.0306107354695,9.99900009999e-05,0,10000,0.000999900009999,0.000999900009999
per-metric family,MovieLens / rho025 / target_margin / normalized_regret_primary,10,MC Shapley,LOO,250,0.0330527628047,9.99900009999e-05,0,10000,0.000999900009999,0.000999900009999
per-metric family,MovieLens / rho025 / target_margin / normalized_regret_primary,10,MC Shapley,Greedy seq. del.,250,-0.961571121857,9.99900009999e-05,0,10000,0.000999900009999,0.000999900009999
per-metric family,MovieLens / rho025 / target_margin / normalized_regret_primary,10,MC Shapley,Random control,250,-1.01579017628,9.99900009999e-05,0,10000,0.000999900009999,0.000999900009999
per-metric family,MovieLens / rho025 / target_margin / normalized_regret_primary,10,LIME,LOO,250,0.00244202733518,0.137786221378,1377,10000,0.275572442756,0.275572442756
per-metric family,MovieLens / rho025 / target_margin / normalized_regret_primary,10,LIME,Greedy seq. del.,250,-0.992181857326,9.99900009999e-05,0,10000,0.000999900009999,0.000999900009999
per-metric family,MovieLens / rho025 / target_margin / normalized_regret_primary,10,LIME,Random control,250,-1.04640091175,9.99900009999e-05,0,10000,0.000999900009999,0.000999900009999
per-metric family,MovieLens / rho025 / target_margin / normalized_regret_primary,10,LOO,Greedy seq. del.,250,-0.994623884661,9.99900009999e-05,0,10000,0.000999900009999,0.000999900009999
per-metric family,MovieLens / rho025 / target_margin / normalized_regret_primary,10,LOO,Random control,250,-1.04884293908,9.99900009999e-05,0,10000,0.000999900009999,0.000999900009999
per-metric family,MovieLens / rho025 / target_margin / normalized_regret_primary,10,Greedy seq. del.,Random control,250,-0.0542190544217,0.175482451755,1754,10000,0.275572442756,0.275572442756
per-metric family,MovieLens / rho025 / target_margin / signed_alignment,10,MC Shapley,LIME,250,-0.0431419501047,9.99900009999e-05,0,10000,0.000999900009999,0.000999900009999
per-metric family,MovieLens / rho025 / target_margin / signed_alignment,10,MC Shapley,LOO,250,-0.0619483981886,9.99900009999e-05,0,10000,0.000999900009999,0.000999900009999
per-metric family,MovieLens / rho025 / target_margin / signed_alignment,10,MC Shapley,Greedy seq. del.,250,0.580646483312,9.99900009999e-05,0,10000,0.000999900009999,0.000999900009999
per-metric family,MovieLens / rho025 / target_margin / signed_alignment,10,MC Shapley,Random control,250,0.93493600246,9.99900009999e-05,0,10000,0.000999900009999,0.000999900009999
per-metric family,MovieLens / rho025 / target_margin / signed_alignment,10,LIME,LOO,250,-0.018806448084,9.99900009999e-05,0,10000,0.000999900009999,0.000999900009999
per-metric family,MovieLens / rho025 / target_margin / signed_alignment,10,LIME,Greedy seq. del.,250,0.623788433417,9.99900009999e-05,0,10000,0.000999900009999,0.000999900009999
per-metric family,MovieLens / rho025 / target_margin / signed_alignment,10,LIME,Random control,250,0.978077952564,9.99900009999e-05,0,10000,0.000999900009999,0.000999900009999
per-metric family,MovieLens / rho025 / target_margin / signed_alignment,10,LOO,Greedy seq. del.,250,0.642594881501,9.99900009999e-05,0,10000,0.000999900009999,0.000999900009999
per-metric family,MovieLens / rho025 / target_margin / signed_alignment,10,LOO,Random control,250,0.996884400648,9.99900009999e-05,0,10000,0.000999900009999,0.000999900009999
per-metric family,MovieLens / rho025 / target_margin / signed_alignment,10,Greedy seq. del.,Random control,250,0.354289519148,9.99900009999e-05,0,10000,0.000999900009999,0.000999900009999
per-metric family,MovieLens / rho025 / target_margin / signed_alignment_ndcg,10,MC Shapley,LIME,99,-0.00772450433955,0.0655934406559,655,10000,0.0655934406559,0.0655934406559
per-metric family,MovieLens / rho025 / target_margin / signed_alignment_ndcg,10,MC Shapley,LOO,99,-0.0151045298714,0.002499750025,24,10000,0.00499950004999,0.00499950004999
per-metric family,MovieLens / rho025 / target_margin / signed_alignment_ndcg,10,MC Shapley,Greedy seq. del.,99,0.319034933588,9.99900009999e-05,0,10000,0.000999900009999,0.000999900009999
per-metric family,MovieLens / rho025 / target_margin / signed_alignment_ndcg,10,MC Shapley,Random control,99,0.640836216883,9.99900009999e-05,0,10000,0.000999900009999,0.000999900009999
per-metric family,MovieLens / rho025 / target_margin / signed_alignment_ndcg,10,LIME,LOO,99,-0.00738002553187,0.001399860014,13,10000,0.004199580042,0.004199580042
per-metric family,MovieLens / rho025 / target_margin / signed_alignment_ndcg,10,LIME,Greedy seq. del.,99,0.326759437928,9.99900009999e-05,0,10000,0.000999900009999,0.000999900009999
per-metric family,MovieLens / rho025 / target_margin / signed_alignment_ndcg,10,LIME,Random control,99,0.648560721222,9.99900009999e-05,0,10000,0.000999900009999,0.000999900009999
per-metric family,MovieLens / rho025 / target_margin / signed_alignment_ndcg,10,LOO,Greedy seq. del.,99,0.33413946346,9.99900009999e-05,0,10000,0.000999900009999,0.000999900009999
per-metric family,MovieLens / rho025 / target_margin / signed_alignment_ndcg,10,LOO,Random control,99,0.655940746754,9.99900009999e-05,0,10000,0.000999900009999,0.000999900009999
per-metric family,MovieLens / rho025 / target_margin / signed_alignment_ndcg,10,Greedy seq. del.,Random control,99,0.321801283295,9.99900009999e-05,0,10000,0.000999900009999,0.000999900009999
per-metric family,MovieLens / rho025 / target_margin / top1_precision,10,MC Shapley,LIME,250,-0.1328,9.99900009999e-05,0,10000,0.000999900009999,0.000999900009999
per-metric family,MovieLens / rho025 / target_margin / top1_precision,10,MC Shapley,LOO,250,-0.2136,9.99900009999e-05,0,10000,0.000999900009999,0.000999900009999
per-metric family,MovieLens / rho025 / target_margin / top1_precision,10,MC Shapley,Greedy seq. del.,250,0.6064,9.99900009999e-05,0,10000,0.000999900009999,0.000999900009999
per-metric family,MovieLens / rho025 / target_margin / top1_precision,10,MC Shapley,Random control,250,0.6824,9.99900009999e-05,0,10000,0.000999900009999,0.000999900009999
per-metric family,MovieLens / rho025 / target_margin / top1_precision,10,LIME,LOO,250,-0.0808,9.99900009999e-05,0,10000,0.000999900009999,0.000999900009999
per-metric family,MovieLens / rho025 / target_margin / top1_precision,10,LIME,Greedy seq. del.,250,0.7392,9.99900009999e-05,0,10000,0.000999900009999,0.000999900009999
per-metric family,MovieLens / rho025 / target_margin / top1_precision,10,LIME,Random control,250,0.8152,9.99900009999e-05,0,10000,0.000999900009999,0.000999900009999
per-metric family,MovieLens / rho025 / target_margin / top1_precision,10,LOO,Greedy seq. del.,250,0.82,9.99900009999e-05,0,10000,0.000999900009999,0.000999900009999
per-metric family,MovieLens / rho025 / target_margin / top1_precision,10,LOO,Random control,250,0.896,9.99900009999e-05,0,10000,0.000999900009999,0.000999900009999
per-metric family,MovieLens / rho025 / target_margin / top1_precision,10,Greedy seq. del.,Random control,250,0.076,0.001699830017,16,10000,0.001699830017,0.001699830017
per-metric family,MovieLens / rho025 / target_margin / top3_precision,10,MC Shapley,LIME,250,-0.105066666667,9.99900009999e-05,0,10000,0.000999900009999,0.000999900009999
per-metric family,MovieLens / rho025 / target_margin / top3_precision,10,MC Shapley,LOO,250,-0.174666666667,9.99900009999e-05,0,10000,0.000999900009999,0.000999900009999
per-metric family,MovieLens / rho025 / target_margin / top3_precision,10,MC Shapley,Greedy seq. del.,250,0.5,9.99900009999e-05,0,10000,0.000999900009999,0.000999900009999
per-metric family,MovieLens / rho025 / target_margin / top3_precision,10,MC Shapley,Random control,250,0.650666666667,9.99900009999e-05,0,10000,0.000999900009999,0.000999900009999
per-metric family,MovieLens / rho025 / target_margin / top3_precision,10,LIME,LOO,250,-0.0696,9.99900009999e-05,0,10000,0.000999900009999,0.000999900009999
per-metric family,MovieLens / rho025 / target_margin / top3_precision,10,LIME,Greedy seq. del.,250,0.605066666667,9.99900009999e-05,0,10000,0.000999900009999,0.000999900009999
per-metric family,MovieLens / rho025 / target_margin / top3_precision,10,LIME,Random control,250,0.755733333333,9.99900009999e-05,0,10000,0.000999900009999,0.000999900009999
per-metric family,MovieLens / rho025 / target_margin / top3_precision,10,LOO,Greedy seq. del.,250,0.674666666667,9.99900009999e-05,0,10000,0.000999900009999,0.000999900009999
per-metric family,MovieLens / rho025 / target_margin / top3_precision,10,LOO,Random control,250,0.825333333333,9.99900009999e-05,0,10000,0.000999900009999,0.000999900009999
per-metric family,MovieLens / rho025 / target_margin / top3_precision,10,Greedy seq. del.,Random control,250,0.150666666667,9.99900009999e-05,0,10000,0.000999900009999,0.000999900009999
per-metric family,MovieLens / rho025 / target_margin / top5_precision,10,MC Shapley,LIME,250,-0.0693866666667,9.99900009999e-05,0,10000,0.000999900009999,0.000999900009999
per-metric family,MovieLens / rho025 / target_margin / top5_precision,10,MC Shapley,LOO,250,-0.127466666667,9.99900009999e-05,0,10000,0.000999900009999,0.000999900009999
per-metric family,MovieLens / rho025 / target_margin / top5_precision,10,MC Shapley,Greedy seq. del.,250,0.432533333333,9.99900009999e-05,0,10000,0.000999900009999,0.000999900009999
per-metric family,MovieLens / rho025 / target_margin / top5_precision,10,MC Shapley,Random control,250,0.575786666667,9.99900009999e-05,0,10000,0.000999900009999,0.000999900009999
per-metric family,MovieLens / rho025 / target_margin / top5_precision,10,LIME,LOO,250,-0.05808,9.99900009999e-05,0,10000,0.000999900009999,0.000999900009999
per-metric family,MovieLens / rho025 / target_margin / top5_precision,10,LIME,Greedy seq. del.,250,0.50192,9.99900009999e-05,0,10000,0.000999900009999,0.000999900009999
per-metric family,MovieLens / rho025 / target_margin / top5_precision,10,LIME,Random control,250,0.645173333333,9.99900009999e-05,0,10000,0.000999900009999,0.000999900009999
per-metric family,MovieLens / rho025 / target_margin / top5_precision,10,LOO,Greedy seq. del.,250,0.56,9.99900009999e-05,0,10000,0.000999900009999,0.000999900009999
per-metric family,MovieLens / rho025 / target_margin / top5_precision,10,LOO,Random control,250,0.703253333333,9.99900009999e-05,0,10000,0.000999900009999,0.000999900009999
per-metric family,MovieLens / rho025 / target_margin / top5_precision,10,Greedy seq. del.,Random control,250,0.143253333333,9.99900009999e-05,0,10000,0.000999900009999,0.000999900009999
predeclared 12-contrast family,MovieLens / success+abstention / Success,12,MC Shapley,LIME,1000,-0.0134,0.002399760024,23,10000,0.021597840216,0.021597840216
predeclared 12-contrast family,MovieLens / success+abstention / Abstention,12,MC Shapley,LIME,1000,0,1,10000,10000,1,1
predeclared 12-contrast family,MovieLens / success+abstention / Success,12,MC Shapley,LOO,1000,-0.0148,0.002399760024,23,10000,0.021597840216,0.021597840216
predeclared 12-contrast family,MovieLens / success+abstention / Abstention,12,MC Shapley,LOO,1000,0,1,10000,10000,1,1
predeclared 12-contrast family,MovieLens / success+abstention / Success,12,LIME,LOO,1000,-0.0014,0.633536646335,6335,10000,1,1
predeclared 12-contrast family,MovieLens / success+abstention / Abstention,12,LIME,LOO,1000,0,1,10000,10000,1,1
predeclared 12-contrast family,Amazon / success+abstention / Success,12,MC Shapley,LIME,1000,-0.001,0.725127487251,7251,10000,1,1
predeclared 12-contrast family,Amazon / success+abstention / Abstention,12,MC Shapley,LIME,1000,-0.06,9.99900009999e-05,0,10000,0.001199880012,0.001199880012
predeclared 12-contrast family,Amazon / success+abstention / Success,12,MC Shapley,LOO,1000,0.0032,0.452054794521,4520,10000,1,1
predeclared 12-contrast family,Amazon / success+abstention / Abstention,12,MC Shapley,LOO,1000,-0.0758,9.99900009999e-05,0,10000,0.001199880012,0.001199880012
predeclared 12-contrast family,Amazon / success+abstention / Success,12,LIME,LOO,1000,0.0042,0.0719928007199,719,10000,0.503949605039,0.503949605039
predeclared 12-contrast family,Amazon / success+abstention / Abstention,12,LIME,LOO,1000,-0.0158,0.001099890011,10,10000,0.01099890011,0.01099890011
