point_id,seed,intervention_i,intervention_j,interaction_lower,interaction_upper,interaction_mean
baseline,42,repeat_cap,explore_slot,-0.021310981496759248,-0.019210310590207568,-0.020498784416250745
baseline,42,repeat_cap,tail_slot,-0.01685202892520131,-0.010816247699612166,-0.013714791809663026
baseline,42,repeat_cap,diversify,-0.0004986837769154869,0.0032807080415303675,0.0014554909648263588
baseline,42,repeat_cap,novel_slot,-0.013059764128134407,-0.005904035064222371,-0.008634713621249346
baseline,42,repeat_cap,provider_balance,4.50781180395349e-06,0.0013570344854641973,0.0007911843304972431
baseline,42,explore_slot,tail_slot,-0.0009014884836699984,0.001297174756213449,0.00033634249434707857
baseline,42,explore_slot,diversify,-0.0035656671104383414,-0.0031043139923882627,-0.0033437261870668247
baseline,42,explore_slot,novel_slot,-0.0010527948454712758,2.2624750365044573e-05,-0.0005463342200939741
baseline,42,explore_slot,provider_balance,-0.0029265824765859517,-0.001771256099174635,-0.002353074236277671
baseline,42,tail_slot,diversify,-0.0044864824872542725,-0.0030822255761610113,-0.003538734613567679
baseline,42,tail_slot,novel_slot,-0.004219303544287224,-0.0010240303856958342,-0.0030597807627956164
baseline,42,tail_slot,provider_balance,-0.008981331215222915,-0.004409436996007936,-0.007400832729873199
baseline,42,diversify,novel_slot,0.000701499377156696,0.0014894654101407414,0.0011769076357376115
baseline,42,diversify,provider_balance,0.0006083273869617767,0.0028037508811730913,0.0019726392130496916
baseline,42,novel_slot,provider_balance,0.0020698676636761084,0.0055014143842330955,0.004042878631767141
baseline,43,repeat_cap,explore_slot,-0.02197578399106506,-0.01775311812245439,-0.020402710115330014
baseline,43,repeat_cap,tail_slot,-0.016533448391048727,-0.014336161068071297,-0.015779076992283612
baseline,43,repeat_cap,diversify,-0.00045639757945672,0.001270501542438292,0.0005222745819459014
baseline,43,repeat_cap,novel_slot,-0.01428396643169906,-0.0078004110035592355,-0.010978805729883724
baseline,43,repeat_cap,provider_balance,-0.005044809699106402,0.0022141087722477378,-0.00039637682229160296
baseline,43,explore_slot,tail_slot,-0.0007323444052538051,0.0022969082041484072,0.0004721825027064891
baseline,43,explore_slot,diversify,-0.003781862512091802,-0.0030172325742007186,-0.003324983562833162
baseline,43,explore_slot,novel_slot,-0.0010363854120257355,0.002210196731677892,0.00022020436018123477
baseline,43,explore_slot,provider_balance,-0.003649259109115063,-0.00258762744562421,-0.0030680031697842263
baseline,43,tail_slot,diversify,-0.0037376616924997344,-0.0021701059840480846,-0.003010762594258045
baseline,43,tail_slot,novel_slot,-0.004125988492925716,-0.0011191045993479139,-0.0026752181986319833
baseline,43,tail_slot,provider_balance,-0.010841837456973674,-0.0056872144022205905,-0.0073469174728449955
baseline,43,diversify,novel_slot,-0.00015907772080693512,0.0016744699064995222,0.0008007042503664928
baseline,43,diversify,provider_balance,0.001463892028297713,0.0029455071545940945,0.0018967017446689337
baseline,43,novel_slot,provider_balance,9.9272422607906e-06,0.005290532836291017,0.002785732255620614
baseline,44,repeat_cap,explore_slot,-0.020965939872617804,-0.019007106918586276,-0.020255492353567488
baseline,44,repeat_cap,tail_slot,-0.01657801022420734,-0.014012786942067174,-0.015047204663740764
baseline,44,repeat_cap,diversify,-0.000506389213741026,0.002142149986992351,0.00048175128046023695
baseline,44,repeat_cap,novel_slot,-0.015164446404532373,-0.00669734371045023,-0.01127817303306617
baseline,44,repeat_cap,provider_balance,0.00010529602707639573,0.003124127638944013,0.0010720718444851532
baseline,44,explore_slot,tail_slot,-0.0018386279639174149,0.0015592354233084495,-5.9858740088296726e-05
baseline,44,explore_slot,diversify,-0.0037939970015612038,-0.0017164595363404994,-0.0028250561008573817
baseline,44,explore_slot,novel_slot,-0.001603255630510171,0.00019739051251024776,-0.0005432692756518221
baseline,44,explore_slot,provider_balance,-0.002763397414355552,-0.0017486971885924735,-0.0022521152862119216
baseline,44,tail_slot,diversify,-0.002993154302351725,-0.0017078090381081005,-0.002234142121123901
baseline,44,tail_slot,novel_slot,-0.0038297660790060804,-0.0021068207715888953,-0.0029783778852220592
baseline,44,tail_slot,provider_balance,-0.009328387062525045,-0.006756296545236022,-0.007858584848888881
baseline,44,diversify,novel_slot,-0.00024154200013589355,0.0013636956640289152,0.000831734304227897
baseline,44,diversify,provider_balance,0.0016486647457340307,0.00342551925997959,0.0026414910068729017
baseline,44,novel_slot,provider_balance,0.001059021047704079,0.0035490786259462143,0.002418023172771744
baseline,45,repeat_cap,explore_slot,-0.022101554295984368,-0.01926406742246005,-0.02061377282768559
baseline,45,repeat_cap,tail_slot,-0.015253138213027147,-0.013094219345108375,-0.014089199969903713
baseline,45,repeat_cap,diversify,9.721346338102893e-05,0.001602624839163984,0.0007529530946160888
baseline,45,repeat_cap,novel_slot,-0.01355109093419421,-0.007174101918860355,-0.011550561035196128
baseline,45,repeat_cap,provider_balance,-0.0009744766422016208,0.002951482108872852,0.0003799011197358747
baseline,45,explore_slot,tail_slot,-0.0006093132762432812,0.0003172484517574986,-0.00026630996307559714
baseline,45,explore_slot,diversify,-0.0042682681460326855,-0.0019437457480746176,-0.003231165861116086
baseline,45,explore_slot,novel_slot,-0.0007449368924383636,0.000209972478893238,-0.000355422749320015
baseline,45,explore_slot,provider_balance,-0.003417726259327333,-0.0024301143499914153,-0.0031292424670219723
baseline,45,tail_slot,diversify,-0.004290714414906576,-0.0015611019927594518,-0.0029811320733372443
baseline,45,tail_slot,novel_slot,-0.0042447329926456525,-0.0022160618812783867,-0.003151666124573148
baseline,45,tail_slot,provider_balance,-0.009626942329125157,-0.007848543217404155,-0.008494444260981959
baseline,45,diversify,novel_slot,-0.00036915787299363214,0.002060993574099895,0.0013440972271170297
baseline,45,diversify,provider_balance,0.0019130397098513227,0.003345205459615671,0.002661865366813691
baseline,45,novel_slot,provider_balance,0.0019719179219248096,0.0035607103027289434,0.002812191428171173
baseline,46,repeat_cap,explore_slot,-0.020710463404530043,-0.018471593456539225,-0.019868680719847723
baseline,46,repeat_cap,tail_slot,-0.01479981749364633,-0.013908843955539074,-0.014347902038475581
baseline,46,repeat_cap,diversify,-0.0007672948839185795,0.0020340619456527824,0.000762099163169119
baseline,46,repeat_cap,novel_slot,-0.015026281565595209,-0.011779165301929592,-0.013463936954566262
baseline,46,repeat_cap,provider_balance,-0.0004923643577183049,0.003680516983198219,0.002060083456308811
baseline,46,explore_slot,tail_slot,-0.0008739107141654546,-0.00023407953731539237,-0.00046711052057631585
baseline,46,explore_slot,diversify,-0.0033570784327991293,-0.002389430991203132,-0.002832063708888866
baseline,46,explore_slot,novel_slot,-0.0015094674858635452,-0.0005416266393856099,-0.000970362574976718
baseline,46,explore_slot,provider_balance,-0.003141004872768452,-0.001853273204032646,-0.0025663218271637558
baseline,46,tail_slot,diversify,-0.003295464124001734,-0.0014797479262402581,-0.0024580985870026255
baseline,46,tail_slot,novel_slot,-0.0035099940479578237,-0.0015675097567507358,-0.0029610339664377225
baseline,46,tail_slot,provider_balance,-0.009454100915920452,-0.0049679594327693725,-0.007488897623864734
baseline,46,diversify,novel_slot,0.0009494806049780683,0.001605003584380621,0.0011198371718888855
baseline,46,diversify,provider_balance,0.001360888034974144,0.003079338294393015,0.0022327732978749994
baseline,46,novel_slot,provider_balance,0.0013265935799282123,0.0038726939917693957,0.002486314774568462
lhs-001,42,repeat_cap,explore_slot,0.004783155130978201,0.00652340990336954,0.0056742849041291725
lhs-001,42,repeat_cap,tail_slot,0.006732823171261904,0.009663762968425827,0.007915593296408873
lhs-001,42,repeat_cap,diversify,-0.001142050412030979,-0.0001691177907397909,-0.0007794495044624677
lhs-001,42,repeat_cap,novel_slot,0.002719030826315607,0.006650654514868027,0.004678889505526559
lhs-001,42,repeat_cap,provider_balance,-0.011015492483368344,-0.0058848730987799466,-0.008275676865504854
lhs-001,42,explore_slot,tail_slot,-0.0059460000599804285,-0.002936963209398283,-0.0040306934045466
lhs-001,42,explore_slot,diversify,-0.006080303733822547,-0.004869228643139572,-0.00557275913879743
lhs-001,42,explore_slot,novel_slot,-0.006973618330960198,-0.0020380672038371197,-0.004304123881194697
lhs-001,42,explore_slot,provider_balance,-0.006129324643929382,-0.003344571169681251,-0.004822777708667081
lhs-001,42,tail_slot,diversify,-0.0015342370316484815,-0.00026051657582117907,-0.0010584335729508384
lhs-001,42,tail_slot,novel_slot,-0.01410515609195975,-0.008258932293905216,-0.010652558229913562
lhs-001,42,tail_slot,provider_balance,-0.012033529124933835,-0.007802036590994739,-0.010061163950292468
lhs-001,42,diversify,novel_slot,0.0038168088117457918,0.004604682521462559,0.004277511006064603
lhs-001,42,diversify,provider_balance,0.004661957914862689,0.005956702516077305,0.00517943237018305
lhs-001,42,novel_slot,provider_balance,0.005920044259008321,0.008281570204542364,0.007189294017023572
lhs-001,43,repeat_cap,explore_slot,0.0042765206141334436,0.006461377320959872,0.0053476600294906544
lhs-001,43,repeat_cap,tail_slot,0.004346349992163459,0.008550533541336879,0.006567203709481911
lhs-001,43,repeat_cap,diversify,-0.0012894608310441147,-3.478121908308355e-05,-0.0006873602512662482
lhs-001,43,repeat_cap,novel_slot,0.003659861409534166,0.006347103491821077,0.004865026848661832
lhs-001,43,repeat_cap,provider_balance,-0.010022409894129114,-0.007705762038531351,-0.008727062486345149
lhs-001,43,explore_slot,tail_slot,-0.005499657492088166,-0.00024740390642497326,-0.0034533197435289683
lhs-001,43,explore_slot,diversify,-0.006435727644264294,-0.005169877448045103,-0.005738284443566688
lhs-001,43,explore_slot,novel_slot,-0.006273114538006008,-0.00013059893902225709,-0.0035558803523707996
lhs-001,43,explore_slot,provider_balance,-0.005806368570052174,-0.00452111864614226,-0.0051863069505164675
lhs-001,43,tail_slot,diversify,-0.0016619683894924173,-0.0009959669199274953,-0.001330835159767321
lhs-001,43,tail_slot,novel_slot,-0.012766540301917692,-0.008207467385527195,-0.01061878364684263
lhs-001,43,tail_slot,provider_balance,-0.012419627054672366,-0.0076761834764598625,-0.00913682451568249
lhs-001,43,diversify,novel_slot,0.001887575784691992,0.005147914938987646,0.0034040200216331746
lhs-001,43,diversify,provider_balance,0.0038232223015027857,0.005350667069690612,0.004644196569136125
lhs-001,43,novel_slot,provider_balance,0.007138078318825312,0.01034652173300639,0.008418084866461468
lhs-001,44,repeat_cap,explore_slot,0.004692435365876653,0.0066557345983016625,0.005520775643187689
lhs-001,44,repeat_cap,tail_slot,0.005280882745244837,0.008291559821080286,0.006818121463133681
lhs-001,44,repeat_cap,diversify,-0.002654543735914955,0.0008385334815991469,-0.0012122981236363658
lhs-001,44,repeat_cap,novel_slot,0.0023179968961111906,0.007031545104144224,0.004643677095155074
lhs-001,44,repeat_cap,provider_balance,-0.011304834994670623,-0.007261092898047246,-0.00945704012970079
lhs-001,44,explore_slot,tail_slot,-0.005826359479038505,-0.0035821669506851768,-0.005145700448964057
lhs-001,44,explore_slot,diversify,-0.007132988668807026,-0.004828350814151975,-0.005480152386434585
lhs-001,44,explore_slot,novel_slot,-0.006382960400552586,-0.0030103044473072356,-0.005134129091631319
lhs-001,44,explore_slot,provider_balance,-0.005284668403124878,-0.004076569645580577,-0.004563961060050787
lhs-001,44,tail_slot,diversify,-0.0012581571243009424,0.00042742523420289703,-0.0003565523860019066
lhs-001,44,tail_slot,novel_slot,-0.012290417998534225,-0.010228508430236658,-0.011285274690310912
lhs-001,44,tail_slot,provider_balance,-0.011491399277609421,-0.007927866093164784,-0.009400912960426566
lhs-001,44,diversify,novel_slot,0.002262180647911611,0.005412753459319384,0.004277682906404963
lhs-001,44,diversify,provider_balance,0.004613690413931618,0.005838110615647499,0.005193355698085765
lhs-001,44,novel_slot,provider_balance,0.00716508054150699,0.010082590341729874,0.00831719542974987
lhs-001,45,repeat_cap,explore_slot,0.004520954852353987,0.006089488272874709,0.005261244875093715
lhs-001,45,repeat_cap,tail_slot,0.004478844363849277,0.008965590413220778,0.006715634910751111
lhs-001,45,repeat_cap,diversify,-0.0015494294532024033,-0.0004565033641831192,-0.0009423464585012736
lhs-001,45,repeat_cap,novel_slot,0.003293789700833996,0.006547671925369703,0.004542271343678962
lhs-001,45,repeat_cap,provider_balance,-0.012108251176404981,-0.007498894005139986,-0.009611790616012153
lhs-001,45,explore_slot,tail_slot,-0.004916701044455354,-0.002281832012853559,-0.00384089292991589
lhs-001,45,explore_slot,diversify,-0.00614389227324104,-0.004412878793271937,-0.0054094325602844955
lhs-001,45,explore_slot,novel_slot,-0.004877963743955408,-0.003005837591927003,-0.0038888337655050183
lhs-001,45,explore_slot,provider_balance,-0.0058544188399256404,-0.005187427185624348,-0.005536085424436641
lhs-001,45,tail_slot,diversify,-0.0016976237096382014,-0.0006798662137247234,-0.0012303803546574704
lhs-001,45,tail_slot,novel_slot,-0.012293754809836407,-0.008620246504948009,-0.010185934313808183
lhs-001,45,tail_slot,provider_balance,-0.014007691323939055,-0.00759663381717137,-0.010219800919895718
lhs-001,45,diversify,novel_slot,0.002884548290903353,0.00402794337100888,0.0032849828632282485
lhs-001,45,diversify,provider_balance,0.004331757736757913,0.007218281162241336,0.005374690813718202
lhs-001,45,novel_slot,provider_balance,0.007909027181461243,0.00931404814517689,0.008854265606802983
lhs-001,46,repeat_cap,explore_slot,0.004201890232448238,0.006352765140784773,0.0052944358582470465
lhs-001,46,repeat_cap,tail_slot,0.005608125945358611,0.009820722779678118,0.00731236490279096
lhs-001,46,repeat_cap,diversify,-0.0015334447656826348,-0.0005368995395372786,-0.0010391718062550597
lhs-001,46,repeat_cap,novel_slot,0.004200804365048305,0.0074778807092420975,0.005634844842129319
lhs-001,46,repeat_cap,provider_balance,-0.00939974916432159,-0.006821905184327631,-0.007834186303483065
lhs-001,46,explore_slot,tail_slot,-0.005648890921729941,-0.003288531521789661,-0.00479234128922252
lhs-001,46,explore_slot,diversify,-0.005516641841315056,-0.004916435518442749,-0.005223248037956734
lhs-001,46,explore_slot,novel_slot,-0.006227757300109666,-0.003236529215030043,-0.004524520322768049
lhs-001,46,explore_slot,provider_balance,-0.006203677256397938,-0.003868535395890348,-0.005246190557229496
lhs-001,46,tail_slot,diversify,-0.0012951404828123667,-0.00040969906676112627,-0.0009478625384965035
lhs-001,46,tail_slot,novel_slot,-0.0128604833129401,-0.009307086635982984,-0.010988551133430351
lhs-001,46,tail_slot,provider_balance,-0.012484275055269065,-0.006462928467712722,-0.00957278543655658
lhs-001,46,diversify,novel_slot,0.003024367119151057,0.005301651535713242,0.00417838459455899
lhs-001,46,diversify,provider_balance,0.004054131235949048,0.00516616603781905,0.004553571306403956
lhs-001,46,novel_slot,provider_balance,0.006492626101549135,0.009335734137000463,0.00786452309265812
lhs-002,42,repeat_cap,explore_slot,-0.013510669009518772,-0.011699739199622385,-0.012872406473487794
lhs-002,42,repeat_cap,tail_slot,-0.007827836020846376,-0.004354090475539001,-0.0063951898098177935
lhs-002,42,repeat_cap,diversify,-0.0009207671735490095,0.002182550530192054,0.0004868967145674831
lhs-002,42,repeat_cap,novel_slot,-0.006982655671780372,-0.003007223971327057,-0.004902922481603185
lhs-002,42,repeat_cap,provider_balance,-0.0028929675524901393,-0.0006591813202233817,-0.0016311452880810474
lhs-002,42,explore_slot,tail_slot,-0.004745470646935354,-0.0016404170555594593,-0.002666212068251522
lhs-002,42,explore_slot,diversify,-0.005756473006833426,-0.0040850990227370735,-0.005077486750993236
lhs-002,42,explore_slot,novel_slot,-0.005247733590030126,-0.0017034316541205533,-0.00344496529772591
lhs-002,42,explore_slot,provider_balance,-0.004706478938994386,-0.0028285492608268728,-0.004003140697947305
lhs-002,42,tail_slot,diversify,-0.004877526467827499,-0.002981762933549931,-0.0036633757063156322
lhs-002,42,tail_slot,novel_slot,-0.009362987558491999,-0.005198246557409197,-0.0076617980032232524
lhs-002,42,tail_slot,provider_balance,-0.01285483568991962,-0.007557019205317827,-0.010814177392245359
lhs-002,42,diversify,novel_slot,0.0017335537980069933,0.002636979757767094,0.002122936783155512
lhs-002,42,diversify,provider_balance,0.00290719086616841,0.004708436496088715,0.0040576738998260664
lhs-002,42,novel_slot,provider_balance,0.0032540375186524448,0.0056912469077149445,0.00480558763241182
lhs-002,43,repeat_cap,explore_slot,-0.013906959610623963,-0.010169233401098111,-0.012628627610668889
lhs-002,43,repeat_cap,tail_slot,-0.00914954763264306,-0.006290283345680641,-0.00806021794439405
lhs-002,43,repeat_cap,diversify,2.3619571838020666e-05,0.0007165981029949923,0.00039865632380523685
lhs-002,43,repeat_cap,novel_slot,-0.008824504437744081,-0.004399389673283892,-0.006532619885456276
lhs-002,43,repeat_cap,provider_balance,-0.00586536725029357,-0.0005846536233555339,-0.00247965655232214
lhs-002,43,explore_slot,tail_slot,-0.0034621369773587896,0.0012193375840496609,-0.0016257842887488886
lhs-002,43,explore_slot,diversify,-0.005600975997173063,-0.003738639599506229,-0.004932145830873874
lhs-002,43,explore_slot,novel_slot,-0.004245908688838802,0.0006042356813464315,-0.002375161777752553
lhs-002,43,explore_slot,provider_balance,-0.004636739521273545,-0.004178021399872666,-0.004409909395617316
lhs-002,43,tail_slot,diversify,-0.0035691234800573008,-0.0022974842116662824,-0.0029382856548328872
lhs-002,43,tail_slot,novel_slot,-0.009396365199917716,-0.004230460695403988,-0.006918986612839309
lhs-002,43,tail_slot,provider_balance,-0.014954672357873846,-0.008193484768389825,-0.010411223778865405
lhs-002,43,diversify,novel_slot,0.00091909097991098,0.003587959423106286,0.0018168209807533425
lhs-002,43,diversify,provider_balance,0.0031132750529988557,0.005323545352210185,0.003801266839189602
lhs-002,43,novel_slot,provider_balance,0.002156224562678185,0.007980274062369975,0.0048762519630981245
lhs-002,44,repeat_cap,explore_slot,-0.013453415460828873,-0.01169008908894337,-0.012553371570210374
lhs-002,44,repeat_cap,tail_slot,-0.008883036321557434,-0.006734250056083677,-0.007368811746648232
lhs-002,44,repeat_cap,diversify,-0.0006674247350072721,0.0013725468741055135,4.006311226361484e-05
lhs-002,44,repeat_cap,novel_slot,-0.01091878011605019,-0.0032797328766351226,-0.007029086977435448
lhs-002,44,repeat_cap,provider_balance,-0.0027155325660895395,-0.00012909345724444195,-0.001300455125859953
lhs-002,44,explore_slot,tail_slot,-0.004816089056292239,-0.0009572383768547695,-0.0033597520905783293
lhs-002,44,explore_slot,diversify,-0.006719721329071078,-0.0035036738533452847,-0.004749453959361872
lhs-002,44,explore_slot,novel_slot,-0.004778699211376824,-0.0019391594267963537,-0.0036852284673651627
lhs-002,44,explore_slot,provider_balance,-0.0038709744859218333,-0.0026480025576149343,-0.003382151995294715
lhs-002,44,tail_slot,diversify,-0.0034659768529713333,-0.0012835019382505192,-0.002243980750206165
lhs-002,44,tail_slot,novel_slot,-0.008642207107362992,-0.005598065411901868,-0.0074901054883864514
lhs-002,44,tail_slot,provider_balance,-0.013292748069017845,-0.00908723536614547,-0.01068397711245849
lhs-002,44,diversify,novel_slot,0.00024674614789814273,0.002667331936260536,0.0016095031932208915
lhs-002,44,diversify,provider_balance,0.003197831483119833,0.005749391841326232,0.004249423930999612
lhs-002,44,novel_slot,provider_balance,0.0031946583654000314,0.006738162529327413,0.004731111869232278
lhs-002,45,repeat_cap,explore_slot,-0.013529895170547807,-0.011149598241931317,-0.012330820216431547
lhs-002,45,repeat_cap,tail_slot,-0.008422392972766419,-0.005035614618207892,-0.0067179426013832585
lhs-002,45,repeat_cap,diversify,8.016903314577865e-05,0.0009017462733324817,0.00045223079695955247
lhs-002,45,repeat_cap,novel_slot,-0.008908695484882916,-0.004810433950331552,-0.007680956770844382
lhs-002,45,repeat_cap,provider_balance,-0.0028992884864615003,-0.00020109788758760928,-0.0017824484325487141
lhs-002,45,explore_slot,tail_slot,-0.004057522670644638,-0.0014251916708310733,-0.0026334252687060123
lhs-002,45,explore_slot,diversify,-0.006175772935589,-0.004255914515726829,-0.0050986964225841125
lhs-002,45,explore_slot,novel_slot,-0.0033903814273469127,-0.0022345905331714513,-0.0029888796134796736
lhs-002,45,explore_slot,provider_balance,-0.004897734544044888,-0.0044629204280677015,-0.00463355244776713
lhs-002,45,tail_slot,diversify,-0.004461778040292163,-0.002164692917842483,-0.0031051519017951455
lhs-002,45,tail_slot,novel_slot,-0.008462483180265929,-0.005666252341000732,-0.007293998069187796
lhs-002,45,tail_slot,provider_balance,-0.014362019979329052,-0.01007032205250732,-0.01189299996714937
lhs-002,45,diversify,novel_slot,-6.155906317886722e-05,0.002924418924569414,0.0015956537143587118
lhs-002,45,diversify,provider_balance,0.0035073485128747093,0.006304740554757905,0.004671357010809464
lhs-002,45,novel_slot,provider_balance,0.003881007695294645,0.005581448711844836,0.0050020744981531685
lhs-002,46,repeat_cap,explore_slot,-0.013496946710064617,-0.01148079234238745,-0.012504803952172528
lhs-002,46,repeat_cap,tail_slot,-0.007492657654132234,-0.00624942936849455,-0.006942581628650187
lhs-002,46,repeat_cap,diversify,-0.00022365702436140535,0.0011342928317710644,0.0004062695029400633
lhs-002,46,repeat_cap,novel_slot,-0.00973982760444603,-0.007067512903601221,-0.008315142009665755
lhs-002,46,repeat_cap,provider_balance,-0.0018681032339072498,0.0010518846097834172,-0.0005637243433308078
lhs-002,46,explore_slot,tail_slot,-0.003699213103688494,-0.0023749597978641977,-0.0031927927825202065
lhs-002,46,explore_slot,diversify,-0.004969986376560119,-0.004172220502492357,-0.004562489588151069
lhs-002,46,explore_slot,novel_slot,-0.005010277332912301,-0.0026738135719619996,-0.003640578804160041
lhs-002,46,explore_slot,provider_balance,-0.005402540019426051,-0.003353161776700345,-0.004098673345636343
lhs-002,46,tail_slot,diversify,-0.00357095519891462,-0.0020742838078995967,-0.0028828115692187597
lhs-002,46,tail_slot,novel_slot,-0.008400258383295752,-0.005438156971392484,-0.007119597432889381
lhs-002,46,tail_slot,provider_balance,-0.014426074001313155,-0.007248020033504209,-0.010670743571431449
lhs-002,46,diversify,novel_slot,0.0014981059662557542,0.0031415461673361456,0.002402424179020048
lhs-002,46,diversify,provider_balance,0.0037254562215661476,0.004444175378898024,0.004166944713094622
lhs-002,46,novel_slot,provider_balance,0.003221138649572205,0.006150937088361187,0.004652751132559412
lhs-003,42,repeat_cap,explore_slot,-0.0021082446888187117,-0.0011142078156318623,-0.001641007268950499
lhs-003,42,repeat_cap,tail_slot,0.002511754848647477,0.004059392972945152,0.0031400169570392597
lhs-003,42,repeat_cap,diversify,-0.0015382412623815688,0.000665685999523935,-0.0005576752570627099
lhs-003,42,repeat_cap,novel_slot,-0.0014662990274697041,0.0011252910276660895,-0.00040223358958305
lhs-003,42,repeat_cap,provider_balance,-0.006010482545166685,-0.004227930978358166,-0.0047719503538103895
lhs-003,42,explore_slot,tail_slot,-0.0068054861503530515,-0.0027006180437103016,-0.004329921017551756
lhs-003,42,explore_slot,diversify,-0.008025180544746898,-0.005801260960315116,-0.006680562839433473
lhs-003,42,explore_slot,novel_slot,-0.009404038499931714,-0.003394029597602926,-0.005694166319832588
lhs-003,42,explore_slot,provider_balance,-0.006013107706529337,-0.00349005773298637,-0.00457395214855447
lhs-003,42,tail_slot,diversify,-0.0034258635452615806,-0.001723443642163302,-0.0025412885873953915
lhs-003,42,tail_slot,novel_slot,-0.015299333451383916,-0.008552662540182488,-0.011536510508182366
lhs-003,42,tail_slot,provider_balance,-0.013060016074618309,-0.007217732400920603,-0.010399730012444142
lhs-003,42,diversify,novel_slot,0.003455530699979186,0.003972405809230854,0.0037130527427793776
lhs-003,42,diversify,provider_balance,0.00437567055137606,0.0061183307420697094,0.005075241613714496
lhs-003,42,novel_slot,provider_balance,0.003590711085390214,0.007065330081585499,0.0056204341643963825
lhs-003,43,repeat_cap,explore_slot,-0.002924231041535496,-0.0008981799526144229,-0.0019998174848465185
lhs-003,43,repeat_cap,tail_slot,0.0006912385650600863,0.003548516328985409,0.0017665204070020776
lhs-003,43,repeat_cap,diversify,-0.0007008302471906069,2.2694063229826834e-05,-0.00040669595131571077
lhs-003,43,repeat_cap,novel_slot,-0.0018791893315024755,0.0006710200454996828,-0.0006025788079936601
lhs-003,43,repeat_cap,provider_balance,-0.006385072241025637,-0.003975156031201476,-0.004854377166147189
lhs-003,43,explore_slot,tail_slot,-0.006878169674100211,-0.0007759256752401869,-0.004383788913812359
lhs-003,43,explore_slot,diversify,-0.007459040314557475,-0.006211719932138913,-0.006768456205024713
lhs-003,43,explore_slot,novel_slot,-0.00718969872789812,-0.0007116833140276583,-0.004642898772327166
lhs-003,43,explore_slot,provider_balance,-0.005490134570953946,-0.004589908342340439,-0.0050306432226736655
lhs-003,43,tail_slot,diversify,-0.003800424259681997,-0.0019261306584249776,-0.0028537283145050104
lhs-003,43,tail_slot,novel_slot,-0.012368763960616085,-0.008544399508061703,-0.01092976558127056
lhs-003,43,tail_slot,provider_balance,-0.014221787093714515,-0.00795678926073986,-0.009991124938330265
lhs-003,43,diversify,novel_slot,0.0017342025973161627,0.0048561675963169895,0.002985886857163447
lhs-003,43,diversify,provider_balance,0.0032820477873707244,0.005554912065934239,0.004066184854754617
lhs-003,43,novel_slot,provider_balance,0.004099444845905579,0.009114631933113545,0.006185970051868881
lhs-003,44,repeat_cap,explore_slot,-0.002193748219672392,0.00011148489948718273,-0.0014963757521658301
lhs-003,44,repeat_cap,tail_slot,0.0013091620104537384,0.003832247771326689,0.002331410088391893
lhs-003,44,repeat_cap,diversify,-0.0013748784673051411,0.0012044294753982211,-0.0003093110963599787
lhs-003,44,repeat_cap,novel_slot,-0.003268692412991464,0.000946670642612924,-0.0010917168824952138
lhs-003,44,repeat_cap,provider_balance,-0.005353997405443205,-0.004371961977780104,-0.00496870194633904
lhs-003,44,explore_slot,tail_slot,-0.007395055207195862,-0.003616355121552868,-0.006012118119764709
lhs-003,44,explore_slot,diversify,-0.007844993027117395,-0.005876264414099605,-0.006660080524317312
lhs-003,44,explore_slot,novel_slot,-0.007593282168583403,-0.004173876561868659,-0.006362176951874142
lhs-003,44,explore_slot,provider_balance,-0.005127898854832068,-0.003989775446570893,-0.004505834864335571
lhs-003,44,tail_slot,diversify,-0.0023466239525846864,0.00025524587869373873,-0.0010582211999754058
lhs-003,44,tail_slot,novel_slot,-0.012519621195466691,-0.010596222587669613,-0.011954395224644358
lhs-003,44,tail_slot,provider_balance,-0.013164953940154309,-0.00804351431401001,-0.009695023025967316
lhs-003,44,diversify,novel_slot,0.0024063797735781323,0.004117311035121845,0.003077588123883112
lhs-003,44,diversify,provider_balance,0.004122388487886258,0.005458677677989292,0.004770321686510532
lhs-003,44,novel_slot,provider_balance,0.0038630551636033464,0.007972569815674294,0.006141090728378302
lhs-003,45,repeat_cap,explore_slot,-0.002150526199288453,-0.0008127089329813679,-0.0015490398906439268
lhs-003,45,repeat_cap,tail_slot,0.0012870218564430022,0.003937774696610909,0.0025385479724906704
lhs-003,45,repeat_cap,diversify,-0.0009743322294004863,0.00026739201946421044,-0.000299386799309265
lhs-003,45,repeat_cap,novel_slot,-0.002358455543957016,0.0009232703593885199,-0.0012064905507769813
lhs-003,45,repeat_cap,provider_balance,-0.005765847095801699,-0.0031957232339601847,-0.0046038307501724916
lhs-003,45,explore_slot,tail_slot,-0.0055714825273655896,-0.003395070235970017,-0.004587600391327412
lhs-003,45,explore_slot,diversify,-0.008232401489304927,-0.005704535863478602,-0.006577943040815263
lhs-003,45,explore_slot,novel_slot,-0.0060655753050534115,-0.003812175427285567,-0.005069452648504993
lhs-003,45,explore_slot,provider_balance,-0.0058966099350251724,-0.005024994449218097,-0.0055119165647264145
lhs-003,45,tail_slot,diversify,-0.003171924502618585,-0.0013310848057841971,-0.0020976589927093245
lhs-003,45,tail_slot,novel_slot,-0.012755606805745653,-0.009690183139593998,-0.010824697204531582
lhs-003,45,tail_slot,provider_balance,-0.014012878267052319,-0.008316834186978083,-0.010762435491333022
lhs-003,45,diversify,novel_slot,0.0025191889629916494,0.003062954068007241,0.0027723736065073928
lhs-003,45,diversify,provider_balance,0.004321806417106803,0.0073629116730115325,0.005344879789187747
lhs-003,45,novel_slot,provider_balance,0.006364012361174957,0.007042822658597819,0.006633496797429824
lhs-003,46,repeat_cap,explore_slot,-0.0026871702320699067,-0.0015032819016098432,-0.0022510602744604757
lhs-003,46,repeat_cap,tail_slot,0.0021191974056604074,0.003985786132648274,0.002675989829317507
lhs-003,46,repeat_cap,diversify,-0.0007668787771191889,-1.1220980152015328e-05,-0.0004572899381327835
lhs-003,46,repeat_cap,novel_slot,-0.0017390027102020182,-0.0010251416266657649,-0.001333147669999894
lhs-003,46,repeat_cap,provider_balance,-0.0054657712542403,-0.0032600075337803885,-0.004081282719882393
lhs-003,46,explore_slot,tail_slot,-0.006919743395085573,-0.0040966367492517915,-0.00561586367419185
lhs-003,46,explore_slot,diversify,-0.006924671605679122,-0.005843464300806819,-0.0065158730348431546
lhs-003,46,explore_slot,novel_slot,-0.007481119848610935,-0.0057048525834473346,-0.006229408355898474
lhs-003,46,explore_slot,provider_balance,-0.006165362674372352,-0.003917702041018468,-0.00526910382870421
lhs-003,46,tail_slot,diversify,-0.002693214681675174,-0.0008202599953917179,-0.002077874986209313
lhs-003,46,tail_slot,novel_slot,-0.012916488264577818,-0.00964374867639568,-0.011533484299301532
lhs-003,46,tail_slot,provider_balance,-0.013560322710933784,-0.006140068439209918,-0.010063656581501278
lhs-003,46,diversify,novel_slot,0.002270304039594543,0.0046725682276498445,0.0037683237921665664
lhs-003,46,diversify,provider_balance,0.0038830782893231964,0.005229521714918853,0.0045622065811138195
lhs-003,46,novel_slot,provider_balance,0.0035714281528609905,0.007104610323202269,0.005485214119507408
lhs-004,42,repeat_cap,explore_slot,-0.0157131804255838,-0.013396818514124508,-0.014912603504432083
lhs-004,42,repeat_cap,tail_slot,-0.013134618742790741,-0.007148765205173197,-0.010124703257512175
lhs-004,42,repeat_cap,diversify,-0.0009994158423249503,0.002245497161669603,0.000679864697651885
lhs-004,42,repeat_cap,novel_slot,-0.011165748835685262,-0.005638907521455241,-0.00767312793756847
lhs-004,42,repeat_cap,provider_balance,-0.0019049889227824332,-0.0005918779415089791,-0.0011818065062482444
lhs-004,42,explore_slot,tail_slot,-0.0008469913017473737,0.0010411456137831513,0.00044630328969122196
lhs-004,42,explore_slot,diversify,-0.003459033492392727,-0.002496379010132131,-0.0028136243975147687
lhs-004,42,explore_slot,novel_slot,-0.000265059739058859,0.0011106794710728143,0.0004535455958181165
lhs-004,42,explore_slot,provider_balance,-0.0029128655709484983,-0.0020019427829617896,-0.002349042807454511
lhs-004,42,tail_slot,diversify,-0.003222932572272835,-0.002203904941934172,-0.0029052680450528997
lhs-004,42,tail_slot,novel_slot,-0.0032634997408524267,-0.0004188866636308455,-0.002302628696212602
lhs-004,42,tail_slot,provider_balance,-0.00931248829334197,-0.004318090822139879,-0.0069245944791608794
lhs-004,42,diversify,novel_slot,0.0005360466178051198,0.0013206755195949015,0.0008626441949567245
lhs-004,42,diversify,provider_balance,0.0010898133577662002,0.004114529009932737,0.0024437453196191916
lhs-004,42,novel_slot,provider_balance,0.00258438357156866,0.006033827454479332,0.004164455013707952
lhs-004,43,repeat_cap,explore_slot,-0.016220915598449098,-0.013435216372302704,-0.015255072779827242
lhs-004,43,repeat_cap,tail_slot,-0.012747637808245053,-0.010522542384921157,-0.011633739927846817
lhs-004,43,repeat_cap,diversify,-0.00010079208827798664,0.0017003099408228533,0.0006660991040121346
lhs-004,43,repeat_cap,novel_slot,-0.012568566425722176,-0.006102897157982516,-0.009038477481401012
lhs-004,43,repeat_cap,provider_balance,-0.008874269965804026,0.0007810221780090941,-0.0025054007510381393
lhs-004,43,explore_slot,tail_slot,-0.00012202507156583399,0.002397915954098965,0.0008602237543653092
lhs-004,43,explore_slot,diversify,-0.002774780136429336,-0.0025050138972828734,-0.0026338385845633494
lhs-004,43,explore_slot,novel_slot,0.00014520037652686931,0.0027718670967401427,0.001011242167585173
lhs-004,43,explore_slot,provider_balance,-0.0022276776410077147,-0.0017632799664871325,-0.0019914345065308245
lhs-004,43,tail_slot,diversify,-0.0030301275692527713,-0.0020074097892922886,-0.002431825658756609
lhs-004,43,tail_slot,novel_slot,-0.0032516836926198933,-0.0008118308514633115,-0.002090778504691729
lhs-004,43,tail_slot,provider_balance,-0.010356522652673747,-0.005379517378784959,-0.0068964164746286825
lhs-004,43,diversify,novel_slot,8.526350897835373e-05,0.001753058539202099,0.0008480121021704377
lhs-004,43,diversify,provider_balance,0.001496819124392313,0.0031775254170000253,0.00211473695302376
lhs-004,43,novel_slot,provider_balance,0.0006475970200226722,0.005403872400082114,0.0034678654268086077
lhs-004,44,repeat_cap,explore_slot,-0.015101121429165011,-0.014208166186828632,-0.014717464354155102
lhs-004,44,repeat_cap,tail_slot,-0.012555240311030733,-0.00854448973780689,-0.01074269886514132
lhs-004,44,repeat_cap,diversify,-0.0019079848097879968,0.0011709338430894358,-0.0006613099778976443
lhs-004,44,repeat_cap,novel_slot,-0.011226349793270552,-0.005132367130020573,-0.008975354062316396
lhs-004,44,repeat_cap,provider_balance,-0.003145503728722324,0.0024157983268302385,-0.0011648981029412117
lhs-004,44,explore_slot,tail_slot,-0.0016600065940185573,0.0010855751863733444,-5.115691758390199e-05
lhs-004,44,explore_slot,diversify,-0.002915822433058094,-0.0012822963241638293,-0.0022017207239126823
lhs-004,44,explore_slot,novel_slot,-0.0006647431921984928,0.0008454525948794573,0.00013539699900048984
lhs-004,44,explore_slot,provider_balance,-0.0023210746193650465,-0.0014659257789839855,-0.0018728335379257783
lhs-004,44,tail_slot,diversify,-0.00220689593780006,-0.0016046541921308772,-0.0018839432918845763
lhs-004,44,tail_slot,novel_slot,-0.003113154179941668,-0.001849537404194849,-0.0024213851625544216
lhs-004,44,tail_slot,provider_balance,-0.00868431850078666,-0.0055794024111610755,-0.007111989015279721
lhs-004,44,diversify,novel_slot,-0.0005826257271130718,0.0021688971465184215,0.0010743432388713337
lhs-004,44,diversify,provider_balance,0.0023952416416272303,0.0043233215502263556,0.0030241404388909963
lhs-004,44,novel_slot,provider_balance,0.0013534424138834126,0.004522472262061473,0.002672674256376721
lhs-004,45,repeat_cap,explore_slot,-0.016115601219481634,-0.013342225319985494,-0.01534475419980429
lhs-004,45,repeat_cap,tail_slot,-0.012245614435832585,-0.008359542318086255,-0.01013118727274878
lhs-004,45,repeat_cap,diversify,-0.0008750263321823529,0.0006641121577250029,-0.00010734143738214952
lhs-004,45,repeat_cap,novel_slot,-0.012935277006985962,-0.0037858182254913325,-0.009648160248754374
lhs-004,45,repeat_cap,provider_balance,-0.004153648077947745,0.0008057931239115714,-0.0020713855738311287
lhs-004,45,explore_slot,tail_slot,-0.0006613302299496343,0.0006051542011987531,-0.00020544148759532696
lhs-004,45,explore_slot,diversify,-0.002936530395457569,-0.0014731537828060212,-0.002396689284043692
lhs-004,45,explore_slot,novel_slot,-0.0002526067067775458,0.0009499825859409917,0.0003213156961018917
lhs-004,45,explore_slot,provider_balance,-0.003448607876923083,-0.002055446129430191,-0.0027703279186881095
lhs-004,45,tail_slot,diversify,-0.003857290450819516,-0.0014626184075696388,-0.002581650963198732
lhs-004,45,tail_slot,novel_slot,-0.0032783240079947073,-0.0014403438419418027,-0.0022641068508127997
lhs-004,45,tail_slot,provider_balance,-0.009605362905357127,-0.006390508167027141,-0.007984887559714328
lhs-004,45,diversify,novel_slot,-0.00036034980947085237,0.002220636797953109,0.001108044940262279
lhs-004,45,diversify,provider_balance,0.0012102245341185968,0.003006366807697206,0.002255069648821613
lhs-004,45,novel_slot,provider_balance,0.002165802587320781,0.004237727340710034,0.003356137156686839
lhs-004,46,repeat_cap,explore_slot,-0.01552051982542318,-0.01425025873229427,-0.014820719711648488
lhs-004,46,repeat_cap,tail_slot,-0.011568330812349306,-0.00990591067417634,-0.010517619154528566
lhs-004,46,repeat_cap,diversify,-0.0022617795000438494,0.00043541371102763656,-0.0004504641978577231
lhs-004,46,repeat_cap,novel_slot,-0.011713114672281711,-0.00985838338262141,-0.011040691314056857
lhs-004,46,repeat_cap,provider_balance,-0.004029082765926156,0.002027011143680239,-0.0003452780476124992
lhs-004,46,explore_slot,tail_slot,-0.0004801775710120113,4.6355425855812134e-05,-0.0002006442651227439
lhs-004,46,explore_slot,diversify,-0.0031897027794147645,-0.0018484251328890356,-0.002281285722911698
lhs-004,46,explore_slot,novel_slot,-0.0005433040430166343,0.0008962042591894689,0.00014202762472508964
lhs-004,46,explore_slot,provider_balance,-0.002633939938264239,-0.0012218127303119507,-0.0018873896666288025
lhs-004,46,tail_slot,diversify,-0.0025914482207096906,-0.0009901714297954423,-0.0018538014932122286
lhs-004,46,tail_slot,novel_slot,-0.0032599602412463867,-0.0011921497847188877,-0.0022562454749508647
lhs-004,46,tail_slot,provider_balance,-0.008496982358580707,-0.0054031499081201315,-0.007197157999027147
lhs-004,46,diversify,novel_slot,0.0010299600069870346,0.001671404913432402,0.0012702352227473756
lhs-004,46,diversify,provider_balance,0.0005608768792254141,0.0033469827617561296,0.0019947300356865337
lhs-004,46,novel_slot,provider_balance,0.0017782234853447303,0.004475790376694715,0.002885878987375695
lhs-005,42,repeat_cap,explore_slot,-0.018407291963839906,-0.016730805928725473,-0.017347091984462618
lhs-005,42,repeat_cap,tail_slot,-0.013208401876713042,-0.010819510849024687,-0.012126603241597372
lhs-005,42,repeat_cap,diversify,-0.00095318123774558,0.002452192435942345,0.0004582392064440442
lhs-005,42,repeat_cap,novel_slot,-0.013573071528819333,-0.007789462097137089,-0.009920303155280499
lhs-005,42,repeat_cap,provider_balance,-0.00028052553812408045,0.0006545076346842131,0.000311356210207805
lhs-005,42,explore_slot,tail_slot,-0.0019138914628963261,4.625349828397691e-05,-0.0006255932251108239
lhs-005,42,explore_slot,diversify,-0.002545483409473473,-0.001968210573214488,-0.0022602020726397954
lhs-005,42,explore_slot,novel_slot,-0.0013472041462547326,-0.00020512126317352069,-0.0006983786638268758
lhs-005,42,explore_slot,provider_balance,-0.001702469130775009,-0.0010080825099826134,-0.0014179532592641106
lhs-005,42,tail_slot,diversify,-0.003502371635697035,-0.002287614890723335,-0.002904827021922954
lhs-005,42,tail_slot,novel_slot,-0.0035029501588782134,-0.0013116661290386196,-0.0025368914960523605
lhs-005,42,tail_slot,provider_balance,-0.007368514052734481,-0.00364398515531876,-0.005501847884137848
lhs-005,42,diversify,novel_slot,0.0006452412969172335,0.0011738305494692078,0.0008513606488625057
lhs-005,42,diversify,provider_balance,4.739809710062147e-05,0.0018532162997115676,0.0010314510583683061
lhs-005,42,novel_slot,provider_balance,0.0025312097634361827,0.00517687919181742,0.003855001408933198
lhs-005,43,repeat_cap,explore_slot,-0.018280442966758702,-0.014456331366394726,-0.017100892637219124
lhs-005,43,repeat_cap,tail_slot,-0.014441888706232992,-0.012113957372619302,-0.01382990993096194
lhs-005,43,repeat_cap,diversify,-0.0003432267999950943,0.0009150216730593316,0.00033333704888919495
lhs-005,43,repeat_cap,novel_slot,-0.01497775699564018,-0.008937239292085095,-0.011581780667289546
lhs-005,43,repeat_cap,provider_balance,-0.004253100524205027,0.0012591177911709514,-0.0007802241080013174
lhs-005,43,explore_slot,tail_slot,-0.0013809633082950174,0.0012113889283625816,-0.00028294036209428215
lhs-005,43,explore_slot,diversify,-0.003078408065746861,-0.002187127028537897,-0.002557986515052151
lhs-005,43,explore_slot,novel_slot,-0.0008024009738253665,0.0022208720631335917,0.0002327185146244072
lhs-005,43,explore_slot,provider_balance,-0.003074346754094212,-0.0015873784158282524,-0.0020329577975511035
lhs-005,43,tail_slot,diversify,-0.003210344053239338,-0.0015876861551459042,-0.002418733369799013
lhs-005,43,tail_slot,novel_slot,-0.0034783281434068113,-0.0006378560389430476,-0.002422113710453296
lhs-005,43,tail_slot,provider_balance,-0.00935176264089143,-0.004405604121231501,-0.006003095519186624
lhs-005,43,diversify,novel_slot,-7.226447312671158e-06,0.0015054221797249278,0.0008861282533461802
lhs-005,43,diversify,provider_balance,5.044315737637387e-05,0.0019523822639533179,0.0007472575768780311
lhs-005,43,novel_slot,provider_balance,0.00010293829382122745,0.005314586404863234,0.0024121002920361595
lhs-005,44,repeat_cap,explore_slot,-0.017552599482227992,-0.013939272626273168,-0.01651240145174943
lhs-005,44,repeat_cap,tail_slot,-0.015340597795809478,-0.012139397140301376,-0.01349136278965281
lhs-005,44,repeat_cap,diversify,-0.0015765552609320985,0.0017395744773405248,-2.738166786587495e-05
lhs-005,44,repeat_cap,novel_slot,-0.015935779310623847,-0.008435924740436777,-0.012205880644531823
lhs-005,44,repeat_cap,provider_balance,-0.0011210655804463868,0.00339770052404432,0.0008963325090874292
lhs-005,44,explore_slot,tail_slot,-0.0021021197210801834,0.0006686441321901153,-0.0009367718183493441
lhs-005,44,explore_slot,diversify,-0.0032210649696519716,-0.0015793921977198782,-0.0023887699200654273
lhs-005,44,explore_slot,novel_slot,-0.0018297347832461632,0.0002196802570505096,-0.0008352052692211578
lhs-005,44,explore_slot,provider_balance,-0.002059630879269444,-0.0010417103138955738,-0.0015542495522352306
lhs-005,44,tail_slot,diversify,-0.0026600872006618593,-0.0007469816896505317,-0.0016501923711977843
lhs-005,44,tail_slot,novel_slot,-0.0035989663914105766,-0.001728891047116197,-0.0028188484476707742
lhs-005,44,tail_slot,provider_balance,-0.007419585887677471,-0.00470663854142188,-0.005726607310984394
lhs-005,44,diversify,novel_slot,-0.0003295115469092734,0.0016941693378945302,0.0008717279057184218
lhs-005,44,diversify,provider_balance,0.00037272359571452365,0.0023864286887565695,0.0013784259485219183
lhs-005,44,novel_slot,provider_balance,0.0013599011446805453,0.0036850920988983297,0.0023735634372037094
lhs-005,45,repeat_cap,explore_slot,-0.018303608028468345,-0.014912980858052528,-0.016824652829270686
lhs-005,45,repeat_cap,tail_slot,-0.01349351357991154,-0.011403089755731939,-0.012317877687749066
lhs-005,45,repeat_cap,diversify,-0.00035882732337242577,0.0014912154486960434,0.0007593073760590796
lhs-005,45,repeat_cap,novel_slot,-0.014263857148629468,-0.010397120199413945,-0.012898679106733332
lhs-005,45,repeat_cap,provider_balance,-0.00018596097200221465,0.0023982843365035894,0.0007332971064398525
lhs-005,45,explore_slot,tail_slot,-0.0017123028148134938,0.0003461078844622118,-0.0010522524339100312
lhs-005,45,explore_slot,diversify,-0.0028684400779444503,-0.0016998021445732369,-0.0023866507860283424
lhs-005,45,explore_slot,novel_slot,-0.0013172597340518665,-6.106864401665506e-05,-0.0006823892832047702
lhs-005,45,explore_slot,provider_balance,-0.00268970879418309,-0.0020738880080638966,-0.002396371573486737
lhs-005,45,tail_slot,diversify,-0.003587521169417357,-0.0011629809795381707,-0.002175753163751162
lhs-005,45,tail_slot,novel_slot,-0.0035739752507502665,-0.001431913788569215,-0.0027357550106625185
lhs-005,45,tail_slot,provider_balance,-0.008093996442757389,-0.005819479617274101,-0.0067394007531712576
lhs-005,45,diversify,novel_slot,-9.307064257602104e-05,0.0016312185238259234,0.0011671177324596175
lhs-005,45,diversify,provider_balance,0.0009417260091405682,0.0019586757218645633,0.0015004188869700962
lhs-005,45,novel_slot,provider_balance,0.001666600247848043,0.003480204227638051,0.0028340467202105663
lhs-005,46,repeat_cap,explore_slot,-0.018330973934072025,-0.01546656021820621,-0.016967960774115276
lhs-005,46,repeat_cap,tail_slot,-0.013903737335167829,-0.012562458948408458,-0.013097601376034225
lhs-005,46,repeat_cap,diversify,-0.0006958825675868919,0.0014661705193806406,0.0005081014161959305
lhs-005,46,repeat_cap,novel_slot,-0.01542650040521899,-0.01322017275180731,-0.014246082671032362
lhs-005,46,repeat_cap,provider_balance,-4.0708071741168105e-05,0.002996747248595404,0.0014985034744134898
lhs-005,46,explore_slot,tail_slot,-0.0012842531335399356,-0.00037089182261648603,-0.0008567539071049781
lhs-005,46,explore_slot,diversify,-0.0025769662331804047,-0.0018603465185715905,-0.0021621875251819364
lhs-005,46,explore_slot,novel_slot,-0.0015846085787342232,-0.00041225110976661277,-0.001113347498615531
lhs-005,46,explore_slot,provider_balance,-0.0026547015886698153,-0.0011350265692203795,-0.0015467434096352625
lhs-005,46,tail_slot,diversify,-0.0025862300652193934,-0.0013295464418092225,-0.0019616147279354354
lhs-005,46,tail_slot,novel_slot,-0.0030283904618680756,-0.0017087570054130346,-0.002568534470362563
lhs-005,46,tail_slot,provider_balance,-0.007652296256527045,-0.0030226793431674935,-0.005342911102782767
lhs-005,46,diversify,novel_slot,0.0005968632160439144,0.00156328847078446,0.0011047029019196114
lhs-005,46,diversify,provider_balance,0.0005788322059008782,0.001526405463032187,0.0011751834483363396
lhs-005,46,novel_slot,provider_balance,-7.023894975681797e-05,0.00354446403773783,0.0022585939649560596
lhs-006,42,repeat_cap,explore_slot,-0.012675970284042803,-0.011094850290895547,-0.01202437425638566
lhs-006,42,repeat_cap,tail_slot,-0.006801983021545696,-0.0022243562216320003,-0.005186091196135087
lhs-006,42,repeat_cap,diversify,-0.0009114000106915258,0.0011065504160375065,-2.7265968498221322e-05
lhs-006,42,repeat_cap,novel_slot,-0.006873690880503154,-0.0025135820264517023,-0.004795996967268455
lhs-006,42,repeat_cap,provider_balance,-0.00609409622729873,-0.004004021937630221,-0.004801750355443123
lhs-006,42,explore_slot,tail_slot,-0.0037860524804072425,-0.0009938080563505168,-0.0020232576559184832
lhs-006,42,explore_slot,diversify,-0.005378587200491068,-0.003918567875435533,-0.00481577051338134
lhs-006,42,explore_slot,novel_slot,-0.004228331696986203,-0.002091135705962199,-0.0029658483196981977
lhs-006,42,explore_slot,provider_balance,-0.00614212881504721,-0.003326090019521739,-0.004477865982632333
lhs-006,42,tail_slot,diversify,-0.003839248600340111,-0.0025193184369816475,-0.0032952194625495844
lhs-006,42,tail_slot,novel_slot,-0.008380737541432436,-0.005063149523923043,-0.006838461908275317
lhs-006,42,tail_slot,provider_balance,-0.014302689691201178,-0.008533140519655518,-0.012196301892006453
lhs-006,42,diversify,novel_slot,0.0012971904153686,0.0023924983513846946,0.0019339530833387014
lhs-006,42,diversify,provider_balance,0.0039866493214118295,0.005155929371909054,0.004790871187858758
lhs-006,42,novel_slot,provider_balance,0.0030208054402341544,0.006571575614129596,0.005473561229577399
lhs-006,43,repeat_cap,explore_slot,-0.013204166011053255,-0.009803688697647014,-0.011773150828142552
lhs-006,43,repeat_cap,tail_slot,-0.007585552589742424,-0.0047426998721189564,-0.006240511071634694
lhs-006,43,repeat_cap,diversify,-0.00040273248063906977,0.00043092073661073145,-9.648557553267074e-05
lhs-006,43,repeat_cap,novel_slot,-0.008196152771403196,-0.0047242007468986345,-0.006405274877341919
lhs-006,43,repeat_cap,provider_balance,-0.00919194932259566,-0.0025500994752519607,-0.004996554421392879
lhs-006,43,explore_slot,tail_slot,-0.0031040891172402067,0.0009990805093795182,-0.00147585341172458
lhs-006,43,explore_slot,diversify,-0.004702011829411865,-0.004327432591276563,-0.004509080500526892
lhs-006,43,explore_slot,novel_slot,-0.00424699468145957,-5.908511103019161e-05,-0.0024891214602055785
lhs-006,43,explore_slot,provider_balance,-0.005628819333800827,-0.0038241050065436965,-0.004936889904983057
lhs-006,43,tail_slot,diversify,-0.0032370327939390087,-0.0028631005016411587,-0.0030377041528475684
lhs-006,43,tail_slot,novel_slot,-0.00851499660912607,-0.004200663076986354,-0.006584487112602536
lhs-006,43,tail_slot,provider_balance,-0.015593927549033174,-0.01010373287502508,-0.012097054689249006
lhs-006,43,diversify,novel_slot,0.0005006659125673259,0.0020183934452678524,0.0012720715259998668
lhs-006,43,diversify,provider_balance,0.0034365615160305927,0.005471944963063875,0.00442840447711019
lhs-006,43,novel_slot,provider_balance,0.0025673397562789506,0.008106093585346846,0.004972817377406408
lhs-006,44,repeat_cap,explore_slot,-0.012884931758518113,-0.01070371103433432,-0.011819368921567371
lhs-006,44,repeat_cap,tail_slot,-0.007287252984755555,-0.005371408781897477,-0.006172642857025011
lhs-006,44,repeat_cap,diversify,-0.0017166757129217045,0.001126887860312402,-0.00023417824320993915
lhs-006,44,repeat_cap,novel_slot,-0.009723277973720622,-0.004608485307300888,-0.006652512184271082
lhs-006,44,repeat_cap,provider_balance,-0.004995641396975067,-0.0020586825907063485,-0.004200519627401803
lhs-006,44,explore_slot,tail_slot,-0.004118733302263548,-0.0008962374660907353,-0.00280444540064622
lhs-006,44,explore_slot,diversify,-0.005706797115040191,-0.0034792842863443953,-0.004432822618525454
lhs-006,44,explore_slot,novel_slot,-0.004128420887364283,-0.0015189984655832188,-0.003384611085792977
lhs-006,44,explore_slot,provider_balance,-0.004086193007804292,-0.0035523224377998724,-0.003815499687116906
lhs-006,44,tail_slot,diversify,-0.003501257723991416,-0.001255008387531496,-0.002327318387219766
lhs-006,44,tail_slot,novel_slot,-0.0077307766980157944,-0.005454072097065932,-0.00701155780071779
lhs-006,44,tail_slot,provider_balance,-0.013979518359271801,-0.010255022472706243,-0.01175529190955401
lhs-006,44,diversify,novel_slot,4.15457640534037e-05,0.002127827382919528,0.0015140881051884168
lhs-006,44,diversify,provider_balance,0.004168689405546011,0.006469189474015638,0.005115641338321297
lhs-006,44,novel_slot,provider_balance,0.0027825850488623176,0.006216924341946351,0.004576005267705206
lhs-006,45,repeat_cap,explore_slot,-0.012657672260584193,-0.010650154249352978,-0.012026252522732329
lhs-006,45,repeat_cap,tail_slot,-0.007449824641370482,-0.004606736272275238,-0.005830878738482205
lhs-006,45,repeat_cap,diversify,-0.0002920470367338054,0.00035587508166635826,3.23672641015654e-05
lhs-006,45,repeat_cap,novel_slot,-0.008151995086283219,-0.0051500913982881515,-0.0070449415576072615
lhs-006,45,repeat_cap,provider_balance,-0.006327924234904964,-0.003371893954016357,-0.004955870055621585
lhs-006,45,explore_slot,tail_slot,-0.003072987449096496,-0.0011454600784846225,-0.0019074364371589082
lhs-006,45,explore_slot,diversify,-0.0052875070195498065,-0.00339199826748129,-0.004477157627894003
lhs-006,45,explore_slot,novel_slot,-0.004146675739734596,-0.0022195598927557915,-0.0031140862140097278
lhs-006,45,explore_slot,provider_balance,-0.005568241098950633,-0.004771167749499401,-0.005091771614904755
lhs-006,45,tail_slot,diversify,-0.0036791194499440688,-0.001633286044657819,-0.0027972382093422966
lhs-006,45,tail_slot,novel_slot,-0.00847272099098784,-0.005477135947833804,-0.006684647403789338
lhs-006,45,tail_slot,provider_balance,-0.01593484672040399,-0.01083983744445611,-0.0126811824766338
lhs-006,45,diversify,novel_slot,0.0006558865305763953,0.0020594732520104464,0.0015652988108854834
lhs-006,45,diversify,provider_balance,0.004325335468812325,0.006951701968213795,0.005492773912249944
lhs-006,45,novel_slot,provider_balance,0.0036871167433476337,0.0056620920769889825,0.0047458195925710635
lhs-006,46,repeat_cap,explore_slot,-0.012574570573010452,-0.010331629749004681,-0.011769849405532004
lhs-006,46,repeat_cap,tail_slot,-0.0065241977074162235,-0.004959759427719593,-0.005601461553788859
lhs-006,46,repeat_cap,diversify,-0.0008216504138024074,0.0007782066189314016,-0.0002204374562041738
lhs-006,46,repeat_cap,novel_slot,-0.009170767732720337,-0.00603900255403178,-0.007724764361636037
lhs-006,46,repeat_cap,provider_balance,-0.004170126709297449,-0.0026771802500808236,-0.0035497802605952557
lhs-006,46,explore_slot,tail_slot,-0.0032156320478589264,-0.0022121131036732253,-0.002674958538848365
lhs-006,46,explore_slot,diversify,-0.00444092703569088,-0.0038478730838497946,-0.004095333603906651
lhs-006,46,explore_slot,novel_slot,-0.004968954985995588,-0.003087323917173518,-0.003795339541489456
lhs-006,46,explore_slot,provider_balance,-0.006376870022707866,-0.003769292303867957,-0.004858885503238049
lhs-006,46,tail_slot,diversify,-0.0033269306548764895,-0.0014149727760076486,-0.002392132638446771
lhs-006,46,tail_slot,novel_slot,-0.0078083457276514135,-0.005590546594324728,-0.0070999302130909546
lhs-006,46,tail_slot,provider_balance,-0.014670720054365968,-0.008144085957621876,-0.011753004435014522
lhs-006,46,diversify,novel_slot,0.0011379918962259915,0.0026140507574005743,0.0019586480070163887
lhs-006,46,diversify,provider_balance,0.004478641835280921,0.005587131330512246,0.004985315368327234
lhs-006,46,novel_slot,provider_balance,0.0018916848275465053,0.0053830858052889684,0.00400442522030784
lhs-007,42,repeat_cap,explore_slot,-0.003583622443060034,-0.002056482292925421,-0.002717163268449659
lhs-007,42,repeat_cap,tail_slot,-0.0019138380422564095,-0.0005065734686076096,-0.0014147644919870926
lhs-007,42,repeat_cap,diversify,-0.0017142936874400938,0.0001813068111984145,-0.000574177761456812
lhs-007,42,repeat_cap,novel_slot,-0.00504853917131483,-0.00266160666267898,-0.0036553222794130547
lhs-007,42,repeat_cap,provider_balance,-0.0035645144093544414,-0.0015943956239826834,-0.002457986399449154
lhs-007,42,explore_slot,tail_slot,0.0005426598658148772,0.0020332314620980854,0.0013976976562075788
lhs-007,42,explore_slot,diversify,-0.00030002496312914,-8.110234652268141e-05,-0.0001871769155301931
lhs-007,42,explore_slot,novel_slot,0.0009445349001740137,0.001989332757187954,0.0016642118716529535
lhs-007,42,explore_slot,provider_balance,-0.0006767145050870071,-0.00027701467043786865,-0.0004972123296137594
lhs-007,42,tail_slot,diversify,-0.0009501863299108545,-0.0002552753095791264,-0.0006674147062956593
lhs-007,42,tail_slot,novel_slot,-0.00028913437725865327,0.0013302224482701157,0.0003843499173195698
lhs-007,42,tail_slot,provider_balance,-0.002810583744377443,-0.001202720975348386,-0.0021665947614594033
lhs-007,42,diversify,novel_slot,0.001089435952401798,0.0016617528272853113,0.0013475410109244747
lhs-007,42,diversify,provider_balance,-0.0015291496347835268,-0.00014308373984901388,-0.0007199594935594902
lhs-007,42,novel_slot,provider_balance,0.0026587566986317145,0.006315577743571034,0.004987315930076688
lhs-007,43,repeat_cap,explore_slot,-0.00311572711807713,-0.0017565471222623793,-0.0026640821378725262
lhs-007,43,repeat_cap,tail_slot,-0.002432242121820502,-0.001363010450058508,-0.0019491469932617492
lhs-007,43,repeat_cap,diversify,-0.0007530295368087414,0.0003638848269644353,-0.00019962135989899286
lhs-007,43,repeat_cap,novel_slot,-0.004976703747836606,-0.003128096429045966,-0.004032121871026021
lhs-007,43,repeat_cap,provider_balance,-0.00534038271857625,-0.002165407854817869,-0.0032257425008103582
lhs-007,43,explore_slot,tail_slot,0.0009989299072441957,0.002264826672949579,0.0015365209792141102
lhs-007,43,explore_slot,diversify,-0.000357043112072969,-2.271652673385788e-05,-0.00015454672456174796
lhs-007,43,explore_slot,novel_slot,0.0015000472508272726,0.0029867800329649733,0.0019835986282434846
lhs-007,43,explore_slot,provider_balance,-0.0014590348425191674,-0.0001237478863302212,-0.0005792338253817762
lhs-007,43,tail_slot,diversify,-0.00038435875610332286,-7.150072529782948e-05,-0.0002303147433781169
lhs-007,43,tail_slot,novel_slot,-0.000140112312774592,0.0015548585081004902,0.0004151795982437261
lhs-007,43,tail_slot,provider_balance,-0.0038944333988721043,-0.0011764869129324389,-0.0020999844486418924
lhs-007,43,diversify,novel_slot,0.0007991878597877865,0.0018201237171894251,0.0013849647164849643
lhs-007,43,diversify,provider_balance,-0.0014790988568238472,-0.0001257958583372123,-0.0007057273328456429
lhs-007,43,novel_slot,provider_balance,0.003102041896046657,0.006493073557962617,0.0046170012119128535
lhs-007,44,repeat_cap,explore_slot,-0.0030647340781910226,-0.001613947969321807,-0.0024778083755821563
lhs-007,44,repeat_cap,tail_slot,-0.0019681701818866737,-0.0011561584201408373,-0.0017258487743298549
lhs-007,44,repeat_cap,diversify,-0.0013512144409106863,0.0002960244703702542,-0.0006199888743966315
lhs-007,44,repeat_cap,novel_slot,-0.005053752845407038,-0.0030475800362987143,-0.0041311792019718555
lhs-007,44,repeat_cap,provider_balance,-0.003576941700224829,-0.0008315600212370166,-0.002492025837468155
lhs-007,44,explore_slot,tail_slot,0.0004451917821234265,0.0015742044754496745,0.0009242355217567764
lhs-007,44,explore_slot,diversify,-0.00038220132855281883,0.00032822601535731176,-0.00014694373082099106
lhs-007,44,explore_slot,novel_slot,0.0013039742502641543,0.0017661526159817717,0.0014802258658298327
lhs-007,44,explore_slot,provider_balance,-0.0006290009649636376,0.0003892765924323333,-0.0003348460597871268
lhs-007,44,tail_slot,diversify,-0.000752268556109034,-0.0001772524646428954,-0.00034071471090523907
lhs-007,44,tail_slot,novel_slot,-0.0001438622204185065,0.00036453888754250837,0.00019287281364431492
lhs-007,44,tail_slot,provider_balance,-0.002863638991157571,-0.001296893774432617,-0.0018832491699695888
lhs-007,44,diversify,novel_slot,0.0011021797712341965,0.0021947909721699932,0.0016457402431865583
lhs-007,44,diversify,provider_balance,-0.0014320393148152082,-0.00021289527807569116,-0.0005630399915105583
lhs-007,44,novel_slot,provider_balance,0.0024059863481721874,0.006294638750125073,0.004894272545056669
lhs-007,45,repeat_cap,explore_slot,-0.003685782082697514,-0.0021599401716274817,-0.0029697954827275197
lhs-007,45,repeat_cap,tail_slot,-0.0026048097657854537,-0.0007503836741595239,-0.001746481977019707
lhs-007,45,repeat_cap,diversify,-0.0006380324225070363,0.00013978183715356677,-0.0001699176036664601
lhs-007,45,repeat_cap,novel_slot,-0.005156411024509577,-0.0028935569882546,-0.0043723224166306845
lhs-007,45,repeat_cap,provider_balance,-0.003989837527968508,-0.0016617732521862307,-0.002661857972870484
lhs-007,45,explore_slot,tail_slot,0.0006976616810340277,0.001010455421463898,0.0008325684611619434
lhs-007,45,explore_slot,diversify,-0.00071416965017053,0.0004085420292402442,-0.00022523577609383433
lhs-007,45,explore_slot,novel_slot,0.001062306836284462,0.0017872592942402973,0.0013675980704117565
lhs-007,45,explore_slot,provider_balance,-0.0014090813015412659,-0.0003364347407283114,-0.0009327982117826129
lhs-007,45,tail_slot,diversify,-0.0006202701488025552,3.173874410519478e-05,-0.00023960428313275515
lhs-007,45,tail_slot,novel_slot,-6.964737420892268e-05,0.0008093454191012419,0.0002253389521019759
lhs-007,45,tail_slot,provider_balance,-0.002653266014386476,-0.0014339829779681929,-0.0019726496581642288
lhs-007,45,diversify,novel_slot,0.0009655132818896657,0.001734709253697684,0.001398583229444971
lhs-007,45,diversify,provider_balance,-0.0011811210336186754,-0.00020166680897434523,-0.0007417355222954871
lhs-007,45,novel_slot,provider_balance,0.003482399732253134,0.00590311848752973,0.004801242589883789
lhs-007,46,repeat_cap,explore_slot,-0.003226803184566016,-0.0019389844275585063,-0.0025738927175785213
lhs-007,46,repeat_cap,tail_slot,-0.002250167293668745,-0.001315357420290443,-0.0017995581027097068
lhs-007,46,repeat_cap,diversify,-0.0006046645429310085,-2.840887717844295e-05,-0.00041954236762666757
lhs-007,46,repeat_cap,novel_slot,-0.004998615206184291,-0.004286360826383297,-0.0046667247136749366
lhs-007,46,repeat_cap,provider_balance,-0.00275759221243376,-0.0005792249587353389,-0.0021004860793038312
lhs-007,46,explore_slot,tail_slot,0.0008798228160682534,0.0013132513068149381,0.0010669519642405286
lhs-007,46,explore_slot,diversify,-0.0002863788262137938,0.0004394604822047548,2.5595717691379052e-05
lhs-007,46,explore_slot,novel_slot,0.00107119347621837,0.0017137841381213216,0.0015061857777850188
lhs-007,46,explore_slot,provider_balance,-0.0006541063390868304,-0.0001187362731013636,-0.000283762692820461
lhs-007,46,tail_slot,diversify,-0.0004359106748863518,0.0002756394438519115,-0.0001388365831823418
lhs-007,46,tail_slot,novel_slot,-0.00024370221823243792,0.0006456539682866885,0.00021109614224784127
lhs-007,46,tail_slot,provider_balance,-0.0024149305016934164,-0.0008001209744625759,-0.0018110207996811145
lhs-007,46,diversify,novel_slot,0.001141881995255606,0.0021699245532047235,0.0018083807926321384
lhs-007,46,diversify,provider_balance,-0.0007778108836945325,0.00019666969976784378,-0.00034079814317550304
lhs-007,46,novel_slot,provider_balance,0.002233440536837327,0.005660228780893717,0.003905716982380511
lhs-008,42,repeat_cap,explore_slot,-0.0031983886110645513,-0.0019442670846380758,-0.002461608137478575
lhs-008,42,repeat_cap,tail_slot,-0.0025032546960088295,-0.0008936220205871561,-0.0016764812303379701
lhs-008,42,repeat_cap,diversify,-0.00032241288776689483,0.0012996351955270788,0.0004362019885842431
lhs-008,42,repeat_cap,novel_slot,-0.004322769079043397,-0.0030876729986302584,-0.003584202713592042
lhs-008,42,repeat_cap,provider_balance,5.551115123125784e-18,2.5905203907920323e-17,1.757853122323165e-17
lhs-008,42,explore_slot,tail_slot,0.001450103187507454,0.0028826782337214524,0.002257655464877991
lhs-008,42,explore_slot,diversify,-2.5971840446382504e-05,0.0007997775017610296,0.00024370881944744174
lhs-008,42,explore_slot,novel_slot,0.0015309925608876515,0.0034287280380761297,0.0027065452681015933
lhs-008,42,explore_slot,provider_balance,-2.312964634635743e-17,1.9428902930940238e-17,-7.864079757761527e-18
lhs-008,42,tail_slot,diversify,-0.0016625352744641232,-0.000889797240915253,-0.0013492025550614615
lhs-008,42,tail_slot,novel_slot,0.0007954167043529776,0.0029638092764011775,0.001833813422519765
lhs-008,42,tail_slot,provider_balance,-2.6830389761774617e-17,2.77555756156289e-18,-1.2490009027033014e-17
lhs-008,42,diversify,novel_slot,0.0023754466513605916,0.003105759235590326,0.0027300314073996925
lhs-008,42,diversify,provider_balance,-1.5728159515523054e-17,3.23815048849004e-17,1.52655665885959e-17
lhs-008,42,novel_slot,provider_balance,-1.757853122323165e-17,-6.476300976980081e-18,-1.2490009027033013e-17
lhs-008,43,repeat_cap,explore_slot,-0.0035086011612792322,-0.0024206963772464857,-0.0029430136807639803
lhs-008,43,repeat_cap,tail_slot,-0.0031965202069274114,-0.0023034968294506834,-0.0027746510454718723
lhs-008,43,repeat_cap,diversify,-0.00046896537982564956,0.0007896041735214355,0.0003059476263636289
lhs-008,43,repeat_cap,novel_slot,-0.004488835149534607,-0.0020415070316856534,-0.0034486776799623406
lhs-008,43,repeat_cap,provider_balance,-9.25185853854297e-18,2.5905203907920326e-17,1.2027416100105866e-17
lhs-008,43,explore_slot,tail_slot,0.0008484594296469185,0.0035627202621620825,0.0019529737606632262
lhs-008,43,explore_slot,diversify,-0.00031960772259852417,7.552580323755552e-05,-0.00011970951663850956
lhs-008,43,explore_slot,novel_slot,0.0018616802547155968,0.0038241268931269385,0.0025077281460171236
lhs-008,43,explore_slot,provider_balance,-1.5728159515523057e-17,3.7932620008026195e-17,2.1279274638648838e-17
lhs-008,43,tail_slot,diversify,-0.0018170593572858842,-0.000938510047794632,-0.0013018060768392107
lhs-008,43,tail_slot,novel_slot,0.0004659543608138629,0.0031939507761206717,0.0012837840015284684
lhs-008,43,tail_slot,provider_balance,-2.312964634635743e-17,-1.572815951552305e-17,-1.8041124150158794e-17
lhs-008,43,diversify,novel_slot,0.0020901777419237016,0.0029472399946778595,0.002603018728788596
lhs-008,43,diversify,provider_balance,-2.6830389761774617e-17,3.0531133177191813e-17,-1.8503717077085907e-18
lhs-008,43,novel_slot,provider_balance,-1.7578531223231644e-17,-6.476300976980081e-18,-1.341519488088731e-17
lhs-008,44,repeat_cap,explore_slot,-0.002598260471014409,-0.0018436235300063764,-0.0023338373547129657
lhs-008,44,repeat_cap,tail_slot,-0.002504836010290459,-0.0018725212928781389,-0.0021731161221925275
lhs-008,44,repeat_cap,diversify,-0.000419520342797534,0.0009885979298080846,0.0002380734726724875
lhs-008,44,repeat_cap,novel_slot,-0.005899062582188175,-0.0035219529993650617,-0.004522165895388362
lhs-008,44,repeat_cap,provider_balance,-3.700743415417189e-18,4.070817756958908e-17,2.081668171172169e-17
lhs-008,44,explore_slot,tail_slot,0.0010163070993437948,0.0032838603372437893,0.0018840837449832157
lhs-008,44,explore_slot,diversify,-0.0007806532004580489,0.0007218714144735045,0.0001291120419840604
lhs-008,44,explore_slot,novel_slot,0.001760767638898892,0.0033155003982256745,0.002333499357636659
lhs-008,44,explore_slot,provider_balance,-3.793262000802619e-17,2.6830389761774623e-17,-4.625929269271485e-18
lhs-008,44,tail_slot,diversify,-0.0015770077987945766,-0.0003561399326435335,-0.0009045444702340927
lhs-008,44,tail_slot,novel_slot,0.0004677566336631088,0.0027060951225677176,0.0013296352529490164
lhs-008,44,tail_slot,provider_balance,-2.6830389761774617e-17,9.25185853854293e-19,-1.61907524424502e-17
lhs-008,44,diversify,novel_slot,0.0024362984391396274,0.0038149555766253127,0.003146727198903641
lhs-008,44,diversify,provider_balance,-1.0177044392397269e-17,2.6830389761774617e-17,1.3877787807814457e-17
lhs-008,44,novel_slot,provider_balance,-1.9428902930940238e-17,-8.326672684688681e-18,-1.3877787807814457e-17
lhs-008,45,repeat_cap,explore_slot,-0.0032201186671002692,-0.0014881189694522772,-0.0025595899973032805
lhs-008,45,repeat_cap,tail_slot,-0.003126970423941029,-0.0007565315868107513,-0.002051527214478923
lhs-008,45,repeat_cap,diversify,-3.725998933595635e-05,0.001345695320872418,0.0006217761279651268
lhs-008,45,repeat_cap,novel_slot,-0.004994034718464279,-0.003686126915320339,-0.004417463624999209
lhs-008,45,repeat_cap,provider_balance,-1.8503717077085934e-18,2.960594732333751e-17,1.1564823173178716e-17
lhs-008,45,explore_slot,tail_slot,0.0009051735725448013,0.002331660957135687,0.001455417451811251
lhs-008,45,explore_slot,diversify,-0.00039034171681391426,0.0008185742370725197,0.0001992971687056131
lhs-008,45,explore_slot,novel_slot,0.0016765197772570452,0.0033482762084274687,0.00238387493765137
lhs-008,45,explore_slot,provider_balance,-3.05311331771918e-17,3.978299171573479e-17,-6.938893903907226e-18
lhs-008,45,tail_slot,diversify,-0.001464325922485348,-0.00014309554782419116,-0.0008679408750594022
lhs-008,45,tail_slot,novel_slot,0.0007131855470495802,0.0029491946010368913,0.0015793430217063884
lhs-008,45,tail_slot,provider_balance,-2.1279274638648835e-17,6.4763009769800776e-18,-4.625929269271487e-18
lhs-008,45,diversify,novel_slot,0.002382338869105386,0.0034109689517666407,0.0028866438127952768
lhs-008,45,diversify,provider_balance,-2.4980018054066023e-17,3.978299171573479e-17,6.938893903907235e-18
lhs-008,45,novel_slot,provider_balance,-1.5728159515523054e-17,-2.7755575615628915e-18,-6.93889390390723e-18
lhs-008,46,repeat_cap,explore_slot,-0.0029000765121371965,-0.0018569302322212987,-0.0024478005555217974
lhs-008,46,repeat_cap,tail_slot,-0.003064439193455792,-0.0019256482102826028,-0.002280847729520305
lhs-008,46,repeat_cap,diversify,3.886166142426461e-05,0.0007622775748852729,0.0004242481688542803
lhs-008,46,repeat_cap,novel_slot,-0.005016370771965052,-0.004062852027258067,-0.004626134446134457
lhs-008,46,repeat_cap,provider_balance,5.5511151231257846e-18,3.5157062446463295e-17,1.6653345369377347e-17
lhs-008,46,explore_slot,tail_slot,0.0012051671437238094,0.002421381443002166,0.002005351724332315
lhs-008,46,explore_slot,diversify,-0.00023139344528484522,0.0005855667952473045,0.00020942727416013073
lhs-008,46,explore_slot,novel_slot,0.0018282971383350882,0.0028952648334619868,0.0023896127222537453
lhs-008,46,explore_slot,provider_balance,-1.572815951552305e-17,1.9428902930940238e-17,9.714451465470119e-18
lhs-008,46,tail_slot,diversify,-0.0019122357289378842,-0.0001961871985060566,-0.0007762116485240176
lhs-008,46,tail_slot,novel_slot,0.001381841224636126,0.0021342772957138444,0.001603112000599689
lhs-008,46,tail_slot,provider_balance,-2.6830389761774617e-17,-6.4763009769800815e-18,-1.8041124150158797e-17
lhs-008,46,diversify,novel_slot,0.0023309798867960393,0.004059217521105706,0.0031969670060739887
lhs-008,46,diversify,provider_balance,-2.4980018054066023e-17,1.942890293094024e-17,7.401486830834378e-18
lhs-008,46,novel_slot,provider_balance,-2.6830389761774617e-17,1.2027416100105863e-17,-1.572815951552305e-17
lhs-009,42,repeat_cap,explore_slot,-0.02099496712761533,-0.018956427079993836,-0.020292866436110123
lhs-009,42,repeat_cap,tail_slot,-0.016462190680463593,-0.01213339272149807,-0.014305745449939171
lhs-009,42,repeat_cap,diversify,-0.000752721192714304,0.003359881250266553,0.001380979295843087
lhs-009,42,repeat_cap,novel_slot,-0.014073833844979391,-0.006808684823978513,-0.009606967558870664
lhs-009,42,repeat_cap,provider_balance,7.828724980401644e-05,0.001864703528878139,0.0010330762752942585
lhs-009,42,explore_slot,tail_slot,-0.0015264417716678268,0.00024572712199738133,-0.00042561129012293593
lhs-009,42,explore_slot,diversify,-0.0036627103947736157,-0.0026107743886149624,-0.003164923934040736
lhs-009,42,explore_slot,novel_slot,-0.00105751680000376,-9.49827815498129e-06,-0.0005797669045070173
lhs-009,42,explore_slot,provider_balance,-0.0029236691714051868,-0.002116183554192037,-0.0024928370194499468
lhs-009,42,tail_slot,diversify,-0.0043381573971946604,-0.0028382125131862293,-0.003486079148548731
lhs-009,42,tail_slot,novel_slot,-0.004137059345514051,-0.0010560086170120033,-0.002965693347996131
lhs-009,42,tail_slot,provider_balance,-0.00885838665232455,-0.004696546740702691,-0.0072097057933834755
lhs-009,42,diversify,novel_slot,0.0008408726511988147,0.001271185350044889,0.001100243041019706
lhs-009,42,diversify,provider_balance,0.0005564061594085706,0.0025196507570943143,0.0018787905156750775
lhs-009,42,novel_slot,provider_balance,0.002274501110239628,0.0053592933884982485,0.003984685940493391
lhs-009,43,repeat_cap,explore_slot,-0.021635193841945524,-0.01790748654717593,-0.020460336133747908
lhs-009,43,repeat_cap,tail_slot,-0.017286920449241912,-0.014601126226376129,-0.016164719706503954
lhs-009,43,repeat_cap,diversify,-0.0003578738102889325,0.0016997865664944705,0.00047433131270566397
lhs-009,43,repeat_cap,novel_slot,-0.015584977156478396,-0.008771502021679426,-0.011807634901117204
lhs-009,43,repeat_cap,provider_balance,-0.0051639290812470675,0.00199391221300806,-0.00032917018247430546
lhs-009,43,explore_slot,tail_slot,-0.0014470590150546638,0.0018595036408090523,-8.842973643366915e-05
lhs-009,43,explore_slot,diversify,-0.003479489483272124,-0.0029375838074635766,-0.00323257438996142
lhs-009,43,explore_slot,novel_slot,-0.0007295567499768067,0.0020985579765454374,0.00027829214915991903
lhs-009,43,explore_slot,provider_balance,-0.0035740849448155213,-0.002475151582981123,-0.002894019068851525
lhs-009,43,tail_slot,diversify,-0.003524684452651035,-0.0020932133867675776,-0.0028905192395263443
lhs-009,43,tail_slot,novel_slot,-0.0041365591597457094,-0.0011960726495390149,-0.0027776081126915392
lhs-009,43,tail_slot,provider_balance,-0.010946009444724701,-0.005717284948848151,-0.007342146645900794
lhs-009,43,diversify,novel_slot,-0.00010788091676389877,0.0018827472076652283,0.0008428223370655135
lhs-009,43,diversify,provider_balance,0.0011457220546867335,0.003327186842272171,0.0019978608205483894
lhs-009,43,novel_slot,provider_balance,0.00020926386396120158,0.00559432594468252,0.002857717355569136
lhs-009,44,repeat_cap,explore_slot,-0.0209083752675686,-0.018423582154204376,-0.02011511235819362
lhs-009,44,repeat_cap,tail_slot,-0.016926681946264264,-0.014798359965473434,-0.015449895210409324
lhs-009,44,repeat_cap,diversify,-0.001101823743876489,0.0015283582692162396,0.00012871884428609405
lhs-009,44,repeat_cap,novel_slot,-0.0168718425344608,-0.0076415318082011,-0.01233597619721449
lhs-009,44,repeat_cap,provider_balance,0.00022003475532822648,0.0038009526874216992,0.0014247015918407268
lhs-009,44,explore_slot,tail_slot,-0.0023866577416546964,0.0005643322611248342,-0.0008105460960764706
lhs-009,44,explore_slot,diversify,-0.0039236569779917164,-0.0019381212864837199,-0.0029158394658739583
lhs-009,44,explore_slot,novel_slot,-0.0021591573414585508,0.0006775652197184693,-0.000762141255197003
lhs-009,44,explore_slot,provider_balance,-0.002355987717183722,-0.0013764815627210448,-0.0019644091224240664
lhs-009,44,tail_slot,diversify,-0.003373830989045403,-0.0015358357867682334,-0.002156483090545207
lhs-009,44,tail_slot,novel_slot,-0.004048313207837028,-0.0018899721095373494,-0.0030873350006953323
lhs-009,44,tail_slot,provider_balance,-0.009133868704820013,-0.0066815920422261905,-0.00757645133601784
lhs-009,44,diversify,novel_slot,-0.0004835371071684028,0.0016829899841216585,0.0008919052189736149
lhs-009,44,diversify,provider_balance,0.001821126960213425,0.003432499641571908,0.0026255431549143593
lhs-009,44,novel_slot,provider_balance,0.001305065956584102,0.0038124412628144475,0.0025278814543422488
lhs-009,45,repeat_cap,explore_slot,-0.022205778939596663,-0.01900200196231006,-0.020645689169831526
lhs-009,45,repeat_cap,tail_slot,-0.015778439286770238,-0.012933851346840716,-0.014163174836228202
lhs-009,45,repeat_cap,diversify,0.0004858263218649587,0.0012231970955516088,0.0008773646715299934
lhs-009,45,repeat_cap,novel_slot,-0.014630091480385465,-0.008044915077787413,-0.01242774229223154
lhs-009,45,repeat_cap,provider_balance,-0.0003747549426521413,0.002974832403005528,0.0007479274055538162
lhs-009,45,explore_slot,tail_slot,-0.001425307255597363,-0.0004884947743671695,-0.0009597125292661134
lhs-009,45,explore_slot,diversify,-0.004110640489067011,-0.001806517331545666,-0.0030772099102242406
lhs-009,45,explore_slot,novel_slot,-0.0010371378500188028,9.286287289570806e-05,-0.0005669145118277758
lhs-009,45,explore_slot,provider_balance,-0.0034131914820409665,-0.0025409789456903057,-0.003110965401529754
lhs-009,45,tail_slot,diversify,-0.004158518521971289,-0.0016818849231562314,-0.002957078421783323
lhs-009,45,tail_slot,novel_slot,-0.004433608139585575,-0.0023567921810192034,-0.0033630370422613135
lhs-009,45,tail_slot,provider_balance,-0.009867628034030696,-0.007592965571626124,-0.008573769808636448
lhs-009,45,diversify,novel_slot,-0.00041258510561653953,0.0017681551806852007,0.0011474849410693273
lhs-009,45,diversify,provider_balance,0.0017292999092955574,0.0031048571551007265,0.0022773109693029307
lhs-009,45,novel_slot,provider_balance,0.0020966063751928004,0.0032343348756837726,0.0027376490257132796
lhs-009,46,repeat_cap,explore_slot,-0.021083379504963466,-0.01899087627921609,-0.02018789107230593
lhs-009,46,repeat_cap,tail_slot,-0.015285120367527737,-0.013829584791046616,-0.014671981768941916
lhs-009,46,repeat_cap,diversify,-0.0009362390997414808,0.001441121145153165,0.0005858753562130623
lhs-009,46,repeat_cap,novel_slot,-0.015976798465689702,-0.012824970461497812,-0.014631490038547516
lhs-009,46,repeat_cap,provider_balance,-2.9876136953510784e-05,0.003871301636407858,0.002191441454300808
lhs-009,46,explore_slot,tail_slot,-0.0014299062075320461,-0.0005876763675659438,-0.0009383929303245658
lhs-009,46,explore_slot,diversify,-0.003072099087511587,-0.002316957860694863,-0.002678172434595409
lhs-009,46,explore_slot,novel_slot,-0.0017246380622156078,-0.000612565275657933,-0.0011392983486899625
lhs-009,46,explore_slot,provider_balance,-0.003307300176326537,-0.0019207099494462478,-0.0024319172514250436
lhs-009,46,tail_slot,diversify,-0.002956773809379213,-0.0013623172909377607,-0.0022471892580262598
lhs-009,46,tail_slot,novel_slot,-0.0038892295225987452,-0.0017401890747790157,-0.0030811511184208676
lhs-009,46,tail_slot,provider_balance,-0.009902259151730894,-0.004870209274479235,-0.007451903719913671
lhs-009,46,diversify,novel_slot,0.001143231064633637,0.0016587949981375187,0.0013973804187452704
lhs-009,46,diversify,provider_balance,0.0016309196743011353,0.002836145134150995,0.0020919213925295623
lhs-009,46,novel_slot,provider_balance,0.000782235690206122,0.0041776106169088036,0.002466390819363264
lhs-010,42,repeat_cap,explore_slot,-0.006866140211673959,-0.005237457918406899,-0.005842268526732372
lhs-010,42,repeat_cap,tail_slot,-0.001954261380931606,0.0030974835088164844,0.00013667611348169818
lhs-010,42,repeat_cap,diversify,-0.00021542943732790894,0.0018276347143184987,0.0007194407949571856
lhs-010,42,repeat_cap,novel_slot,-0.003046787874577562,0.0010969886657338497,-0.00105855476034386
lhs-010,42,repeat_cap,provider_balance,-0.005790312536395388,-0.004229150852821385,-0.0047745778837541475
lhs-010,42,explore_slot,tail_slot,-0.004041448693747073,-0.0010293609918868587,-0.002213674279815701
lhs-010,42,explore_slot,diversify,-0.005391038489348617,-0.004178122979979627,-0.004820268584698512
lhs-010,42,explore_slot,novel_slot,-0.004797612702698205,-0.0016868588587440091,-0.0029739364200910994
lhs-010,42,explore_slot,provider_balance,-0.00497688524416154,-0.0027963043625146853,-0.003940757942797062
lhs-010,42,tail_slot,diversify,-0.0032631112387318272,-0.0022369276504844563,-0.0026708472135395372
lhs-010,42,tail_slot,novel_slot,-0.009320020719996169,-0.00541952476913067,-0.007644651738583022
lhs-010,42,tail_slot,provider_balance,-0.01304342541824284,-0.008025278301793034,-0.011062521194045187
lhs-010,42,diversify,novel_slot,0.0016329519711076614,0.0025001143457021348,0.0021487214820973778
lhs-010,42,diversify,provider_balance,0.003870806605555583,0.00529516785687342,0.0044864562087842475
lhs-010,42,novel_slot,provider_balance,0.003559296468989445,0.00644124218807469,0.005431849934606151
lhs-010,43,repeat_cap,explore_slot,-0.0069480764291160076,-0.004634812429266405,-0.005995196479102366
lhs-010,43,repeat_cap,tail_slot,-0.003444910002434632,0.00022501069674906094,-0.0015844444028633078
lhs-010,43,repeat_cap,diversify,-0.0004366017070765949,0.0014026290931470394,0.0003486213685208003
lhs-010,43,repeat_cap,novel_slot,-0.0033165141846879537,-0.000342105901093721,-0.0018983044162003066
lhs-010,43,repeat_cap,provider_balance,-0.007720197742535873,-0.002982889523490588,-0.005199000595011893
lhs-010,43,explore_slot,tail_slot,-0.0031817279444686687,0.0009384500939179906,-0.001620650435962204
lhs-010,43,explore_slot,diversify,-0.005368294828879565,-0.004163883286659741,-0.0046159750062642
lhs-010,43,explore_slot,novel_slot,-0.0036250920903796247,-2.6462787871165978e-05,-0.0024204233321412894
lhs-010,43,explore_slot,provider_balance,-0.0045165377700005,-0.003364692195661173,-0.004137633083760445
lhs-010,43,tail_slot,diversify,-0.0024342815004919152,-0.0020790505649792615,-0.0022865260681244563
lhs-010,43,tail_slot,novel_slot,-0.009124109453181917,-0.005382340844743401,-0.007224055085430425
lhs-010,43,tail_slot,provider_balance,-0.014054011635468808,-0.00891268840167967,-0.010435966606043432
lhs-010,43,diversify,novel_slot,0.0012267898595478388,0.002608228615396888,0.0017390039068201201
lhs-010,43,diversify,provider_balance,0.0034554498432548377,0.005153646777008041,0.004123691176531824
lhs-010,43,novel_slot,provider_balance,0.003660861073448851,0.007884860750144133,0.005669642843927538
lhs-010,44,repeat_cap,explore_slot,-0.0062278879965523195,-0.005568160908355129,-0.005958063747828335
lhs-010,44,repeat_cap,tail_slot,-0.0030595468805051586,-0.0002689195957524197,-0.0012042307657588733
lhs-010,44,repeat_cap,diversify,-0.0006861946383713966,0.0010457737211653098,-8.101588114976183e-05
lhs-010,44,repeat_cap,novel_slot,-0.004521935178256052,0.00020359022979449205,-0.0021404884881267567
lhs-010,44,repeat_cap,provider_balance,-0.007096107777614873,-0.0034983090124275622,-0.0049615556422918355
lhs-010,44,explore_slot,tail_slot,-0.005325963449690883,-0.0018382757873099378,-0.0033226483919630008
lhs-010,44,explore_slot,diversify,-0.00618785807709098,-0.0033709044105221134,-0.004472952561372797
lhs-010,44,explore_slot,novel_slot,-0.00409809065783295,-0.0019297685022715194,-0.0033192442563434667
lhs-010,44,explore_slot,provider_balance,-0.003808087550712402,-0.002517923553942053,-0.0033672050924565275
lhs-010,44,tail_slot,diversify,-0.0023088223816127877,-0.0011183441087439312,-0.001679965192323881
lhs-010,44,tail_slot,novel_slot,-0.008093423495532596,-0.00646277340725942,-0.007505650573183198
lhs-010,44,tail_slot,provider_balance,-0.012699561834492588,-0.009261031037453026,-0.010644712079667058
lhs-010,44,diversify,novel_slot,0.0012247850615876624,0.003650274102000646,0.0024394458151697834
lhs-010,44,diversify,provider_balance,0.0035366729549795393,0.005929678840469524,0.004755459875210494
lhs-010,44,novel_slot,provider_balance,0.004495560150672803,0.00660227624687152,0.005649969564223174
lhs-010,45,repeat_cap,explore_slot,-0.007082456127303255,-0.004901252614500317,-0.00620213063920689
lhs-010,45,repeat_cap,tail_slot,-0.003461106343718425,0.0008807122725533765,-0.0012143850523462217
lhs-010,45,repeat_cap,diversify,-7.359464575231368e-05,0.000799709383608257,0.0002532983818348654
lhs-010,45,repeat_cap,novel_slot,-0.003064535699758499,7.443503626183346e-05,-0.002196491496456312
lhs-010,45,repeat_cap,provider_balance,-0.007992350618172828,-0.0032545650924225237,-0.005596732003969479
lhs-010,45,explore_slot,tail_slot,-0.0036425537886171535,-0.0011670142707088012,-0.0024204624830473313
lhs-010,45,explore_slot,diversify,-0.005302945149198886,-0.0032558484622513396,-0.004561457309889894
lhs-010,45,explore_slot,novel_slot,-0.003257762943768377,-0.0014528248247301346,-0.0024990071374497718
lhs-010,45,explore_slot,provider_balance,-0.00523559284526306,-0.004161227622594755,-0.004483544281253473
lhs-010,45,tail_slot,diversify,-0.003113257242152488,-0.001828598211449308,-0.002461519811121955
lhs-010,45,tail_slot,novel_slot,-0.008841826543774547,-0.006521623301670839,-0.007254776662864813
lhs-010,45,tail_slot,provider_balance,-0.014062299552296764,-0.009616697790502369,-0.011388189174215142
lhs-010,45,diversify,novel_slot,0.0009047498306779976,0.0034038040091669483,0.002174277020937706
lhs-010,45,diversify,provider_balance,0.0037270966832739067,0.0068478179766051995,0.005143077708353709
lhs-010,45,novel_slot,provider_balance,0.005363413382113281,0.006568194979526465,0.005943745960089584
lhs-010,46,repeat_cap,explore_slot,-0.006492464048048936,-0.005180853186366741,-0.005851522083055544
lhs-010,46,repeat_cap,tail_slot,-0.0017258342063505654,0.0009919826004782912,-0.0007383603519455469
lhs-010,46,repeat_cap,diversify,-0.00014898063604294368,0.0009585750105084983,0.0005753158622685808
lhs-010,46,repeat_cap,novel_slot,-0.0036421202816506594,-0.0012830835624036358,-0.0024371309086309418
lhs-010,46,repeat_cap,provider_balance,-0.005205804622157632,-0.0026721653175914724,-0.0038015063378426034
lhs-010,46,explore_slot,tail_slot,-0.0030919718003594677,-0.002512318343667836,-0.002879330812012591
lhs-010,46,explore_slot,diversify,-0.0039796801853216315,-0.0038470861040236517,-0.0038976885674784035
lhs-010,46,explore_slot,novel_slot,-0.004481193289283481,-0.002762783541800972,-0.003371731427697612
lhs-010,46,explore_slot,provider_balance,-0.005198786823772004,-0.0038779333264144754,-0.004474644480805246
lhs-010,46,tail_slot,diversify,-0.00260537617974172,-0.0010810350028159024,-0.001872092928455057
lhs-010,46,tail_slot,novel_slot,-0.00883188032569153,-0.006601165548611703,-0.0077800980924760555
lhs-010,46,tail_slot,provider_balance,-0.013830499348896387,-0.007950025790667704,-0.010829726684601863
lhs-010,46,diversify,novel_slot,0.001770706700374423,0.003004886989619094,0.0023880068588847583
lhs-010,46,diversify,provider_balance,0.003959568489493843,0.004962919729464755,0.004436634674548462
lhs-010,46,novel_slot,provider_balance,0.0035501703036310266,0.0056776945935804604,0.004862344207451773
lhs-011,42,repeat_cap,explore_slot,-0.014401888291751605,-0.011475040564871183,-0.012686051844401691
lhs-011,42,repeat_cap,tail_slot,-0.008879689654923736,-0.006131186342399097,-0.007784869143713546
lhs-011,42,repeat_cap,diversify,-0.001986751559777507,0.0017495264818690774,-2.9597861607450393e-05
lhs-011,42,repeat_cap,novel_slot,-0.009801342089191789,-0.005703027395058856,-0.007710863014844751
lhs-011,42,repeat_cap,provider_balance,-0.0024740601835787253,-0.0005205654756931259,-0.001631470362494129
lhs-011,42,explore_slot,tail_slot,-0.003909891494931487,-0.0026590532829024647,-0.0031797601045785956
lhs-011,42,explore_slot,diversify,-0.0046004294195221875,-0.003445766123405746,-0.004021248565004163
lhs-011,42,explore_slot,novel_slot,-0.0052470107155392805,-0.0023784889007391857,-0.0032960888421305736
lhs-011,42,explore_slot,provider_balance,-0.0028167307443607826,-0.0010939241043135205,-0.0020489113175841843
lhs-011,42,tail_slot,diversify,-0.004911914819596889,-0.003658155835840827,-0.004226206633959052
lhs-011,42,tail_slot,novel_slot,-0.008492696982569423,-0.0045286008552858255,-0.006572034454897808
lhs-011,42,tail_slot,provider_balance,-0.0075150073827370085,-0.0030748054191210216,-0.0056620954136229135
lhs-011,42,diversify,novel_slot,0.0013240252501094917,0.0019274908056089934,0.0016992261281761156
lhs-011,42,diversify,provider_balance,0.001480900380010217,0.001891172913873839,0.0017156613775422306
lhs-011,42,novel_slot,provider_balance,0.0021775706665599255,0.004864226182205256,0.003743091637302209
lhs-011,43,repeat_cap,explore_slot,-0.013742032894897145,-0.010854618625532718,-0.012753150850538898
lhs-011,43,repeat_cap,tail_slot,-0.009346387152580238,-0.007661100845200707,-0.008877675165704375
lhs-011,43,repeat_cap,diversify,-0.0017461126285885484,0.00031101882766499485,-0.0002536234987109249
lhs-011,43,repeat_cap,novel_slot,-0.012353990789781942,-0.006900268712354056,-0.009071713303293533
lhs-011,43,repeat_cap,provider_balance,-0.0028911826083016963,5.5149347030802745e-05,-0.001550549230824579
lhs-011,43,explore_slot,tail_slot,-0.004757976386965877,3.763600805579455e-05,-0.00295375604866601
lhs-011,43,explore_slot,diversify,-0.005136467550121409,-0.004015928573473352,-0.004554109866308576
lhs-011,43,explore_slot,novel_slot,-0.0048000033870896,0.0006111157155758665,-0.0028772975788156087
lhs-011,43,explore_slot,provider_balance,-0.0033775937922441864,-0.0023256517548169466,-0.0028399572772146524
lhs-011,43,tail_slot,diversify,-0.004229742150070194,-0.0023632007245312924,-0.003554004989821547
lhs-011,43,tail_slot,novel_slot,-0.00794410923490355,-0.0042926981307524585,-0.006384215272964332
lhs-011,43,tail_slot,provider_balance,-0.009802841929903524,-0.004846372227160374,-0.0063056164125254825
lhs-011,43,diversify,novel_slot,8.158343243102185e-05,0.002529987162240504,0.0012142315537233214
lhs-011,43,diversify,provider_balance,0.0006071132232695007,0.002314561728122101,0.0014445059043311234
lhs-011,43,novel_slot,provider_balance,0.0004571761691663729,0.005205970351696463,0.002692927546296107
lhs-011,44,repeat_cap,explore_slot,-0.01276006557630759,-0.009866410771986642,-0.011778618619700178
lhs-011,44,repeat_cap,tail_slot,-0.010208019930687205,-0.0077535045568277354,-0.008618310018436638
lhs-011,44,repeat_cap,diversify,-0.002565678368667477,0.0017310991693335084,-0.00026068899225013115
lhs-011,44,repeat_cap,novel_slot,-0.01266314266092924,-0.0069721388373314395,-0.00972638698529156
lhs-011,44,repeat_cap,provider_balance,-0.0019045882244646687,0.0007201176754579785,-0.000742633084297667
lhs-011,44,explore_slot,tail_slot,-0.005838689156963563,-0.002296404093151904,-0.004470413891361189
lhs-011,44,explore_slot,diversify,-0.0057639270622843325,-0.0026376270089161287,-0.004086356714827352
lhs-011,44,explore_slot,novel_slot,-0.0048472206177788855,-0.002965633411237183,-0.004134842829430994
lhs-011,44,explore_slot,provider_balance,-0.0026649321170933273,-0.0016068619216828292,-0.0020941914012370146
lhs-011,44,tail_slot,diversify,-0.004837348017865,-0.002040065004742464,-0.0032911518275493094
lhs-011,44,tail_slot,novel_slot,-0.007444897987708952,-0.005596691853384874,-0.006815054486559955
lhs-011,44,tail_slot,provider_balance,-0.00840279977159733,-0.0041800646470911765,-0.005950326377527321
lhs-011,44,diversify,novel_slot,0.0006723491319078729,0.0023289170944868105,0.0014384084812702758
lhs-011,44,diversify,provider_balance,0.0014778289124325846,0.0034897620700632907,0.002235616585902176
lhs-011,44,novel_slot,provider_balance,0.0011599145575160517,0.0034146216317186345,0.002561090034796049
lhs-011,45,repeat_cap,explore_slot,-0.013200596952954056,-0.0108181214101512,-0.012085916558880631
lhs-011,45,repeat_cap,tail_slot,-0.00974103676384234,-0.005709417144053142,-0.007619716771783258
lhs-011,45,repeat_cap,diversify,0.0007547474652446152,0.0014935648424627798,0.001023468481360196
lhs-011,45,repeat_cap,novel_slot,-0.010535288354200227,-0.008460975398498502,-0.009694734976751985
lhs-011,45,repeat_cap,provider_balance,-0.0010497805179681167,0.001595742704272607,0.0003312446708977335
lhs-011,45,explore_slot,tail_slot,-0.004996045220140551,-0.002045017497620369,-0.003830777532163468
lhs-011,45,explore_slot,diversify,-0.005522714513094174,-0.003975619377405187,-0.00456991602755201
lhs-011,45,explore_slot,novel_slot,-0.004421621316549553,-0.0028667574404101616,-0.003837139239352349
lhs-011,45,explore_slot,provider_balance,-0.0030910030197222964,-0.002415312167491335,-0.002713089156483726
lhs-011,45,tail_slot,diversify,-0.005109283562948299,-0.001423608293752592,-0.0034684929042871956
lhs-011,45,tail_slot,novel_slot,-0.008019449334525922,-0.005859271218318982,-0.006802563372440256
lhs-011,45,tail_slot,provider_balance,-0.009328114906521549,-0.00470711208142521,-0.006775885561350384
lhs-011,45,diversify,novel_slot,-6.089293265575655e-05,0.002129653000792843,0.0013415547341452609
lhs-011,45,diversify,provider_balance,0.0018424780900745943,0.003951595061064007,0.0026099003977364844
lhs-011,45,novel_slot,provider_balance,0.0019577127092594063,0.0034669841122350084,0.0026857288904484056
lhs-011,46,repeat_cap,explore_slot,-0.014739871999262617,-0.010916804177438438,-0.01275680600012306
lhs-011,46,repeat_cap,tail_slot,-0.008811306389870327,-0.008029774409273988,-0.008406627153126987
lhs-011,46,repeat_cap,diversify,-0.0009003689483678673,0.0014674166793613571,0.0003305065085874069
lhs-011,46,repeat_cap,novel_slot,-0.012498547089902508,-0.008725721752295123,-0.011102598696929823
lhs-011,46,repeat_cap,provider_balance,-0.0013464965214511604,0.001993305705808086,8.793699187845496e-05
lhs-011,46,explore_slot,tail_slot,-0.004239089069323021,-0.003373030096320064,-0.0037270367129775533
lhs-011,46,explore_slot,diversify,-0.003867792415334669,-0.003339758466718232,-0.003716988875845899
lhs-011,46,explore_slot,novel_slot,-0.005175035572717948,-0.0034102928933244054,-0.004344978556304959
lhs-011,46,explore_slot,provider_balance,-0.0031012203361091752,-0.001616442222425978,-0.002168388960930753
lhs-011,46,tail_slot,diversify,-0.0035303410305124777,-0.0020838881108732575,-0.0030764830047628434
lhs-011,46,tail_slot,novel_slot,-0.007771036655310476,-0.005445700034557499,-0.007079147325028294
lhs-011,46,tail_slot,provider_balance,-0.009136461700256362,-0.0029673567727135325,-0.005791935039501233
lhs-011,46,diversify,novel_slot,0.00043491693055772575,0.0024349503421157766,0.0015631140155853082
lhs-011,46,diversify,provider_balance,0.0013429827678867728,0.002897928953839423,0.002001323181728462
lhs-011,46,novel_slot,provider_balance,0.0005801042280115284,0.0029736191390976356,0.0021139474340380942
lhs-012,42,repeat_cap,explore_slot,9.996493531300626e-05,0.000572163779376301,0.00032245898442805716
lhs-012,42,repeat_cap,tail_slot,0.00022414024943514241,0.0005260286801911661,0.0003519079893593379
lhs-012,42,repeat_cap,diversify,-0.00021043291240488795,0.0003379536705705418,6.867220245215061e-05
lhs-012,42,repeat_cap,novel_slot,-0.0001448594227501552,0.00011863108353907346,1.0492152734665573e-05
lhs-012,42,repeat_cap,provider_balance,-0.00034768495673190194,0.0003974176929117492,9.217972717445687e-05
lhs-012,42,explore_slot,tail_slot,0.0015370206269708004,0.002692309211976756,0.0021333012305758746
lhs-012,42,explore_slot,diversify,0.00042413973912650937,0.0007114794597958421,0.0005461445607014971
lhs-012,42,explore_slot,novel_slot,0.0014477125496451353,0.002855379694742223,0.0024739053903004705
lhs-012,42,explore_slot,provider_balance,3.848814466767084e-05,0.00040665103010681847,0.00019061465594805344
lhs-012,42,tail_slot,diversify,-0.00017637759458749013,0.0002227306418490967,-1.1098724629494488e-05
lhs-012,42,tail_slot,novel_slot,0.0009689336354490605,0.0024221845580184504,0.0015843896358588823
lhs-012,42,tail_slot,provider_balance,-0.0004731665827726745,0.0003214089393772573,-5.305957659873563e-05
lhs-012,42,diversify,novel_slot,0.0016190615268071736,0.0018990731419603578,0.0017183367465364537
lhs-012,42,diversify,provider_balance,-0.0024526223538912876,-0.001320629380203501,-0.001788401655098876
lhs-012,42,novel_slot,provider_balance,0.0029789341452187996,0.007657423949211264,0.006034434006426104
lhs-012,43,repeat_cap,explore_slot,0.00013239125403371744,0.0004905535495052783,0.0003385635604457047
lhs-012,43,repeat_cap,tail_slot,5.374886099664132e-05,0.0005328901733396683,0.0002948336105241589
lhs-012,43,repeat_cap,diversify,0.00014140463367928553,0.00030175253038433787,0.0002423732041683377
lhs-012,43,repeat_cap,novel_slot,8.986490755361342e-05,0.0005718847305153088,0.00026673992661352495
lhs-012,43,repeat_cap,provider_balance,-0.00013742157210656545,0.00020366696137541038,-4.009721134904433e-05
lhs-012,43,explore_slot,tail_slot,0.0013523829127739502,0.0028414528309174064,0.002210722086462913
lhs-012,43,explore_slot,diversify,0.00015347480850920188,0.0005356998231853335,0.0004126881793970157
lhs-012,43,explore_slot,novel_slot,0.0020400061960854318,0.0028334764821358596,0.002415749436476848
lhs-012,43,explore_slot,provider_balance,-0.0013156567390976027,0.0006151443217582421,-0.00028707304765425803
lhs-012,43,tail_slot,diversify,1.4929774918176535e-05,0.0008033223079345139,0.00030866393967132386
lhs-012,43,tail_slot,novel_slot,0.0012165111263582763,0.002390118078346338,0.0016447570764198287
lhs-012,43,tail_slot,provider_balance,-0.0010765647985879173,0.0007310755294311678,7.62370172040098e-05
lhs-012,43,diversify,novel_slot,0.001278259747675346,0.002212912377036552,0.00172753091189643
lhs-012,43,diversify,provider_balance,-0.0023445027272292677,-0.0016860594369966287,-0.0020197173714049913
lhs-012,43,novel_slot,provider_balance,0.004169583299993904,0.00831153442087721,0.005960953438109989
lhs-012,44,repeat_cap,explore_slot,0.00033072693926717396,0.0005506993622456686,0.00042958102779005656
lhs-012,44,repeat_cap,tail_slot,0.0003365971092326883,0.0006254614404828321,0.00048507138143243415
lhs-012,44,repeat_cap,diversify,-0.00045504459165016846,0.00038751915218290616,-6.754132554491151e-05
lhs-012,44,repeat_cap,novel_slot,0.00019860420779237354,0.0006476727707461097,0.0004040956756829251
lhs-012,44,repeat_cap,provider_balance,-0.0006799534636825414,0.00047955348630029275,-6.449880027648854e-05
lhs-012,44,explore_slot,tail_slot,0.0021346488286931465,0.0021996341500064454,0.0021773382520121447
lhs-012,44,explore_slot,diversify,0.00021608163101904205,0.0007443540489536512,0.0005403082353318277
lhs-012,44,explore_slot,novel_slot,0.002084058213294278,0.002753398547133585,0.0023887653644986116
lhs-012,44,explore_slot,provider_balance,-0.0001775926364109495,0.000777621497831511,0.0002959395662088467
lhs-012,44,tail_slot,diversify,-0.00017357860988124384,0.0005055237568298548,0.00017982361047535437
lhs-012,44,tail_slot,novel_slot,0.0007911484992318206,0.0014426098880892923,0.0012064908383921066
lhs-012,44,tail_slot,provider_balance,-0.00043294749790152674,0.000496495999364278,-7.138556119333877e-05
lhs-012,44,diversify,novel_slot,0.0016545244080547212,0.002898091741517257,0.002228926674156409
lhs-012,44,diversify,provider_balance,-0.002204896763427803,-0.0014756550963506312,-0.0018177251552530841
lhs-012,44,novel_slot,provider_balance,0.0035056831270748666,0.007520195574923416,0.006025456806396082
lhs-012,45,repeat_cap,explore_slot,0.00011703230606302056,0.00055497254619561,0.0003274906569126837
lhs-012,45,repeat_cap,tail_slot,0.00010108013967748312,0.0006075266354279158,0.00037272522134638536
lhs-012,45,repeat_cap,diversify,-1.5464525595415555e-05,0.0003148619995787269,0.0001110573880402528
lhs-012,45,repeat_cap,novel_slot,-0.0002441793218670098,0.0004387385428605627,5.6288325844660716e-05
lhs-012,45,repeat_cap,provider_balance,-0.0005823419664703946,0.0008250880955241431,0.00010019279197723974
lhs-012,45,explore_slot,tail_slot,0.0016787333135033788,0.002347133161656631,0.0020498621611863693
lhs-012,45,explore_slot,diversify,-0.00024085170303512576,0.0008657095027151137,0.0004282831710824853
lhs-012,45,explore_slot,novel_slot,0.0019287785183660618,0.0028513385908225707,0.0023608615688553046
lhs-012,45,explore_slot,provider_balance,-0.00047258924714049333,0.0006884632242474737,0.00013181957928886057
lhs-012,45,tail_slot,diversify,3.595443157976738e-05,0.0006292470377437539,0.00028305540072816326
lhs-012,45,tail_slot,novel_slot,0.0014983980656929417,0.002173358038183873,0.0017144095854584227
lhs-012,45,tail_slot,provider_balance,-0.00020420529009140375,0.00033026728093171477,6.284828320576862e-05
lhs-012,45,diversify,novel_slot,0.0016390735459039171,0.0023820946589823613,0.002010201015413255
lhs-012,45,diversify,provider_balance,-0.002515136283610588,-0.0017977552047559373,-0.0021816988536392406
lhs-012,45,novel_slot,provider_balance,0.004964588105455207,0.007268087124744311,0.005702332879749604
lhs-012,46,repeat_cap,explore_slot,0.00022782306161094426,0.0007312555969935585,0.0004817419253152956
lhs-012,46,repeat_cap,tail_slot,8.568336316351066e-05,0.00045812742728491287,0.0002930353356301531
lhs-012,46,repeat_cap,diversify,-9.20675638024652e-05,0.0002482528133046058,9.99681243309292e-05
lhs-012,46,repeat_cap,novel_slot,-3.7150088750514e-05,0.0004704351136718475,0.00029597929639972874
lhs-012,46,repeat_cap,provider_balance,-0.0006780509719214465,0.00011104914345980063,-0.0002092724180569508
lhs-012,46,explore_slot,tail_slot,0.0018241691842698722,0.0024359863381355268,0.002060489798166405
lhs-012,46,explore_slot,diversify,0.00036723002219799135,0.0006184106891964951,0.0005240125232905059
lhs-012,46,explore_slot,novel_slot,0.0023040030723542777,0.002540448923301389,0.002407627497557013
lhs-012,46,explore_slot,provider_balance,-5.149338491259957e-05,0.000541156501253773,0.00026890655843307286
lhs-012,46,tail_slot,diversify,-5.557682607774127e-05,0.0005864342931729125,0.0002068568413195198
lhs-012,46,tail_slot,novel_slot,0.0012270816311167692,0.001990065286745619,0.0016236106428366062
lhs-012,46,tail_slot,provider_balance,-0.0006811765290382939,0.000632931326039198,-8.519890675328936e-05
lhs-012,46,diversify,novel_slot,0.0014499860192070896,0.003006178727983062,0.002369624047133761
lhs-012,46,diversify,provider_balance,-0.001904585687393488,-0.0015488333930202324,-0.0017423330806696103
lhs-012,46,novel_slot,provider_balance,0.003858168391294418,0.00615250018108267,0.00486968887920513
lhs-013,42,repeat_cap,explore_slot,-0.01908186063023171,-0.015962955064365653,-0.01775487335699785
lhs-013,42,repeat_cap,tail_slot,-0.015329832692208856,-0.010928942631490317,-0.013590690401510917
lhs-013,42,repeat_cap,diversify,-0.0012471387953709597,0.003690890101669216,0.0013768788122917536
lhs-013,42,repeat_cap,novel_slot,-0.01520918435726844,-0.008251721370310421,-0.010623568375254288
lhs-013,42,repeat_cap,provider_balance,-0.0016823046739567488,-3.433731089872512e-05,-0.000480064478038823
lhs-013,42,explore_slot,tail_slot,-0.0016910634865110706,2.391798081185885e-05,-0.000573145308638566
lhs-013,42,explore_slot,diversify,-0.00284031441370578,-0.0022157050962330685,-0.0024596430938197567
lhs-013,42,explore_slot,novel_slot,-0.001250867053240485,0.00034560872881962505,-0.0004860205131540338
lhs-013,42,explore_slot,provider_balance,-0.002516420547719086,-0.0011024666163262295,-0.0017921964609046667
lhs-013,42,tail_slot,diversify,-0.004473022300792447,-0.0023632146566230465,-0.0035063781169572222
lhs-013,42,tail_slot,novel_slot,-0.003889091650753764,-0.0008083399299495225,-0.0027954548081534202
lhs-013,42,tail_slot,provider_balance,-0.006216620235098133,-0.0024414867913197637,-0.004829308520787659
lhs-013,42,diversify,novel_slot,6.420355631721607e-05,0.0011772813688679237,0.0006574483309516721
lhs-013,42,diversify,provider_balance,0.00033480332195203285,0.002143354406213288,0.0012429882259319457
lhs-013,42,novel_slot,provider_balance,0.0021576333624105646,0.005838038573705905,0.0035787520456442693
lhs-013,43,repeat_cap,explore_slot,-0.01969059389957034,-0.015757022305443937,-0.01796841560056059
lhs-013,43,repeat_cap,tail_slot,-0.01593551294606614,-0.01390683001883827,-0.01519561773194695
lhs-013,43,repeat_cap,diversify,2.510476377183264e-05,0.0023693000053796303,0.0013052848811582686
lhs-013,43,repeat_cap,novel_slot,-0.017104261489003403,-0.0098795767123287,-0.012871028695421562
lhs-013,43,repeat_cap,provider_balance,-0.00469160536188892,0.0020266789155503413,-0.0005423234727015681
lhs-013,43,explore_slot,tail_slot,-0.0017161723058408622,0.0008561798750302071,-0.0004972362834760182
lhs-013,43,explore_slot,diversify,-0.0034791533488019452,-0.0024412025213596924,-0.002887603880373758
lhs-013,43,explore_slot,novel_slot,-0.0010252028681458922,0.001889552867512267,5.535866107014088e-05
lhs-013,43,explore_slot,provider_balance,-0.002586766265871623,-0.0018323546606159279,-0.002157589596371532
lhs-013,43,tail_slot,diversify,-0.0031708282682924864,-0.0022633345426741123,-0.002853292522587744
lhs-013,43,tail_slot,novel_slot,-0.003970581321417348,-0.0015958335878325392,-0.0026945722545454833
lhs-013,43,tail_slot,provider_balance,-0.008384702619538739,-0.004299683765304007,-0.005507396646748762
lhs-013,43,diversify,novel_slot,-0.00031611761390147895,0.0015048818183089599,0.0006054742259079598
lhs-013,43,diversify,provider_balance,0.00046769735858975527,0.0014626248753308712,0.0008721509906574013
lhs-013,43,novel_slot,provider_balance,-0.00034156222206270726,0.0038167349570455964,0.002093499557466345
lhs-013,44,repeat_cap,explore_slot,-0.01852532889739466,-0.015227700271008109,-0.017375597422473136
lhs-013,44,repeat_cap,tail_slot,-0.01597829650132418,-0.01319776672477576,-0.014449945359828752
lhs-013,44,repeat_cap,diversify,-0.0008960266674438974,0.0010661632290277475,0.0004004395574889329
lhs-013,44,repeat_cap,novel_slot,-0.016585418126057103,-0.009513327323091132,-0.013689594196692518
lhs-013,44,repeat_cap,provider_balance,-0.0005745400321203258,0.0028115161849190497,0.00036198441576321995
lhs-013,44,explore_slot,tail_slot,-0.0029680238453052366,2.152925955641315e-05,-0.0012271486590664535
lhs-013,44,explore_slot,diversify,-0.003323194712383739,-0.0016617911580613653,-0.002479590990223282
lhs-013,44,explore_slot,novel_slot,-0.0018461266832751136,0.0003150554042078221,-0.0008103587958528722
lhs-013,44,explore_slot,provider_balance,-0.0024199272670146054,-0.0006328668763053269,-0.0013218594491511448
lhs-013,44,tail_slot,diversify,-0.0036366462871944955,-0.0017277141825356702,-0.0024966401034078227
lhs-013,44,tail_slot,novel_slot,-0.0037594545521855865,-0.002367301784928432,-0.0028630903797988096
lhs-013,44,tail_slot,provider_balance,-0.006405797926946194,-0.0048040131268937926,-0.005475783802645757
lhs-013,44,diversify,novel_slot,-0.0007272225362393977,0.0018771018032534771,0.0007582215808332106
lhs-013,44,diversify,provider_balance,0.0010340089236950706,0.0022499475843379296,0.001769509429531049
lhs-013,44,novel_slot,provider_balance,0.0008995571094651638,0.0027501098195414422,0.0017901947238763711
lhs-013,45,repeat_cap,explore_slot,-0.01891672132511223,-0.015798677130161976,-0.01759398276904483
lhs-013,45,repeat_cap,tail_slot,-0.016150100298855195,-0.012345983659277911,-0.013896586766481582
lhs-013,45,repeat_cap,diversify,2.351736551952353e-05,0.0013998834472784085,0.0008650779807525577
lhs-013,45,repeat_cap,novel_slot,-0.016044460143425154,-0.00799723962679856,-0.013178345721178656
lhs-013,45,repeat_cap,provider_balance,-0.0005896756956514462,0.0022710234095509848,0.0003325346374881828
lhs-013,45,explore_slot,tail_slot,-0.0018975385134034164,-0.000514923009293186,-0.0011564549768852592
lhs-013,45,explore_slot,diversify,-0.003913979599316052,-0.0019663557012211882,-0.002856444743022368
lhs-013,45,explore_slot,novel_slot,-0.001143836608832572,-0.00022604828245667,-0.000762782132446194
lhs-013,45,explore_slot,provider_balance,-0.0027350487844512157,-0.0014098306310388496,-0.002148017065481015
lhs-013,45,tail_slot,diversify,-0.004180038407311927,-0.001666776572331939,-0.0028382508365766557
lhs-013,45,tail_slot,novel_slot,-0.004103336516199864,-0.001837633286386632,-0.0030386534656331827
lhs-013,45,tail_slot,provider_balance,-0.007460691023521613,-0.004824330932768155,-0.005924388748890723
lhs-013,45,diversify,novel_slot,-0.0004423551736562783,0.0020512805187888985,0.0011921699133829178
lhs-013,45,diversify,provider_balance,0.0009958394194781773,0.0025071841066533034,0.0016767550772595885
lhs-013,45,novel_slot,provider_balance,0.001324909718781094,0.0027848642941597744,0.00203096329546509
lhs-013,46,repeat_cap,explore_slot,-0.018306330417028442,-0.015716236135536635,-0.017259324103153215
lhs-013,46,repeat_cap,tail_slot,-0.014677950042331505,-0.013657433349138156,-0.014061106274044957
lhs-013,46,repeat_cap,diversify,-0.001557865228419045,0.0019440208182780188,0.0005143999199243026
lhs-013,46,repeat_cap,novel_slot,-0.016536691281332352,-0.01415860611983128,-0.015445638074002767
lhs-013,46,repeat_cap,provider_balance,-0.001513047084554069,0.002964544371314723,0.0008889569859852775
lhs-013,46,explore_slot,tail_slot,-0.001749947387106183,-0.001279197288482776,-0.0014775508272077322
lhs-013,46,explore_slot,diversify,-0.002602930458328983,-0.0019884554712150866,-0.002254382264958895
lhs-013,46,explore_slot,novel_slot,-0.001941773163593279,-0.00015843367812309233,-0.0010849262116029938
lhs-013,46,explore_slot,provider_balance,-0.0019439042179200281,-0.0012555579740357325,-0.0017130345850250115
lhs-013,46,tail_slot,diversify,-0.0037618871322447046,-0.0015912003112494217,-0.002729194865797172
lhs-013,46,tail_slot,novel_slot,-0.003741879460982272,-0.0016693907419219388,-0.002915513976906776
lhs-013,46,tail_slot,provider_balance,-0.006713183475640964,-0.002316130327479238,-0.004732802480970735
lhs-013,46,diversify,novel_slot,0.0005801766766638073,0.0014912726584071058,0.0009809818968842862
lhs-013,46,diversify,provider_balance,0.0004096279955543931,0.00202638369970397,0.0012938911370255913
lhs-013,46,novel_slot,provider_balance,0.000747301303163948,0.0023597785778692007,0.0017036771030662916
lhs-014,42,repeat_cap,explore_slot,-0.001582378278084626,-0.0005123570526977277,-0.0010020202906468327
lhs-014,42,repeat_cap,tail_slot,-0.0006811711795063911,-0.00023926928027793721,-0.00044665184592040756
lhs-014,42,repeat_cap,diversify,-0.000712976174112854,0.000264759246205104,-0.0001400539396125791
lhs-014,42,repeat_cap,novel_slot,-0.0021065480819109283,-0.001645525903331903,-0.0018386762335289948
lhs-014,42,repeat_cap,provider_balance,-0.0013280600616748888,-0.0006544062347196401,-0.0010623950665326857
lhs-014,42,explore_slot,tail_slot,0.0013149521503973592,0.0021744362940789323,0.0018177602670637356
lhs-014,42,explore_slot,diversify,0.0002150672729992947,0.0006760919187979536,0.0003819356603310532
lhs-014,42,explore_slot,novel_slot,0.001284858750563726,0.0026863218041938246,0.002308446258443092
lhs-014,42,explore_slot,provider_balance,-0.0001958076750674017,0.00021388579317162823,1.2919566914501132e-05
lhs-014,42,tail_slot,diversify,-0.0005155195070003589,-0.00026232770650055643,-0.00036186601721745486
lhs-014,42,tail_slot,novel_slot,0.0004856519064280048,0.002224479977396418,0.0012179519305634378
lhs-014,42,tail_slot,provider_balance,-0.0011428120967395161,-0.00023579094701400567,-0.0007319564036923614
lhs-014,42,diversify,novel_slot,0.0015951233850583029,0.002102904595748524,0.001809589373498408
lhs-014,42,diversify,provider_balance,-0.0016208613244058747,-0.001017014776984901,-0.0013135685976469011
lhs-014,42,novel_slot,provider_balance,0.002793926302712517,0.006946918861180258,0.005422262268696927
lhs-014,43,repeat_cap,explore_slot,-0.0013389691302582631,-0.0008926283972379132,-0.0010834524280963044
lhs-014,43,repeat_cap,tail_slot,-0.0008714306071634007,-0.0006337652300127739,-0.0007563633564770242
lhs-014,43,repeat_cap,diversify,-0.00026415999640270565,0.00024116937120346833,-5.3094085794165585e-05
lhs-014,43,repeat_cap,novel_slot,-0.0018852436364562265,-0.0016080071811435668,-0.0016829304362851656
lhs-014,43,repeat_cap,provider_balance,-0.001669541001731149,-0.000993497425729088,-0.0013947349056557382
lhs-014,43,explore_slot,tail_slot,0.0011256271187242827,0.002249755939039754,0.0017777362831481035
lhs-014,43,explore_slot,diversify,-5.842750509147402e-05,0.00018503119619085186,1.2761237720223398e-05
lhs-014,43,explore_slot,novel_slot,0.001995713852598885,0.002454753728661329,0.0022546014710322845
lhs-014,43,explore_slot,provider_balance,-0.0012489708567238753,5.7616031582879946e-05,-0.00039372455928264583
lhs-014,43,tail_slot,diversify,-0.0003155379007310148,0.00019122080486411085,-8.08571793059369e-05
lhs-014,43,tail_slot,novel_slot,0.0003657083833199404,0.0014323767323184493,0.0008676166390679671
lhs-014,43,tail_slot,provider_balance,-0.0022158068698059285,4.031274007025491e-05,-0.0008067477587157371
lhs-014,43,diversify,novel_slot,0.001220191851610507,0.0018312800586279716,0.0013983371267675881
lhs-014,43,diversify,provider_balance,-0.002062187790737956,-0.0014070506289169994,-0.001739522721254504
lhs-014,43,novel_slot,provider_balance,0.0033438930886415023,0.007110602698257365,0.00487079584001123
lhs-014,44,repeat_cap,explore_slot,-0.001009758929431434,-0.0007033793541248472,-0.0008601576985568709
lhs-014,44,repeat_cap,tail_slot,-0.0007551975015929236,-0.00039982233846202396,-0.0005995953331855809
lhs-014,44,repeat_cap,diversify,-0.000953159631467887,-4.480027437450498e-05,-0.0005518762119304786
lhs-014,44,repeat_cap,novel_slot,-0.002649395435329327,-0.001486434251943438,-0.0018430761907296475
lhs-014,44,repeat_cap,provider_balance,-0.0018010617639745525,-0.0007566418068411426,-0.0011818492040047758
lhs-014,44,explore_slot,tail_slot,0.0015793233674652142,0.0024909577123582226,0.0019308680840284314
lhs-014,44,explore_slot,diversify,-0.0001922461765202758,0.0009593031186969674,0.00030564030106119413
lhs-014,44,explore_slot,novel_slot,0.0016523717399307507,0.002345475582365671,0.0019810280260630538
lhs-014,44,explore_slot,provider_balance,-0.00035757069596496126,0.0005291977918986113,7.396663568304402e-05
lhs-014,44,tail_slot,diversify,-0.00015904690150701878,0.00027284482510173114,9.494873297433514e-05
lhs-014,44,tail_slot,novel_slot,0.0004943207238840193,0.0011339595204153767,0.0008327193785455878
lhs-014,44,tail_slot,provider_balance,-0.0010423096980777331,-7.840545981293212e-05,-0.000624832338903752
lhs-014,44,diversify,novel_slot,0.0018143958833136736,0.0029262920997056843,0.002249402742632251
lhs-014,44,diversify,provider_balance,-0.002262219135069246,-0.0008071817672318433,-0.0014016296832473963
lhs-014,44,novel_slot,provider_balance,0.003071968050571739,0.006760676786714146,0.005237372802660321
lhs-014,45,repeat_cap,explore_slot,-0.00153449452424562,-0.0006188239855446005,-0.0009626534879079547
lhs-014,45,repeat_cap,tail_slot,-0.0011732111019227128,0.00013661432825384697,-0.00045222915429356155
lhs-014,45,repeat_cap,diversify,-0.00016833933928147213,0.00025370497746011187,-2.701030011996592e-05
lhs-014,45,repeat_cap,novel_slot,-0.002627449668492931,-0.0016334758722205557,-0.002248834720008564
lhs-014,45,repeat_cap,provider_balance,-0.0014303701270459621,-9.977793776052568e-05,-0.0008784806738336811
lhs-014,45,explore_slot,tail_slot,0.0012660041404021134,0.0016102552225476696,0.0014477657327400585
lhs-014,45,explore_slot,diversify,-9.659554327513815e-05,0.0003860942488264178,0.0001662165705610522
lhs-014,45,explore_slot,novel_slot,0.0014731787843458891,0.002338496128850301,0.0018758599765548896
lhs-014,45,explore_slot,provider_balance,-0.0006359109959116066,0.000708930660368214,-0.00018746950244779803
lhs-014,45,tail_slot,diversify,-6.917757436415704e-05,0.0006594064089994291,0.0002694857556766471
lhs-014,45,tail_slot,novel_slot,0.0007695472849614009,0.0014389151851038388,0.0011151010769802961
lhs-014,45,tail_slot,provider_balance,-0.0014390986928137738,-0.0002565892598044998,-0.0008705068249385819
lhs-014,45,diversify,novel_slot,0.0014665845647079386,0.0020301661884709753,0.0016955790450778915
lhs-014,45,diversify,provider_balance,-0.0015606404553316995,-0.0011603375529502201,-0.0014435668215741228
lhs-014,45,novel_slot,provider_balance,0.004124466211285205,0.006341218960840885,0.005043447671953756
lhs-014,46,repeat_cap,explore_slot,-0.0012359406136288097,-0.0004691759716011851,-0.0008526485376695068
lhs-014,46,repeat_cap,tail_slot,-0.001030976770561469,-0.0005198887420548423,-0.000729108698442947
lhs-014,46,repeat_cap,diversify,-0.00034370932868215315,2.9790893063985527e-06,-0.0002384908584894319
lhs-014,46,repeat_cap,novel_slot,-0.002190305284969466,-0.0016668742820293515,-0.001977407627102332
lhs-014,46,repeat_cap,provider_balance,-0.0015240052659279265,-0.0005394246887639991,-0.0010579663941425626
lhs-014,46,explore_slot,tail_slot,0.0013419659445466667,0.0021614130143926703,0.0017907072958104587
lhs-014,46,explore_slot,diversify,-3.972871495262493e-05,0.0005455610873383179,0.00024039265962877787
lhs-014,46,explore_slot,novel_slot,0.0020314253735769245,0.0022294140923880324,0.0021562827763852723
lhs-014,46,explore_slot,provider_balance,-0.00039327784718624453,0.0003037687965714723,-5.120484521672771e-05
lhs-014,46,tail_slot,diversify,-0.0005217911422053653,0.0004291495418489999,-2.483539140592334e-05
lhs-014,46,tail_slot,novel_slot,0.0009077629221931395,0.0014893763114796049,0.0011796363357202333
lhs-014,46,tail_slot,provider_balance,-0.000860057090897054,-0.00041043186300954344,-0.0006172177050197159
lhs-014,46,diversify,novel_slot,0.0017986769328113318,0.002473855020962143,0.002111156211330293
lhs-014,46,diversify,provider_balance,-0.0012206175161942954,-0.0011286960933821284,-0.0011807836634318985
lhs-014,46,novel_slot,provider_balance,0.0032668955772973732,0.0056941628725705245,0.0045182550041536545
lhs-015,42,repeat_cap,explore_slot,-0.012789309896831089,-0.010017949587733527,-0.011683169338070558
lhs-015,42,repeat_cap,tail_slot,-0.010519002440515159,-0.007988945740482152,-0.009809810518840426
lhs-015,42,repeat_cap,diversify,0.00023218664936239304,0.004097311113034559,0.0021430245386830056
lhs-015,42,repeat_cap,novel_slot,-0.011649904914504577,-0.006542747028187558,-0.008954128534033864
lhs-015,42,repeat_cap,provider_balance,-0.0007045700632333303,0.00026924001927756687,-0.00036810696648318763
lhs-015,42,explore_slot,tail_slot,-0.0007438259814131617,0.0008403816200595208,0.00029051490852037543
lhs-015,42,explore_slot,diversify,-0.0014424365470149289,-0.0008341784720551202,-0.0011771817412387067
lhs-015,42,explore_slot,novel_slot,-0.00016690273573168458,0.0011034657841774978,0.00029056854290673926
lhs-015,42,explore_slot,provider_balance,-0.000512817525359379,3.669476677231517e-05,-0.00020103274197407883
lhs-015,42,tail_slot,diversify,-0.003734152236162768,-0.0017363845415048684,-0.002987214558428162
lhs-015,42,tail_slot,novel_slot,-0.0019833532162259367,0.0003959516578403053,-0.0008654436418046922
lhs-015,42,tail_slot,provider_balance,-0.0011153954459034664,-0.00016411022835469228,-0.0005282985630346458
lhs-015,42,diversify,novel_slot,0.0009289770282906147,0.0016310270638464624,0.0011698708111250282
lhs-015,42,diversify,provider_balance,-0.0004805708484383832,-3.8964796152630586e-05,-0.0002140169180516463
lhs-015,42,novel_slot,provider_balance,0.000638303541564179,0.0020946008444888424,0.001506418272861431
lhs-015,43,repeat_cap,explore_slot,-0.014340053685353623,-0.010305041126123465,-0.012365179054086028
lhs-015,43,repeat_cap,tail_slot,-0.013040610771977311,-0.009874561483711715,-0.011433396413015585
lhs-015,43,repeat_cap,diversify,0.00042587117298123283,0.0029844438932218474,0.0020094175215413716
lhs-015,43,repeat_cap,novel_slot,-0.014063623861927601,-0.0072454186199563,-0.010581876418746288
lhs-015,43,repeat_cap,provider_balance,-0.0008141808985479967,0.0007711185099064173,-0.00024374373119100657
lhs-015,43,explore_slot,tail_slot,-0.0008582301609775956,0.0019993863071820126,0.0004341017796839549
lhs-015,43,explore_slot,diversify,-0.0024960834379125483,-0.0014422710092122897,-0.0018701340827284938
lhs-015,43,explore_slot,novel_slot,-0.0003347869402117905,0.0027176147551096347,0.0006031179611376262
lhs-015,43,explore_slot,provider_balance,-0.0005491347143933724,9.78106121400026e-05,-0.0001627781443566269
lhs-015,43,tail_slot,diversify,-0.0032644403654065175,-0.002220041740874384,-0.002773732543198405
lhs-015,43,tail_slot,novel_slot,-0.002129515874489719,0.0011790056657499705,-0.0010458466872750685
lhs-015,43,tail_slot,provider_balance,-0.001505448859349991,-0.00029258203153119573,-0.00065619845102487
lhs-015,43,diversify,novel_slot,0.0007438672886689432,0.001882417620394902,0.001343257782546362
lhs-015,43,diversify,provider_balance,-0.0009497938492811313,-5.318983524658191e-05,-0.00042131367123113115
lhs-015,43,novel_slot,provider_balance,0.00033065016515358513,0.0021329287189707697,0.0013133552980833178
lhs-015,44,repeat_cap,explore_slot,-0.012128498935910599,-0.010029871583166348,-0.011305723264779561
lhs-015,44,repeat_cap,tail_slot,-0.011496389588005976,-0.010607147289372006,-0.01104921757034584
lhs-015,44,repeat_cap,diversify,0.0004036389885743607,0.003086481259356422,0.0020896237442947305
lhs-015,44,repeat_cap,novel_slot,-0.015928802613795905,-0.008962835043917844,-0.012014811144664843
lhs-015,44,repeat_cap,provider_balance,-0.0007283697620809992,0.00010182511367327803,-0.00028629945287599577
lhs-015,44,explore_slot,tail_slot,-0.001278240786765741,0.0012458029315870775,-0.00021448530238913553
lhs-015,44,explore_slot,diversify,-0.0027919039915390745,-0.0004593340003331069,-0.0014210771930421731
lhs-015,44,explore_slot,novel_slot,-0.0008672525441402469,0.0013108122611676257,9.444249754356486e-05
lhs-015,44,explore_slot,provider_balance,-0.0007408091005481973,0.00017318986717303935,-0.00033124842877165937
lhs-015,44,tail_slot,diversify,-0.003595270920237238,-0.0016793691720731448,-0.002398687852587369
lhs-015,44,tail_slot,novel_slot,-0.001721198681965997,-1.3297734870597701e-05,-0.001051118938571772
lhs-015,44,tail_slot,provider_balance,-0.0011676774312359677,-0.00030142049011692247,-0.0007973382636436486
lhs-015,44,diversify,novel_slot,0.0003251127654171099,0.002083467807727119,0.0013291878438332445
lhs-015,44,diversify,provider_balance,-0.0008821128052692564,-0.00016956649344204808,-0.00047090506601264113
lhs-015,44,novel_slot,provider_balance,0.0006771148301232848,0.0013544184316920662,0.0009625319061957187
lhs-015,45,repeat_cap,explore_slot,-0.013297571394634663,-0.010154847922975297,-0.011716297241615053
lhs-015,45,repeat_cap,tail_slot,-0.011805957213355686,-0.00863738612304295,-0.01031557188780767
lhs-015,45,repeat_cap,diversify,0.002188484007265044,0.003934022380148532,0.003166902573807198
lhs-015,45,repeat_cap,novel_slot,-0.0119110839555766,-0.01020611176967643,-0.011063727780798602
lhs-015,45,repeat_cap,provider_balance,-0.0007821397431883371,0.0005653410224731258,3.893280229083867e-05
lhs-015,45,explore_slot,tail_slot,-0.0009401924648140241,0.0012526618642533138,-0.0002689817217420841
lhs-015,45,explore_slot,diversify,-0.0015878928567893793,-0.0012275573628302478,-0.0014247345309355355
lhs-015,45,explore_slot,novel_slot,-0.0006069985185467927,0.0015163203773292935,0.00012088043235745452
lhs-015,45,explore_slot,provider_balance,-0.0006518849874345893,-2.017117131068354e-05,-0.0003353934953832492
lhs-015,45,tail_slot,diversify,-0.002868683153675862,-0.001426722380666056,-0.0022866549593103876
lhs-015,45,tail_slot,novel_slot,-0.0018459865835122333,0.0005254730853762593,-0.0010393578256538785
lhs-015,45,tail_slot,provider_balance,-0.0008520978940535506,-0.00023162062787844735,-0.0005648485709595618
lhs-015,45,diversify,novel_slot,0.0008627561204558813,0.0020888053459899108,0.0015518218301111162
lhs-015,45,diversify,provider_balance,-0.00012922221005718846,0.0008973176453751407,0.0002784907193954476
lhs-015,45,novel_slot,provider_balance,0.0002072789208305402,0.0015774435404062122,0.0010961738231929617
lhs-015,46,repeat_cap,explore_slot,-0.013270990442201133,-0.00981323682157134,-0.011571905624490602
lhs-015,46,repeat_cap,tail_slot,-0.011867008268305881,-0.009702537861160015,-0.010543364878698568
lhs-015,46,repeat_cap,diversify,0.0014114563698523893,0.0034684238197964534,0.002206113403921125
lhs-015,46,repeat_cap,novel_slot,-0.013473472424530184,-0.010669635951431701,-0.012375835139937279
lhs-015,46,repeat_cap,provider_balance,-0.00044738443092822344,0.00043891803595574137,4.3162016558449345e-05
lhs-015,46,explore_slot,tail_slot,-0.0006031919929049216,0.000731127186720405,1.787548753827054e-05
lhs-015,46,explore_slot,diversify,-0.0014987238180559498,-0.0003523777899846787,-0.0010816197247886115
lhs-015,46,explore_slot,novel_slot,-0.0006006092481415841,0.000542509195440147,-0.00018188803770981612
lhs-015,46,explore_slot,provider_balance,-0.0003147660356452096,1.6281649234947692e-05,-0.00014474139147263265
lhs-015,46,tail_slot,diversify,-0.002869659061458469,-0.001322402339180289,-0.0021319304468607413
lhs-015,46,tail_slot,novel_slot,-0.0017810862744337711,-0.000886535162055784,-0.0013268297944345536
lhs-015,46,tail_slot,provider_balance,-0.0005479242226954941,-3.306971825354874e-05,-0.0002999150538967034
lhs-015,46,diversify,novel_slot,0.0006029433571823274,0.002478389367798398,0.001525191772951375
lhs-015,46,diversify,provider_balance,-0.0008361337383035489,0.00022700390211909113,-0.0002811151299133114
lhs-015,46,novel_slot,provider_balance,5.371955323284032e-05,0.0017600402081530955,0.0012426910963787203
lhs-016,42,repeat_cap,explore_slot,-0.004953718040948618,-0.004286757067313317,-0.004470679477591614
lhs-016,42,repeat_cap,tail_slot,-0.0003456080042406296,0.002795979725085416,0.0017197002160808206
lhs-016,42,repeat_cap,diversify,-0.0006883933502248411,0.0018039679680383167,0.0007542482721035464
lhs-016,42,repeat_cap,novel_slot,0.0008921060816013895,0.0071223464373346285,0.004319457376905962
lhs-016,42,repeat_cap,provider_balance,-0.0031127012628344337,-0.0019466603093978962,-0.0024480901493355058
lhs-016,42,explore_slot,tail_slot,-0.004339667353382358,-0.00044237402919090153,-0.002214003822152019
lhs-016,42,explore_slot,diversify,-0.004819934633219735,-0.004279701600637742,-0.004606383278297408
lhs-016,42,explore_slot,novel_slot,-0.0047493757463233505,-0.00038733636191926784,-0.0026427547738990514
lhs-016,42,explore_slot,provider_balance,-0.0017689989437158808,-0.0008064399158339397,-0.0014374288796744645
lhs-016,42,tail_slot,diversify,-0.006087844043819137,-0.004660991531725865,-0.005429321270414929
lhs-016,42,tail_slot,novel_slot,-0.009831349898390952,-0.004341958648213127,-0.007449234741652203
lhs-016,42,tail_slot,provider_balance,-0.004469150550239035,-0.0015084556217885032,-0.002907180152389779
lhs-016,42,diversify,novel_slot,0.003130485299866733,0.0050127229917257005,0.0041362183336193055
lhs-016,42,diversify,provider_balance,0.0002905608556840358,0.0011207932668086014,0.0006779662676595391
lhs-016,42,novel_slot,provider_balance,0.0030470679607286838,0.004678072149731747,0.004019610011121851
lhs-016,43,repeat_cap,explore_slot,-0.0063187489781045564,-0.0022004152804841917,-0.004550407612451268
lhs-016,43,repeat_cap,tail_slot,-0.0020975509621286113,0.002525625858147841,-9.059449468606882e-05
lhs-016,43,repeat_cap,diversify,8.52401370677679e-05,0.0009717537784171151,0.0005179781422643409
lhs-016,43,repeat_cap,novel_slot,0.0024114102767434985,0.007132835957406016,0.0036891693547878726
lhs-016,43,repeat_cap,provider_balance,-0.002854916283523847,-0.0009525982172946458,-0.0020163194436722772
lhs-016,43,explore_slot,tail_slot,-0.0034204167908914625,0.001374638819592031,-0.00180651519399178
lhs-016,43,explore_slot,diversify,-0.005659605642212578,-0.004243023560282398,-0.004927385786616249
lhs-016,43,explore_slot,novel_slot,-0.004077406538195038,0.0011456970128389669,-0.0020265397509423968
lhs-016,43,explore_slot,provider_balance,-0.001507392033255059,-0.0008096099319375742,-0.001248523727270643
lhs-016,43,tail_slot,diversify,-0.0058569054151665755,-0.004609503321070274,-0.005023570656300932
lhs-016,43,tail_slot,novel_slot,-0.009835598460884566,-0.005211297856135149,-0.007535397657625381
lhs-016,43,tail_slot,provider_balance,-0.004089879548273352,-0.0023285972322323206,-0.003071524827566941
lhs-016,43,diversify,novel_slot,0.003350339333032348,0.0058264189935849225,0.004156878623397453
lhs-016,43,diversify,provider_balance,-0.0006969565112271522,0.0014015728789447965,0.0004577891624087995
lhs-016,43,novel_slot,provider_balance,0.0031545828101148736,0.0060150953729392435,0.004050330123338334
lhs-016,44,repeat_cap,explore_slot,-0.0048635990305982545,-0.0036893164855066668,-0.004193294619486114
lhs-016,44,repeat_cap,tail_slot,-0.0011832116594478735,0.0017900271786777102,0.00030905468625087726
lhs-016,44,repeat_cap,diversify,-0.0012530301388262964,0.0013223209104410497,-6.561595437628125e-05
lhs-016,44,repeat_cap,novel_slot,-0.0006447285838131062,0.006511557669660006,0.003104889341290066
lhs-016,44,repeat_cap,provider_balance,-0.0036343416034454934,-0.0019389871660621246,-0.0028464596470917465
lhs-016,44,explore_slot,tail_slot,-0.0049793921109702105,-0.0009471822446613018,-0.0032826530183749122
lhs-016,44,explore_slot,diversify,-0.005535251184641961,-0.00418877263603639,-0.004689710158649564
lhs-016,44,explore_slot,novel_slot,-0.004358646184774846,-0.00031770143263982575,-0.00301177603770087
lhs-016,44,explore_slot,provider_balance,-0.0018223790593337066,-0.0009600903873751277,-0.0012562798726395842
lhs-016,44,tail_slot,diversify,-0.005618145018197322,-0.003955078185439314,-0.0044874681195084115
lhs-016,44,tail_slot,novel_slot,-0.009101332531670895,-0.006978174589368554,-0.008319145740364853
lhs-016,44,tail_slot,provider_balance,-0.004274202729022519,-0.002433194082547079,-0.003098873159841345
lhs-016,44,diversify,novel_slot,0.002787783594880574,0.00554599508268092,0.0043278098710178734
lhs-016,44,diversify,provider_balance,0.0006856264406519761,0.001456584497770067,0.0011057197858611789
lhs-016,44,novel_slot,provider_balance,0.002661476844482663,0.004665790720131323,0.0035527588232859954
lhs-016,45,repeat_cap,explore_slot,-0.004471089351444821,-0.003474071213310551,-0.004034936020541506
lhs-016,45,repeat_cap,tail_slot,-0.001344512893841248,0.003517098370269962,0.0007611033854869325
lhs-016,45,repeat_cap,diversify,-0.0007537351304897737,0.002239647235865434,0.0004558856766897093
lhs-016,45,repeat_cap,novel_slot,0.0009006203265723872,0.007252387591840224,0.0031867749694365283
lhs-016,45,repeat_cap,provider_balance,-0.0029772127938760317,-0.0008718477937908963,-0.0020929561557324946
lhs-016,45,explore_slot,tail_slot,-0.0038865555129720215,-0.0007490323614017674,-0.0028343649900930802
lhs-016,45,explore_slot,diversify,-0.005507334504184216,-0.0038565365274388,-0.004806500631703445
lhs-016,45,explore_slot,novel_slot,-0.003265424217845001,-0.0012010328823768963,-0.002495751823561692
lhs-016,45,explore_slot,provider_balance,-0.0017893701039005468,-0.0009319420476504602,-0.0014689282583630705
lhs-016,45,tail_slot,diversify,-0.006167965137587981,-0.004058308024615688,-0.004881782324875239
lhs-016,45,tail_slot,novel_slot,-0.009092002224660358,-0.006666363232229926,-0.007990247405203862
lhs-016,45,tail_slot,provider_balance,-0.004875401005421364,-0.002250448153450925,-0.0035658205807715974
lhs-016,45,diversify,novel_slot,0.002571057358187221,0.0037707141816060597,0.003362953893888752
lhs-016,45,diversify,provider_balance,0.00021430687800493725,0.0019147538211144468,0.0010112820010718835
lhs-016,45,novel_slot,provider_balance,0.003088904990395078,0.005435948105299963,0.004262237180804533
lhs-016,46,repeat_cap,explore_slot,-0.005662845820046824,-0.003370784682061063,-0.004228535470118404
lhs-016,46,repeat_cap,tail_slot,-0.0010435260937910764,0.0032016509562355563,0.0009504588193733937
lhs-016,46,repeat_cap,diversify,-0.000668684299514321,0.00031404422084721473,-0.00012993085157243176
lhs-016,46,repeat_cap,novel_slot,0.0017683646242149576,0.006313264130326466,0.003391106954821928
lhs-016,46,repeat_cap,provider_balance,-0.002489160322869775,-0.0002616176375747155,-0.0017085105103256484
lhs-016,46,explore_slot,tail_slot,-0.00360012084230493,-0.0013824492842634717,-0.002961007111898565
lhs-016,46,explore_slot,diversify,-0.004535259464955064,-0.003676350971021751,-0.004170155693901233
lhs-016,46,explore_slot,novel_slot,-0.004333190538437797,-0.0012018314127130243,-0.0029032077866350888
lhs-016,46,explore_slot,provider_balance,-0.002247819595534494,-0.0007699366714386722,-0.0015216961880199268
lhs-016,46,tail_slot,diversify,-0.00485258650420417,-0.0037442271951531316,-0.004397189347575173
lhs-016,46,tail_slot,novel_slot,-0.009496125442198614,-0.005234622111542472,-0.007974706622167699
lhs-016,46,tail_slot,provider_balance,-0.004122980316339607,-0.001216912341962174,-0.0028659021612408714
lhs-016,46,diversify,novel_slot,0.004201956997437789,0.005486985774686525,0.004810371353805125
lhs-016,46,diversify,provider_balance,4.832047121714869e-05,0.001340466138877559,0.0007442339511529777
lhs-016,46,novel_slot,provider_balance,0.003293885412080903,0.004819850209799929,0.003995360337119171
lhs-017,42,repeat_cap,explore_slot,-0.02016542867970193,-0.018019894646421283,-0.019006141529091376
lhs-017,42,repeat_cap,tail_slot,-0.014426359292529223,-0.008709701555178868,-0.011561756199979994
lhs-017,42,repeat_cap,diversify,-0.0005996373893432634,0.002174970877962265,0.0007894905964678446
lhs-017,42,repeat_cap,novel_slot,-0.008655064918476712,-0.003236994583925493,-0.005641661883901175
lhs-017,42,repeat_cap,provider_balance,-0.0028059857238811555,-0.0002824702416321948,-0.0015068844227835566
lhs-017,42,explore_slot,tail_slot,-0.0009313002263177601,0.0019790817734141484,0.0009478293638722633
lhs-017,42,explore_slot,diversify,-0.0032417076977121766,-0.0022164373353586197,-0.002788289216855831
lhs-017,42,explore_slot,novel_slot,-0.0007882683542821064,0.0013192302858400244,0.00027332876854218967
lhs-017,42,explore_slot,provider_balance,-0.003476392668581166,-0.002382467197074589,-0.002763277274367054
lhs-017,42,tail_slot,diversify,-0.003560294452313159,-0.0024839041268283502,-0.0029214843830705807
lhs-017,42,tail_slot,novel_slot,-0.00391146052109451,-0.0009572544427618719,-0.0028134614912309446
lhs-017,42,tail_slot,provider_balance,-0.01097680189065901,-0.0057268731240864975,-0.008658158830345921
lhs-017,42,diversify,novel_slot,0.0008358768520749987,0.001960594015816385,0.001494831182896875
lhs-017,42,diversify,provider_balance,0.0010699993983786602,0.003353430903015982,0.002256074398190291
lhs-017,42,novel_slot,provider_balance,0.0037229894917046374,0.005909595923272062,0.005241703940744398
lhs-017,43,repeat_cap,explore_slot,-0.020413588842284978,-0.016795972153306103,-0.018920674707950853
lhs-017,43,repeat_cap,tail_slot,-0.014933319240643091,-0.012259638955394881,-0.013301928021547435
lhs-017,43,repeat_cap,diversify,-8.967166063790326e-05,0.001527404396443058,0.0005480387412160425
lhs-017,43,repeat_cap,novel_slot,-0.010272596024577006,-0.004519908614819457,-0.007369249445656959
lhs-017,43,repeat_cap,provider_balance,-0.007526998095059101,0.0011924215936585769,-0.0022007452317638187
lhs-017,43,explore_slot,tail_slot,-3.9667278868823444e-05,0.003504536713936801,0.0012871819555615922
lhs-017,43,explore_slot,diversify,-0.0037845307503129658,-0.002675698857704543,-0.003088869586830031
lhs-017,43,explore_slot,novel_slot,-0.000193241941506915,0.0029468074336402254,0.0010220061074950586
lhs-017,43,explore_slot,provider_balance,-0.004184370914614155,-0.0024863075120644534,-0.003202269576494009
lhs-017,43,tail_slot,diversify,-0.003140923643932442,-0.0021155059951446994,-0.0025985334166724943
lhs-017,43,tail_slot,novel_slot,-0.004397544116444824,-0.0004833570453317748,-0.0025449275723627733
lhs-017,43,tail_slot,provider_balance,-0.012470212098571338,-0.0067737034896715904,-0.008662262553613475
lhs-017,43,diversify,novel_slot,0.0006075173882102834,0.0021777199479670506,0.0013723484979141993
lhs-017,43,diversify,provider_balance,0.0008023067070099883,0.0027851100276437483,0.0017825388931713123
lhs-017,43,novel_slot,provider_balance,0.0021216210364728393,0.008826128241441475,0.005323432928038418
lhs-017,44,repeat_cap,explore_slot,-0.019186134583130992,-0.017874018022941623,-0.01861789847878476
lhs-017,44,repeat_cap,tail_slot,-0.014394145366559292,-0.012074164757411918,-0.012819023830941715
lhs-017,44,repeat_cap,diversify,-0.0007525197761835893,0.0016752058943882812,8.190971796014762e-05
lhs-017,44,repeat_cap,novel_slot,-0.011414311940446027,-0.003384669381908438,-0.007526202750922538
lhs-017,44,repeat_cap,provider_balance,-0.0026155632539159915,0.0023455298541689477,-0.0009856365439283687
lhs-017,44,explore_slot,tail_slot,-0.0009375026091935651,0.0019194301609632984,0.0004861315069857408
lhs-017,44,explore_slot,diversify,-0.0037089470492913178,-0.001638198614895413,-0.0027014416359813767
lhs-017,44,explore_slot,novel_slot,-0.0009241263445883844,0.001758030458765885,0.00018030746714093097
lhs-017,44,explore_slot,provider_balance,-0.002802854347299498,-0.0021706303729776845,-0.0024441675376705267
lhs-017,44,tail_slot,diversify,-0.003130351013805995,-0.0013092021305754237,-0.002024929775910632
lhs-017,44,tail_slot,novel_slot,-0.003626881802715476,-0.002073996133742775,-0.002849104594916457
lhs-017,44,tail_slot,provider_balance,-0.009782567517130539,-0.007280498927262898,-0.008421940384462197
lhs-017,44,diversify,novel_slot,-0.0004984821948511731,0.0025638064862260586,0.0014498477888915564
lhs-017,44,diversify,provider_balance,0.0012674891884571938,0.0037703832873430525,0.0025573493863484805
lhs-017,44,novel_slot,provider_balance,0.003583533999887844,0.006819455941738874,0.004999467270692495
lhs-017,45,repeat_cap,explore_slot,-0.019507682255046267,-0.018048956224533574,-0.018853858583717964
lhs-017,45,repeat_cap,tail_slot,-0.01432832268987441,-0.010643318612112526,-0.012289256026479185
lhs-017,45,repeat_cap,diversify,-0.0003278494062088356,0.0016184788911757751,0.0004126554907734886
lhs-017,45,repeat_cap,novel_slot,-0.010418371807597119,-0.0038880236719255937,-0.007971024347472995
lhs-017,45,repeat_cap,provider_balance,-0.00325101555759589,0.0009333620886524243,-0.0016009119674742257
lhs-017,45,explore_slot,tail_slot,-0.00010694777515172452,0.0014246838342720203,0.0004527089557894443
lhs-017,45,explore_slot,diversify,-0.003336957626015102,-0.0017950753539027347,-0.00286483270304429
lhs-017,45,explore_slot,novel_slot,-7.022167405905519e-05,0.0009952230541562085,0.00026425959826713015
lhs-017,45,explore_slot,provider_balance,-0.0038652652215343053,-0.003258399857307051,-0.0035904446199409683
lhs-017,45,tail_slot,diversify,-0.003533478134942078,-0.0016351713499754383,-0.00260250754296659
lhs-017,45,tail_slot,novel_slot,-0.003988829660967591,-0.001701932481143154,-0.0026861854492002558
lhs-017,45,tail_slot,provider_balance,-0.011169963914966956,-0.007706703446343161,-0.009348197358151684
lhs-017,45,diversify,novel_slot,6.670502521521538e-05,0.0023024005574262658,0.0014268772317040535
lhs-017,45,diversify,provider_balance,0.0012120848412480235,0.0034555483897949534,0.0022408141511749548
lhs-017,45,novel_slot,provider_balance,0.004257623751054419,0.006431952266833972,0.005292451474688996
lhs-017,46,repeat_cap,explore_slot,-0.0191590906264201,-0.01746175021627235,-0.0183604984421353
lhs-017,46,repeat_cap,tail_slot,-0.013165307402028209,-0.011296791318268565,-0.011985858788347318
lhs-017,46,repeat_cap,diversify,-0.0004016429166928831,0.001570757968162236,0.000544852569751033
lhs-017,46,repeat_cap,novel_slot,-0.010163305060694051,-0.007985535293387998,-0.008875826306921384
lhs-017,46,repeat_cap,provider_balance,-0.0015208208284988177,0.0020263147849277417,0.00035089088292665396
lhs-017,46,explore_slot,tail_slot,-8.605426153218438e-05,0.0007103744107898522,0.0003338697469686067
lhs-017,46,explore_slot,diversify,-0.003414182270441368,-0.0021523644520112526,-0.0027362275980858906
lhs-017,46,explore_slot,novel_slot,-0.000788470439302312,0.0005448769866036891,4.1956529331952635e-05
lhs-017,46,explore_slot,provider_balance,-0.0037452724008891288,-0.002777077867970254,-0.0030258421027655525
lhs-017,46,tail_slot,diversify,-0.0033267024112089163,-0.0016485638561496113,-0.0024015397756261755
lhs-017,46,tail_slot,novel_slot,-0.0037799866660195307,-0.0012586628112068578,-0.0027298410497785487
lhs-017,46,tail_slot,provider_balance,-0.010108329260410404,-0.005899589701885573,-0.008329482271391016
lhs-017,46,diversify,novel_slot,0.0017334987011508314,0.002386712776930994,0.002082235816496053
lhs-017,46,diversify,provider_balance,0.0012404559541921482,0.0026442481713377817,0.0018944037308699579
lhs-017,46,novel_slot,provider_balance,0.0036659654406337888,0.005468437612610327,0.0045911728605183225
lhs-018,42,repeat_cap,explore_slot,-0.018241438759715012,-0.015846105494252263,-0.016688284987553495
lhs-018,42,repeat_cap,tail_slot,-0.012961751275727913,-0.008847522686415706,-0.009977410433104555
lhs-018,42,repeat_cap,diversify,0.0009354135888334834,0.003618735189302782,0.0024177927640510266
lhs-018,42,repeat_cap,novel_slot,-0.000874428023827247,0.0038313423791536947,0.0016713759128688039
lhs-018,42,repeat_cap,provider_balance,-0.002945579121955125,-0.00103018119151975,-0.0016178510699173605
lhs-018,42,explore_slot,tail_slot,-0.0004277773967280125,0.0019241157515008692,0.001167823260644599
lhs-018,42,explore_slot,diversify,-0.002990280673299484,-0.002603688672154544,-0.002788951451037942
lhs-018,42,explore_slot,novel_slot,-0.00018414068624347931,0.0019868859251267273,0.0009604134689183727
lhs-018,42,explore_slot,provider_balance,-0.0017447435723487834,-0.0005766473532330499,-0.001409444382953665
lhs-018,42,tail_slot,diversify,-0.00410089838296315,-0.0030472424350994937,-0.0036553267146514105
lhs-018,42,tail_slot,novel_slot,-0.00431998557028572,-0.0005029368426656699,-0.002533885311100798
lhs-018,42,tail_slot,provider_balance,-0.005234845485506657,-0.002341823032390237,-0.0035872815934349673
lhs-018,42,diversify,novel_slot,0.002067081667460984,0.0038917054492171553,0.0029281699151783827
lhs-018,42,diversify,provider_balance,6.778209520648257e-05,0.0008779496903132543,0.00029039067767571715
lhs-018,42,novel_slot,provider_balance,0.0036977541966818294,0.005116812449218301,0.0046576518304261745
lhs-018,43,repeat_cap,explore_slot,-0.019627654477508714,-0.01409314217827905,-0.016949037863861822
lhs-018,43,repeat_cap,tail_slot,-0.013190559694821354,-0.00903238000597976,-0.01174845727335824
lhs-018,43,repeat_cap,diversify,0.0017038075279218095,0.002480709434718484,0.0020565818208804045
lhs-018,43,repeat_cap,novel_slot,-0.0010394186245430313,0.005641116173855477,0.0009813802850199044
lhs-018,43,repeat_cap,provider_balance,-0.0037323486548542797,-0.0004094658304732824,-0.001869493023374301
lhs-018,43,explore_slot,tail_slot,0.0001779285543154804,0.0037011115424638273,0.0014096044104461845
lhs-018,43,explore_slot,diversify,-0.0033101027551809795,-0.0025776260762460706,-0.0029256479658472225
lhs-018,43,explore_slot,novel_slot,0.0002362205114849664,0.0042305759789041785,0.0018933654096276427
lhs-018,43,explore_slot,provider_balance,-0.0016804663848864177,-0.0010273533596410565,-0.0014328600912707008
lhs-018,43,tail_slot,diversify,-0.003568662173986119,-0.002844511516142618,-0.0032050917015985386
lhs-018,43,tail_slot,novel_slot,-0.004001359339895195,-0.0006117081512457986,-0.002453774994458749
lhs-018,43,tail_slot,provider_balance,-0.005592062935232949,-0.0030846634612507716,-0.003969410565913441
lhs-018,43,diversify,novel_slot,0.001822177239961634,0.003677075586777277,0.0027257129821387028
lhs-018,43,diversify,provider_balance,-0.0005204861993600885,0.0012287140690571475,0.0002047951301117919
lhs-018,43,novel_slot,provider_balance,0.0031689730839777287,0.006660022355927736,0.004464679490574632
lhs-018,44,repeat_cap,explore_slot,-0.016827576950861334,-0.014597986036874799,-0.016178083076543448
lhs-018,44,repeat_cap,tail_slot,-0.012786228775209456,-0.00798674346378625,-0.010537082251869825
lhs-018,44,repeat_cap,diversify,0.0006166893721032618,0.003025509843521155,0.001465966905829353
lhs-018,44,repeat_cap,novel_slot,-0.003110248769010021,0.004473156817005909,0.0006741159474197118
lhs-018,44,repeat_cap,provider_balance,-0.0032585069405801966,-0.0008062578160330292,-0.002033272950571607
lhs-018,44,explore_slot,tail_slot,-0.0015633577289681285,0.0021402134384136884,0.0005538223983650632
lhs-018,44,explore_slot,diversify,-0.003683545891993088,-0.001636517936650542,-0.002538318039475567
lhs-018,44,explore_slot,novel_slot,-0.00021432646685544485,0.002379444652482583,0.0009300665899886613
lhs-018,44,explore_slot,provider_balance,-0.001777238698647032,-0.0009485154996073826,-0.0013716840625277935
lhs-018,44,tail_slot,diversify,-0.003663609999393735,-0.0023021588329556805,-0.0029016066563673933
lhs-018,44,tail_slot,novel_slot,-0.003629523209821814,-0.002290741944541336,-0.0030558395700813496
lhs-018,44,tail_slot,provider_balance,-0.00531854721906812,-0.002924964981670014,-0.004092040340098539
lhs-018,44,diversify,novel_slot,0.0014505210007733863,0.00427095098333452,0.003110912084984406
lhs-018,44,diversify,provider_balance,0.0002607251375711606,0.001380862568475839,0.0006694498620909092
lhs-018,44,novel_slot,provider_balance,0.0035321617210915626,0.005268096761014559,0.004134365970328637
lhs-018,45,repeat_cap,explore_slot,-0.01752572064225203,-0.01511567415653808,-0.016514277461097876
lhs-018,45,repeat_cap,tail_slot,-0.01234950577545849,-0.007907105916053724,-0.010413017045710547
lhs-018,45,repeat_cap,diversify,0.0008983998983071844,0.0036429998816166808,0.0020350675245310364
lhs-018,45,repeat_cap,novel_slot,-0.0022678114501948283,0.00535210640812352,0.00042505952297617797
lhs-018,45,repeat_cap,provider_balance,-0.0032322025775004455,0.00019058367968775028,-0.001447428189493308
lhs-018,45,explore_slot,tail_slot,-0.00010431643431315778,0.0019731118153117856,0.0005647504178511723
lhs-018,45,explore_slot,diversify,-0.00368933822769653,-0.0023465328522254154,-0.0030339151489222824
lhs-018,45,explore_slot,novel_slot,0.0006194266898630522,0.0017491550416747262,0.0009575073244921354
lhs-018,45,explore_slot,provider_balance,-0.002510779356587903,-0.0012429134120349647,-0.001624708613413866
lhs-018,45,tail_slot,diversify,-0.004196089490175914,-0.0017787146639087464,-0.00287747525065557
lhs-018,45,tail_slot,novel_slot,-0.004271284228085845,-0.0015329509754808009,-0.0029144375426545174
lhs-018,45,tail_slot,provider_balance,-0.006565666212985862,-0.0036784941221184196,-0.0046956695455081
lhs-018,45,diversify,novel_slot,0.0016991219808630414,0.0029307006776198297,0.0025362030945375196
lhs-018,45,diversify,provider_balance,3.330243900286729e-05,0.0017140665579605345,0.0007347999784607011
lhs-018,45,novel_slot,provider_balance,0.0036750639134542607,0.005804845281989282,0.004815112154358936
lhs-018,46,repeat_cap,explore_slot,-0.017710697120136953,-0.015405589639088505,-0.016504229038672123
lhs-018,46,repeat_cap,tail_slot,-0.01174125869378419,-0.008926019913984156,-0.010297844904623245
lhs-018,46,repeat_cap,diversify,0.0007486385327526054,0.00152317730111868,0.0010633255176636883
lhs-018,46,repeat_cap,novel_slot,-0.0015836401130656162,0.0021109306179546987,9.117471320906756e-05
lhs-018,46,repeat_cap,provider_balance,-0.0026007690511744546,0.0017252108693170173,-0.000622827616379646
lhs-018,46,explore_slot,tail_slot,-7.142441011295493e-05,0.0015722419930073697,0.0005319001859501601
lhs-018,46,explore_slot,diversify,-0.0025961576017554558,-0.0018554739061198602,-0.0022846765466060593
lhs-018,46,explore_slot,novel_slot,0.0004945968182688827,0.0020772896251618433,0.0013032850910419805
lhs-018,46,explore_slot,provider_balance,-0.0017269784886162077,-0.0010138216859939117,-0.0013729043531852084
lhs-018,46,tail_slot,diversify,-0.0029489063390457895,-0.0023934468206966964,-0.002643163403287085
lhs-018,46,tail_slot,novel_slot,-0.0030529810026575723,-0.0008588007831671425,-0.002336388895949168
lhs-018,46,tail_slot,provider_balance,-0.005548582958648766,-0.002079601959881676,-0.003934383755893594
lhs-018,46,diversify,novel_slot,0.0033927629046992393,0.004392236456108932,0.003765145987844224
lhs-018,46,diversify,provider_balance,-0.00037357529311126216,0.0008320338250414008,0.0003133784482248471
lhs-018,46,novel_slot,provider_balance,0.003766612723003045,0.004823438276541398,0.004402185934549696
lhs-019,42,repeat_cap,explore_slot,-0.005776276237024331,-0.0037537330855423336,-0.005125636382965307
lhs-019,42,repeat_cap,tail_slot,-0.0020837723771582853,-9.37250301875209e-05,-0.00119303279969187
lhs-019,42,repeat_cap,diversify,-0.00021976273168951147,0.0020348897279224877,0.0008379826091902629
lhs-019,42,repeat_cap,novel_slot,-0.004167830847451811,-0.0013403366271779037,-0.0027176935241513328
lhs-019,42,repeat_cap,provider_balance,-0.0006404392071320598,-0.0001438462465401284,-0.0003528160540849703
lhs-019,42,explore_slot,tail_slot,-0.007722066579924258,-0.0049513334646785305,-0.006155921106198605
lhs-019,42,explore_slot,diversify,-0.006112008074808214,-0.004226895277338377,-0.005347730442415673
lhs-019,42,explore_slot,novel_slot,-0.008455582987345472,-0.0043507159289669535,-0.0065787378711189
lhs-019,42,explore_slot,provider_balance,-0.0008787140035362074,4.5993596692769005e-05,-0.0002508189352796569
lhs-019,42,tail_slot,diversify,-0.00738946749863126,-0.005414241381008266,-0.006495114961000191
lhs-019,42,tail_slot,novel_slot,-0.011578283574347474,-0.00632064830443921,-0.009286044016490302
lhs-019,42,tail_slot,provider_balance,-0.001306570616796994,0.00022414200126719916,-0.0003928772496596019
lhs-019,42,diversify,novel_slot,0.0035381160357615188,0.0041559265682153115,0.003912675904908629
lhs-019,42,diversify,provider_balance,-0.00016021522669242098,5.289996401967967e-05,-9.961197031417104e-05
lhs-019,42,novel_slot,provider_balance,-7.357336230328868e-05,0.0012488563958804246,0.0006821336943349128
lhs-019,43,repeat_cap,explore_slot,-0.006084163142751792,-0.004014254035354839,-0.005291230226090078
lhs-019,43,repeat_cap,tail_slot,-0.0030803594864123288,-0.0020885103049627903,-0.002701344975612644
lhs-019,43,repeat_cap,diversify,0.0002727989017542357,0.0016144576775589759,0.0009555394401096813
lhs-019,43,repeat_cap,novel_slot,-0.00484869415832524,-0.0020402986231284736,-0.003497386161894383
lhs-019,43,repeat_cap,provider_balance,-4.28094180789725e-05,0.00012666907697540992,2.0846283106234812e-05
lhs-019,43,explore_slot,tail_slot,-0.008399313598180986,-0.002107067495640445,-0.0061903213657563344
lhs-019,43,explore_slot,diversify,-0.006191981580296172,-0.0052140950816019875,-0.005723350000037471
lhs-019,43,explore_slot,novel_slot,-0.009244200619229141,-0.001048593445334589,-0.006519035495217176
lhs-019,43,explore_slot,provider_balance,-0.000639904234222353,0.0003257255408985906,-8.201826578907749e-05
lhs-019,43,tail_slot,diversify,-0.006774359781468598,-0.005535660817441574,-0.00625345707451836
lhs-019,43,tail_slot,novel_slot,-0.0108502209517496,-0.0032589243156586926,-0.008741369276634908
lhs-019,43,tail_slot,provider_balance,-0.0004378987312419596,-8.077141681500134e-05,-0.0002735230105947134
lhs-019,43,diversify,novel_slot,0.0012426170365137474,0.004571606880458299,0.002990918083587154
lhs-019,43,diversify,provider_balance,-0.0009203198351295165,2.8467560209130614e-08,-0.0003590419250027103
lhs-019,43,novel_slot,provider_balance,-0.000598310992547516,0.0009233888805635522,0.0002834322863544211
lhs-019,44,repeat_cap,explore_slot,-0.005447943510862961,-0.0038391615480383038,-0.004894349331550218
lhs-019,44,repeat_cap,tail_slot,-0.002954452993097872,-0.0009435379925965273,-0.002118464803674238
lhs-019,44,repeat_cap,diversify,-0.0004232528056966709,0.0018605050844644334,0.0007675896337255664
lhs-019,44,repeat_cap,novel_slot,-0.006443396219806111,-0.0031394484754282722,-0.004217500192546968
lhs-019,44,repeat_cap,provider_balance,-0.0008601172401455674,0.000107546035146619,-0.00036883275144216954
lhs-019,44,explore_slot,tail_slot,-0.009375908597624489,-0.0049146020885754566,-0.007992948699639128
lhs-019,44,explore_slot,diversify,-0.006074009198986483,-0.004760643887792021,-0.005257227719454223
lhs-019,44,explore_slot,novel_slot,-0.009314721842353234,-0.00566536148437712,-0.00786167044285318
lhs-019,44,explore_slot,provider_balance,-0.00047942533147880644,0.00010167043254140086,-9.6181447632773e-05
lhs-019,44,tail_slot,diversify,-0.007615284607918502,-0.004289073431319335,-0.005695067213721839
lhs-019,44,tail_slot,novel_slot,-0.01153482872839428,-0.00782953020716897,-0.009923368878471
lhs-019,44,tail_slot,provider_balance,-0.000637236371123148,0.0001371279589219931,-0.00015684452180990294
lhs-019,44,diversify,novel_slot,0.0018237634468770008,0.004018591463079318,0.0027860034406625087
lhs-019,44,diversify,provider_balance,-0.00036001622244074085,0.00039264085421361334,0.00010102895058659161
lhs-019,44,novel_slot,provider_balance,8.65368436752755e-05,0.0013032052595579866,0.0007680278457154027
lhs-019,45,repeat_cap,explore_slot,-0.005931253043134426,-0.0033752477460179424,-0.004838675675902431
lhs-019,45,repeat_cap,tail_slot,-0.003202051121358556,0.0007558460482670107,-0.0016360991277185218
lhs-019,45,repeat_cap,diversify,0.0005367882234880296,0.0021322539809515914,0.0012836562289792173
lhs-019,45,repeat_cap,novel_slot,-0.0038505739945212426,-0.0032741051442316494,-0.003518592394951893
lhs-019,45,repeat_cap,provider_balance,-0.0004881562614694061,0.00035669329494988916,-8.101509470243941e-05
lhs-019,45,explore_slot,tail_slot,-0.007998834383990818,-0.00477450330670397,-0.00680057200785327
lhs-019,45,explore_slot,diversify,-0.0063607539631618205,-0.004908658154526109,-0.005534085358031065
lhs-019,45,explore_slot,novel_slot,-0.007375713621320804,-0.005472439345765591,-0.006524708510558816
lhs-019,45,explore_slot,provider_balance,-0.0005030256536823393,5.429790730706136e-05,-0.0002048299042208199
lhs-019,45,tail_slot,diversify,-0.006486031113388803,-0.005440249270371974,-0.00602111052083079
lhs-019,45,tail_slot,novel_slot,-0.009434883072570316,-0.006717739816582682,-0.008590358625680423
lhs-019,45,tail_slot,provider_balance,-0.0006930862442857868,0.00030308837400333294,-0.0002333549571893884
lhs-019,45,diversify,novel_slot,0.0022303639355734143,0.0038850427077307707,0.002934576390648616
lhs-019,45,diversify,provider_balance,-2.7220921506551404e-06,0.0013189493221221595,0.0004425485488370717
lhs-019,45,novel_slot,provider_balance,-5.146146179580197e-05,0.0008477973868975137,0.0004913326955506465
lhs-019,46,repeat_cap,explore_slot,-0.006240398085140959,-0.003586986642911376,-0.004864633307542925
lhs-019,46,repeat_cap,tail_slot,-0.0027881691608503704,-0.0010424218065666446,-0.0017123790871808177
lhs-019,46,repeat_cap,diversify,0.000771640826853221,0.0020959648292213635,0.0013259638367845595
lhs-019,46,repeat_cap,novel_slot,-0.0054098755599007835,-0.0030047139240306805,-0.004175186384261226
lhs-019,46,repeat_cap,provider_balance,-0.0002467512623125529,0.00013177453807316494,-0.00011625642668112726
lhs-019,46,explore_slot,tail_slot,-0.007791642011214892,-0.006223704078781981,-0.007070810494862601
lhs-019,46,explore_slot,diversify,-0.006287365130843394,-0.004998045543977532,-0.0055939094030013755
lhs-019,46,explore_slot,novel_slot,-0.007755295464041898,-0.007237752515023269,-0.007423041517364089
lhs-019,46,explore_slot,provider_balance,-0.0006232156810554797,0.00013461540694953794,-0.00030199610027189567
lhs-019,46,tail_slot,diversify,-0.006515582340432032,-0.00436226123259331,-0.005592372473253814
lhs-019,46,tail_slot,novel_slot,-0.010553530531806701,-0.007826468801282557,-0.00957462976757702
lhs-019,46,tail_slot,provider_balance,-0.0009118305156551697,-2.1712622049695267e-05,-0.00034751253458943486
lhs-019,46,diversify,novel_slot,0.002394041649875932,0.005175687415756986,0.0035687115929510706
lhs-019,46,diversify,provider_balance,-0.0010773063699765246,0.00021717788209650037,-0.0004539891080985501
lhs-019,46,novel_slot,provider_balance,-0.0005349240382991205,0.0010674837821756022,0.0004537102583194261
lhs-020,42,repeat_cap,explore_slot,-0.019995060875013716,-0.018501242757782463,-0.019289326922201692
lhs-020,42,repeat_cap,tail_slot,-0.014333638235576235,-0.00898357271265464,-0.01164780755665641
lhs-020,42,repeat_cap,diversify,-0.0007924473031776737,0.0022120413333224847,0.0007321651316687589
lhs-020,42,repeat_cap,novel_slot,-0.00970437427870354,-0.0038374389709408298,-0.006348368231279457
lhs-020,42,repeat_cap,provider_balance,-0.002725105176425594,-0.0004746947407204638,-0.0015180687208596136
lhs-020,42,explore_slot,tail_slot,-0.0007998323331095717,0.0015215580697548513,0.0008605044693046581
lhs-020,42,explore_slot,diversify,-0.0034052098940641103,-0.0021406370564932315,-0.0029169999788157593
lhs-020,42,explore_slot,novel_slot,-0.0009218123195319213,0.0009986805858427784,0.00018581144574122282
lhs-020,42,explore_slot,provider_balance,-0.00344777454314573,-0.002264128748598844,-0.0026087843498083852
lhs-020,42,tail_slot,diversify,-0.004285022921758273,-0.002416230292647186,-0.003252835274857326
lhs-020,42,tail_slot,novel_slot,-0.00402381463259883,-0.0009862824881260546,-0.002774333523097888
lhs-020,42,tail_slot,provider_balance,-0.010723195656491435,-0.0058672787648925626,-0.008735531696896254
lhs-020,42,diversify,novel_slot,0.0005553318358944183,0.0017452290045994162,0.0013209693012304752
lhs-020,42,diversify,provider_balance,0.0006232242237038794,0.0032003001637755358,0.002187795660658157
lhs-020,42,novel_slot,provider_balance,0.0033591906037119443,0.005931550650133732,0.0048820628599486205
lhs-020,43,repeat_cap,explore_slot,-0.02037858952375248,-0.016333665109417174,-0.018586826572908773
lhs-020,43,repeat_cap,tail_slot,-0.014275665359123928,-0.012479655019807053,-0.012958075257396322
lhs-020,43,repeat_cap,diversify,-2.002627455134165e-05,0.0016099720622786493,0.0006256101470720202
lhs-020,43,repeat_cap,novel_slot,-0.011027716423925771,-0.004534949943760406,-0.007741900440444181
lhs-020,43,repeat_cap,provider_balance,-0.007097982934360245,0.0018816260912085155,-0.0017548042410906776
lhs-020,43,explore_slot,tail_slot,1.9305481370591234e-05,0.003019756425175649,0.0010791509815894931
lhs-020,43,explore_slot,diversify,-0.0036079608080738504,-0.002837306398828058,-0.0030722516096119883
lhs-020,43,explore_slot,novel_slot,-0.0008736668698071626,0.0028174999218419797,0.0006280070007334611
lhs-020,43,explore_slot,provider_balance,-0.003579024803683605,-0.002501161958730136,-0.0031023736637520657
lhs-020,43,tail_slot,diversify,-0.0033125350623607686,-0.0020240888412618382,-0.002702784592105245
lhs-020,43,tail_slot,novel_slot,-0.0043003889631447615,-0.0008659506112695897,-0.002580599735962726
lhs-020,43,tail_slot,provider_balance,-0.01192470269770574,-0.007310591688449356,-0.00857390374806867
lhs-020,43,diversify,novel_slot,0.0006943555091614067,0.0019955695876551385,0.0013414354602084837
lhs-020,43,diversify,provider_balance,0.0009113855207222956,0.0026285656170310394,0.0017790504928749493
lhs-020,43,novel_slot,provider_balance,0.0018034829975069342,0.007474308726139286,0.004650067129676415
lhs-020,44,repeat_cap,explore_slot,-0.019912469453140937,-0.01756728018920867,-0.018713122090775115
lhs-020,44,repeat_cap,tail_slot,-0.013841499495421865,-0.01225644634248309,-0.012714456177209081
lhs-020,44,repeat_cap,diversify,-0.0007863750937995323,0.0017602823465436169,0.00010393170871873672
lhs-020,44,repeat_cap,novel_slot,-0.01146929827719011,-0.00453886885080787,-0.008194520256294992
lhs-020,44,repeat_cap,provider_balance,-0.0024111645723557036,0.0021842070778510495,-0.000787917106204289
lhs-020,44,explore_slot,tail_slot,-0.0011931211075575476,0.0017144309823580956,0.00023909437838696052
lhs-020,44,explore_slot,diversify,-0.0035705842843103204,-0.0018001677089065716,-0.0028602277017610463
lhs-020,44,explore_slot,novel_slot,-0.0012596037524328974,0.0014801179021180727,-6.161559221448036e-06
lhs-020,44,explore_slot,provider_balance,-0.0030756500233823,-0.001852692129655641,-0.0022410322636397953
lhs-020,44,tail_slot,diversify,-0.0031599564327334153,-0.0013630334326935366,-0.0020343188157370337
lhs-020,44,tail_slot,novel_slot,-0.003374747968832039,-0.0020671905641283387,-0.002803441530921949
lhs-020,44,tail_slot,provider_balance,-0.009666505624041312,-0.007360755030757125,-0.00849355632125198
lhs-020,44,diversify,novel_slot,-0.00048033015729057613,0.002247988960728468,0.0011535033200221188
lhs-020,44,diversify,provider_balance,0.0017236757371160121,0.003617863140823268,0.0025856026316836526
lhs-020,44,novel_slot,provider_balance,0.0029797507246952853,0.0059486673813960445,0.004190066645310986
lhs-020,45,repeat_cap,explore_slot,-0.019221450230177725,-0.017758179709157804,-0.018500032008176216
lhs-020,45,repeat_cap,tail_slot,-0.013971886186728092,-0.010429801170455782,-0.012143463523176596
lhs-020,45,repeat_cap,diversify,-0.0007522719848130561,0.0011112451397568177,0.0005401983054213023
lhs-020,45,repeat_cap,novel_slot,-0.010870714273541983,-0.004531207701081331,-0.008299461179410049
lhs-020,45,repeat_cap,provider_balance,-0.0028866370572676837,0.0008090803216872051,-0.001267621653678538
lhs-020,45,explore_slot,tail_slot,-0.0006242325914649705,0.001181415256727566,0.00022159172643558046
lhs-020,45,explore_slot,diversify,-0.0034930902056170207,-0.0020571110653130826,-0.002937213342368376
lhs-020,45,explore_slot,novel_slot,-0.00042735128032221517,0.00030146087286260547,-7.220342041011681e-05
lhs-020,45,explore_slot,provider_balance,-0.003923851198647242,-0.0027810325299469775,-0.003446675301434903
lhs-020,45,tail_slot,diversify,-0.003695226752196654,-0.0017244440923085491,-0.002672806313378399
lhs-020,45,tail_slot,novel_slot,-0.003722426025498852,-0.001999490598496069,-0.002768876154754062
lhs-020,45,tail_slot,provider_balance,-0.011365902771027286,-0.0077562007070706655,-0.009235849989853561
lhs-020,45,diversify,novel_slot,0.00029033643677829987,0.0022992476941146723,0.0013833027869937426
lhs-020,45,diversify,provider_balance,0.001400579433643369,0.004065311081808078,0.0024997976450601995
lhs-020,45,novel_slot,provider_balance,0.0032015029475877033,0.005308155597937667,0.004479863609188875
lhs-020,46,repeat_cap,explore_slot,-0.019398127805610538,-0.017491877341969383,-0.01849113389713909
lhs-020,46,repeat_cap,tail_slot,-0.01324086705003034,-0.011539214296258808,-0.012016531478846194
lhs-020,46,repeat_cap,diversify,-0.0008651495103235855,0.0006682728074154857,0.00015826188767911216
lhs-020,46,repeat_cap,novel_slot,-0.010758803497058787,-0.008037379864061337,-0.009424946010681404
lhs-020,46,repeat_cap,provider_balance,-0.0015505313271159562,0.0015660124271799354,0.00027740640935781767
lhs-020,46,explore_slot,tail_slot,0.0001215414859350863,0.0005190397848971621,0.0003364800181776038
lhs-020,46,explore_slot,diversify,-0.0031854214925480665,-0.0020261294646551705,-0.002484708802882085
lhs-020,46,explore_slot,novel_slot,-0.0014419316873450338,0.0003450803753441205,-0.00030189714964594795
lhs-020,46,explore_slot,provider_balance,-0.003946553262785506,-0.002707433522597205,-0.003097856947842386
lhs-020,46,tail_slot,diversify,-0.0028698154235815873,-0.0015436895330383372,-0.0021646848529233037
lhs-020,46,tail_slot,novel_slot,-0.003372594784594085,-0.0012159770246737915,-0.0025973084179255674
lhs-020,46,tail_slot,provider_balance,-0.010576970404482904,-0.005563974590240267,-0.008372112791808106
lhs-020,46,diversify,novel_slot,0.001522659470908455,0.0020729439792836696,0.0018621596447176221
lhs-020,46,diversify,provider_balance,0.001621635850743978,0.0024745274522521322,0.0020591692922758446
lhs-020,46,novel_slot,provider_balance,0.003025418746442378,0.004580369959347534,0.0038783159300023063
lhs-021,42,repeat_cap,explore_slot,-0.01659632982689632,-0.014066794996151565,-0.015183036403469005
lhs-021,42,repeat_cap,tail_slot,-0.01202999387977195,-0.00643691066312124,-0.008913268768797687
lhs-021,42,repeat_cap,diversify,-0.0002815895615090404,0.001958959842741152,0.0006562415060844087
lhs-021,42,repeat_cap,novel_slot,-0.0056468318275831215,-0.0017454970319096407,-0.003657409107365536
lhs-021,42,repeat_cap,provider_balance,-0.0032940157917995686,-0.00106471415558906,-0.002020397159432504
lhs-021,42,explore_slot,tail_slot,-0.0010547234156522314,0.0014427657845243833,0.0005814677281200675
lhs-021,42,explore_slot,diversify,-0.0028166220682708295,-0.0020897895199226695,-0.0025060072966288614
lhs-021,42,explore_slot,novel_slot,-0.0004679386461278868,0.0014771861568180634,0.0007765010041366274
lhs-021,42,explore_slot,provider_balance,-0.003095531163481656,-0.0017482362802074395,-0.002346850109426892
lhs-021,42,tail_slot,diversify,-0.003047653911227974,-0.002383280922911174,-0.0027204983537660607
lhs-021,42,tail_slot,novel_slot,-0.003487002241039193,-0.0004994903405616793,-0.002309021477572637
lhs-021,42,tail_slot,provider_balance,-0.008915056435662812,-0.004653607618316367,-0.007094399288040774
lhs-021,42,diversify,novel_slot,0.0012308549641806615,0.002031301789982185,0.0015994027893402073
lhs-021,42,diversify,provider_balance,0.0006950132115160456,0.003184068853855579,0.0019352397747209845
lhs-021,42,novel_slot,provider_balance,0.0038924431738065965,0.00567419832746067,0.005070370066690908
lhs-021,43,repeat_cap,explore_slot,-0.016510292798412016,-0.013471544720743018,-0.01548919351044871
lhs-021,43,repeat_cap,tail_slot,-0.011855629998848805,-0.008608814331192163,-0.010227928812116515
lhs-021,43,repeat_cap,diversify,0.00015992281342910175,0.0013050110704041092,0.0007657545408236577
lhs-021,43,repeat_cap,novel_slot,-0.007332460479994654,-0.001219515438018512,-0.004504514165472776
lhs-021,43,repeat_cap,provider_balance,-0.008430546443934518,-0.0004228081170449781,-0.0032113358465720395
lhs-021,43,explore_slot,tail_slot,6.37744338455894e-05,0.0024296117745939124,0.0009121384610926677
lhs-021,43,explore_slot,diversify,-0.002885840661419255,-0.002561304612673487,-0.0027387328354784063
lhs-021,43,explore_slot,novel_slot,0.0005512811774306084,0.0031109900796688792,0.0015345064868512858
lhs-021,43,explore_slot,provider_balance,-0.003004638818072195,-0.0012250017970396039,-0.0022691400730947484
lhs-021,43,tail_slot,diversify,-0.0026542963233663285,-0.0016495644685632343,-0.002284793983832665
lhs-021,43,tail_slot,novel_slot,-0.0034351490742600475,-0.0006559243334967927,-0.0022241786608885126
lhs-021,43,tail_slot,provider_balance,-0.010957923986769738,-0.005979232559391803,-0.007535359053443234
lhs-021,43,diversify,novel_slot,0.0005151622123681139,0.002427809797669125,0.0014536237916603187
lhs-021,43,diversify,provider_balance,0.0010206869614117907,0.0027637416298016623,0.0017067244870627952
lhs-021,43,novel_slot,provider_balance,0.0030673253968038026,0.008148971310839446,0.005455537690475312
lhs-021,44,repeat_cap,explore_slot,-0.015552829192457868,-0.014017067848312024,-0.014859079080957812
lhs-021,44,repeat_cap,tail_slot,-0.011858228433074708,-0.008336582553586288,-0.010027397324689078
lhs-021,44,repeat_cap,diversify,-0.0016555928208020754,0.0007190554801853172,-0.0005290743323853237
lhs-021,44,repeat_cap,novel_slot,-0.008187607941050641,-0.000761621757412044,-0.004640516822477415
lhs-021,44,repeat_cap,provider_balance,-0.004117030446084488,0.0005640332704389676,-0.0024452922525988073
lhs-021,44,explore_slot,tail_slot,-0.00156697511486162,0.0016633615471446305,0.0003154251579853646
lhs-021,44,explore_slot,diversify,-0.0031328124257823976,-0.0014522441213381707,-0.002346461465322433
lhs-021,44,explore_slot,novel_slot,-0.0003296386688994073,0.001730621725701725,0.0005572552560032532
lhs-021,44,explore_slot,provider_balance,-0.0026026648669880757,-0.0020358232447541657,-0.0022151884998346393
lhs-021,44,tail_slot,diversify,-0.0024716579516421314,-0.0012538379801372997,-0.001647807949747792
lhs-021,44,tail_slot,novel_slot,-0.0029360780225437754,-0.002123820253749904,-0.0025405203341000715
lhs-021,44,tail_slot,provider_balance,-0.009024445248514631,-0.006357972778113174,-0.007458134609046121
lhs-021,44,diversify,novel_slot,6.529504178223402e-05,0.002599310842106566,0.0016797005969504506
lhs-021,44,diversify,provider_balance,0.0011974634467934986,0.003855489190578143,0.002356950997156365
lhs-021,44,novel_slot,provider_balance,0.0036862498655186406,0.0059527865329349235,0.004655652693925429
lhs-021,45,repeat_cap,explore_slot,-0.01633811237384273,-0.014295741395453827,-0.015598284420533192
lhs-021,45,repeat_cap,tail_slot,-0.011861043938250928,-0.007661291875547514,-0.009952038523563614
lhs-021,45,repeat_cap,diversify,-0.0004102860338862957,0.0008920551876643713,0.00013402421392736568
lhs-021,45,repeat_cap,novel_slot,-0.008088557200799066,-4.0200279954679665e-05,-0.005106852302042255
lhs-021,45,repeat_cap,provider_balance,-0.005483446907870082,-0.0004598948676805955,-0.003364009860521718
lhs-021,45,explore_slot,tail_slot,-0.00037928069688730997,0.0011195001390467943,0.0001660386173559842
lhs-021,45,explore_slot,diversify,-0.0030697526833416934,-0.0016207420247522023,-0.002481668220087787
lhs-021,45,explore_slot,novel_slot,0.00016201659178989353,0.0014336431789828148,0.0005863208177283556
lhs-021,45,explore_slot,provider_balance,-0.0028653911927585905,-0.0020645326641836746,-0.0025638465750163824
lhs-021,45,tail_slot,diversify,-0.0030421308909731066,-0.001388103549746741,-0.002197562640826581
lhs-021,45,tail_slot,novel_slot,-0.003535369070756152,-0.0012446535374390185,-0.0023445085526358723
lhs-021,45,tail_slot,provider_balance,-0.00980209172866434,-0.006965660173219535,-0.007968993859453146
lhs-021,45,diversify,novel_slot,0.00028977236593435843,0.0023739995086720206,0.0017198148164630448
lhs-021,45,diversify,provider_balance,0.0007930122224507048,0.002836468270710038,0.0018425166323111288
lhs-021,45,novel_slot,provider_balance,0.004042893602287078,0.006737004918832292,0.005149286663270217
lhs-021,46,repeat_cap,explore_slot,-0.01551999229850373,-0.014126622356182287,-0.01486249334680332
lhs-021,46,repeat_cap,tail_slot,-0.010748076257831895,-0.008347424561831678,-0.009376094133072126
lhs-021,46,repeat_cap,diversify,-0.0013710409106571847,0.00017469952419658789,-0.00034719628897464524
lhs-021,46,repeat_cap,novel_slot,-0.006909123191261583,-0.004451869672397036,-0.005744094478325384
lhs-021,46,repeat_cap,provider_balance,-0.004196144027128917,0.0008146495720328854,-0.0011002764946731831
lhs-021,46,explore_slot,tail_slot,-0.0003262488699847815,0.0004899750758082971,0.0002090322470311858
lhs-021,46,explore_slot,diversify,-0.002908184498892744,-0.0016792956845456068,-0.0022220051790587283
lhs-021,46,explore_slot,novel_slot,-0.0004474061574152084,0.001238682991016457,0.0005759226770655627
lhs-021,46,explore_slot,provider_balance,-0.002828282128417303,-0.0018746039149258001,-0.002293123291699985
lhs-021,46,tail_slot,diversify,-0.0021248673941137875,-0.0013199025135943977,-0.001673887717577295
lhs-021,46,tail_slot,novel_slot,-0.0028653234100224985,-0.0010900109042794447,-0.0021020073434585428
lhs-021,46,tail_slot,provider_balance,-0.009238615635290668,-0.00568966602935492,-0.007599477529561367
lhs-021,46,diversify,novel_slot,0.0016895598313156378,0.002582936583803934,0.002187105279320146
lhs-021,46,diversify,provider_balance,0.0006248138946173991,0.002612677224648326,0.001807269773272651
lhs-021,46,novel_slot,provider_balance,0.0037614013638795686,0.005532878439253817,0.004799808915843639
lhs-022,42,repeat_cap,explore_slot,-0.005935778370267651,-0.004892227618183576,-0.00526090374594978
lhs-022,42,repeat_cap,tail_slot,-0.0015577733515738227,0.0027283537443913734,0.0004982271037465953
lhs-022,42,repeat_cap,diversify,-0.000942696486893752,0.0014514668150828387,0.000190838019703324
lhs-022,42,repeat_cap,novel_slot,-0.0015440629737242082,0.0027000445744080207,0.0005709196315706615
lhs-022,42,repeat_cap,provider_balance,-0.0053684480278859675,-0.0028719274256028588,-0.0038788352949723414
lhs-022,42,explore_slot,tail_slot,-0.004673159236680919,-0.0009918057839672064,-0.002303572545777512
lhs-022,42,explore_slot,diversify,-0.005128389645969851,-0.004109171511380306,-0.004738042073283632
lhs-022,42,explore_slot,novel_slot,-0.004795429688616221,-0.0007068282098445273,-0.002552528011505653
lhs-022,42,explore_slot,provider_balance,-0.003492999374191544,-0.0018345318578832299,-0.0028360479322178064
lhs-022,42,tail_slot,diversify,-0.0039386802668366664,-0.0024467770016470833,-0.0034394500799958955
lhs-022,42,tail_slot,novel_slot,-0.010387067292523072,-0.005254722405241391,-0.00786164478717772
lhs-022,42,tail_slot,provider_balance,-0.010136210536680937,-0.005227225275930661,-0.007801157516027267
lhs-022,42,diversify,novel_slot,0.0032913290046128253,0.0038998360628215954,0.0035831707324523263
lhs-022,42,diversify,provider_balance,0.0027834697518019074,0.004460413445907688,0.003412120457621958
lhs-022,42,novel_slot,provider_balance,0.003688439719144329,0.00600343019410804,0.005153638859343832
lhs-022,43,repeat_cap,explore_slot,-0.006748366509667319,-0.004081888671572533,-0.0058008879186815
lhs-022,43,repeat_cap,tail_slot,-0.0027475256929119733,0.0008095394121564665,-0.0012262222221747971
lhs-022,43,repeat_cap,diversify,-0.0011597446547659872,0.00040083531852977005,-0.0004154101052580035
lhs-022,43,repeat_cap,novel_slot,-0.0015410899501707475,0.00248818853894955,4.4336016702423126e-05
lhs-022,43,repeat_cap,provider_balance,-0.0059681976842898745,-0.0026845017418330973,-0.00395047411272189
lhs-022,43,explore_slot,tail_slot,-0.0033087969505948573,0.0016478052175310802,-0.0016353951095318445
lhs-022,43,explore_slot,diversify,-0.0055229246174277775,-0.004143250374191625,-0.004990780292652716
lhs-022,43,explore_slot,novel_slot,-0.003689540249196255,0.001581041706102194,-0.0018552535602971653
lhs-022,43,explore_slot,provider_balance,-0.0032999737289796114,-0.0022680380221488175,-0.002944576342226051
lhs-022,43,tail_slot,diversify,-0.00391802655470865,-0.002308549883004725,-0.0032361057904875955
lhs-022,43,tail_slot,novel_slot,-0.0097266225350832,-0.00497483541357342,-0.007508541819448254
lhs-022,43,tail_slot,provider_balance,-0.009966471918697959,-0.006091458078246349,-0.0073822366843660685
lhs-022,43,diversify,novel_slot,0.0016906396848925113,0.004045814185450351,0.0027131772842645127
lhs-022,43,diversify,provider_balance,0.0018083727221358892,0.004319433415754216,0.0027454970676422993
lhs-022,43,novel_slot,provider_balance,0.0038747041600206513,0.007918177425268031,0.005615505701231871
lhs-022,44,repeat_cap,explore_slot,-0.005857503201804683,-0.005119881442742991,-0.005310840967083039
lhs-022,44,repeat_cap,tail_slot,-0.0020344428220313198,0.0007015914543509532,-0.0004065158877491541
lhs-022,44,repeat_cap,diversify,-0.0010066146703828992,0.0008960780931400038,-0.00041525074353142906
lhs-022,44,repeat_cap,novel_slot,-0.002503573622944375,0.002054214273667717,-0.000306002275958177
lhs-022,44,repeat_cap,provider_balance,-0.006084984117272228,-0.0028929463100445243,-0.0040625046468552
lhs-022,44,explore_slot,tail_slot,-0.004760381947375413,-0.001110550442235535,-0.003065683230247098
lhs-022,44,explore_slot,diversify,-0.005771227515081681,-0.002962656016419325,-0.004313133353432402
lhs-022,44,explore_slot,novel_slot,-0.004226046312268754,-0.0016604458559691896,-0.0032180989073160977
lhs-022,44,explore_slot,provider_balance,-0.0030281030524046447,-0.0021139321468783287,-0.0025121568117238502
lhs-022,44,tail_slot,diversify,-0.003613810870882167,-0.0013803554282913251,-0.002476404102630953
lhs-022,44,tail_slot,novel_slot,-0.009062360957306588,-0.006791058648220098,-0.008115285323588003
lhs-022,44,tail_slot,provider_balance,-0.009169634318682467,-0.005967568987888436,-0.007532668009815807
lhs-022,44,diversify,novel_slot,0.001521993039616943,0.004036825554646491,0.003073501155784943
lhs-022,44,diversify,provider_balance,0.003032884600564008,0.003650472047193233,0.0033404094356755706
lhs-022,44,novel_slot,provider_balance,0.004472734112036735,0.00699491099224198,0.005442252927650423
lhs-022,45,repeat_cap,explore_slot,-0.006100924553125287,-0.004272073125544868,-0.005325308565006008
lhs-022,45,repeat_cap,tail_slot,-0.0028754874677188037,0.002466682147435,-0.0003049968245906928
lhs-022,45,repeat_cap,diversify,-0.00044954057189364047,0.0009605087941204683,0.00028932909246036744
lhs-022,45,repeat_cap,novel_slot,-0.0022450694338466692,0.002033597569964447,-0.0005685517743676694
lhs-022,45,repeat_cap,provider_balance,-0.005794697551634016,-0.0017386097736930373,-0.003881037726794576
lhs-022,45,explore_slot,tail_slot,-0.003652025643847071,-0.0005833679054445152,-0.002271951241702376
lhs-022,45,explore_slot,diversify,-0.0057160155087644,-0.004103588525827034,-0.00475513561370521
lhs-022,45,explore_slot,novel_slot,-0.0036632744101039207,-0.0014225319161177633,-0.0026096905345604584
lhs-022,45,explore_slot,provider_balance,-0.003738190164170459,-0.003096006272566972,-0.003414134029899669
lhs-022,45,tail_slot,diversify,-0.004203491404892129,-0.0018319826825823776,-0.0026127567538934337
lhs-022,45,tail_slot,novel_slot,-0.00993019206042127,-0.0061425825216485565,-0.007924493511761665
lhs-022,45,tail_slot,provider_balance,-0.01192396234622994,-0.006821548082630628,-0.009050127132540838
lhs-022,45,diversify,novel_slot,0.002128500059524344,0.003614962190468048,0.002904454713468902
lhs-022,45,diversify,provider_balance,0.0020692032799693315,0.006029868639766051,0.003903811154104968
lhs-022,45,novel_slot,provider_balance,0.005216860361554075,0.006180188703850206,0.0058832010507749236
lhs-022,46,repeat_cap,explore_slot,-0.006325778566875988,-0.004721457410376796,-0.005508877382512615
lhs-022,46,repeat_cap,tail_slot,-0.0007585469714160172,0.0018165391839355786,0.0001486008820349203
lhs-022,46,repeat_cap,diversify,-0.0008667560135134295,0.0004188576032458235,-0.000369949051909917
lhs-022,46,repeat_cap,novel_slot,-0.0014758730576174479,0.001574387316554533,-0.0004978511370175839
lhs-022,46,repeat_cap,provider_balance,-0.004366768634323,-0.0010763688481695093,-0.002809722822969064
lhs-022,46,explore_slot,tail_slot,-0.003507207755670547,-0.0018030055540251416,-0.002945218806259895
lhs-022,46,explore_slot,diversify,-0.004575283083025755,-0.003717951561331597,-0.004295360476071009
lhs-022,46,explore_slot,novel_slot,-0.004140693119672164,-0.002015782712709279,-0.003196264234982739
lhs-022,46,explore_slot,provider_balance,-0.0040900093105819876,-0.002571932701614858,-0.003404637287751514
lhs-022,46,tail_slot,diversify,-0.0037521543261642785,-0.0014342607058902047,-0.0028510144192062437
lhs-022,46,tail_slot,novel_slot,-0.009003919263430436,-0.0066070442754599685,-0.008045802119339399
lhs-022,46,tail_slot,provider_balance,-0.011080369956134905,-0.005008659090960946,-0.008128834631309163
lhs-022,46,diversify,novel_slot,0.0021590885279891333,0.004006664445774528,0.003288615376557495
lhs-022,46,diversify,provider_balance,0.002154525261232785,0.0038671853290203756,0.0030560593879582305
lhs-022,46,novel_slot,provider_balance,0.003780062367689553,0.006379892471651118,0.00517991248086167
lhs-023,42,repeat_cap,explore_slot,-0.017713964855695763,-0.015293852551606875,-0.01651182055623042
lhs-023,42,repeat_cap,tail_slot,-0.013119219911925876,-0.0072569096574921855,-0.01015048792523709
lhs-023,42,repeat_cap,diversify,-0.00047160421582573926,0.002242783740162432,0.0008888570641213128
lhs-023,42,repeat_cap,novel_slot,-0.008017851055499969,-0.004412612188439147,-0.005975622525674158
lhs-023,42,repeat_cap,provider_balance,-0.0024855226712009707,-0.00021433144285809276,-0.001423957692561349
lhs-023,42,explore_slot,tail_slot,-0.0008840631237497945,0.001385098078187507,0.0006654292611581478
lhs-023,42,explore_slot,diversify,-0.0029818928923314976,-0.002268607859291118,-0.0027138453479113502
lhs-023,42,explore_slot,novel_slot,-0.00021787875535897168,0.001094340649384169,0.0006039465053202501
lhs-023,42,explore_slot,provider_balance,-0.0031133370556638493,-0.0016024718722947881,-0.002446993983627626
lhs-023,42,tail_slot,diversify,-0.003354466653612374,-0.002159863685206263,-0.0029822949356176237
lhs-023,42,tail_slot,novel_slot,-0.0037992302019521015,-0.0006909359032709127,-0.0026097091578670692
lhs-023,42,tail_slot,provider_balance,-0.00999931394969702,-0.005073274889809045,-0.007876689042557094
lhs-023,42,diversify,novel_slot,0.0007995826168640187,0.0015610369809977644,0.0012362866417264568
lhs-023,42,diversify,provider_balance,0.00033397382033439703,0.003204746861134388,0.0019409273657000512
lhs-023,42,novel_slot,provider_balance,0.00344823690921186,0.006052658424966206,0.004952933116389931
lhs-023,43,repeat_cap,explore_slot,-0.017504039026153523,-0.014793333667245537,-0.016551677930778178
lhs-023,43,repeat_cap,tail_slot,-0.013532984905383034,-0.010290519035287,-0.011722583799879885
lhs-023,43,repeat_cap,diversify,1.7278096434246134e-05,0.0016198069960119792,0.0006710836955122436
lhs-023,43,repeat_cap,novel_slot,-0.010451569148017155,-0.004411789069823348,-0.007517538915539101
lhs-023,43,repeat_cap,provider_balance,-0.008335209205409658,0.0015336340669936306,-0.0023314121683185585
lhs-023,43,explore_slot,tail_slot,-0.00010656055635876029,0.0028006176818403594,0.001021753217204009
lhs-023,43,explore_slot,diversify,-0.00329369452885562,-0.002576094555615695,-0.00291085756659811
lhs-023,43,explore_slot,novel_slot,7.570306247986134e-05,0.0030777372772726984,0.0013801911264555112
lhs-023,43,explore_slot,provider_balance,-0.0034508228681638014,-0.002075082226553438,-0.0027992030512766046
lhs-023,43,tail_slot,diversify,-0.002889528040965428,-0.0017726940202010253,-0.0025039711802011797
lhs-023,43,tail_slot,novel_slot,-0.0039258510639604135,-0.00021393464468618653,-0.002204163894619924
lhs-023,43,tail_slot,provider_balance,-0.011640768636775552,-0.006548507550872336,-0.008198459280120661
lhs-023,43,diversify,novel_slot,0.0006411881041411345,0.0020039036905834173,0.0012991589549590722
lhs-023,43,diversify,provider_balance,0.0012117352716334165,0.002968156179057154,0.001853824461623939
lhs-023,43,novel_slot,provider_balance,0.0023675071395218633,0.007866738255875456,0.0050672276707497705
lhs-023,44,repeat_cap,explore_slot,-0.016813941959599735,-0.015625517839400492,-0.016327732533672853
lhs-023,44,repeat_cap,tail_slot,-0.013410267932645365,-0.010252910171537429,-0.011532242437965804
lhs-023,44,repeat_cap,diversify,-0.0012594273302147419,0.0012459170524339491,-0.00029639879073145516
lhs-023,44,repeat_cap,novel_slot,-0.010974818929484279,-0.002779679691382285,-0.007348085684783294
lhs-023,44,repeat_cap,provider_balance,-0.002797060524071043,0.002238259490842906,-0.0012393667347214497
lhs-023,44,explore_slot,tail_slot,-0.0012956723156728064,0.0016538309786383479,0.00041257413605541295
lhs-023,44,explore_slot,diversify,-0.00328465443216523,-0.0013422619296797511,-0.0024216668840175578
lhs-023,44,explore_slot,novel_slot,-0.00023889446603441453,0.0013769570254731928,0.00044938085649583474
lhs-023,44,explore_slot,provider_balance,-0.0027733103042116426,-0.0016621027128481207,-0.0022610162060303233
lhs-023,44,tail_slot,diversify,-0.002791419134195389,-0.0015164234152974423,-0.0018720836844241108
lhs-023,44,tail_slot,novel_slot,-0.0031971524080265925,-0.0020355469680940746,-0.002627567962869311
lhs-023,44,tail_slot,provider_balance,-0.009474540774786561,-0.0066646988798830156,-0.007849944583009742
lhs-023,44,diversify,novel_slot,-0.0006005709151138769,0.002551419480374205,0.0013968028966484958
lhs-023,44,diversify,provider_balance,0.0011917715070106473,0.003796565566463018,0.0024685903063966907
lhs-023,44,novel_slot,provider_balance,0.002770209901343095,0.005414890475362392,0.0041391117040325155
lhs-023,45,repeat_cap,explore_slot,-0.01718334101077001,-0.015555086522756454,-0.016537166000251687
lhs-023,45,repeat_cap,tail_slot,-0.01322327733189845,-0.008869408855648055,-0.011213463410037754
lhs-023,45,repeat_cap,diversify,-0.0002935169627920972,0.0008869668632464345,0.00021217476119625645
lhs-023,45,repeat_cap,novel_slot,-0.01107571119368867,-0.0023920118023856227,-0.007850120857408174
lhs-023,45,repeat_cap,provider_balance,-0.004270091487174243,0.0005952672690797452,-0.002226766581901048
lhs-023,45,explore_slot,tail_slot,-0.00026007913338133167,0.001163233703960988,0.00016952791098219028
lhs-023,45,explore_slot,diversify,-0.00350050205913264,-0.0018213956806025684,-0.002722696532300104
lhs-023,45,explore_slot,novel_slot,-9.31987462383302e-05,0.0014005837799484751,0.0004063564502984003
lhs-023,45,explore_slot,provider_balance,-0.003702709243098525,-0.002846569844719752,-0.003221505406832992
lhs-023,45,tail_slot,diversify,-0.0032321544630302705,-0.0017197493096883934,-0.002340230125320493
lhs-023,45,tail_slot,novel_slot,-0.0035893211480391863,-0.0017843853684887004,-0.002514097645175721
lhs-023,45,tail_slot,provider_balance,-0.011256305831995378,-0.007383787357405291,-0.008726874498700217
lhs-023,45,diversify,novel_slot,-1.2378055421092678e-05,0.002082192911970064,0.00138327764669235
lhs-023,45,diversify,provider_balance,0.0014728361039584986,0.0028335423758428764,0.002088805797717842
lhs-023,45,novel_slot,provider_balance,0.003731388302265344,0.006065801657572647,0.004725111806920291
lhs-023,46,repeat_cap,explore_slot,-0.017037849713116275,-0.015458825182841257,-0.01605962483420036
lhs-023,46,repeat_cap,tail_slot,-0.01258630062018274,-0.010147050382228694,-0.010968466681776416
lhs-023,46,repeat_cap,diversify,-0.0012633705808634895,0.0002850076698377289,-0.0003481361130413395
lhs-023,46,repeat_cap,novel_slot,-0.010110371537774951,-0.00778756264104357,-0.008956369780225418
lhs-023,46,repeat_cap,provider_balance,-0.003005151341903801,0.0014411218583868805,-0.0002348870823514627
lhs-023,46,explore_slot,tail_slot,-0.0001333380804084581,0.00045318984879008027,0.00023912870546263052
lhs-023,46,explore_slot,diversify,-0.002896101266924913,-0.0019329784815207596,-0.0023729618084210075
lhs-023,46,explore_slot,novel_slot,-0.0005401143542069932,0.000899327755832117,0.00036727984631981184
lhs-023,46,explore_slot,provider_balance,-0.0036463868076383444,-0.0022878501448594267,-0.0026809575963476972
lhs-023,46,tail_slot,diversify,-0.0027613088307255596,-0.001281172244394908,-0.0019061574285070774
lhs-023,46,tail_slot,novel_slot,-0.0033755482828519996,-0.0009985323268141583,-0.0023650307041221275
lhs-023,46,tail_slot,provider_balance,-0.009683059373342703,-0.00574765400114344,-0.008074272220684521
lhs-023,46,diversify,novel_slot,0.0017581077892967493,0.00237303725839036,0.0020048697105818697
lhs-023,46,diversify,provider_balance,0.0012580818149298823,0.0028532439989109987,0.0019721140750092385
lhs-023,46,novel_slot,provider_balance,0.0032877679159695906,0.005808164463257779,0.004585810599441856
lhs-024,42,repeat_cap,explore_slot,-0.019226211211926234,-0.015913757169648244,-0.017672237027734045
lhs-024,42,repeat_cap,tail_slot,-0.014999077271813311,-0.009845174801771168,-0.012648163018840029
lhs-024,42,repeat_cap,diversify,-0.0014437971545276421,0.0017278008572564677,0.00026363862667348097
lhs-024,42,repeat_cap,novel_slot,-0.011930269136667549,-0.006570703062533112,-0.008796400044143306
lhs-024,42,repeat_cap,provider_balance,-0.0020456300494321304,0.0012327379005374426,-0.0008195555384715037
lhs-024,42,explore_slot,tail_slot,-0.0011637711412085436,0.0008457860400016893,0.0002815085813973403
lhs-024,42,explore_slot,diversify,-0.003057120297294722,-0.0018703465629742115,-0.0025201562182653385
lhs-024,42,explore_slot,novel_slot,-0.0003823249223638229,0.0009912728423396872,0.0004171080696089794
lhs-024,42,explore_slot,provider_balance,-0.003522803429322405,-0.002189644499217997,-0.0026177003637405205
lhs-024,42,tail_slot,diversify,-0.003489433104003482,-0.0025172427534404067,-0.0029552057456345
lhs-024,42,tail_slot,novel_slot,-0.003524805661075013,-0.000456786745471441,-0.0023929676933742592
lhs-024,42,tail_slot,provider_balance,-0.010168299711747392,-0.004951548215541648,-0.007892454299366462
lhs-024,42,diversify,novel_slot,0.000279086198971778,0.0011065107010067056,0.0007528331343220889
lhs-024,42,diversify,provider_balance,0.0005088245839579562,0.0036995296616431526,0.002304681260622984
lhs-024,42,novel_slot,provider_balance,0.0034823450793086508,0.006172756961802675,0.004997026070138138
lhs-024,43,repeat_cap,explore_slot,-0.019216722308824957,-0.015319190034366933,-0.017736882905709923
lhs-024,43,repeat_cap,tail_slot,-0.0146746575797163,-0.012735237682927813,-0.01383812693272269
lhs-024,43,repeat_cap,diversify,-0.001237640317019471,0.0008917860780741666,3.771077040727093e-05
lhs-024,43,repeat_cap,novel_slot,-0.0141599307689628,-0.007432778142330273,-0.010683394031897036
lhs-024,43,repeat_cap,provider_balance,-0.009054013912056505,0.0016414978152859505,-0.0022491941514828405
lhs-024,43,explore_slot,tail_slot,-0.0007046177185273043,0.0024377258536725883,0.0006419644466892126
lhs-024,43,explore_slot,diversify,-0.003150543726671009,-0.0020869448405385384,-0.002784086399569876
lhs-024,43,explore_slot,novel_slot,-0.0007357547285925497,0.0031784618871002297,0.0009693400004321345
lhs-024,43,explore_slot,provider_balance,-0.0031268140035771268,-0.0024314508186794176,-0.0028553923039668265
lhs-024,43,tail_slot,diversify,-0.0031363493414994503,-0.0012629303126045085,-0.0024368901065972646
lhs-024,43,tail_slot,novel_slot,-0.0037841207437175656,-0.0007322677124198562,-0.0022894133371891313
lhs-024,43,tail_slot,provider_balance,-0.011575941851370572,-0.006775423088761627,-0.008180400835201175
lhs-024,43,diversify,novel_slot,0.0003541680487046448,0.002031177543330986,0.0010149538049914713
lhs-024,43,diversify,provider_balance,0.0009978987666990004,0.0027074742087966897,0.0020042676926550454
lhs-024,43,novel_slot,provider_balance,0.0019597277185964424,0.0075758590814176754,0.004594039554795407
lhs-024,44,repeat_cap,explore_slot,-0.017628257442650355,-0.01710664809321758,-0.017364690103061887
lhs-024,44,repeat_cap,tail_slot,-0.014701487276497933,-0.012275638724330127,-0.013176815509635351
lhs-024,44,repeat_cap,diversify,-0.001511705878303531,0.0011957049405492684,-0.00038082739945082976
lhs-024,44,repeat_cap,novel_slot,-0.015597554126722356,-0.0057434616446602246,-0.010848123704403159
lhs-024,44,repeat_cap,provider_balance,-0.002224615936245829,0.004518298001458511,-0.0001437539074406671
lhs-024,44,explore_slot,tail_slot,-0.0019386717546672674,0.0009824315184733424,-0.0004065220292277382
lhs-024,44,explore_slot,diversify,-0.003189100003046029,-0.0017365009225327145,-0.0024405516937888033
lhs-024,44,explore_slot,novel_slot,-0.0008127331830423742,0.001470154231808331,0.00011552210315567428
lhs-024,44,explore_slot,provider_balance,-0.002791900012119058,-0.001519185184488632,-0.00210149287343132
lhs-024,44,tail_slot,diversify,-0.0027833252492924904,-0.0017191562669510649,-0.0021283780816191305
lhs-024,44,tail_slot,novel_slot,-0.003519364313877493,-0.0019798342470258067,-0.0026981793261014343
lhs-024,44,tail_slot,provider_balance,-0.010225999417104868,-0.007782714632383726,-0.008720417663698327
lhs-024,44,diversify,novel_slot,-0.0010229940253869763,0.0026853250439305004,0.0010076191163441734
lhs-024,44,diversify,provider_balance,0.0013564084736252331,0.004360296100761085,0.002458024423151915
lhs-024,44,novel_slot,provider_balance,0.0026684435881232653,0.005541708523033501,0.003914116291900423
lhs-024,45,repeat_cap,explore_slot,-0.018647476876430095,-0.016667269364021808,-0.01788524634325764
lhs-024,45,repeat_cap,tail_slot,-0.014612642413525348,-0.010858164935117872,-0.012645310773526607
lhs-024,45,repeat_cap,diversify,-0.0008714979884010646,0.0007959955387460905,-9.467163241477428e-05
lhs-024,45,repeat_cap,novel_slot,-0.014005865280961465,-0.005813188192281489,-0.011245251266591
lhs-024,45,repeat_cap,provider_balance,-0.0034650175468193484,0.0006522469430444955,-0.001605891446747082
lhs-024,45,explore_slot,tail_slot,-0.0007027392411460416,9.507437113429897e-05,-0.00030121461540811526
lhs-024,45,explore_slot,diversify,-0.00327120764664266,-0.0015239757141534665,-0.0026393112540522698
lhs-024,45,explore_slot,novel_slot,-0.0003827877086631942,0.0010680946594057198,0.00016702239180692551
lhs-024,45,explore_slot,provider_balance,-0.0037165628700970544,-0.0030018330656248907,-0.0032981016241606727
lhs-024,45,tail_slot,diversify,-0.0034934161587716135,-0.0016710128672244677,-0.0026800469119770977
lhs-024,45,tail_slot,novel_slot,-0.0038475470943199227,-0.0016777919138818045,-0.002616209877284082
lhs-024,45,tail_slot,provider_balance,-0.010943908672264467,-0.007894524731111815,-0.008945137002251052
lhs-024,45,diversify,novel_slot,-0.00013053341289755936,0.0017793341602443233,0.0011938628383113203
lhs-024,45,diversify,provider_balance,0.0011504904247062178,0.0033235549750381113,0.0022747006112415783
lhs-024,45,novel_slot,provider_balance,0.0028590037238484934,0.005656083452232295,0.00449170912037596
lhs-024,46,repeat_cap,explore_slot,-0.017976584012542318,-0.016192349243361822,-0.017299699742207027
lhs-024,46,repeat_cap,tail_slot,-0.013218614278737953,-0.012131175120555086,-0.01283653413733369
lhs-024,46,repeat_cap,diversify,-0.0030976571434222794,0.00023437067153025783,-0.0008846572330022383
lhs-024,46,repeat_cap,novel_slot,-0.013445648121848201,-0.012131233572966664,-0.012853647935930948
lhs-024,46,repeat_cap,provider_balance,-0.0028637209393169174,0.002746693744989144,0.00017513824073767697
lhs-024,46,explore_slot,tail_slot,-0.0009919593904275906,3.0214719702477064e-05,-0.0004398859162217602
lhs-024,46,explore_slot,diversify,-0.0025923608595203648,-0.002058048861201263,-0.0022703199443058456
lhs-024,46,explore_slot,novel_slot,-0.000788798150970793,0.0008360763590903534,-7.005833593035418e-05
lhs-024,46,explore_slot,provider_balance,-0.0036880353101163455,-0.002543704264354229,-0.0029454806926686996
lhs-024,46,tail_slot,diversify,-0.003096113219223267,-0.0013537829812420895,-0.0021123307755285445
lhs-024,46,tail_slot,novel_slot,-0.0032285821522245618,-0.0010887065706570484,-0.0024889021122432944
lhs-024,46,tail_slot,provider_balance,-0.010133861757825085,-0.005767236027265877,-0.008325750257139011
lhs-024,46,diversify,novel_slot,0.0013767898856600902,0.002452618896159891,0.0017736106990318547
lhs-024,46,diversify,provider_balance,0.0009624327094979484,0.00357544207841636,0.0022109862905367868
lhs-024,46,novel_slot,provider_balance,0.0027260036115699547,0.005743622562997246,0.004130290846000938
