point_id,seed,intervention_i,intervention_j,interaction_lower,interaction_upper,interaction_mean
baseline,42,repeat_cap,explore_slot,-0.0213109814967592,-0.0192103105902075,-0.0204987844162507
baseline,42,repeat_cap,tail_slot,-0.0168520289252013,-0.0108162476996121,-0.013714791809663
baseline,42,repeat_cap,diversify,-0.0004986837769154,0.0032807080415303,0.0014554909648263
baseline,42,repeat_cap,novel_slot,-0.0130597641281344,-0.0059040350642223,-0.0086347136212493
baseline,42,repeat_cap,provider_balance,4.50781180395349e-06,0.0013570344854641,0.0007911843304972
baseline,42,explore_slot,tail_slot,-0.0009014884836699,0.0012971747562134,0.000336342494347
baseline,42,explore_slot,diversify,-0.0035656671104383,-0.0031043139923882,-0.0033437261870668
baseline,42,explore_slot,novel_slot,-0.0010527948454712,2.2624750365044573e-05,-0.0005463342200939
baseline,42,explore_slot,provider_balance,-0.0029265824765859,-0.0017712560991746,-0.0023530742362776
baseline,42,tail_slot,diversify,-0.0044864824872542,-0.003082225576161,-0.0035387346135676
baseline,42,tail_slot,novel_slot,-0.0042193035442872,-0.0010240303856958,-0.0030597807627956
baseline,42,tail_slot,provider_balance,-0.0089813312152229,-0.0044094369960079,-0.0074008327298731
baseline,42,diversify,novel_slot,0.0007014993771566,0.0014894654101407,0.0011769076357376
baseline,42,diversify,provider_balance,0.0006083273869617,0.002803750881173,0.0019726392130496
baseline,42,novel_slot,provider_balance,0.0020698676636761,0.005501414384233,0.0040428786317671
baseline,43,repeat_cap,explore_slot,-0.021975783991065,-0.0177531181224543,-0.02040271011533
baseline,43,repeat_cap,tail_slot,-0.0165334483910487,-0.0143361610680712,-0.0157790769922836
baseline,43,repeat_cap,diversify,-0.0004563975794567,0.0012705015424382,0.0005222745819459
baseline,43,repeat_cap,novel_slot,-0.014283966431699,-0.0078004110035592,-0.0109788057298837
baseline,43,repeat_cap,provider_balance,-0.0050448096991064,0.0022141087722477,-0.0003963768222916
baseline,43,explore_slot,tail_slot,-0.0007323444052538,0.0022969082041484,0.0004721825027064
baseline,43,explore_slot,diversify,-0.0037818625120918,-0.0030172325742007,-0.0033249835628331
baseline,43,explore_slot,novel_slot,-0.0010363854120257,0.0022101967316778,0.0002202043601812
baseline,43,explore_slot,provider_balance,-0.003649259109115,-0.0025876274456242,-0.0030680031697842
baseline,43,tail_slot,diversify,-0.0037376616924997,-0.002170105984048,-0.003010762594258
baseline,43,tail_slot,novel_slot,-0.0041259884929257,-0.0011191045993479,-0.0026752181986319
baseline,43,tail_slot,provider_balance,-0.0108418374569736,-0.0056872144022205,-0.0073469174728449
baseline,43,diversify,novel_slot,-0.0001590777208069,0.0016744699064995,0.0008007042503664
baseline,43,diversify,provider_balance,0.0014638920282977,0.002945507154594,0.0018967017446689
baseline,43,novel_slot,provider_balance,9.9272422607906e-06,0.005290532836291,0.0027857322556206
baseline,44,repeat_cap,explore_slot,-0.0209659398726178,-0.0190071069185862,-0.0202554923535674
baseline,44,repeat_cap,tail_slot,-0.0165780102242073,-0.0140127869420671,-0.0150472046637407
baseline,44,repeat_cap,diversify,-0.000506389213741,0.0021421499869923,0.0004817512804602
baseline,44,repeat_cap,novel_slot,-0.0151644464045323,-0.0066973437104502,-0.0112781730330661
baseline,44,repeat_cap,provider_balance,0.0001052960270763,0.003124127638944,0.0010720718444851
baseline,44,explore_slot,tail_slot,-0.0018386279639174,0.0015592354233084,-5.9858740088296726e-05
baseline,44,explore_slot,diversify,-0.0037939970015612,-0.0017164595363404,-0.0028250561008573
baseline,44,explore_slot,novel_slot,-0.0016032556305101,0.0001973905125102,-0.0005432692756518
baseline,44,explore_slot,provider_balance,-0.0027633974143555,-0.0017486971885924,-0.0022521152862119
baseline,44,tail_slot,diversify,-0.0029931543023517,-0.0017078090381081,-0.0022341421211239
baseline,44,tail_slot,novel_slot,-0.003829766079006,-0.0021068207715888,-0.002978377885222
baseline,44,tail_slot,provider_balance,-0.009328387062525,-0.006756296545236,-0.0078585848488888
baseline,44,diversify,novel_slot,-0.0002415420001358,0.0013636956640289,0.0008317343042278
baseline,44,diversify,provider_balance,0.001648664745734,0.0034255192599795,0.0026414910068729
baseline,44,novel_slot,provider_balance,0.001059021047704,0.0035490786259462,0.0024180231727717
baseline,45,repeat_cap,explore_slot,-0.0221015542959843,-0.01926406742246,-0.0206137728276855
baseline,45,repeat_cap,tail_slot,-0.0152531382130271,-0.0130942193451083,-0.0140891999699037
baseline,45,repeat_cap,diversify,9.721346338102892e-05,0.0016026248391639,0.000752953094616
baseline,45,repeat_cap,novel_slot,-0.0135510909341942,-0.0071741019188603,-0.0115505610351961
baseline,45,repeat_cap,provider_balance,-0.0009744766422016,0.0029514821088728,0.0003799011197358
baseline,45,explore_slot,tail_slot,-0.0006093132762432,0.0003172484517574,-0.0002663099630755
baseline,45,explore_slot,diversify,-0.0042682681460326,-0.0019437457480746,-0.003231165861116
baseline,45,explore_slot,novel_slot,-0.0007449368924383,0.0002099724788932,-0.00035542274932
baseline,45,explore_slot,provider_balance,-0.0034177262593273,-0.0024301143499914,-0.0031292424670219
baseline,45,tail_slot,diversify,-0.0042907144149065,-0.0015611019927594,-0.0029811320733372
baseline,45,tail_slot,novel_slot,-0.0042447329926456,-0.0022160618812783,-0.0031516661245731
baseline,45,tail_slot,provider_balance,-0.0096269423291251,-0.0078485432174041,-0.0084944442609819
baseline,45,diversify,novel_slot,-0.0003691578729936,0.0020609935740998,0.001344097227117
baseline,45,diversify,provider_balance,0.0019130397098513,0.0033452054596156,0.0026618653668136
baseline,45,novel_slot,provider_balance,0.0019719179219248,0.0035607103027289,0.0028121914281711
baseline,46,repeat_cap,explore_slot,-0.02071046340453,-0.0184715934565392,-0.0198686807198477
baseline,46,repeat_cap,tail_slot,-0.0147998174936463,-0.013908843955539,-0.0143479020384755
baseline,46,repeat_cap,diversify,-0.0007672948839185,0.0020340619456527,0.0007620991631691
baseline,46,repeat_cap,novel_slot,-0.0150262815655952,-0.0117791653019295,-0.0134639369545662
baseline,46,repeat_cap,provider_balance,-0.0004923643577183,0.0036805169831982,0.0020600834563088
baseline,46,explore_slot,tail_slot,-0.0008739107141654,-0.0002340795373153,-0.0004671105205763
baseline,46,explore_slot,diversify,-0.0033570784327991,-0.0023894309912031,-0.0028320637088888
baseline,46,explore_slot,novel_slot,-0.0015094674858635,-0.0005416266393856,-0.0009703625749767
baseline,46,explore_slot,provider_balance,-0.0031410048727684,-0.0018532732040326,-0.0025663218271637
baseline,46,tail_slot,diversify,-0.0032954641240017,-0.0014797479262402,-0.0024580985870026
baseline,46,tail_slot,novel_slot,-0.0035099940479578,-0.0015675097567507,-0.0029610339664377
baseline,46,tail_slot,provider_balance,-0.0094541009159204,-0.0049679594327693,-0.0074888976238647
baseline,46,diversify,novel_slot,0.000949480604978,0.0016050035843806,0.0011198371718888
baseline,46,diversify,provider_balance,0.0013608880349741,0.003079338294393,0.0022327732978749
baseline,46,novel_slot,provider_balance,0.0013265935799282,0.0038726939917693,0.0024863147745684
oat-fatigue_strength-0p7500,42,repeat_cap,explore_slot,-0.0213109814967592,-0.0192103105902075,-0.0204987844162507
oat-fatigue_strength-0p7500,42,repeat_cap,tail_slot,-0.0168520289252013,-0.0108162476996121,-0.013714791809663
oat-fatigue_strength-0p7500,42,repeat_cap,diversify,-0.0004986837769154,0.0032807080415303,0.0014554909648263
oat-fatigue_strength-0p7500,42,repeat_cap,novel_slot,-0.0130597641281344,-0.0059040350642223,-0.0086347136212493
oat-fatigue_strength-0p7500,42,repeat_cap,provider_balance,4.50781180395349e-06,0.0013570344854641,0.0007911843304972
oat-fatigue_strength-0p7500,42,explore_slot,tail_slot,-0.0009014884836699,0.0012971747562134,0.000336342494347
oat-fatigue_strength-0p7500,42,explore_slot,diversify,-0.0035656671104383,-0.0031043139923882,-0.0033437261870668
oat-fatigue_strength-0p7500,42,explore_slot,novel_slot,-0.0010527948454712,2.2624750365044573e-05,-0.0005463342200939
oat-fatigue_strength-0p7500,42,explore_slot,provider_balance,-0.0029265824765859,-0.0017712560991746,-0.0023530742362776
oat-fatigue_strength-0p7500,42,tail_slot,diversify,-0.0044864824872542,-0.003082225576161,-0.0035387346135676
oat-fatigue_strength-0p7500,42,tail_slot,novel_slot,-0.0042193035442872,-0.0010240303856958,-0.0030597807627956
oat-fatigue_strength-0p7500,42,tail_slot,provider_balance,-0.0089813312152229,-0.0044094369960079,-0.0074008327298731
oat-fatigue_strength-0p7500,42,diversify,novel_slot,0.0007014993771566,0.0014894654101407,0.0011769076357376
oat-fatigue_strength-0p7500,42,diversify,provider_balance,0.0006083273869617,0.002803750881173,0.0019726392130496
oat-fatigue_strength-0p7500,42,novel_slot,provider_balance,0.0020698676636761,0.005501414384233,0.0040428786317671
oat-fatigue_strength-0p7500,43,repeat_cap,explore_slot,-0.021975783991065,-0.0177531181224543,-0.02040271011533
oat-fatigue_strength-0p7500,43,repeat_cap,tail_slot,-0.0165334483910487,-0.0143361610680712,-0.0157790769922836
oat-fatigue_strength-0p7500,43,repeat_cap,diversify,-0.0004563975794567,0.0012705015424382,0.0005222745819459
oat-fatigue_strength-0p7500,43,repeat_cap,novel_slot,-0.014283966431699,-0.0078004110035592,-0.0109788057298837
oat-fatigue_strength-0p7500,43,repeat_cap,provider_balance,-0.0050448096991064,0.0022141087722477,-0.0003963768222916
oat-fatigue_strength-0p7500,43,explore_slot,tail_slot,-0.0007323444052538,0.0022969082041484,0.0004721825027064
oat-fatigue_strength-0p7500,43,explore_slot,diversify,-0.0037818625120918,-0.0030172325742007,-0.0033249835628331
oat-fatigue_strength-0p7500,43,explore_slot,novel_slot,-0.0010363854120257,0.0022101967316778,0.0002202043601812
oat-fatigue_strength-0p7500,43,explore_slot,provider_balance,-0.003649259109115,-0.0025876274456242,-0.0030680031697842
oat-fatigue_strength-0p7500,43,tail_slot,diversify,-0.0037376616924997,-0.002170105984048,-0.003010762594258
oat-fatigue_strength-0p7500,43,tail_slot,novel_slot,-0.0041259884929257,-0.0011191045993479,-0.0026752181986319
oat-fatigue_strength-0p7500,43,tail_slot,provider_balance,-0.0108418374569736,-0.0056872144022205,-0.0073469174728449
oat-fatigue_strength-0p7500,43,diversify,novel_slot,-0.0001590777208069,0.0016744699064995,0.0008007042503664
oat-fatigue_strength-0p7500,43,diversify,provider_balance,0.0014638920282977,0.002945507154594,0.0018967017446689
oat-fatigue_strength-0p7500,43,novel_slot,provider_balance,9.9272422607906e-06,0.005290532836291,0.0027857322556206
oat-fatigue_strength-0p7500,44,repeat_cap,explore_slot,-0.0209659398726178,-0.0190071069185862,-0.0202554923535674
oat-fatigue_strength-0p7500,44,repeat_cap,tail_slot,-0.0165780102242073,-0.0140127869420671,-0.0150472046637407
oat-fatigue_strength-0p7500,44,repeat_cap,diversify,-0.000506389213741,0.0021421499869923,0.0004817512804602
oat-fatigue_strength-0p7500,44,repeat_cap,novel_slot,-0.0151644464045323,-0.0066973437104502,-0.0112781730330661
oat-fatigue_strength-0p7500,44,repeat_cap,provider_balance,0.0001052960270763,0.003124127638944,0.0010720718444851
oat-fatigue_strength-0p7500,44,explore_slot,tail_slot,-0.0018386279639174,0.0015592354233084,-5.9858740088296726e-05
oat-fatigue_strength-0p7500,44,explore_slot,diversify,-0.0037939970015612,-0.0017164595363404,-0.0028250561008573
oat-fatigue_strength-0p7500,44,explore_slot,novel_slot,-0.0016032556305101,0.0001973905125102,-0.0005432692756518
oat-fatigue_strength-0p7500,44,explore_slot,provider_balance,-0.0027633974143555,-0.0017486971885924,-0.0022521152862119
oat-fatigue_strength-0p7500,44,tail_slot,diversify,-0.0029931543023517,-0.0017078090381081,-0.0022341421211239
oat-fatigue_strength-0p7500,44,tail_slot,novel_slot,-0.003829766079006,-0.0021068207715888,-0.002978377885222
oat-fatigue_strength-0p7500,44,tail_slot,provider_balance,-0.009328387062525,-0.006756296545236,-0.0078585848488888
oat-fatigue_strength-0p7500,44,diversify,novel_slot,-0.0002415420001358,0.0013636956640289,0.0008317343042278
oat-fatigue_strength-0p7500,44,diversify,provider_balance,0.001648664745734,0.0034255192599795,0.0026414910068729
oat-fatigue_strength-0p7500,44,novel_slot,provider_balance,0.001059021047704,0.0035490786259462,0.0024180231727717
oat-fatigue_strength-0p7500,45,repeat_cap,explore_slot,-0.0221015542959843,-0.01926406742246,-0.0206137728276855
oat-fatigue_strength-0p7500,45,repeat_cap,tail_slot,-0.0152531382130271,-0.0130942193451083,-0.0140891999699037
oat-fatigue_strength-0p7500,45,repeat_cap,diversify,9.721346338102892e-05,0.0016026248391639,0.000752953094616
oat-fatigue_strength-0p7500,45,repeat_cap,novel_slot,-0.0135510909341942,-0.0071741019188603,-0.0115505610351961
oat-fatigue_strength-0p7500,45,repeat_cap,provider_balance,-0.0009744766422016,0.0029514821088728,0.0003799011197358
oat-fatigue_strength-0p7500,45,explore_slot,tail_slot,-0.0006093132762432,0.0003172484517574,-0.0002663099630755
oat-fatigue_strength-0p7500,45,explore_slot,diversify,-0.0042682681460326,-0.0019437457480746,-0.003231165861116
oat-fatigue_strength-0p7500,45,explore_slot,novel_slot,-0.0007449368924383,0.0002099724788932,-0.00035542274932
oat-fatigue_strength-0p7500,45,explore_slot,provider_balance,-0.0034177262593273,-0.0024301143499914,-0.0031292424670219
oat-fatigue_strength-0p7500,45,tail_slot,diversify,-0.0042907144149065,-0.0015611019927594,-0.0029811320733372
oat-fatigue_strength-0p7500,45,tail_slot,novel_slot,-0.0042447329926456,-0.0022160618812783,-0.0031516661245731
oat-fatigue_strength-0p7500,45,tail_slot,provider_balance,-0.0096269423291251,-0.0078485432174041,-0.0084944442609819
oat-fatigue_strength-0p7500,45,diversify,novel_slot,-0.0003691578729936,0.0020609935740998,0.001344097227117
oat-fatigue_strength-0p7500,45,diversify,provider_balance,0.0019130397098513,0.0033452054596156,0.0026618653668136
oat-fatigue_strength-0p7500,45,novel_slot,provider_balance,0.0019719179219248,0.0035607103027289,0.0028121914281711
oat-fatigue_strength-0p7500,46,repeat_cap,explore_slot,-0.02071046340453,-0.0184715934565392,-0.0198686807198477
oat-fatigue_strength-0p7500,46,repeat_cap,tail_slot,-0.0147998174936463,-0.013908843955539,-0.0143479020384755
oat-fatigue_strength-0p7500,46,repeat_cap,diversify,-0.0007672948839185,0.0020340619456527,0.0007620991631691
oat-fatigue_strength-0p7500,46,repeat_cap,novel_slot,-0.0150262815655952,-0.0117791653019295,-0.0134639369545662
oat-fatigue_strength-0p7500,46,repeat_cap,provider_balance,-0.0004923643577183,0.0036805169831982,0.0020600834563088
oat-fatigue_strength-0p7500,46,explore_slot,tail_slot,-0.0008739107141654,-0.0002340795373153,-0.0004671105205763
oat-fatigue_strength-0p7500,46,explore_slot,diversify,-0.0033570784327991,-0.0023894309912031,-0.0028320637088888
oat-fatigue_strength-0p7500,46,explore_slot,novel_slot,-0.0015094674858635,-0.0005416266393856,-0.0009703625749767
oat-fatigue_strength-0p7500,46,explore_slot,provider_balance,-0.0031410048727684,-0.0018532732040326,-0.0025663218271637
oat-fatigue_strength-0p7500,46,tail_slot,diversify,-0.0032954641240017,-0.0014797479262402,-0.0024580985870026
oat-fatigue_strength-0p7500,46,tail_slot,novel_slot,-0.0035099940479578,-0.0015675097567507,-0.0029610339664377
oat-fatigue_strength-0p7500,46,tail_slot,provider_balance,-0.0094541009159204,-0.0049679594327693,-0.0074888976238647
oat-fatigue_strength-0p7500,46,diversify,novel_slot,0.000949480604978,0.0016050035843806,0.0011198371718888
oat-fatigue_strength-0p7500,46,diversify,provider_balance,0.0013608880349741,0.003079338294393,0.0022327732978749
oat-fatigue_strength-0p7500,46,novel_slot,provider_balance,0.0013265935799282,0.0038726939917693,0.0024863147745684
oat-fatigue_strength-1p2500,42,repeat_cap,explore_slot,-0.0213109814967592,-0.0192103105902075,-0.0204987844162507
oat-fatigue_strength-1p2500,42,repeat_cap,tail_slot,-0.0168520289252013,-0.0108162476996121,-0.013714791809663
oat-fatigue_strength-1p2500,42,repeat_cap,diversify,-0.0004986837769154,0.0032807080415303,0.0014554909648263
oat-fatigue_strength-1p2500,42,repeat_cap,novel_slot,-0.0130597641281344,-0.0059040350642223,-0.0086347136212493
oat-fatigue_strength-1p2500,42,repeat_cap,provider_balance,4.50781180395349e-06,0.0013570344854641,0.0007911843304972
oat-fatigue_strength-1p2500,42,explore_slot,tail_slot,-0.0009014884836699,0.0012971747562134,0.000336342494347
oat-fatigue_strength-1p2500,42,explore_slot,diversify,-0.0035656671104383,-0.0031043139923882,-0.0033437261870668
oat-fatigue_strength-1p2500,42,explore_slot,novel_slot,-0.0010527948454712,2.2624750365044573e-05,-0.0005463342200939
oat-fatigue_strength-1p2500,42,explore_slot,provider_balance,-0.0029265824765859,-0.0017712560991746,-0.0023530742362776
oat-fatigue_strength-1p2500,42,tail_slot,diversify,-0.0044864824872542,-0.003082225576161,-0.0035387346135676
oat-fatigue_strength-1p2500,42,tail_slot,novel_slot,-0.0042193035442872,-0.0010240303856958,-0.0030597807627956
oat-fatigue_strength-1p2500,42,tail_slot,provider_balance,-0.0089813312152229,-0.0044094369960079,-0.0074008327298731
oat-fatigue_strength-1p2500,42,diversify,novel_slot,0.0007014993771566,0.0014894654101407,0.0011769076357376
oat-fatigue_strength-1p2500,42,diversify,provider_balance,0.0006083273869617,0.002803750881173,0.0019726392130496
oat-fatigue_strength-1p2500,42,novel_slot,provider_balance,0.0020698676636761,0.005501414384233,0.0040428786317671
oat-fatigue_strength-1p2500,43,repeat_cap,explore_slot,-0.021975783991065,-0.0177531181224543,-0.02040271011533
oat-fatigue_strength-1p2500,43,repeat_cap,tail_slot,-0.0165334483910487,-0.0143361610680712,-0.0157790769922836
oat-fatigue_strength-1p2500,43,repeat_cap,diversify,-0.0004563975794567,0.0012705015424382,0.0005222745819459
oat-fatigue_strength-1p2500,43,repeat_cap,novel_slot,-0.014283966431699,-0.0078004110035592,-0.0109788057298837
oat-fatigue_strength-1p2500,43,repeat_cap,provider_balance,-0.0050448096991064,0.0022141087722477,-0.0003963768222916
oat-fatigue_strength-1p2500,43,explore_slot,tail_slot,-0.0007323444052538,0.0022969082041484,0.0004721825027064
oat-fatigue_strength-1p2500,43,explore_slot,diversify,-0.0037818625120918,-0.0030172325742007,-0.0033249835628331
oat-fatigue_strength-1p2500,43,explore_slot,novel_slot,-0.0010363854120257,0.0022101967316778,0.0002202043601812
oat-fatigue_strength-1p2500,43,explore_slot,provider_balance,-0.003649259109115,-0.0025876274456242,-0.0030680031697842
oat-fatigue_strength-1p2500,43,tail_slot,diversify,-0.0037376616924997,-0.002170105984048,-0.003010762594258
oat-fatigue_strength-1p2500,43,tail_slot,novel_slot,-0.0041259884929257,-0.0011191045993479,-0.0026752181986319
oat-fatigue_strength-1p2500,43,tail_slot,provider_balance,-0.0108418374569736,-0.0056872144022205,-0.0073469174728449
oat-fatigue_strength-1p2500,43,diversify,novel_slot,-0.0001590777208069,0.0016744699064995,0.0008007042503664
oat-fatigue_strength-1p2500,43,diversify,provider_balance,0.0014638920282977,0.002945507154594,0.0018967017446689
oat-fatigue_strength-1p2500,43,novel_slot,provider_balance,9.9272422607906e-06,0.005290532836291,0.0027857322556206
oat-fatigue_strength-1p2500,44,repeat_cap,explore_slot,-0.0209659398726178,-0.0190071069185862,-0.0202554923535674
oat-fatigue_strength-1p2500,44,repeat_cap,tail_slot,-0.0165780102242073,-0.0140127869420671,-0.0150472046637407
oat-fatigue_strength-1p2500,44,repeat_cap,diversify,-0.000506389213741,0.0021421499869923,0.0004817512804602
oat-fatigue_strength-1p2500,44,repeat_cap,novel_slot,-0.0151644464045323,-0.0066973437104502,-0.0112781730330661
oat-fatigue_strength-1p2500,44,repeat_cap,provider_balance,0.0001052960270763,0.003124127638944,0.0010720718444851
oat-fatigue_strength-1p2500,44,explore_slot,tail_slot,-0.0018386279639174,0.0015592354233084,-5.9858740088296726e-05
oat-fatigue_strength-1p2500,44,explore_slot,diversify,-0.0037939970015612,-0.0017164595363404,-0.0028250561008573
oat-fatigue_strength-1p2500,44,explore_slot,novel_slot,-0.0016032556305101,0.0001973905125102,-0.0005432692756518
oat-fatigue_strength-1p2500,44,explore_slot,provider_balance,-0.0027633974143555,-0.0017486971885924,-0.0022521152862119
oat-fatigue_strength-1p2500,44,tail_slot,diversify,-0.0029931543023517,-0.0017078090381081,-0.0022341421211239
oat-fatigue_strength-1p2500,44,tail_slot,novel_slot,-0.003829766079006,-0.0021068207715888,-0.002978377885222
oat-fatigue_strength-1p2500,44,tail_slot,provider_balance,-0.009328387062525,-0.006756296545236,-0.0078585848488888
oat-fatigue_strength-1p2500,44,diversify,novel_slot,-0.0002415420001358,0.0013636956640289,0.0008317343042278
oat-fatigue_strength-1p2500,44,diversify,provider_balance,0.001648664745734,0.0034255192599795,0.0026414910068729
oat-fatigue_strength-1p2500,44,novel_slot,provider_balance,0.001059021047704,0.0035490786259462,0.0024180231727717
oat-fatigue_strength-1p2500,45,repeat_cap,explore_slot,-0.0221015542959843,-0.01926406742246,-0.0206137728276855
oat-fatigue_strength-1p2500,45,repeat_cap,tail_slot,-0.0152531382130271,-0.0130942193451083,-0.0140891999699037
oat-fatigue_strength-1p2500,45,repeat_cap,diversify,9.721346338102892e-05,0.0016026248391639,0.000752953094616
oat-fatigue_strength-1p2500,45,repeat_cap,novel_slot,-0.0135510909341942,-0.0071741019188603,-0.0115505610351961
oat-fatigue_strength-1p2500,45,repeat_cap,provider_balance,-0.0009744766422016,0.0029514821088728,0.0003799011197358
oat-fatigue_strength-1p2500,45,explore_slot,tail_slot,-0.0006093132762432,0.0003172484517574,-0.0002663099630755
oat-fatigue_strength-1p2500,45,explore_slot,diversify,-0.0042682681460326,-0.0019437457480746,-0.003231165861116
oat-fatigue_strength-1p2500,45,explore_slot,novel_slot,-0.0007449368924383,0.0002099724788932,-0.00035542274932
oat-fatigue_strength-1p2500,45,explore_slot,provider_balance,-0.0034177262593273,-0.0024301143499914,-0.0031292424670219
oat-fatigue_strength-1p2500,45,tail_slot,diversify,-0.0042907144149065,-0.0015611019927594,-0.0029811320733372
oat-fatigue_strength-1p2500,45,tail_slot,novel_slot,-0.0042447329926456,-0.0022160618812783,-0.0031516661245731
oat-fatigue_strength-1p2500,45,tail_slot,provider_balance,-0.0096269423291251,-0.0078485432174041,-0.0084944442609819
oat-fatigue_strength-1p2500,45,diversify,novel_slot,-0.0003691578729936,0.0020609935740998,0.001344097227117
oat-fatigue_strength-1p2500,45,diversify,provider_balance,0.0019130397098513,0.0033452054596156,0.0026618653668136
oat-fatigue_strength-1p2500,45,novel_slot,provider_balance,0.0019719179219248,0.0035607103027289,0.0028121914281711
oat-fatigue_strength-1p2500,46,repeat_cap,explore_slot,-0.02071046340453,-0.0184715934565392,-0.0198686807198477
oat-fatigue_strength-1p2500,46,repeat_cap,tail_slot,-0.0147998174936463,-0.013908843955539,-0.0143479020384755
oat-fatigue_strength-1p2500,46,repeat_cap,diversify,-0.0007672948839185,0.0020340619456527,0.0007620991631691
oat-fatigue_strength-1p2500,46,repeat_cap,novel_slot,-0.0150262815655952,-0.0117791653019295,-0.0134639369545662
oat-fatigue_strength-1p2500,46,repeat_cap,provider_balance,-0.0004923643577183,0.0036805169831982,0.0020600834563088
oat-fatigue_strength-1p2500,46,explore_slot,tail_slot,-0.0008739107141654,-0.0002340795373153,-0.0004671105205763
oat-fatigue_strength-1p2500,46,explore_slot,diversify,-0.0033570784327991,-0.0023894309912031,-0.0028320637088888
oat-fatigue_strength-1p2500,46,explore_slot,novel_slot,-0.0015094674858635,-0.0005416266393856,-0.0009703625749767
oat-fatigue_strength-1p2500,46,explore_slot,provider_balance,-0.0031410048727684,-0.0018532732040326,-0.0025663218271637
oat-fatigue_strength-1p2500,46,tail_slot,diversify,-0.0032954641240017,-0.0014797479262402,-0.0024580985870026
oat-fatigue_strength-1p2500,46,tail_slot,novel_slot,-0.0035099940479578,-0.0015675097567507,-0.0029610339664377
oat-fatigue_strength-1p2500,46,tail_slot,provider_balance,-0.0094541009159204,-0.0049679594327693,-0.0074888976238647
oat-fatigue_strength-1p2500,46,diversify,novel_slot,0.000949480604978,0.0016050035843806,0.0011198371718888
oat-fatigue_strength-1p2500,46,diversify,provider_balance,0.0013608880349741,0.003079338294393,0.0022327732978749
oat-fatigue_strength-1p2500,46,novel_slot,provider_balance,0.0013265935799282,0.0038726939917693,0.0024863147745684
oat-repeat_threshold-2,42,repeat_cap,explore_slot,-0.0101787017076146,-0.0088703994031346,-0.0095574584239606
oat-repeat_threshold-2,42,repeat_cap,tail_slot,-0.0054524637355011,-0.000458696453372,-0.0032980555839613
oat-repeat_threshold-2,42,repeat_cap,diversify,-0.0003327929721167,0.0020268533170877,0.0009103810001602
oat-repeat_threshold-2,42,repeat_cap,novel_slot,-0.0051474743064575,-0.0017093057184465,-0.0034663605873417
oat-repeat_threshold-2,42,repeat_cap,provider_balance,-0.0027850902743422,-0.0018599239679746,-0.0022651429366073
oat-repeat_threshold-2,42,explore_slot,tail_slot,-0.0038661584313697,-0.0012831696905006,-0.0022287774133265
oat-repeat_threshold-2,42,explore_slot,diversify,-0.0052821103357626,-0.0049277241414588,-0.0050707636670992
oat-repeat_threshold-2,42,explore_slot,novel_slot,-0.0049553990707233,-0.0019444577786822,-0.0034796419247326
oat-repeat_threshold-2,42,explore_slot,provider_balance,-0.0043445411866993,-0.0025869141529457,-0.0035888891504009
oat-repeat_threshold-2,42,tail_slot,diversify,-0.0045348997550067,-0.0024833046653936,-0.0034270543140552
oat-repeat_threshold-2,42,tail_slot,novel_slot,-0.0098382521613755,-0.0052687746803072,-0.0077368228110995
oat-repeat_threshold-2,42,tail_slot,provider_balance,-0.0118274595676863,-0.0065223164308047,-0.0099430463001929
oat-repeat_threshold-2,42,diversify,novel_slot,0.0019456244981348,0.002556438820738,0.0022213034263146
oat-repeat_threshold-2,42,diversify,provider_balance,0.0036010101574216,0.0047048039040528,0.0041242651729521
oat-repeat_threshold-2,42,novel_slot,provider_balance,0.0024626501408222,0.005781084594923,0.0047178549183955
oat-repeat_threshold-2,43,repeat_cap,explore_slot,-0.0106013805073606,-0.0074531453405573,-0.0096217284054836
oat-repeat_threshold-2,43,repeat_cap,tail_slot,-0.0060475471475442,-0.0034020290854837,-0.0051422313856335
oat-repeat_threshold-2,43,repeat_cap,diversify,-0.00072941732014,0.0008915879081373,0.0002303548026643
oat-repeat_threshold-2,43,repeat_cap,novel_slot,-0.0067572306083098,-0.0032982456202839,-0.0051199225766882
oat-repeat_threshold-2,43,repeat_cap,provider_balance,-0.0055980099494825,-0.0013146709256831,-0.0028886290739057
oat-repeat_threshold-2,43,explore_slot,tail_slot,-0.0033434117191965,0.000686367761418,-0.0019053614041099
oat-repeat_threshold-2,43,explore_slot,diversify,-0.0052905106626765,-0.0047475261477908,-0.0050007765890193
oat-repeat_threshold-2,43,explore_slot,novel_slot,-0.0048564800525483,0.0004160144719,-0.0028399663560545
oat-repeat_threshold-2,43,explore_slot,provider_balance,-0.0046371277366208,-0.0036924694996401,-0.0042189544442419
oat-repeat_threshold-2,43,tail_slot,diversify,-0.0041424013422351,-0.0024357183522341,-0.0032013068343115
oat-repeat_threshold-2,43,tail_slot,novel_slot,-0.0089542371689972,-0.0049168891843873,-0.0071946354442111
oat-repeat_threshold-2,43,tail_slot,provider_balance,-0.0129669102212225,-0.0071460971650585,-0.0093622838925085
oat-repeat_threshold-2,43,diversify,novel_slot,0.000633258195353,0.0029600171688129,0.0015958647719398
oat-repeat_threshold-2,43,diversify,provider_balance,0.0029240606304469,0.0052539593506488,0.0038036732370412
oat-repeat_threshold-2,43,novel_slot,provider_balance,0.0017729721361027,0.0067413866589223,0.0043132307029227
oat-repeat_threshold-2,44,repeat_cap,explore_slot,-0.0103524040514907,-0.0089809093760226,-0.0095032870350264
oat-repeat_threshold-2,44,repeat_cap,tail_slot,-0.0054169178711288,-0.0040322504037194,-0.0045513338549716
oat-repeat_threshold-2,44,repeat_cap,diversify,-0.000480574287125,0.0018724332497488,0.000293239048413
oat-repeat_threshold-2,44,repeat_cap,novel_slot,-0.0081532060370605,-0.0025881761626922,-0.0054009780980305
oat-repeat_threshold-2,44,repeat_cap,provider_balance,-0.0031898023373967,-0.0014787933679274,-0.0023262347615865
oat-repeat_threshold-2,44,explore_slot,tail_slot,-0.0044802337845594,-0.0008035321528073,-0.0028965666014076
oat-repeat_threshold-2,44,explore_slot,diversify,-0.0064045489784626,-0.0033352147595705,-0.0045962958670886
oat-repeat_threshold-2,44,explore_slot,novel_slot,-0.0047542588914969,-0.0025679962704534,-0.003822469288249
oat-repeat_threshold-2,44,explore_slot,provider_balance,-0.0039580420635016,-0.0025183116450517,-0.0031648650063176
oat-repeat_threshold-2,44,tail_slot,diversify,-0.0029663314403679,-0.0014468498227864,-0.0022145817381824
oat-repeat_threshold-2,44,tail_slot,novel_slot,-0.0086644393588961,-0.0059900319235704,-0.00758243871203
oat-repeat_threshold-2,44,tail_slot,provider_balance,-0.0121788994182209,-0.0087669740659293,-0.0101298588155508
oat-repeat_threshold-2,44,diversify,novel_slot,0.0011008214861582,0.0023259167785616,0.0018738126092479
oat-repeat_threshold-2,44,diversify,provider_balance,0.0040922081685042,0.0054928669132206,0.0047858198551568
oat-repeat_threshold-2,44,novel_slot,provider_balance,0.0022446264031826,0.0054539576158435,0.0039764796369846
oat-repeat_threshold-2,45,repeat_cap,explore_slot,-0.0109301098819766,-0.0085810160243112,-0.0096283636439725
oat-repeat_threshold-2,45,repeat_cap,tail_slot,-0.0057154986417984,-0.0023729206053666,-0.0041863701299516
oat-repeat_threshold-2,45,repeat_cap,diversify,-0.0001919146533866,0.0010926712344156,0.0004634819176952
oat-repeat_threshold-2,45,repeat_cap,novel_slot,-0.0067383456327627,-0.0031109282359914,-0.005649695695781
oat-repeat_threshold-2,45,repeat_cap,provider_balance,-0.0043484815840478,-0.0007411620412292,-0.0028068400313902
oat-repeat_threshold-2,45,explore_slot,tail_slot,-0.0034175304565477,-0.0017783114224868,-0.0025119524527809
oat-repeat_threshold-2,45,explore_slot,diversify,-0.0064755015705793,-0.003479969343448,-0.0050650673053119
oat-repeat_threshold-2,45,explore_slot,novel_slot,-0.0036215686362704,-0.002701557806168,-0.0032769220448688
oat-repeat_threshold-2,45,explore_slot,provider_balance,-0.0046816196631014,-0.0042249841452467,-0.0044457102736446
oat-repeat_threshold-2,45,tail_slot,diversify,-0.0043855089252427,-0.0018287812875269,-0.0031202149147367
oat-repeat_threshold-2,45,tail_slot,novel_slot,-0.0089386313062292,-0.0065570687464529,-0.0075663874648341
oat-repeat_threshold-2,45,tail_slot,provider_balance,-0.0131411871216523,-0.0090834818436938,-0.0107775211616604
oat-repeat_threshold-2,45,diversify,novel_slot,0.0002516048975691,0.0025460555687468,0.0018605490467341
oat-repeat_threshold-2,45,diversify,provider_balance,0.003999651981716,0.0065753425999843,0.004881982183797
oat-repeat_threshold-2,45,novel_slot,provider_balance,0.0035900769976521,0.0046017035230227,0.0040692699448871
oat-repeat_threshold-2,46,repeat_cap,explore_slot,-0.0101612318715043,-0.0085077752909476,-0.0094762425735496
oat-repeat_threshold-2,46,repeat_cap,tail_slot,-0.0050674315192915,-0.0033495366310396,-0.0042731907081291
oat-repeat_threshold-2,46,repeat_cap,diversify,-0.0004390395772714,0.0015139115838889,0.0003978418436922
oat-repeat_threshold-2,46,repeat_cap,novel_slot,-0.0079645075689113,-0.0050003945155473,-0.0065212561456457
oat-repeat_threshold-2,46,repeat_cap,provider_balance,-0.0029270589043523,-9.023292193050034e-05,-0.001324118758208
oat-repeat_threshold-2,46,explore_slot,tail_slot,-0.0034408536343475,-0.0027433134949466,-0.0030373419367
oat-repeat_threshold-2,46,explore_slot,diversify,-0.0051727005051795,-0.0039344183511695,-0.0046184313182354
oat-repeat_threshold-2,46,explore_slot,novel_slot,-0.004654719732456,-0.0037391198229118,-0.0040209456428843
oat-repeat_threshold-2,46,explore_slot,provider_balance,-0.0048915446344624,-0.0031620740248513,-0.0039897664851684
oat-repeat_threshold-2,46,tail_slot,diversify,-0.0035330859411454,-0.0015164069544552,-0.0028119182006589
oat-repeat_threshold-2,46,tail_slot,novel_slot,-0.0085711181681158,-0.0060174252403812,-0.0077821219258589
oat-repeat_threshold-2,46,tail_slot,provider_balance,-0.0126566049187155,-0.0066267198171336,-0.0098287023370185
oat-repeat_threshold-2,46,diversify,novel_slot,0.0010814043297715,0.002368262206652,0.0017788000729781
oat-repeat_threshold-2,46,diversify,provider_balance,0.003589446223322,0.0050019781263628,0.0043218475615818
oat-repeat_threshold-2,46,novel_slot,provider_balance,0.0024226821285533,0.0048845655554992,0.0037177636532776
oat-repeat_threshold-4,42,repeat_cap,explore_slot,-0.0184349766975151,-0.0162233288163356,-0.0175531354951926
oat-repeat_threshold-4,42,repeat_cap,tail_slot,-0.015261347955069,-0.0099562958474015,-0.0124863924845055
oat-repeat_threshold-4,42,repeat_cap,diversify,-0.0013645894508083,0.0024339692762693,0.0005949058931055
oat-repeat_threshold-4,42,repeat_cap,novel_slot,-0.0149230830414259,-0.0082247540036897,-0.0105530212817841
oat-repeat_threshold-4,42,repeat_cap,provider_balance,-0.0004527327309645,0.0014202074312466,0.0003563108745283
oat-repeat_threshold-4,42,explore_slot,tail_slot,-0.0015168194096287,0.0002269602168694,-0.0006691585496544
oat-repeat_threshold-4,42,explore_slot,diversify,-0.0031611569843023,-0.002398301273856,-0.0028212914993378
oat-repeat_threshold-4,42,explore_slot,novel_slot,-0.0010836569780414,0.0002149293995224,-0.0005892683942572
oat-repeat_threshold-4,42,explore_slot,provider_balance,-0.0022629461593972,-0.0010730083395941,-0.0016893784268393
oat-repeat_threshold-4,42,tail_slot,diversify,-0.0041932080313777,-0.0027281602576583,-0.0032020287367309
oat-repeat_threshold-4,42,tail_slot,novel_slot,-0.0037844013577528,-0.0010001261897083,-0.0027750265450537
oat-repeat_threshold-4,42,tail_slot,provider_balance,-0.0082568408354382,-0.0035384899654534,-0.0064133592043943
oat-repeat_threshold-4,42,diversify,novel_slot,0.0002219474432029,0.001091634549342,0.0007081595471953
oat-repeat_threshold-4,42,diversify,provider_balance,0.0001887036137503,0.0027913796899852,0.0017872430389301
oat-repeat_threshold-4,42,novel_slot,provider_balance,0.0017224443991741,0.0055150275208936,0.0036950995021881
oat-repeat_threshold-4,43,repeat_cap,explore_slot,-0.0186335018160372,-0.0146066239151658,-0.0173942230744024
oat-repeat_threshold-4,43,repeat_cap,tail_slot,-0.0151253073111533,-0.0128259862208881,-0.0143677035417007
oat-repeat_threshold-4,43,repeat_cap,diversify,-0.0007975541067879,0.000692768575147,2.017555960914149e-05
oat-repeat_threshold-4,43,repeat_cap,novel_slot,-0.0164888330669283,-0.0096740494391792,-0.012834154837747
oat-repeat_threshold-4,43,repeat_cap,provider_balance,-0.0064684960422454,0.0011758807355402,-0.0012056858449414
oat-repeat_threshold-4,43,explore_slot,tail_slot,-0.0015633509301082,0.0010296702723547,-0.0005357991536191
oat-repeat_threshold-4,43,explore_slot,diversify,-0.0031212394074194,-0.0026089242461881,-0.0028361640567704
oat-repeat_threshold-4,43,explore_slot,novel_slot,-0.0008744922179479,0.0019097063124841,0.0001360269656982
oat-repeat_threshold-4,43,explore_slot,provider_balance,-0.0031082941356961,-0.0020791809324452,-0.0025609426844767
oat-repeat_threshold-4,43,tail_slot,diversify,-0.0034183722158166,-0.001768989269649,-0.0026378683096514
oat-repeat_threshold-4,43,tail_slot,novel_slot,-0.0036420047832619,-0.0011928393003761,-0.00250742439249
oat-repeat_threshold-4,43,tail_slot,provider_balance,-0.0099202079437452,-0.0050533389792118,-0.0066508811040171
oat-repeat_threshold-4,43,diversify,novel_slot,-0.0007264977282243,0.0014642826057448,0.000409180992189
oat-repeat_threshold-4,43,diversify,provider_balance,0.0014548813877768,0.0026663887603037,0.0018786087378095
oat-repeat_threshold-4,43,novel_slot,provider_balance,-0.0004341373478828,0.0045956374029613,0.0023152201987881
oat-repeat_threshold-4,44,repeat_cap,explore_slot,-0.0181137080360238,-0.0155288668453191,-0.017076755243193
oat-repeat_threshold-4,44,repeat_cap,tail_slot,-0.0155421308706879,-0.0121498746829433,-0.0137230784466864
oat-repeat_threshold-4,44,repeat_cap,diversify,-0.0014663146636185,0.001243980395925,-0.0003459307921703
oat-repeat_threshold-4,44,repeat_cap,novel_slot,-0.016526170105122,-0.0085043613408214,-0.0130968447510223
oat-repeat_threshold-4,44,repeat_cap,provider_balance,-0.0009301583194653,0.0035252792223895,0.0004833245181518
oat-repeat_threshold-4,44,explore_slot,tail_slot,-0.002833134524905,0.0003322506876905,-0.0010727416895327
oat-repeat_threshold-4,44,explore_slot,diversify,-0.0030223990998813,-0.001334862115179,-0.0022751469731959
oat-repeat_threshold-4,44,explore_slot,novel_slot,-0.0016264405930626,6.133233466119577e-05,-0.000621124497263
oat-repeat_threshold-4,44,explore_slot,provider_balance,-0.002433221402662,-0.0008972311176556,-0.001763499717953
oat-repeat_threshold-4,44,tail_slot,diversify,-0.002424031164092,-0.0015294325537252,-0.0019376937588476
oat-repeat_threshold-4,44,tail_slot,novel_slot,-0.0037238274735574,-0.0020696518502569,-0.0029085757022635
oat-repeat_threshold-4,44,tail_slot,provider_balance,-0.0082542320050811,-0.0058290477195358,-0.0069079980186359
oat-repeat_threshold-4,44,diversify,novel_slot,-0.0004548893651591,0.0013083171125419,0.0006572905434624
oat-repeat_threshold-4,44,diversify,provider_balance,0.0015484818864782,0.0033661822983214,0.0025675684130863
oat-repeat_threshold-4,44,novel_slot,provider_balance,0.0004224780954726,0.0036775554194749,0.0018681051279817
oat-repeat_threshold-4,45,repeat_cap,explore_slot,-0.0193638406596955,-0.015866128296951,-0.0177288879586901
oat-repeat_threshold-4,45,repeat_cap,tail_slot,-0.0143801638304102,-0.0117267955119209,-0.0130028851214589
oat-repeat_threshold-4,45,repeat_cap,diversify,-0.000827295167798,0.0006313007609933,-0.0002138191696515
oat-repeat_threshold-4,45,repeat_cap,novel_slot,-0.0158628727862482,-0.0083312201188945,-0.0133139805956976
oat-repeat_threshold-4,45,repeat_cap,provider_balance,-0.002021528716544,0.0021210711898217,-0.0008215138958996
oat-repeat_threshold-4,45,explore_slot,tail_slot,-0.0014684393623315,-0.0006943929060397,-0.0011872614633254
oat-repeat_threshold-4,45,explore_slot,diversify,-0.0038690359007316,-0.0014142656187248,-0.002756375954687
oat-repeat_threshold-4,45,explore_slot,novel_slot,-0.0010179616197156,1.1392373179344782e-05,-0.0006126536750493
oat-repeat_threshold-4,45,explore_slot,provider_balance,-0.003219796933384,-0.0016439723057037,-0.002698937663012
oat-repeat_threshold-4,45,tail_slot,diversify,-0.0038121771326944,-0.001023504016905,-0.0025631447807277
oat-repeat_threshold-4,45,tail_slot,novel_slot,-0.0037415244851942,-0.0020300112600246,-0.0029570793301055
oat-repeat_threshold-4,45,tail_slot,provider_balance,-0.0083350712340659,-0.0071816076276912,-0.007640886375923
oat-repeat_threshold-4,45,diversify,novel_slot,-0.0006638946362288,0.0018376356434666,0.0011309513868019
oat-repeat_threshold-4,45,diversify,provider_balance,0.0015658688352663,0.003248365242678,0.0023477277998398
oat-repeat_threshold-4,45,novel_slot,provider_balance,0.0012647034074725,0.0027432250081387,0.0022391074346115
oat-repeat_threshold-4,46,repeat_cap,explore_slot,-0.0178399866096149,-0.0154576183626966,-0.0168320163294204
oat-repeat_threshold-4,46,repeat_cap,tail_slot,-0.0137202762692537,-0.0123887366665261,-0.0130065160055375
oat-repeat_threshold-4,46,repeat_cap,diversify,-0.0018449544716425,0.0011650698116749,-3.589305425674472e-05
oat-repeat_threshold-4,46,repeat_cap,novel_slot,-0.0161644857800979,-0.0143933161485668,-0.0153325506213481
oat-repeat_threshold-4,46,repeat_cap,provider_balance,-0.0017746188474636,0.0032553095597022,0.0012595156204861
oat-repeat_threshold-4,46,explore_slot,tail_slot,-0.0020207250213853,-0.0010628422737763,-0.0014113192212501
oat-repeat_threshold-4,46,explore_slot,diversify,-0.002682075504582,-0.0019308430866355,-0.0023469958730831
oat-repeat_threshold-4,46,explore_slot,novel_slot,-0.0015561977158885,-0.0006601248780044,-0.0012047082782484
oat-repeat_threshold-4,46,explore_slot,provider_balance,-0.0024982847991197,-0.0015552273895985,-0.0020515326915983
oat-repeat_threshold-4,46,tail_slot,diversify,-0.0030332676030512,-0.0014489030423836,-0.0022343707285777
oat-repeat_threshold-4,46,tail_slot,novel_slot,-0.0034936285791122,-0.001464733661822,-0.0028831981028821
oat-repeat_threshold-4,46,tail_slot,provider_balance,-0.0084967496503788,-0.0044754747678505,-0.0067725790265384
oat-repeat_threshold-4,46,diversify,novel_slot,0.000492886711452,0.0011972595911967,0.0008607195979793
oat-repeat_threshold-4,46,diversify,provider_balance,0.0009914989100467,0.0030880813435172,0.0019447351925389
oat-repeat_threshold-4,46,novel_slot,provider_balance,0.0007836064052238,0.0039102316474392,0.0021370039666031
oat-horizon-8,42,repeat_cap,explore_slot,-0.0155186389152694,-0.0129203027061734,-0.0142777448571111
oat-horizon-8,42,repeat_cap,tail_slot,-0.0117748504758363,-0.0077992238130014,-0.0101427922819597
oat-horizon-8,42,repeat_cap,diversify,-0.0012538837782352,0.002007054295786,-5.478566397936857e-06
oat-horizon-8,42,repeat_cap,novel_slot,-0.0125754710992449,-0.0067275711695725,-0.0091195192338147
oat-horizon-8,42,repeat_cap,provider_balance,-0.000611609318401,0.0004187212376298,-0.0001045632462727
oat-horizon-8,42,explore_slot,tail_slot,-0.0010972115336268,0.0004062195718041,-0.0003142657137056
oat-horizon-8,42,explore_slot,diversify,-0.0022512233974254,-0.0016679580397926,-0.0019040990625851
oat-horizon-8,42,explore_slot,novel_slot,-0.000697888358374,0.000126890264388,-0.0003093769389675
oat-horizon-8,42,explore_slot,provider_balance,-0.0016315917929813,-0.0010975684091078,-0.00140624724461
oat-horizon-8,42,tail_slot,diversify,-0.0027301613785791,-0.0011530786609814,-0.0021883974165694
oat-horizon-8,42,tail_slot,novel_slot,-0.0028592620309711,-0.0005621803864294,-0.0018754974521635
oat-horizon-8,42,tail_slot,provider_balance,-0.0061530031657079,-0.0028138422974697,-0.0050221332605182
oat-horizon-8,42,diversify,novel_slot,0.0007007661963579,0.0013528410612547,0.0009247564647712
oat-horizon-8,42,diversify,provider_balance,-0.0004413889137458,0.0015067285655587,0.0006251231736054
oat-horizon-8,42,novel_slot,provider_balance,0.0019096273204448,0.004688058372886,0.0037378460065746
oat-horizon-8,43,repeat_cap,explore_slot,-0.0155481348981879,-0.0116855181225465,-0.0140848700603102
oat-horizon-8,43,repeat_cap,tail_slot,-0.0127761613280281,-0.0108116967070441,-0.0120296112218758
oat-horizon-8,43,repeat_cap,diversify,-0.001406631912797,0.0003937606168164,-0.000496026089088
oat-horizon-8,43,repeat_cap,novel_slot,-0.0144816704093061,-0.008469363793359,-0.011086146717595
oat-horizon-8,43,repeat_cap,provider_balance,-0.0049485817552485,0.0006000353642976,-0.0016496034629328
oat-horizon-8,43,explore_slot,tail_slot,-0.0014061719824788,0.0017244444451842,4.257630842156802e-05
oat-horizon-8,43,explore_slot,diversify,-0.0025976574244555,-0.001691878441083,-0.002126858808873
oat-horizon-8,43,explore_slot,novel_slot,-0.0009565102654073,0.0020121859306977,0.0003212808173712
oat-horizon-8,43,explore_slot,provider_balance,-0.0028349592923408,-0.0018349429877672,-0.0021636250312555
oat-horizon-8,43,tail_slot,diversify,-0.0027819877822367,-0.0009776349093834,-0.0018549764241421
oat-horizon-8,43,tail_slot,novel_slot,-0.0026551002197521,-9.318453416524616e-05,-0.0017442923241919
oat-horizon-8,43,tail_slot,provider_balance,-0.0080197571519413,-0.0040197060805886,-0.0051449228770435
oat-horizon-8,43,diversify,novel_slot,-0.0002199221412334,0.0015385313218399,0.0006548356807879
oat-horizon-8,43,diversify,provider_balance,-0.000480112503832,0.0017406615246771,0.0006355326980523
oat-horizon-8,43,novel_slot,provider_balance,-1.917771303024758e-05,0.0049044016590108,0.0024145298106311
oat-horizon-8,44,repeat_cap,explore_slot,-0.0149579701610864,-0.0118612689264493,-0.0140394419677973
oat-horizon-8,44,repeat_cap,tail_slot,-0.0124400734419776,-0.0104292832484527,-0.0112873791087687
oat-horizon-8,44,repeat_cap,diversify,-0.0014535893438288,0.0011320395968017,-0.0003656702148396
oat-horizon-8,44,repeat_cap,novel_slot,-0.0153079013379776,-0.0079552132615842,-0.0116013275399754
oat-horizon-8,44,repeat_cap,provider_balance,-0.001164478791889,0.0022796341385846,0.0003506270778922
oat-horizon-8,44,explore_slot,tail_slot,-0.0013630310914562,0.0008775486472483,-0.0005012515257739
oat-horizon-8,44,explore_slot,diversify,-0.0030402085332807,-0.0005987368509373,-0.0016766391493696
oat-horizon-8,44,explore_slot,novel_slot,-0.0011838651212521,8.711658256839363e-05,-0.0004515373584128
oat-horizon-8,44,explore_slot,provider_balance,-0.0019306894150899,-0.0007242934589687,-0.0013590910230908
oat-horizon-8,44,tail_slot,diversify,-0.0024642737666489,-0.0007117422548288,-0.0013141874127357
oat-horizon-8,44,tail_slot,novel_slot,-0.0025872727480344,-0.0012611802177357,-0.0019338915084662
oat-horizon-8,44,tail_slot,provider_balance,-0.0070448569943547,-0.004395930442776,-0.0054216889337348
oat-horizon-8,44,diversify,novel_slot,2.4600989437380716e-05,0.001688272701839,0.0008179329038917
oat-horizon-8,44,diversify,provider_balance,-0.0003277231079539,0.0017776711789978,0.0010853356594639
oat-horizon-8,44,novel_slot,provider_balance,0.0010089161719619,0.0035701137405082,0.0025035024154201
oat-horizon-8,45,repeat_cap,explore_slot,-0.0158690778082593,-0.0126127319977322,-0.0142386285927753
oat-horizon-8,45,repeat_cap,tail_slot,-0.0116128490599147,-0.0092871591360876,-0.0104610762807302
oat-horizon-8,45,repeat_cap,diversify,-0.0004999663319108,0.000944432262712,8.527535884663527e-05
oat-horizon-8,45,repeat_cap,novel_slot,-0.0132657474840442,-0.0097008401548815,-0.011967393326049
oat-horizon-8,45,repeat_cap,provider_balance,-0.0008011411520764,0.0015565960690679,0.0001356017277432
oat-horizon-8,45,explore_slot,tail_slot,-0.0012534254482432,2.2252453643774942e-05,-0.0007764843765756
oat-horizon-8,45,explore_slot,diversify,-0.0026295954697757,-0.0010681473658036,-0.0019216844339728
oat-horizon-8,45,explore_slot,novel_slot,-0.0008206839347439,0.000663408923438,-0.0001731860833379
oat-horizon-8,45,explore_slot,provider_balance,-0.0025787885583297,-0.001732562035495,-0.0021619840353389
oat-horizon-8,45,tail_slot,diversify,-0.002543561792747,-0.0008321515489205,-0.0017785226119949
oat-horizon-8,45,tail_slot,novel_slot,-0.0025972435574803,-0.0011860110603457,-0.002098850448946
oat-horizon-8,45,tail_slot,provider_balance,-0.0063159475018056,-0.0051854236157993,-0.0058179653736566
oat-horizon-8,45,diversify,novel_slot,-0.0002903122316478,0.0017330024502049,0.0010859533913114
oat-horizon-8,45,diversify,provider_balance,0.0005494410124037,0.0022217401022403,0.0013528253061718
oat-horizon-8,45,novel_slot,provider_balance,0.0014569591792621,0.002910002840157,0.0024879318640412
oat-horizon-8,46,repeat_cap,explore_slot,-0.0152942141894566,-0.0121651886004039,-0.0138977077823884
oat-horizon-8,46,repeat_cap,tail_slot,-0.0114707541812756,-0.0101004268361251,-0.0109909258479437
oat-horizon-8,46,repeat_cap,diversify,-0.0010649225835493,0.0009955075296423,-5.1308816120134706e-05
oat-horizon-8,46,repeat_cap,novel_slot,-0.0143515471275317,-0.0108739732315041,-0.0131661517329263
oat-horizon-8,46,repeat_cap,provider_balance,0.000147012904434,0.002512992723423,0.0011023880524921
oat-horizon-8,46,explore_slot,tail_slot,-0.0013797445258972,-0.000498863042749,-0.0007997262905743
oat-horizon-8,46,explore_slot,diversify,-0.002162518643988,-0.0013334412724048,-0.0016449661746051
oat-horizon-8,46,explore_slot,novel_slot,-0.0013573348674625,-0.0001816425056201,-0.0008494513325072
oat-horizon-8,46,explore_slot,provider_balance,-0.0023346078362691,-0.0009420554613705,-0.0015287575853414
oat-horizon-8,46,tail_slot,diversify,-0.0020295105586479,-0.0007814193641508,-0.0015042856448752
oat-horizon-8,46,tail_slot,novel_slot,-0.0023859236255552,-0.0014034430916101,-0.0020581426743913
oat-horizon-8,46,tail_slot,provider_balance,-0.0064608321163811,-0.0028433514416213,-0.0047764744999693
oat-horizon-8,46,diversify,novel_slot,0.0003368843678484,0.0018756613054563,0.0009608696760709
oat-horizon-8,46,diversify,provider_balance,0.0004183923412775,0.0014669300494435,0.0010343095896553
oat-horizon-8,46,novel_slot,provider_balance,0.000120985798395,0.0036184351199532,0.0019229876028009
oat-horizon-16,42,repeat_cap,explore_slot,-0.0186029693037074,-0.0168783616511583,-0.017630558201284
oat-horizon-16,42,repeat_cap,tail_slot,-0.0137509056972052,-0.007579332709851,-0.0103739260623052
oat-horizon-16,42,repeat_cap,diversify,-0.0002495446581631,0.0029118188873379,0.0013926186507964
oat-horizon-16,42,repeat_cap,novel_slot,-0.0084544474345973,-0.0028913389339672,-0.0050010332783302
oat-horizon-16,42,repeat_cap,provider_balance,-0.0015997802000588,-0.0001338263977769,-0.0006484267190978
oat-horizon-16,42,explore_slot,tail_slot,-0.0009242559144479,0.0012227914470801,0.0004594565054299
oat-horizon-16,42,explore_slot,diversify,-0.003122203532445,-0.0028865223608545,-0.0029914626374398
oat-horizon-16,42,explore_slot,novel_slot,-0.0006611067523329,0.0004173025852761,-0.0001070848188679
oat-horizon-16,42,explore_slot,provider_balance,-0.0028449597415132,-0.0015436239410964,-0.0022261478541724
oat-horizon-16,42,tail_slot,diversify,-0.0038442379063766,-0.002636802890942,-0.0030994961740387
oat-horizon-16,42,tail_slot,novel_slot,-0.0039036521740293,-0.0009860034729098,-0.002848435368607
oat-horizon-16,42,tail_slot,provider_balance,-0.0083814577360269,-0.0042338978757597,-0.0069312634944399
oat-horizon-16,42,diversify,novel_slot,0.0014660230773485,0.0020047833378918,0.0017168030500285
oat-horizon-16,42,diversify,provider_balance,0.0007451993764713,0.0028819228907737,0.0019082295754021
oat-horizon-16,42,novel_slot,provider_balance,0.0026004674898856,0.0052962758119609,0.0044053309278365
oat-horizon-16,43,repeat_cap,explore_slot,-0.0190770466585949,-0.0153157878153277,-0.017687353473778
oat-horizon-16,43,repeat_cap,tail_slot,-0.0137160145778888,-0.0103795150072928,-0.0123316110327536
oat-horizon-16,43,repeat_cap,diversify,-0.0005074647673169,0.0011784555873667,0.0006020354256599
oat-horizon-16,43,repeat_cap,novel_slot,-0.0092973268115148,-0.0036072577124345,-0.0065437297489494
oat-horizon-16,43,repeat_cap,provider_balance,-0.0052713789688415,0.000808768232249,-0.0014202542859547
oat-horizon-16,43,explore_slot,tail_slot,-0.0003951383504969,0.0024067676233238,0.0006935147287284
oat-horizon-16,43,explore_slot,diversify,-0.0035327051275672,-0.0026950973452088,-0.0030730660077756
oat-horizon-16,43,explore_slot,novel_slot,-0.0004478203943282,0.0023488429019295,0.0005310896207789
oat-horizon-16,43,explore_slot,provider_balance,-0.0033209499373208,-0.0021514689692379,-0.0027350892922883
oat-horizon-16,43,tail_slot,diversify,-0.0032261787330962,-0.001712782354912,-0.0025987766399923
oat-horizon-16,43,tail_slot,novel_slot,-0.003809166960861,-0.00112814449638,-0.0025431511171908
oat-horizon-16,43,tail_slot,provider_balance,-0.0096164717550417,-0.0052704852576113,-0.0066011948206689
oat-horizon-16,43,diversify,novel_slot,0.0004148973378593,0.002112113306194,0.0012945947833296
oat-horizon-16,43,diversify,provider_balance,0.0012747170608838,0.0025224292263836,0.001638163714422
oat-horizon-16,43,novel_slot,provider_balance,0.0011936000265987,0.0055362867420969,0.0035867809987402
oat-horizon-16,44,repeat_cap,explore_slot,-0.0181597586381854,-0.0167326719183431,-0.0175376990217895
oat-horizon-16,44,repeat_cap,tail_slot,-0.013477931336627,-0.0097607721115859,-0.0115797110123488
oat-horizon-16,44,repeat_cap,diversify,-0.0005224913755752,0.0023070604478505,0.00053708761809
oat-horizon-16,44,repeat_cap,novel_slot,-0.0092576797734582,-0.0032013371118649,-0.0067733801581843
oat-horizon-16,44,repeat_cap,provider_balance,-0.0026048894482304,0.0005138277468194,-0.0008559135505392
oat-horizon-16,44,explore_slot,tail_slot,-0.0013775918172228,0.0017314353785496,0.0002835264104527
oat-horizon-16,44,explore_slot,diversify,-0.0035651017165084,-0.001628826683362,-0.0026463139224535
oat-horizon-16,44,explore_slot,novel_slot,-0.0009961231893817,0.0005333543641357,-9.040249836946868e-05
oat-horizon-16,44,explore_slot,provider_balance,-0.0023290707537156,-0.0017065968279724,-0.0020070310760894
oat-horizon-16,44,tail_slot,diversify,-0.0027707183596197,-0.0015877866857668,-0.002043406309225
oat-horizon-16,44,tail_slot,novel_slot,-0.0035485070659512,-0.0020912863278901,-0.0027967993223689
oat-horizon-16,44,tail_slot,provider_balance,-0.0084672582389789,-0.0059501237984116,-0.0070952769390427
oat-horizon-16,44,diversify,novel_slot,0.0002161451628244,0.0018050704306423,0.0013758649850329
oat-horizon-16,44,diversify,provider_balance,0.0015886577366044,0.0029066562468023,0.0023568921138153
oat-horizon-16,44,novel_slot,provider_balance,0.0019233593586342,0.0045519891150396,0.0033473339417927
oat-horizon-16,45,repeat_cap,explore_slot,-0.0190977407348344,-0.0164387602920052,-0.0178496673734958
oat-horizon-16,45,repeat_cap,tail_slot,-0.01233316730566,-0.0089734709567578,-0.0107938833728611
oat-horizon-16,45,repeat_cap,diversify,0.0002262546502202,0.0017786012882315,0.0008545046124687
oat-horizon-16,45,repeat_cap,novel_slot,-0.0089537569451769,-0.0030326659724754,-0.0069308474180911
oat-horizon-16,45,repeat_cap,provider_balance,-0.0027072041160366,0.0018747659270082,-0.0010329117350407
oat-horizon-16,45,explore_slot,tail_slot,-0.0003199408395907,0.0006740823860616,7.39645298462883e-05
oat-horizon-16,45,explore_slot,diversify,-0.0039842141833144,-0.0019617901035805,-0.0029704213254578
oat-horizon-16,45,explore_slot,novel_slot,-0.000321742699474,0.0006466885319483,8.96685257968521e-05
oat-horizon-16,45,explore_slot,provider_balance,-0.0031028369731525,-0.0021655231267645,-0.0028105732764203
oat-horizon-16,45,tail_slot,diversify,-0.0036973027034911,-0.0015237195879208,-0.0025890376812759
oat-horizon-16,45,tail_slot,novel_slot,-0.0041864469339026,-0.0019540455920542,-0.0028659660753569
oat-horizon-16,45,tail_slot,provider_balance,-0.0091955409623698,-0.0070221764517507,-0.0077822688885316
oat-horizon-16,45,diversify,novel_slot,0.0003242264656789,0.0023784392981976,0.0017000893770511
oat-horizon-16,45,diversify,provider_balance,0.0014491154413709,0.0031607324501403,0.0022893926896721
oat-horizon-16,45,novel_slot,provider_balance,0.0030782856228177,0.0041067748305897,0.0037141212146879
oat-horizon-16,46,repeat_cap,explore_slot,-0.0177969077353255,-0.0158612846744252,-0.017048335601234
oat-horizon-16,46,repeat_cap,tail_slot,-0.0121260666091423,-0.0100640918888928,-0.010948600797489
oat-horizon-16,46,repeat_cap,diversify,4.233699506298863e-05,0.001438136978976,0.0006846813008602
oat-horizon-16,46,repeat_cap,novel_slot,-0.0102200604570217,-0.0077256851554978,-0.0084362838588035
oat-horizon-16,46,repeat_cap,provider_balance,-0.0017450699632601,0.0022959767782796,0.0006223934909563
oat-horizon-16,46,explore_slot,tail_slot,-0.000494271985383,0.0001901978179117,-0.000108575952873
oat-horizon-16,46,explore_slot,diversify,-0.0028792284788412,-0.0019950272489172,-0.0024751492923387
oat-horizon-16,46,explore_slot,novel_slot,-0.0009250418880854,1.290141411198364e-05,-0.0003407041208141
oat-horizon-16,46,explore_slot,provider_balance,-0.0026262549617967,-0.0017306735007752,-0.0023578979915267
oat-horizon-16,46,tail_slot,diversify,-0.0025710605712569,-0.0013509703404201,-0.0020563010039433
oat-horizon-16,46,tail_slot,novel_slot,-0.0034981313154716,-0.0015395267246993,-0.0027128332550065
oat-horizon-16,46,tail_slot,provider_balance,-0.0086281159492047,-0.004622205618775,-0.0068258417173129
oat-horizon-16,46,diversify,novel_slot,0.0014443623579907,0.0019268120992268,0.0016918138597002
oat-horizon-16,46,diversify,provider_balance,0.001068029623338,0.0023716464264877,0.0018707992552569
oat-horizon-16,46,novel_slot,provider_balance,0.0024835022758178,0.0044628858269217,0.0033874629710468
oat-provider_threshold-0p2400,42,repeat_cap,explore_slot,-0.0213109814967592,-0.0192103105902075,-0.0204987844162507
oat-provider_threshold-0p2400,42,repeat_cap,tail_slot,-0.0168520289252013,-0.0108162476996121,-0.013714791809663
oat-provider_threshold-0p2400,42,repeat_cap,diversify,-0.0004986837769154,0.0032807080415303,0.0014554909648263
oat-provider_threshold-0p2400,42,repeat_cap,novel_slot,-0.0130597641281344,-0.0059040350642223,-0.0086347136212493
oat-provider_threshold-0p2400,42,repeat_cap,provider_balance,4.50781180395349e-06,0.0013570344854641,0.0007911843304972
oat-provider_threshold-0p2400,42,explore_slot,tail_slot,-0.0009014884836699,0.0012971747562134,0.000336342494347
oat-provider_threshold-0p2400,42,explore_slot,diversify,-0.0035656671104383,-0.0031043139923882,-0.0033437261870668
oat-provider_threshold-0p2400,42,explore_slot,novel_slot,-0.0010527948454712,2.2624750365044573e-05,-0.0005463342200939
oat-provider_threshold-0p2400,42,explore_slot,provider_balance,-0.0029265824765859,-0.0017712560991746,-0.0023530742362776
oat-provider_threshold-0p2400,42,tail_slot,diversify,-0.0044864824872542,-0.003082225576161,-0.0035387346135676
oat-provider_threshold-0p2400,42,tail_slot,novel_slot,-0.0042193035442872,-0.0010240303856958,-0.0030597807627956
oat-provider_threshold-0p2400,42,tail_slot,provider_balance,-0.0089813312152229,-0.0044094369960079,-0.0074008327298731
oat-provider_threshold-0p2400,42,diversify,novel_slot,0.0007014993771566,0.0014894654101407,0.0011769076357376
oat-provider_threshold-0p2400,42,diversify,provider_balance,0.0006083273869617,0.002803750881173,0.0019726392130496
oat-provider_threshold-0p2400,42,novel_slot,provider_balance,0.0020698676636761,0.005501414384233,0.0040428786317671
oat-provider_threshold-0p2400,43,repeat_cap,explore_slot,-0.021975783991065,-0.0177531181224543,-0.02040271011533
oat-provider_threshold-0p2400,43,repeat_cap,tail_slot,-0.0165334483910487,-0.0143361610680712,-0.0157790769922836
oat-provider_threshold-0p2400,43,repeat_cap,diversify,-0.0004563975794567,0.0012705015424382,0.0005222745819459
oat-provider_threshold-0p2400,43,repeat_cap,novel_slot,-0.014283966431699,-0.0078004110035592,-0.0109788057298837
oat-provider_threshold-0p2400,43,repeat_cap,provider_balance,-0.0050448096991064,0.0022141087722477,-0.0003963768222916
oat-provider_threshold-0p2400,43,explore_slot,tail_slot,-0.0007323444052538,0.0022969082041484,0.0004721825027064
oat-provider_threshold-0p2400,43,explore_slot,diversify,-0.0037818625120918,-0.0030172325742007,-0.0033249835628331
oat-provider_threshold-0p2400,43,explore_slot,novel_slot,-0.0010363854120257,0.0022101967316778,0.0002202043601812
oat-provider_threshold-0p2400,43,explore_slot,provider_balance,-0.003649259109115,-0.0025876274456242,-0.0030680031697842
oat-provider_threshold-0p2400,43,tail_slot,diversify,-0.0037376616924997,-0.002170105984048,-0.003010762594258
oat-provider_threshold-0p2400,43,tail_slot,novel_slot,-0.0041259884929257,-0.0011191045993479,-0.0026752181986319
oat-provider_threshold-0p2400,43,tail_slot,provider_balance,-0.0108418374569736,-0.0056872144022205,-0.0073469174728449
oat-provider_threshold-0p2400,43,diversify,novel_slot,-0.0001590777208069,0.0016744699064995,0.0008007042503664
oat-provider_threshold-0p2400,43,diversify,provider_balance,0.0014638920282977,0.002945507154594,0.0018967017446689
oat-provider_threshold-0p2400,43,novel_slot,provider_balance,9.9272422607906e-06,0.005290532836291,0.0027857322556206
oat-provider_threshold-0p2400,44,repeat_cap,explore_slot,-0.0209659398726178,-0.0190071069185862,-0.0202554923535674
oat-provider_threshold-0p2400,44,repeat_cap,tail_slot,-0.0165780102242073,-0.0140127869420671,-0.0150472046637407
oat-provider_threshold-0p2400,44,repeat_cap,diversify,-0.000506389213741,0.0021421499869923,0.0004817512804602
oat-provider_threshold-0p2400,44,repeat_cap,novel_slot,-0.0151644464045323,-0.0066973437104502,-0.0112781730330661
oat-provider_threshold-0p2400,44,repeat_cap,provider_balance,0.0001052960270763,0.003124127638944,0.0010720718444851
oat-provider_threshold-0p2400,44,explore_slot,tail_slot,-0.0018386279639174,0.0015592354233084,-5.9858740088296726e-05
oat-provider_threshold-0p2400,44,explore_slot,diversify,-0.0037939970015612,-0.0017164595363404,-0.0028250561008573
oat-provider_threshold-0p2400,44,explore_slot,novel_slot,-0.0016032556305101,0.0001973905125102,-0.0005432692756518
oat-provider_threshold-0p2400,44,explore_slot,provider_balance,-0.0027633974143555,-0.0017486971885924,-0.0022521152862119
oat-provider_threshold-0p2400,44,tail_slot,diversify,-0.0029931543023517,-0.0017078090381081,-0.0022341421211239
oat-provider_threshold-0p2400,44,tail_slot,novel_slot,-0.003829766079006,-0.0021068207715888,-0.002978377885222
oat-provider_threshold-0p2400,44,tail_slot,provider_balance,-0.009328387062525,-0.006756296545236,-0.0078585848488888
oat-provider_threshold-0p2400,44,diversify,novel_slot,-0.0002415420001358,0.0013636956640289,0.0008317343042278
oat-provider_threshold-0p2400,44,diversify,provider_balance,0.001648664745734,0.0034255192599795,0.0026414910068729
oat-provider_threshold-0p2400,44,novel_slot,provider_balance,0.001059021047704,0.0035490786259462,0.0024180231727717
oat-provider_threshold-0p2400,45,repeat_cap,explore_slot,-0.0221015542959843,-0.01926406742246,-0.0206137728276855
oat-provider_threshold-0p2400,45,repeat_cap,tail_slot,-0.0152531382130271,-0.0130942193451083,-0.0140891999699037
oat-provider_threshold-0p2400,45,repeat_cap,diversify,9.721346338102892e-05,0.0016026248391639,0.000752953094616
oat-provider_threshold-0p2400,45,repeat_cap,novel_slot,-0.0135510909341942,-0.0071741019188603,-0.0115505610351961
oat-provider_threshold-0p2400,45,repeat_cap,provider_balance,-0.0009744766422016,0.0029514821088728,0.0003799011197358
oat-provider_threshold-0p2400,45,explore_slot,tail_slot,-0.0006093132762432,0.0003172484517574,-0.0002663099630755
oat-provider_threshold-0p2400,45,explore_slot,diversify,-0.0042682681460326,-0.0019437457480746,-0.003231165861116
oat-provider_threshold-0p2400,45,explore_slot,novel_slot,-0.0007449368924383,0.0002099724788932,-0.00035542274932
oat-provider_threshold-0p2400,45,explore_slot,provider_balance,-0.0034177262593273,-0.0024301143499914,-0.0031292424670219
oat-provider_threshold-0p2400,45,tail_slot,diversify,-0.0042907144149065,-0.0015611019927594,-0.0029811320733372
oat-provider_threshold-0p2400,45,tail_slot,novel_slot,-0.0042447329926456,-0.0022160618812783,-0.0031516661245731
oat-provider_threshold-0p2400,45,tail_slot,provider_balance,-0.0096269423291251,-0.0078485432174041,-0.0084944442609819
oat-provider_threshold-0p2400,45,diversify,novel_slot,-0.0003691578729936,0.0020609935740998,0.001344097227117
oat-provider_threshold-0p2400,45,diversify,provider_balance,0.0019130397098513,0.0033452054596156,0.0026618653668136
oat-provider_threshold-0p2400,45,novel_slot,provider_balance,0.0019719179219248,0.0035607103027289,0.0028121914281711
oat-provider_threshold-0p2400,46,repeat_cap,explore_slot,-0.02071046340453,-0.0184715934565392,-0.0198686807198477
oat-provider_threshold-0p2400,46,repeat_cap,tail_slot,-0.0147998174936463,-0.013908843955539,-0.0143479020384755
oat-provider_threshold-0p2400,46,repeat_cap,diversify,-0.0007672948839185,0.0020340619456527,0.0007620991631691
oat-provider_threshold-0p2400,46,repeat_cap,novel_slot,-0.0150262815655952,-0.0117791653019295,-0.0134639369545662
oat-provider_threshold-0p2400,46,repeat_cap,provider_balance,-0.0004923643577183,0.0036805169831982,0.0020600834563088
oat-provider_threshold-0p2400,46,explore_slot,tail_slot,-0.0008739107141654,-0.0002340795373153,-0.0004671105205763
oat-provider_threshold-0p2400,46,explore_slot,diversify,-0.0033570784327991,-0.0023894309912031,-0.0028320637088888
oat-provider_threshold-0p2400,46,explore_slot,novel_slot,-0.0015094674858635,-0.0005416266393856,-0.0009703625749767
oat-provider_threshold-0p2400,46,explore_slot,provider_balance,-0.0031410048727684,-0.0018532732040326,-0.0025663218271637
oat-provider_threshold-0p2400,46,tail_slot,diversify,-0.0032954641240017,-0.0014797479262402,-0.0024580985870026
oat-provider_threshold-0p2400,46,tail_slot,novel_slot,-0.0035099940479578,-0.0015675097567507,-0.0029610339664377
oat-provider_threshold-0p2400,46,tail_slot,provider_balance,-0.0094541009159204,-0.0049679594327693,-0.0074888976238647
oat-provider_threshold-0p2400,46,diversify,novel_slot,0.000949480604978,0.0016050035843806,0.0011198371718888
oat-provider_threshold-0p2400,46,diversify,provider_balance,0.0013608880349741,0.003079338294393,0.0022327732978749
oat-provider_threshold-0p2400,46,novel_slot,provider_balance,0.0013265935799282,0.0038726939917693,0.0024863147745684
oat-provider_threshold-0p3200,42,repeat_cap,explore_slot,-0.0213109814967592,-0.0192103105902075,-0.0204987844162507
oat-provider_threshold-0p3200,42,repeat_cap,tail_slot,-0.0168520289252013,-0.0108162476996121,-0.013714791809663
oat-provider_threshold-0p3200,42,repeat_cap,diversify,-0.0004986837769154,0.0032807080415303,0.0014554909648263
oat-provider_threshold-0p3200,42,repeat_cap,novel_slot,-0.0130597641281344,-0.0059040350642223,-0.0086347136212493
oat-provider_threshold-0p3200,42,repeat_cap,provider_balance,4.50781180395349e-06,0.0013570344854641,0.0007911843304972
oat-provider_threshold-0p3200,42,explore_slot,tail_slot,-0.0009014884836699,0.0012971747562134,0.000336342494347
oat-provider_threshold-0p3200,42,explore_slot,diversify,-0.0035656671104383,-0.0031043139923882,-0.0033437261870668
oat-provider_threshold-0p3200,42,explore_slot,novel_slot,-0.0010527948454712,2.2624750365044573e-05,-0.0005463342200939
oat-provider_threshold-0p3200,42,explore_slot,provider_balance,-0.0029265824765859,-0.0017712560991746,-0.0023530742362776
oat-provider_threshold-0p3200,42,tail_slot,diversify,-0.0044864824872542,-0.003082225576161,-0.0035387346135676
oat-provider_threshold-0p3200,42,tail_slot,novel_slot,-0.0042193035442872,-0.0010240303856958,-0.0030597807627956
oat-provider_threshold-0p3200,42,tail_slot,provider_balance,-0.0089813312152229,-0.0044094369960079,-0.0074008327298731
oat-provider_threshold-0p3200,42,diversify,novel_slot,0.0007014993771566,0.0014894654101407,0.0011769076357376
oat-provider_threshold-0p3200,42,diversify,provider_balance,0.0006083273869617,0.002803750881173,0.0019726392130496
oat-provider_threshold-0p3200,42,novel_slot,provider_balance,0.0020698676636761,0.005501414384233,0.0040428786317671
oat-provider_threshold-0p3200,43,repeat_cap,explore_slot,-0.021975783991065,-0.0177531181224543,-0.02040271011533
oat-provider_threshold-0p3200,43,repeat_cap,tail_slot,-0.0165334483910487,-0.0143361610680712,-0.0157790769922836
oat-provider_threshold-0p3200,43,repeat_cap,diversify,-0.0004563975794567,0.0012705015424382,0.0005222745819459
oat-provider_threshold-0p3200,43,repeat_cap,novel_slot,-0.014283966431699,-0.0078004110035592,-0.0109788057298837
oat-provider_threshold-0p3200,43,repeat_cap,provider_balance,-0.0050448096991064,0.0022141087722477,-0.0003963768222916
oat-provider_threshold-0p3200,43,explore_slot,tail_slot,-0.0007323444052538,0.0022969082041484,0.0004721825027064
oat-provider_threshold-0p3200,43,explore_slot,diversify,-0.0037818625120918,-0.0030172325742007,-0.0033249835628331
oat-provider_threshold-0p3200,43,explore_slot,novel_slot,-0.0010363854120257,0.0022101967316778,0.0002202043601812
oat-provider_threshold-0p3200,43,explore_slot,provider_balance,-0.003649259109115,-0.0025876274456242,-0.0030680031697842
oat-provider_threshold-0p3200,43,tail_slot,diversify,-0.0037376616924997,-0.002170105984048,-0.003010762594258
oat-provider_threshold-0p3200,43,tail_slot,novel_slot,-0.0041259884929257,-0.0011191045993479,-0.0026752181986319
oat-provider_threshold-0p3200,43,tail_slot,provider_balance,-0.0108418374569736,-0.0056872144022205,-0.0073469174728449
oat-provider_threshold-0p3200,43,diversify,novel_slot,-0.0001590777208069,0.0016744699064995,0.0008007042503664
oat-provider_threshold-0p3200,43,diversify,provider_balance,0.0014638920282977,0.002945507154594,0.0018967017446689
oat-provider_threshold-0p3200,43,novel_slot,provider_balance,9.9272422607906e-06,0.005290532836291,0.0027857322556206
oat-provider_threshold-0p3200,44,repeat_cap,explore_slot,-0.0209659398726178,-0.0190071069185862,-0.0202554923535674
oat-provider_threshold-0p3200,44,repeat_cap,tail_slot,-0.0165780102242073,-0.0140127869420671,-0.0150472046637407
oat-provider_threshold-0p3200,44,repeat_cap,diversify,-0.000506389213741,0.0021421499869923,0.0004817512804602
oat-provider_threshold-0p3200,44,repeat_cap,novel_slot,-0.0151644464045323,-0.0066973437104502,-0.0112781730330661
oat-provider_threshold-0p3200,44,repeat_cap,provider_balance,0.0001052960270763,0.003124127638944,0.0010720718444851
oat-provider_threshold-0p3200,44,explore_slot,tail_slot,-0.0018386279639174,0.0015592354233084,-5.9858740088296726e-05
oat-provider_threshold-0p3200,44,explore_slot,diversify,-0.0037939970015612,-0.0017164595363404,-0.0028250561008573
oat-provider_threshold-0p3200,44,explore_slot,novel_slot,-0.0016032556305101,0.0001973905125102,-0.0005432692756518
oat-provider_threshold-0p3200,44,explore_slot,provider_balance,-0.0027633974143555,-0.0017486971885924,-0.0022521152862119
oat-provider_threshold-0p3200,44,tail_slot,diversify,-0.0029931543023517,-0.0017078090381081,-0.0022341421211239
oat-provider_threshold-0p3200,44,tail_slot,novel_slot,-0.003829766079006,-0.0021068207715888,-0.002978377885222
oat-provider_threshold-0p3200,44,tail_slot,provider_balance,-0.009328387062525,-0.006756296545236,-0.0078585848488888
oat-provider_threshold-0p3200,44,diversify,novel_slot,-0.0002415420001358,0.0013636956640289,0.0008317343042278
oat-provider_threshold-0p3200,44,diversify,provider_balance,0.001648664745734,0.0034255192599795,0.0026414910068729
oat-provider_threshold-0p3200,44,novel_slot,provider_balance,0.001059021047704,0.0035490786259462,0.0024180231727717
oat-provider_threshold-0p3200,45,repeat_cap,explore_slot,-0.0221015542959843,-0.01926406742246,-0.0206137728276855
oat-provider_threshold-0p3200,45,repeat_cap,tail_slot,-0.0152531382130271,-0.0130942193451083,-0.0140891999699037
oat-provider_threshold-0p3200,45,repeat_cap,diversify,9.721346338102892e-05,0.0016026248391639,0.000752953094616
oat-provider_threshold-0p3200,45,repeat_cap,novel_slot,-0.0135510909341942,-0.0071741019188603,-0.0115505610351961
oat-provider_threshold-0p3200,45,repeat_cap,provider_balance,-0.0009744766422016,0.0029514821088728,0.0003799011197358
oat-provider_threshold-0p3200,45,explore_slot,tail_slot,-0.0006093132762432,0.0003172484517574,-0.0002663099630755
oat-provider_threshold-0p3200,45,explore_slot,diversify,-0.0042682681460326,-0.0019437457480746,-0.003231165861116
oat-provider_threshold-0p3200,45,explore_slot,novel_slot,-0.0007449368924383,0.0002099724788932,-0.00035542274932
oat-provider_threshold-0p3200,45,explore_slot,provider_balance,-0.0034177262593273,-0.0024301143499914,-0.0031292424670219
oat-provider_threshold-0p3200,45,tail_slot,diversify,-0.0042907144149065,-0.0015611019927594,-0.0029811320733372
oat-provider_threshold-0p3200,45,tail_slot,novel_slot,-0.0042447329926456,-0.0022160618812783,-0.0031516661245731
oat-provider_threshold-0p3200,45,tail_slot,provider_balance,-0.0096269423291251,-0.0078485432174041,-0.0084944442609819
oat-provider_threshold-0p3200,45,diversify,novel_slot,-0.0003691578729936,0.0020609935740998,0.001344097227117
oat-provider_threshold-0p3200,45,diversify,provider_balance,0.0019130397098513,0.0033452054596156,0.0026618653668136
oat-provider_threshold-0p3200,45,novel_slot,provider_balance,0.0019719179219248,0.0035607103027289,0.0028121914281711
oat-provider_threshold-0p3200,46,repeat_cap,explore_slot,-0.020710463404530043,-0.018471593456539225,-0.019868680719847723
oat-provider_threshold-0p3200,46,repeat_cap,tail_slot,-0.01479981749364633,-0.013908843955539074,-0.014347902038475581
oat-provider_threshold-0p3200,46,repeat_cap,diversify,-0.0007672948839185795,0.0020340619456527824,0.000762099163169119
oat-provider_threshold-0p3200,46,repeat_cap,novel_slot,-0.015026281565595209,-0.011779165301929592,-0.013463936954566262
oat-provider_threshold-0p3200,46,repeat_cap,provider_balance,-0.0004923643577183049,0.003680516983198219,0.002060083456308811
oat-provider_threshold-0p3200,46,explore_slot,tail_slot,-0.0008739107141654546,-0.00023407953731539237,-0.00046711052057631585
oat-provider_threshold-0p3200,46,explore_slot,diversify,-0.0033570784327991293,-0.002389430991203132,-0.002832063708888866
oat-provider_threshold-0p3200,46,explore_slot,novel_slot,-0.0015094674858635452,-0.0005416266393856099,-0.000970362574976718
oat-provider_threshold-0p3200,46,explore_slot,provider_balance,-0.003141004872768452,-0.001853273204032646,-0.0025663218271637558
oat-provider_threshold-0p3200,46,tail_slot,diversify,-0.003295464124001734,-0.0014797479262402581,-0.0024580985870026255
oat-provider_threshold-0p3200,46,tail_slot,novel_slot,-0.0035099940479578237,-0.0015675097567507358,-0.0029610339664377225
oat-provider_threshold-0p3200,46,tail_slot,provider_balance,-0.009454100915920452,-0.0049679594327693725,-0.007488897623864734
oat-provider_threshold-0p3200,46,diversify,novel_slot,0.0009494806049780683,0.001605003584380621,0.0011198371718888855
oat-provider_threshold-0p3200,46,diversify,provider_balance,0.001360888034974144,0.003079338294393015,0.0022327732978749994
oat-provider_threshold-0p3200,46,novel_slot,provider_balance,0.0013265935799282123,0.0038726939917693957,0.002486314774568462
oat-provider_balance_strength-0p1500,42,repeat_cap,explore_slot,-0.022202690093313267,-0.020488738594442137,-0.02115379649683814
oat-provider_balance_strength-0p1500,42,repeat_cap,tail_slot,-0.017901966610990496,-0.01450941804127557,-0.015751162427521323
oat-provider_balance_strength-0p1500,42,repeat_cap,diversify,0.0001938271368171785,0.005824117105056613,0.0032831830643070756
oat-provider_balance_strength-0p1500,42,repeat_cap,novel_slot,-0.01281549302741026,-0.005651730011042802,-0.008419197196220316
oat-provider_balance_strength-0p1500,42,repeat_cap,provider_balance,-0.0010044277855057932,0.0004059641533665457,-0.000505310605861829
oat-provider_balance_strength-0p1500,42,explore_slot,tail_slot,-0.0011397696207616698,0.001248947552784075,0.00044087136479211856
oat-provider_balance_strength-0p1500,42,explore_slot,diversify,-0.0034018201293204786,-0.0025232333438986376,-0.0031566189198569093
oat-provider_balance_strength-0p1500,42,explore_slot,novel_slot,-0.0014281847904007137,2.9169526753438724e-05,-0.0006124161216782443
oat-provider_balance_strength-0p1500,42,explore_slot,provider_balance,-0.0021586750928324063,-0.000843870695930208,-0.0016488527356186974
oat-provider_balance_strength-0p1500,42,tail_slot,diversify,-0.005224499991176009,-0.0034362325229611553,-0.0043775146248258455
oat-provider_balance_strength-0p1500,42,tail_slot,novel_slot,-0.004723873102127807,-0.0011219867020636233,-0.0031455896775869816
oat-provider_balance_strength-0p1500,42,tail_slot,provider_balance,-0.005513211744035091,-0.0016290151242397087,-0.003846158912286653
oat-provider_balance_strength-0p1500,42,diversify,novel_slot,0.0009714206451997428,0.0020521816810546317,0.00128725224159765
oat-provider_balance_strength-0p1500,42,diversify,provider_balance,0.0005751649598350062,0.001394154359865113,0.0009186098261131684
oat-provider_balance_strength-0p1500,42,novel_slot,provider_balance,0.0019342814286534284,0.00450824306869793,0.0031080338880283267
oat-provider_balance_strength-0p1500,43,repeat_cap,explore_slot,-0.023342818476397267,-0.017915316495658237,-0.0210145804572008
oat-provider_balance_strength-0p1500,43,repeat_cap,tail_slot,-0.01854836562398327,-0.01563170562668243,-0.01724731102121158
oat-provider_balance_strength-0p1500,43,repeat_cap,diversify,0.002026293314682106,0.004021723702762755,0.0031564119756099305
oat-provider_balance_strength-0p1500,43,repeat_cap,novel_slot,-0.015078679047490377,-0.007979024539115316,-0.011121183356322648
oat-provider_balance_strength-0p1500,43,repeat_cap,provider_balance,-0.0019116585152171759,0.0020988236726681023,0.00011655813454910092
oat-provider_balance_strength-0p1500,43,explore_slot,tail_slot,-0.0011583120909146264,0.002555432731373314,0.0004537643386715736
oat-provider_balance_strength-0p1500,43,explore_slot,diversify,-0.003933095069554315,-0.0028312016530524756,-0.003431839872448834
oat-provider_balance_strength-0p1500,43,explore_slot,novel_slot,-0.001520410733262915,0.002160761745833442,5.625682483034657e-05
oat-provider_balance_strength-0p1500,43,explore_slot,provider_balance,-0.002339538634558513,-0.001543741738186147,-0.001863266490219399
oat-provider_balance_strength-0p1500,43,tail_slot,diversify,-0.005069418436534086,-0.00347010142795246,-0.004087830802366972
oat-provider_balance_strength-0p1500,43,tail_slot,novel_slot,-0.003936485513583858,-0.0013815494375043823,-0.0027225904074026524
oat-provider_balance_strength-0p1500,43,tail_slot,provider_balance,-0.006478797186789683,-0.0030105131580581935,-0.004173723012010898
oat-provider_balance_strength-0p1500,43,diversify,novel_slot,0.0003080870614346069,0.001632235726049932,0.0011613235186145993
oat-provider_balance_strength-0p1500,43,diversify,provider_balance,-4.434993140718673e-05,0.0017447409977202582,0.0006047356290667053
oat-provider_balance_strength-0p1500,43,novel_slot,provider_balance,0.00045262385360721744,0.004680198991253155,0.0025400077547033176
oat-provider_balance_strength-0p1500,44,repeat_cap,explore_slot,-0.021671736665482437,-0.018860005424761066,-0.020597638233607954
oat-provider_balance_strength-0p1500,44,repeat_cap,tail_slot,-0.019088007357533,-0.015029656300990596,-0.016812288740878006
oat-provider_balance_strength-0p1500,44,repeat_cap,diversify,0.00019764496308867735,0.0047685357600785495,0.0026422737985621566
oat-provider_balance_strength-0p1500,44,repeat_cap,novel_slot,-0.014903812940569663,-0.007289613252419465,-0.011529123627374505
oat-provider_balance_strength-0p1500,44,repeat_cap,provider_balance,-0.0007120593222494577,0.0014945394153290763,0.0003933753362512956
oat-provider_balance_strength-0p1500,44,explore_slot,tail_slot,-0.002156404437001199,0.0014298061572241912,-0.00034059021470060787
oat-provider_balance_strength-0p1500,44,explore_slot,diversify,-0.0035091329932366595,-0.0015440164139217264,-0.0028677519681734828
oat-provider_balance_strength-0p1500,44,explore_slot,novel_slot,-0.002273254254450027,0.0002828658328583614,-0.0008729431733673186
oat-provider_balance_strength-0p1500,44,explore_slot,provider_balance,-0.0017499377565716122,-0.0010630431283942393,-0.001299846894554263
oat-provider_balance_strength-0p1500,44,tail_slot,diversify,-0.004703607243427871,-0.0027307527576226455,-0.00368352861645432
oat-provider_balance_strength-0p1500,44,tail_slot,novel_slot,-0.004179551063169553,-0.0025797922403126426,-0.003207936002107405
oat-provider_balance_strength-0p1500,44,tail_slot,provider_balance,-0.005261680014373849,-0.0030242827413587093,-0.004100785390779507
oat-provider_balance_strength-0p1500,44,diversify,novel_slot,-0.00030749573105309607,0.0021520849122346176,0.0011006386039685366
oat-provider_balance_strength-0p1500,44,diversify,provider_balance,0.0005370763588861416,0.0017569740900049025,0.0011591060763874762
oat-provider_balance_strength-0p1500,44,novel_slot,provider_balance,0.0006156288417482608,0.0023049818953009226,0.0017415577529275206
oat-provider_balance_strength-0p1500,45,repeat_cap,explore_slot,-0.022227565450267155,-0.019750045514709363,-0.021329880538257316
oat-provider_balance_strength-0p1500,45,repeat_cap,tail_slot,-0.017617788574278075,-0.014134147849415602,-0.015937605854437587
oat-provider_balance_strength-0p1500,45,repeat_cap,diversify,0.0019792811249618233,0.004325027203202582,0.0030876854075057043
oat-provider_balance_strength-0p1500,45,repeat_cap,novel_slot,-0.013164586797508189,-0.007965116645291618,-0.011392363305980917
oat-provider_balance_strength-0p1500,45,repeat_cap,provider_balance,-0.0006613329759407084,0.0024366299385341164,0.0008318788711123481
oat-provider_balance_strength-0p1500,45,explore_slot,tail_slot,-0.0013175181067567004,0.00036496157198340505,-0.0005229278752715757
oat-provider_balance_strength-0p1500,45,explore_slot,diversify,-0.004684508823148025,-0.002412686221295361,-0.0036130185576246027
oat-provider_balance_strength-0p1500,45,explore_slot,novel_slot,-0.0012126531100811382,0.00036484616217905734,-0.0005217195669137178
oat-provider_balance_strength-0p1500,45,explore_slot,provider_balance,-0.0018391407957899482,-0.0010058820449710402,-0.0015385191058671108
oat-provider_balance_strength-0p1500,45,tail_slot,diversify,-0.00568207340313406,-0.0020352796996787096,-0.0038002206671417333
oat-provider_balance_strength-0p1500,45,tail_slot,novel_slot,-0.004137906048616828,-0.002032752674866878,-0.0031130157028676966
oat-provider_balance_strength-0p1500,45,tail_slot,provider_balance,-0.006920523495095157,-0.0036844262456387205,-0.004921521326656188
oat-provider_balance_strength-0p1500,45,diversify,novel_slot,-0.00018468644092874823,0.0015409682323630114,0.0010743945509053368
oat-provider_balance_strength-0p1500,45,diversify,provider_balance,0.0007764425176033276,0.002817092493486757,0.001581013400253343
oat-provider_balance_strength-0p1500,45,novel_slot,provider_balance,0.0013273713057368928,0.00294851972230565,0.002297451573824
oat-provider_balance_strength-0p1500,46,repeat_cap,explore_slot,-0.021435947804654205,-0.019182480720690752,-0.02058141666567158
oat-provider_balance_strength-0p1500,46,repeat_cap,tail_slot,-0.016231966994764084,-0.015552397479328373,-0.01591328455612818
oat-provider_balance_strength-0p1500,46,repeat_cap,diversify,0.001641423061564988,0.004318970740480996,0.0030247052521369315
oat-provider_balance_strength-0p1500,46,repeat_cap,novel_slot,-0.015206060049812203,-0.012354144621846263,-0.013766115682796861
oat-provider_balance_strength-0p1500,46,repeat_cap,provider_balance,-0.0009974815778271712,0.0037101671855178453,0.0012993986459937197
oat-provider_balance_strength-0p1500,46,explore_slot,tail_slot,-0.0007591439274914012,-9.981305498345927e-05,-0.000539869982037187
oat-provider_balance_strength-0p1500,46,explore_slot,diversify,-0.003581573062682979,-0.002472534725053313,-0.0029214172771156043
oat-provider_balance_strength-0p1500,46,explore_slot,novel_slot,-0.0017242411359428063,-0.0004627009749870606,-0.0011084891915477421
oat-provider_balance_strength-0p1500,46,explore_slot,provider_balance,-0.001605648800329302,-0.0011088823241317768,-0.0013303523660850812
oat-provider_balance_strength-0p1500,46,tail_slot,diversify,-0.0043309126816443696,-0.002742525651645814,-0.003676377862833486
oat-provider_balance_strength-0p1500,46,tail_slot,novel_slot,-0.0038032091206684493,-0.0015931520383921276,-0.002946801394669969
oat-provider_balance_strength-0p1500,46,tail_slot,provider_balance,-0.005100926631963158,-0.0016788193442249767,-0.0038334598618393234
oat-provider_balance_strength-0p1500,46,diversify,novel_slot,0.0008211047187046525,0.0019309508500920261,0.0013562323581501868
oat-provider_balance_strength-0p1500,46,diversify,provider_balance,-0.00046944354307807226,0.0014222528360892837,0.0008414123666610511
oat-provider_balance_strength-0p1500,46,novel_slot,provider_balance,0.0017854507121413924,0.002559480489955115,0.0020773080940976476
oat-provider_balance_strength-0p5500,42,repeat_cap,explore_slot,-0.02114353661110175,-0.018858440398099485,-0.020445999213871333
oat-provider_balance_strength-0p5500,42,repeat_cap,tail_slot,-0.01533801999285082,-0.009947857646153368,-0.0132229681961082
oat-provider_balance_strength-0p5500,42,repeat_cap,diversify,-0.0008776847654510347,0.002894960673286254,0.001036571923846959
oat-provider_balance_strength-0p5500,42,repeat_cap,novel_slot,-0.012790591550459312,-0.0053552788202597,-0.0086040341490212
oat-provider_balance_strength-0p5500,42,repeat_cap,provider_balance,-0.0004691557837764104,0.0009919794201902743,0.00012050764899885425
oat-provider_balance_strength-0p5500,42,explore_slot,tail_slot,-0.001209641748845638,0.001441570779087267,0.0003067456789203894
oat-provider_balance_strength-0p5500,42,explore_slot,diversify,-0.003236148334567925,-0.0024599896800716146,-0.0029890689278494397
oat-provider_balance_strength-0p5500,42,explore_slot,novel_slot,-0.0009080082051594305,0.0006244213478368717,-9.681270650460861e-05
oat-provider_balance_strength-0p5500,42,explore_slot,provider_balance,-0.00407430800727316,-0.0021141993880600908,-0.0028540346314469165
oat-provider_balance_strength-0p5500,42,tail_slot,diversify,-0.004185618925630884,-0.00303017193399535,-0.003456155240795257
oat-provider_balance_strength-0p5500,42,tail_slot,novel_slot,-0.004061044997841169,-0.0014592838858629043,-0.0030345723794097165
oat-provider_balance_strength-0p5500,42,tail_slot,provider_balance,-0.010510008723726242,-0.0054538277810245814,-0.00816969976680086
oat-provider_balance_strength-0p5500,42,diversify,novel_slot,0.00035629483584646995,0.0011931724298234777,0.0009484413891967549
oat-provider_balance_strength-0p5500,42,diversify,provider_balance,0.0010624979149201122,0.0029018399869230596,0.0022936752729061896
oat-provider_balance_strength-0p5500,42,novel_slot,provider_balance,0.001979648567818613,0.0056382455044212965,0.004163780320997925
oat-provider_balance_strength-0p5500,43,repeat_cap,explore_slot,-0.02109370965257653,-0.018273115895405357,-0.020232323194433757
oat-provider_balance_strength-0p5500,43,repeat_cap,tail_slot,-0.015531543597706914,-0.013270053966775507,-0.014443499784030067
oat-provider_balance_strength-0p5500,43,repeat_cap,diversify,0.00021750379989712436,0.001356955118355493,0.0007526356671354926
oat-provider_balance_strength-0p5500,43,repeat_cap,novel_slot,-0.01435002708720409,-0.00803765310365897,-0.011027676912696923
oat-provider_balance_strength-0p5500,43,repeat_cap,provider_balance,-0.005888634822284795,0.002401466329548695,-0.000779795406297601
oat-provider_balance_strength-0p5500,43,explore_slot,tail_slot,-0.00045711207818697303,0.002122180381798046,0.0006631971201919811
oat-provider_balance_strength-0p5500,43,explore_slot,diversify,-0.0037100301216173854,-0.0027708029003241253,-0.0032508807125512344
oat-provider_balance_strength-0p5500,43,explore_slot,novel_slot,-0.0012637609115844248,0.0017855399394659825,0.00013015126210174998
oat-provider_balance_strength-0p5500,43,explore_slot,provider_balance,-0.003515907451895136,-0.00245284501802233,-0.003085020837162246
oat-provider_balance_strength-0p5500,43,tail_slot,diversify,-0.0034444967561488554,-0.0023984312038330003,-0.0029839753981887617
oat-provider_balance_strength-0p5500,43,tail_slot,novel_slot,-0.0045752041674377705,-0.0009641387267467102,-0.0027130095071474553
oat-provider_balance_strength-0p5500,43,tail_slot,provider_balance,-0.012739595831092453,-0.006914556521867292,-0.008874035348787557
oat-provider_balance_strength-0p5500,43,diversify,novel_slot,0.00024815824787353626,0.00177486798660116,0.0010432583675889855
oat-provider_balance_strength-0p5500,43,diversify,provider_balance,0.001121970347259771,0.0031054307685273175,0.001870206965570081
oat-provider_balance_strength-0p5500,43,novel_slot,provider_balance,0.0005505086707386374,0.005704469298758646,0.0033625622113443625
oat-provider_balance_strength-0p5500,44,repeat_cap,explore_slot,-0.020719902554814634,-0.018773845937235516,-0.020062842902065975
oat-provider_balance_strength-0p5500,44,repeat_cap,tail_slot,-0.01581806725554942,-0.013204400137705616,-0.014375029297167273
oat-provider_balance_strength-0p5500,44,repeat_cap,diversify,-0.0012238938322889756,0.0013295491495522022,-5.048980357659776e-05
oat-provider_balance_strength-0p5500,44,repeat_cap,novel_slot,-0.015694273955812438,-0.007460252088452168,-0.01131926225843424
oat-provider_balance_strength-0p5500,44,repeat_cap,provider_balance,-0.0014658734521124923,0.003574025401178821,0.0005044637053930017
oat-provider_balance_strength-0p5500,44,explore_slot,tail_slot,-0.0022054008086751964,0.0010202661957186515,-0.00022773692762784626
oat-provider_balance_strength-0p5500,44,explore_slot,diversify,-0.0036436310865904323,-0.0018606705584265763,-0.0027800242169864946
oat-provider_balance_strength-0p5500,44,explore_slot,novel_slot,-0.0017740260436936988,0.00029310600300631005,-0.0007267143354394942
oat-provider_balance_strength-0p5500,44,explore_slot,provider_balance,-0.0032857603349478568,-0.002052774798608295,-0.002551025086445333
oat-provider_balance_strength-0p5500,44,tail_slot,diversify,-0.0027917685963356987,-0.0015926447382176774,-0.002028651715830703
oat-provider_balance_strength-0p5500,44,tail_slot,novel_slot,-0.003975071222868524,-0.0021885512393463725,-0.002967109862207273
oat-provider_balance_strength-0p5500,44,tail_slot,provider_balance,-0.009910171039954011,-0.007377426847925523,-0.008405019507908064
oat-provider_balance_strength-0p5500,44,diversify,novel_slot,-0.0004314913361566506,0.0016018774037304172,0.0007098992861293738
oat-provider_balance_strength-0p5500,44,diversify,provider_balance,0.0019880123376540774,0.004232016635141376,0.002897819712342861
oat-provider_balance_strength-0p5500,44,novel_slot,provider_balance,0.0010537080805204625,0.003925102561551853,0.0027330460943169473
oat-provider_balance_strength-0p5500,45,repeat_cap,explore_slot,-0.02128320230939922,-0.01921547945559496,-0.020446116332911858
oat-provider_balance_strength-0p5500,45,repeat_cap,tail_slot,-0.015406677796132737,-0.012051756222154493,-0.013613081794318386
oat-provider_balance_strength-0p5500,45,repeat_cap,diversify,-9.200050434113056e-06,0.0015627733348933647,0.0006637849461752106
oat-provider_balance_strength-0p5500,45,repeat_cap,novel_slot,-0.013371818706144713,-0.008076783936057806,-0.011666817434417156
oat-provider_balance_strength-0p5500,45,repeat_cap,provider_balance,-0.0020765248638729764,0.0019694168885342348,-0.00026434471648805483
oat-provider_balance_strength-0p5500,45,explore_slot,tail_slot,-0.0012102490280223696,0.0006453919014076529,-0.0001555092831485054
oat-provider_balance_strength-0p5500,45,explore_slot,diversify,-0.003748307569013833,-0.001867133780257048,-0.003162162596194964
oat-provider_balance_strength-0p5500,45,explore_slot,novel_slot,-0.00043199381084943185,-0.0001365387746348329,-0.00030759044031875504
oat-provider_balance_strength-0p5500,45,explore_slot,provider_balance,-0.003722245410699596,-0.002962658865293321,-0.003199212122910175
oat-provider_balance_strength-0p5500,45,tail_slot,diversify,-0.003808358844200715,-0.0017046329896396452,-0.0027122068566927827
oat-provider_balance_strength-0p5500,45,tail_slot,novel_slot,-0.004376592481223915,-0.002444846623765745,-0.003035687213155862
oat-provider_balance_strength-0p5500,45,tail_slot,provider_balance,-0.010751682112560683,-0.008057672955225787,-0.00920868044582221
oat-provider_balance_strength-0p5500,45,diversify,novel_slot,-0.00010330359200594918,0.0018698582482969894,0.0011587399826711317
oat-provider_balance_strength-0p5500,45,diversify,provider_balance,0.0020479636372274846,0.0035873162952408276,0.0027920257900452654
oat-provider_balance_strength-0p5500,45,novel_slot,provider_balance,0.0025246328841110623,0.003972954749399981,0.003505406814736734
oat-provider_balance_strength-0p5500,46,repeat_cap,explore_slot,-0.021346600842333106,-0.01873467610010335,-0.019724847515582684
oat-provider_balance_strength-0p5500,46,repeat_cap,tail_slot,-0.014593471117953706,-0.012794897213999817,-0.013722262313358779
oat-provider_balance_strength-0p5500,46,repeat_cap,diversify,-0.0007928190949631399,0.0016590237376380465,0.0003607319083046112
oat-provider_balance_strength-0p5500,46,repeat_cap,novel_slot,-0.014229131021783041,-0.012572113691474795,-0.013054723526426688
oat-provider_balance_strength-0p5500,46,repeat_cap,provider_balance,-0.0007870534190673519,0.002664209324602593,0.0013294204759521189
oat-provider_balance_strength-0p5500,46,explore_slot,tail_slot,-0.0007537680515651133,4.0362892609714174e-05,-0.00035173889969835844
oat-provider_balance_strength-0p5500,46,explore_slot,diversify,-0.003218049215774444,-0.00223818483424527,-0.0027272303837690493
oat-provider_balance_strength-0p5500,46,explore_slot,novel_slot,-0.0013588218392558797,-0.0003407646756172203,-0.0008778429117076046
oat-provider_balance_strength-0p5500,46,explore_slot,provider_balance,-0.0034219816845218265,-0.0026495001815702106,-0.0028775034798082942
oat-provider_balance_strength-0p5500,46,tail_slot,diversify,-0.0027348530184888318,-0.001313382135372315,-0.0020295840011192792
oat-provider_balance_strength-0p5500,46,tail_slot,novel_slot,-0.0033246732844297707,-0.00163126225410272,-0.002805067978756076
oat-provider_balance_strength-0p5500,46,tail_slot,provider_balance,-0.01037817752787448,-0.006092595541707819,-0.00867613398924581
oat-provider_balance_strength-0p5500,46,diversify,novel_slot,0.0006884491802497323,0.0016716985290972993,0.0011585418957008745
oat-provider_balance_strength-0p5500,46,diversify,provider_balance,0.0016179485878786712,0.003474327878979198,0.0023634291318290097
oat-provider_balance_strength-0p5500,46,novel_slot,provider_balance,0.001080115345336793,0.0037090699683141708,0.002422714325331917
oat-novelty_delayed_benefit-0p0300,42,repeat_cap,explore_slot,-0.021318123674549477,-0.019235898479557575,-0.020509360949615134
oat-novelty_delayed_benefit-0p0300,42,repeat_cap,tail_slot,-0.01684202845112491,-0.010924206057791055,-0.013766906030668784
oat-novelty_delayed_benefit-0p0300,42,repeat_cap,diversify,-0.00044041521989886885,0.003229520230905159,0.0014758180070580933
oat-novelty_delayed_benefit-0p0300,42,repeat_cap,novel_slot,-0.01238652768768462,-0.005678432151501318,-0.008381462802322059
oat-novelty_delayed_benefit-0p0300,42,repeat_cap,provider_balance,-0.00011442142160734888,0.0015933149664612446,0.0008582338832022534
oat-novelty_delayed_benefit-0p0300,42,explore_slot,tail_slot,-0.0008820496591825243,0.0013138450603958356,0.00043702367407728166
oat-novelty_delayed_benefit-0p0300,42,explore_slot,diversify,-0.0036133260294698125,-0.003129337976127582,-0.00335159445850537
oat-novelty_delayed_benefit-0p0300,42,explore_slot,novel_slot,-0.0010160919764300776,0.0002802785318819534,-0.000418801101065709
oat-novelty_delayed_benefit-0p0300,42,explore_slot,provider_balance,-0.0029181656618372832,-0.0018176562207917087,-0.0023527399364399893
oat-novelty_delayed_benefit-0p0300,42,tail_slot,diversify,-0.004450732753814742,-0.0030548437814594503,-0.0035402759501939277
oat-novelty_delayed_benefit-0p0300,42,tail_slot,novel_slot,-0.0042232380897003164,-0.0009058144934173133,-0.003042651926904131
oat-novelty_delayed_benefit-0p0300,42,tail_slot,provider_balance,-0.008946277793520318,-0.004474122198909903,-0.007400101613784415
oat-novelty_delayed_benefit-0p0300,42,diversify,novel_slot,0.0006651508938626405,0.0016232950221261066,0.0012446751740355156
oat-novelty_delayed_benefit-0p0300,42,diversify,provider_balance,0.000625509573503752,0.002767026861726777,0.0019469223250884317
oat-novelty_delayed_benefit-0p0300,42,novel_slot,provider_balance,0.0024700809724980174,0.005318440058598923,0.004119104834854566
oat-novelty_delayed_benefit-0p0300,43,repeat_cap,explore_slot,-0.021939745890798754,-0.01780838867380787,-0.020403397017638755
oat-novelty_delayed_benefit-0p0300,43,repeat_cap,tail_slot,-0.01651467114947176,-0.01442618133255064,-0.01581041401396757
oat-novelty_delayed_benefit-0p0300,43,repeat_cap,diversify,-0.0003098388399370227,0.0012946496498278388,0.0005464965423998705
oat-novelty_delayed_benefit-0p0300,43,repeat_cap,novel_slot,-0.013905938600418584,-0.006968133760070748,-0.010547655471913199
oat-novelty_delayed_benefit-0p0300,43,repeat_cap,provider_balance,-0.005234905935923323,0.0021786480808979342,-0.00046084602013607244
oat-novelty_delayed_benefit-0p0300,43,explore_slot,tail_slot,-0.0006875639516416556,0.0026151213421471906,0.0006332481756078185
oat-novelty_delayed_benefit-0p0300,43,explore_slot,diversify,-0.00373936454901453,-0.003054037846996261,-0.0033247025154565166
oat-novelty_delayed_benefit-0p0300,43,explore_slot,novel_slot,-0.0008033450786895649,0.0026005230316561182,0.00047979324863370933
oat-novelty_delayed_benefit-0p0300,43,explore_slot,provider_balance,-0.0036829239638975306,-0.002492905237374132,-0.003038412755765853
oat-novelty_delayed_benefit-0p0300,43,tail_slot,diversify,-0.0037599192264689916,-0.0021222787616466884,-0.003002145388480284
oat-novelty_delayed_benefit-0p0300,43,tail_slot,novel_slot,-0.004232921756467673,-0.0009468272066625156,-0.002662365687813215
oat-novelty_delayed_benefit-0p0300,43,tail_slot,provider_balance,-0.010939069307793113,-0.005717301054799614,-0.007396036863076547
oat-novelty_delayed_benefit-0p0300,43,diversify,novel_slot,1.23791030132838e-05,0.0018094972269691863,0.0009131556874814275
oat-novelty_delayed_benefit-0p0300,43,diversify,provider_balance,0.0013532554478296191,0.0029603065211129542,0.001833318903247233
oat-novelty_delayed_benefit-0p0300,43,novel_slot,provider_balance,0.00046935076799590276,0.006014937325369175,0.0032336928872291875
oat-novelty_delayed_benefit-0p0300,44,repeat_cap,explore_slot,-0.020912052735415666,-0.018988826611704514,-0.02027642679962961
oat-novelty_delayed_benefit-0p0300,44,repeat_cap,tail_slot,-0.01665545560064028,-0.014057432632732559,-0.015096508225816537
oat-novelty_delayed_benefit-0p0300,44,repeat_cap,diversify,-0.0006049986977152751,0.0021469635258104577,0.00043541570011429876
oat-novelty_delayed_benefit-0p0300,44,repeat_cap,novel_slot,-0.01513963228670833,-0.0057069240901491455,-0.010879603376787209
oat-novelty_delayed_benefit-0p0300,44,repeat_cap,provider_balance,0.0002688413285950929,0.0032266543240902943,0.001088882589772229
oat-novelty_delayed_benefit-0p0300,44,explore_slot,tail_slot,-0.0017052337318896715,0.0017970393326456006,7.963296574604336e-05
oat-novelty_delayed_benefit-0p0300,44,explore_slot,diversify,-0.0038763087484865273,-0.0017092659656616415,-0.0028336787268061275
oat-novelty_delayed_benefit-0p0300,44,explore_slot,novel_slot,-0.0014379291231832896,0.0006095630168944281,-0.00032285689323058395
oat-novelty_delayed_benefit-0p0300,44,explore_slot,provider_balance,-0.0026439765607614274,-0.0016857709459040032,-0.002209592618764416
oat-novelty_delayed_benefit-0p0300,44,tail_slot,diversify,-0.0029723555688539387,-0.0016888146761655288,-0.0022032915172599367
oat-novelty_delayed_benefit-0p0300,44,tail_slot,novel_slot,-0.003892820329622949,-0.002083459837472533,-0.0029912852541682765
oat-novelty_delayed_benefit-0p0300,44,tail_slot,provider_balance,-0.009530609249047884,-0.006845739729727503,-0.007933479094052277
oat-novelty_delayed_benefit-0p0300,44,diversify,novel_slot,-0.00020755827241208214,0.001671142838989861,0.0010157649343560376
oat-novelty_delayed_benefit-0p0300,44,diversify,provider_balance,0.001435538043577685,0.003425881051936547,0.0025437857670639343
oat-novelty_delayed_benefit-0p0300,44,novel_slot,provider_balance,0.0017898293997146324,0.004039716302895477,0.0027965245406079923
oat-novelty_delayed_benefit-0p0300,45,repeat_cap,explore_slot,-0.0220248130090152,-0.01931879669117103,-0.02059647765814626
oat-novelty_delayed_benefit-0p0300,45,repeat_cap,tail_slot,-0.015306420224459674,-0.013192581216234869,-0.014151862281315031
oat-novelty_delayed_benefit-0p0300,45,repeat_cap,diversify,-5.961308991663493e-05,0.0016639702903585227,0.0007476911681654674
oat-novelty_delayed_benefit-0p0300,45,repeat_cap,novel_slot,-0.01358287021283157,-0.006640380915238135,-0.011266342054345332
oat-novelty_delayed_benefit-0p0300,45,repeat_cap,provider_balance,-0.0011410566605432907,0.002873341563731864,0.00034939176436472343
oat-novelty_delayed_benefit-0p0300,45,explore_slot,tail_slot,-0.000533219245961644,0.000548751588823779,-0.0001802971286031484
oat-novelty_delayed_benefit-0p0300,45,explore_slot,diversify,-0.004211116195244299,-0.0019689508539117205,-0.0032169625598340596
oat-novelty_delayed_benefit-0p0300,45,explore_slot,novel_slot,-0.0006018217607962596,0.00038918228285071894,-0.0002097643561806255
oat-novelty_delayed_benefit-0p0300,45,explore_slot,provider_balance,-0.0033793158263781637,-0.002487188528428674,-0.003133843815607529
oat-novelty_delayed_benefit-0p0300,45,tail_slot,diversify,-0.004330690523596898,-0.0015621242911278857,-0.002992593789244984
oat-novelty_delayed_benefit-0p0300,45,tail_slot,novel_slot,-0.004260492084294946,-0.0020337544176095065,-0.003131100393774223
oat-novelty_delayed_benefit-0p0300,45,tail_slot,provider_balance,-0.009680318585480525,-0.007904514292622556,-0.008533679829944234
oat-novelty_delayed_benefit-0p0300,45,diversify,novel_slot,-0.0002510793111656341,0.002144644182211503,0.001417563813050333
oat-novelty_delayed_benefit-0p0300,45,diversify,provider_balance,0.0018667636808513642,0.003204831358708648,0.00257882318894809
oat-novelty_delayed_benefit-0p0300,45,novel_slot,provider_balance,0.0024217828144118825,0.0039831266646852366,0.0032489629239308565
oat-novelty_delayed_benefit-0p0300,46,repeat_cap,explore_slot,-0.02078893412677796,-0.018601678255113583,-0.019936909652510187
oat-novelty_delayed_benefit-0p0300,46,repeat_cap,tail_slot,-0.014825954103954648,-0.013966498602550212,-0.01442455895085359
oat-novelty_delayed_benefit-0p0300,46,repeat_cap,diversify,-0.0009009446292499969,0.0018509330840854625,0.0006593509590857204
oat-novelty_delayed_benefit-0p0300,46,repeat_cap,novel_slot,-0.014120672087747923,-0.011589432768527943,-0.012956729783221497
oat-novelty_delayed_benefit-0p0300,46,repeat_cap,provider_balance,-0.0005416605956268814,0.0036031500995550502,0.0019860489911677913
oat-novelty_delayed_benefit-0p0300,46,explore_slot,tail_slot,-0.0008867036824931542,0.00011319969862826182,-0.0003344065597474006
oat-novelty_delayed_benefit-0p0300,46,explore_slot,diversify,-0.0033909461236694715,-0.002424894981431338,-0.0028401419269566707
oat-novelty_delayed_benefit-0p0300,46,explore_slot,novel_slot,-0.0014505409547515983,-0.0002057441028427512,-0.0007531170466414085
oat-novelty_delayed_benefit-0p0300,46,explore_slot,provider_balance,-0.0032789134242003953,-0.001892187543316572,-0.0026169905152561945
oat-novelty_delayed_benefit-0p0300,46,tail_slot,diversify,-0.003274710567207546,-0.0014685622581592686,-0.0024637015800269583
oat-novelty_delayed_benefit-0p0300,46,tail_slot,novel_slot,-0.0036141549631262013,-0.0013002669430967632,-0.0029004540192778846
oat-novelty_delayed_benefit-0p0300,46,tail_slot,provider_balance,-0.009637775501357236,-0.004992081129633261,-0.007575911867841423
oat-novelty_delayed_benefit-0p0300,46,diversify,novel_slot,0.0011756615018362285,0.001713671007287789,0.0013902227043861115
oat-novelty_delayed_benefit-0p0300,46,diversify,provider_balance,0.0013414887949033173,0.0029485441571375313,0.002139182648369547
oat-novelty_delayed_benefit-0p0300,46,novel_slot,provider_balance,0.001971353805352806,0.004498669136565128,0.0029841461792862456
oat-novelty_delayed_benefit-0p0600,42,repeat_cap,explore_slot,-0.021385312821985598,-0.01930195198249041,-0.02056226655033898
oat-novelty_delayed_benefit-0p0600,42,repeat_cap,tail_slot,-0.016864136908203927,-0.011032798738694817,-0.013830985693375876
oat-novelty_delayed_benefit-0p0600,42,repeat_cap,diversify,-0.0003821665310154972,0.003180102300767657,0.0014742196329004542
oat-novelty_delayed_benefit-0p0600,42,repeat_cap,novel_slot,-0.011373564740164759,-0.004928681669211819,-0.007759951151551247
oat-novelty_delayed_benefit-0p0600,42,repeat_cap,provider_balance,-0.00028841006865265215,0.0016856065363294302,0.0008115198420247022
oat-novelty_delayed_benefit-0p0600,42,explore_slot,tail_slot,-0.0008046728275139651,0.0014249869478337313,0.0006220992392338155
oat-novelty_delayed_benefit-0p0600,42,explore_slot,diversify,-0.0036637385073244218,-0.003115609675596904,-0.003359271081924601
oat-novelty_delayed_benefit-0p0600,42,explore_slot,novel_slot,-0.0009190706777455882,0.0006778624697527488,-0.00019522454301104905
oat-novelty_delayed_benefit-0p0600,42,explore_slot,provider_balance,-0.0029129093144680458,-0.0018773706963622265,-0.0023668456565498763
oat-novelty_delayed_benefit-0p0600,42,tail_slot,diversify,-0.004417872790690697,-0.0030196645813771964,-0.003540682313480264
oat-novelty_delayed_benefit-0p0600,42,tail_slot,novel_slot,-0.0042847846318497,-0.000742283234714252,-0.0030358594944253636
oat-novelty_delayed_benefit-0p0600,42,tail_slot,provider_balance,-0.008940870996484702,-0.0045640249163208715,-0.00742907363144151
oat-novelty_delayed_benefit-0p0600,42,diversify,novel_slot,0.0007575432731911169,0.001972459561509341,0.0014359813963382392
oat-novelty_delayed_benefit-0p0600,42,diversify,provider_balance,0.0005688253224945576,0.0026513238682749833,0.0018536185670981395
oat-novelty_delayed_benefit-0p0600,42,novel_slot,provider_balance,0.003053238840974567,0.00550617259943491,0.004534257214557255
oat-novelty_delayed_benefit-0p0600,43,repeat_cap,explore_slot,-0.021965836888217773,-0.017869745775798748,-0.020449291845027084
oat-novelty_delayed_benefit-0p0600,43,repeat_cap,tail_slot,-0.016519451850999324,-0.014515649090869257,-0.01586135737078875
oat-novelty_delayed_benefit-0p0600,43,repeat_cap,diversify,-0.00016777031707407276,0.001274365446623998,0.0005504762382432821
oat-novelty_delayed_benefit-0p0600,43,repeat_cap,novel_slot,-0.013183058760110644,-0.005825378961450428,-0.009832531070273175
oat-novelty_delayed_benefit-0p0600,43,repeat_cap,provider_balance,-0.005485961671957241,0.0020773737632316606,-0.0006086437308646808
oat-novelty_delayed_benefit-0p0600,43,explore_slot,tail_slot,-0.0005350574047658846,0.0030481502259516744,0.0008881013313169391
oat-novelty_delayed_benefit-0p0600,43,explore_slot,diversify,-0.003693568375351283,-0.0030920186778062467,-0.003326425631064924
oat-novelty_delayed_benefit-0p0600,43,explore_slot,novel_slot,-0.0004430928725179909,0.0030867499372481772,0.0008384052115668002
oat-novelty_delayed_benefit-0p0600,43,explore_slot,provider_balance,-0.0037648710128303344,-0.00238761654453258,-0.003018534361225866
oat-novelty_delayed_benefit-0p0600,43,tail_slot,diversify,-0.0037829060732641395,-0.0020362338117411397,-0.0029849785093752808
oat-novelty_delayed_benefit-0p0600,43,tail_slot,novel_slot,-0.004395232312063084,-0.0007537273581015992,-0.0026571315635166085
oat-novelty_delayed_benefit-0p0600,43,tail_slot,provider_balance,-0.011095575848344707,-0.005768398265435569,-0.007474519911883577
oat-novelty_delayed_benefit-0p0600,43,diversify,novel_slot,0.00023791242796008489,0.0020739730653343944,0.0011125656762235776
oat-novelty_delayed_benefit-0p0600,43,diversify,provider_balance,0.0011960534715113845,0.0029449271030326037,0.001719929726263508
oat-novelty_delayed_benefit-0p0600,43,novel_slot,provider_balance,0.0012070064064460902,0.006942364054000479,0.003907585714398712
oat-novelty_delayed_benefit-0p0600,44,repeat_cap,explore_slot,-0.020901251234206192,-0.019000651518957815,-0.020329845526481028
oat-novelty_delayed_benefit-0p0600,44,repeat_cap,tail_slot,-0.016740932989296898,-0.01411673178531064,-0.015149195578415401
oat-novelty_delayed_benefit-0p0600,44,repeat_cap,diversify,-0.0007093922192841582,0.002125790413534082,0.00036089664238972603
oat-novelty_delayed_benefit-0p0600,44,repeat_cap,novel_slot,-0.014830825274821354,-0.004394854954538487,-0.010141700737269855
oat-novelty_delayed_benefit-0p0600,44,repeat_cap,provider_balance,-3.031574218217254e-05,0.003225738688265502,0.001050482619487319
oat-novelty_delayed_benefit-0p0600,44,explore_slot,tail_slot,-0.0015038941394325358,0.0020984789080761112,0.0002854094672948409
oat-novelty_delayed_benefit-0p0600,44,explore_slot,diversify,-0.0039740019203835745,-0.0016934419227695166,-0.0028464908516498055
oat-novelty_delayed_benefit-0p0600,44,explore_slot,novel_slot,-0.0011959480872105422,0.0011034603399240114,-1.824509162350643e-05
oat-novelty_delayed_benefit-0p0600,44,explore_slot,provider_balance,-0.002529184815573899,-0.0016305102119596633,-0.002172456296141185
oat-novelty_delayed_benefit-0p0600,44,tail_slot,diversify,-0.002949314008302426,-0.0016615597968953346,-0.002170990739046898
oat-novelty_delayed_benefit-0p0600,44,tail_slot,novel_slot,-0.004002353674816227,-0.002083198426956834,-0.0030347668432925477
oat-novelty_delayed_benefit-0p0600,44,tail_slot,provider_balance,-0.009783442801200587,-0.006949652517667818,-0.008036798518992624
oat-novelty_delayed_benefit-0p0600,44,diversify,novel_slot,-1.005220790853764e-05,0.0021155340925636517,0.001319748559609574
oat-novelty_delayed_benefit-0p0600,44,diversify,provider_balance,0.001143260360136796,0.003325141092958576,0.0023810552463424677
oat-novelty_delayed_benefit-0p0600,44,novel_slot,provider_balance,0.0025003034466680807,0.004989247372244395,0.0034304826629419864
oat-novelty_delayed_benefit-0p0600,45,repeat_cap,explore_slot,-0.021995899765049474,-0.01942386785184889,-0.020619597623036542
oat-novelty_delayed_benefit-0p0600,45,repeat_cap,tail_slot,-0.015359779017220004,-0.013309294859554515,-0.014220350629428427
oat-novelty_delayed_benefit-0p0600,45,repeat_cap,diversify,-0.0002410112551832495,0.0016961508893936128,0.0007266027350322961
oat-novelty_delayed_benefit-0p0600,45,repeat_cap,novel_slot,-0.013262227225676512,-0.005796050434717776,-0.010665144211341366
oat-novelty_delayed_benefit-0p0600,45,repeat_cap,provider_balance,-0.0013981304863761859,0.002749162437930981,0.0002526793127086642
oat-novelty_delayed_benefit-0p0600,45,explore_slot,tail_slot,-0.0004017256563238008,0.0008647583678069883,-1.4674638938645673e-05
oat-novelty_delayed_benefit-0p0600,45,explore_slot,diversify,-0.0041485723786687245,-0.001998078387485437,-0.003200030980521764
oat-novelty_delayed_benefit-0p0600,45,explore_slot,novel_slot,-0.00039133015084085734,0.0006636039335803064,3.4215700050056644e-05
oat-novelty_delayed_benefit-0p0600,45,explore_slot,provider_balance,-0.003407783360245506,-0.002570859844480602,-0.0031448140745813464
oat-novelty_delayed_benefit-0p0600,45,tail_slot,diversify,-0.004361363669869841,-0.0015734641179934348,-0.0029970902557592896
oat-novelty_delayed_benefit-0p0600,45,tail_slot,novel_slot,-0.004318045093201098,-0.0018595176883484717,-0.0031197504747583985
oat-novelty_delayed_benefit-0p0600,45,tail_slot,provider_balance,-0.009784913753643824,-0.007979258821268029,-0.008606158880834491
oat-novelty_delayed_benefit-0p0600,45,diversify,novel_slot,-2.031558124407323e-05,0.0023072685632190074,0.0015704953168744218
oat-novelty_delayed_benefit-0p0600,45,diversify,provider_balance,0.001748108092044743,0.0030692854114042836,0.002436909855714471
oat-novelty_delayed_benefit-0p0600,45,novel_slot,provider_balance,0.003054017212364745,0.004724517489936887,0.003932991952095598
oat-novelty_delayed_benefit-0p0600,46,repeat_cap,explore_slot,-0.020903196315192506,-0.018749926760041516,-0.0200430940844368
oat-novelty_delayed_benefit-0p0600,46,repeat_cap,tail_slot,-0.014874842855761145,-0.014029112144883444,-0.01451603169151141
oat-novelty_delayed_benefit-0p0600,46,repeat_cap,diversify,-0.001047617538750213,0.0016459881691978267,0.0005307825516379657
oat-novelty_delayed_benefit-0p0600,46,repeat_cap,novel_slot,-0.012952301671169153,-0.010982828569802103,-0.01212287535762521
oat-novelty_delayed_benefit-0p0600,46,repeat_cap,provider_balance,-0.0006510352203306157,0.0034632546824974984,0.0018378857263126737
oat-novelty_delayed_benefit-0p0600,46,explore_slot,tail_slot,-0.0007865633933949265,0.0005197994792900107,-0.00012717735792278342
oat-novelty_delayed_benefit-0p0600,46,explore_slot,diversify,-0.0034239629757363203,-0.0024678266294688605,-0.0028492182648960545
oat-novelty_delayed_benefit-0p0600,46,explore_slot,novel_slot,-0.001316511907844128,0.00018806712306146948,-0.00044997065755719896
oat-novelty_delayed_benefit-0p0600,46,explore_slot,provider_balance,-0.0034349371954945354,-0.0019268718325399618,-0.0026739045184068183
oat-novelty_delayed_benefit-0p0600,46,tail_slot,diversify,-0.003245349296271819,-0.0014509051465371797,-0.0024683725533254782
oat-novelty_delayed_benefit-0p0600,46,tail_slot,novel_slot,-0.0037382805520985154,-0.0010662616886406772,-0.0028599148826130216
oat-novelty_delayed_benefit-0p0600,46,tail_slot,provider_balance,-0.009869808589556788,-0.005033207093619867,-0.0076833397246505175
oat-novelty_delayed_benefit-0p0600,46,diversify,novel_slot,0.0014932513804368384,0.0020848617293891315,0.0017713475638191918
oat-novelty_delayed_benefit-0p0600,46,diversify,provider_balance,0.0012431417832674148,0.002775727650114526,0.0019909158588383743
oat-novelty_delayed_benefit-0p0600,46,novel_slot,provider_balance,0.002651493352867877,0.0053229052670799495,0.003705004963619077
oat-exploration_cost-0p0500,42,repeat_cap,explore_slot,-0.02131098149675924,-0.01921031059020754,-0.020498784416250727
oat-exploration_cost-0p0500,42,repeat_cap,tail_slot,-0.01685202892520131,-0.01081624769961218,-0.013714791809663033
oat-exploration_cost-0p0500,42,repeat_cap,diversify,-0.0004986837769154855,0.0032807080415303692,0.001455490964826359
oat-exploration_cost-0p0500,42,repeat_cap,novel_slot,-0.013059764128134418,-0.005904035064222378,-0.008634713621249353
oat-exploration_cost-0p0500,42,repeat_cap,provider_balance,4.5078118039557666e-06,0.001357034485464193,0.0007911843304972387
oat-exploration_cost-0p0500,42,explore_slot,tail_slot,-0.0009014884836700142,0.0012971747562134292,0.00033634249434705906
oat-exploration_cost-0p0500,42,explore_slot,diversify,-0.0035656671104383436,-0.0031043139923882523,-0.003343726187066819
oat-exploration_cost-0p0500,42,explore_slot,novel_slot,-0.0010527948454712955,2.2624750365012264e-05,-0.0005463342200939959
oat-exploration_cost-0p0500,42,explore_slot,provider_balance,-0.002926582476585951,-0.0017712560991746372,-0.0023530742362776703
oat-exploration_cost-0p0500,42,tail_slot,diversify,-0.004486482487254279,-0.003082225576161015,-0.0035387346135676854
oat-exploration_cost-0p0500,42,tail_slot,novel_slot,-0.004219303544287249,-0.0010240303856958524,-0.003059780762795637
oat-exploration_cost-0p0500,42,tail_slot,provider_balance,-0.008981331215222913,-0.004409436996007943,-0.0074008327298732
oat-exploration_cost-0p0500,42,diversify,novel_slot,0.0007014993771566882,0.001489465410140737,0.0011769076357376067
oat-exploration_cost-0p0500,42,diversify,provider_balance,0.0006083273869617842,0.002803750881173095,0.001972639213049697
oat-exploration_cost-0p0500,42,novel_slot,provider_balance,0.0020698676636761106,0.005501414384233097,0.004042878631767142
oat-exploration_cost-0p0500,43,repeat_cap,explore_slot,-0.021975783991065045,-0.017753118122454368,-0.020402710115329993
oat-exploration_cost-0p0500,43,repeat_cap,tail_slot,-0.016533448391048738,-0.014336161068071306,-0.015779076992283623
oat-exploration_cost-0p0500,43,repeat_cap,diversify,-0.00045639757945672174,0.0012705015424382877,0.0005222745819458978
oat-exploration_cost-0p0500,43,repeat_cap,novel_slot,-0.01428396643169907,-0.007800411003559242,-0.010978805729883731
oat-exploration_cost-0p0500,43,repeat_cap,provider_balance,-0.005044809699106406,0.0022141087722477334,-0.00039637682229160643
oat-exploration_cost-0p0500,43,explore_slot,tail_slot,-0.0007323444052538207,0.00229690820414838,0.00047218250270647045
oat-exploration_cost-0p0500,43,explore_slot,diversify,-0.0037818625120917965,-0.0030172325742007134,-0.0033249835628331595
oat-exploration_cost-0p0500,43,explore_slot,novel_slot,-0.0010363854120257513,0.0022101967316778656,0.00022020436018121623
oat-exploration_cost-0p0500,43,explore_slot,provider_balance,-0.00364925910911507,-0.002587627445624206,-0.0030680031697842246
oat-exploration_cost-0p0500,43,tail_slot,diversify,-0.003737661692499738,-0.002170105984048086,-0.003010762594258048
oat-exploration_cost-0p0500,43,tail_slot,novel_slot,-0.004125988492925741,-0.0011191045993479362,-0.002675218198632008
oat-exploration_cost-0p0500,43,tail_slot,provider_balance,-0.010841837456973678,-0.005687214402220595,-0.007346917472844999
oat-exploration_cost-0p0500,43,diversify,novel_slot,-0.00015907772080693913,0.0016744699064995179,0.0008007042503664894
oat-exploration_cost-0p0500,43,diversify,provider_balance,0.0014638920282977206,0.002945507154594105,0.0018967017446689422
oat-exploration_cost-0p0500,43,novel_slot,provider_balance,9.927242260786371e-06,0.005290532836291013,0.0027857322556206106
oat-exploration_cost-0p0500,44,repeat_cap,explore_slot,-0.020965939872617786,-0.01900710691858626,-0.020255492353567467
oat-exploration_cost-0p0500,44,repeat_cap,tail_slot,-0.016578010224207348,-0.014012786942067182,-0.01504720466374077
oat-exploration_cost-0p0500,44,repeat_cap,diversify,-0.0005063892137410265,0.0021421499869923467,0.00048175128046023467
oat-exploration_cost-0p0500,44,repeat_cap,novel_slot,-0.015164446404532381,-0.006697343710450243,-0.011278173033066177
oat-exploration_cost-0p0500,44,repeat_cap,provider_balance,0.0001052960270763915,0.003124127638944013,0.001072071844485151
oat-exploration_cost-0p0500,44,explore_slot,tail_slot,-0.0018386279639174305,0.0015592354233084375,-5.985874008831272e-05
oat-exploration_cost-0p0500,44,explore_slot,diversify,-0.0037939970015611942,-0.0017164595363404942,-0.002825056100857375
oat-exploration_cost-0p0500,44,explore_slot,novel_slot,-0.0016032556305101864,0.00019739051251022673,-0.000543269275651838
oat-exploration_cost-0p0500,44,explore_slot,provider_balance,-0.0027633974143555463,-0.0017486971885924648,-0.0022521152862119147
oat-exploration_cost-0p0500,44,tail_slot,diversify,-0.0029931543023517253,-0.0017078090381081102,-0.002234142121123905
oat-exploration_cost-0p0500,44,tail_slot,novel_slot,-0.003829766079006101,-0.00210682077158892,-0.002978377885222082
oat-exploration_cost-0p0500,44,tail_slot,provider_balance,-0.009328387062525057,-0.006756296545236027,-0.007858584848888885
oat-exploration_cost-0p0500,44,diversify,novel_slot,-0.00024154200013590314,0.0013636956640289111,0.0008317343042278925
oat-exploration_cost-0p0500,44,diversify,provider_balance,0.0016486647457340325,0.0034255192599795927,0.0026414910068729065
oat-exploration_cost-0p0500,44,novel_slot,provider_balance,0.001059021047704075,0.003549078625946211,0.0024180231727717397
oat-exploration_cost-0p0500,45,repeat_cap,explore_slot,-0.022101554295984344,-0.019264067422460035,-0.020613772827685575
oat-exploration_cost-0p0500,45,repeat_cap,tail_slot,-0.015253138213027154,-0.013094219345108384,-0.01408919996990372
oat-exploration_cost-0p0500,45,repeat_cap,diversify,9.721346338103327e-05,0.0016026248391639794,0.0007529530946160883
oat-exploration_cost-0p0500,45,repeat_cap,novel_slot,-0.013551090934194219,-0.0071741019188603546,-0.011550561035196132
oat-exploration_cost-0p0500,45,repeat_cap,provider_balance,-0.0009744766422016187,0.002951482108872848,0.00037990111973587186
oat-exploration_cost-0p0500,45,explore_slot,tail_slot,-0.000609313276243314,0.0003172484517574684,-0.0002663099630756209
oat-exploration_cost-0p0500,45,explore_slot,diversify,-0.0042682681460326855,-0.0019437457480746129,-0.003231165861116084
oat-exploration_cost-0p0500,45,explore_slot,novel_slot,-0.0007449368924383869,0.00020997247889320743,-0.00035542274932003634
oat-exploration_cost-0p0500,45,explore_slot,provider_balance,-0.0034177262593273277,-0.0024301143499914106,-0.0031292424670219723
oat-exploration_cost-0p0500,45,tail_slot,diversify,-0.004290714414906573,-0.0015611019927594559,-0.002981132073337247
oat-exploration_cost-0p0500,45,tail_slot,novel_slot,-0.004244732992645671,-0.0022160618812784028,-0.0031516661245731686
oat-exploration_cost-0p0500,45,tail_slot,provider_balance,-0.009626942329125155,-0.007848543217404151,-0.008494444260981959
oat-exploration_cost-0p0500,45,diversify,novel_slot,-0.0003691578729936362,0.0020609935740998897,0.0013440972271170247
oat-exploration_cost-0p0500,45,diversify,provider_balance,0.0019130397098513301,0.0033452054596156753,0.0026618653668136977
oat-exploration_cost-0p0500,45,novel_slot,provider_balance,0.0019719179219248053,0.003560710302728939,0.00281219142817117
oat-exploration_cost-0p0500,46,repeat_cap,explore_slot,-0.020710463404530026,-0.018471593456539207,-0.019868680719847712
oat-exploration_cost-0p0500,46,repeat_cap,tail_slot,-0.014799817493646332,-0.013908843955539082,-0.014347902038475586
oat-exploration_cost-0p0500,46,repeat_cap,diversify,-0.0007672948839185799,0.002034061945652778,0.0007620991631691195
oat-exploration_cost-0p0500,46,repeat_cap,novel_slot,-0.015026281565595215,-0.0117791653019296,-0.013463936954566273
oat-exploration_cost-0p0500,46,repeat_cap,provider_balance,-0.00049236435771831,0.0036805169831982186,0.002060083456308809
oat-exploration_cost-0p0500,46,explore_slot,tail_slot,-0.0008739107141654777,-0.00023407953731540419,-0.0004671105205763361
oat-exploration_cost-0p0500,46,explore_slot,diversify,-0.003357078432799125,-0.0023894309912031223,-0.0028320637088888635
oat-exploration_cost-0p0500,46,explore_slot,novel_slot,-0.0015094674858635764,-0.0005416266393856255,-0.0009703625749767432
oat-exploration_cost-0p0500,46,explore_slot,provider_balance,-0.0031410048727684428,-0.0018532732040326555,-0.0025663218271637553
oat-exploration_cost-0p0500,46,tail_slot,diversify,-0.0032954641240017387,-0.0014797479262402674,-0.002458098587002632
oat-exploration_cost-0p0500,46,tail_slot,novel_slot,-0.0035099940479578406,-0.001567509756750757,-0.0029610339664377424
oat-exploration_cost-0p0500,46,tail_slot,provider_balance,-0.009454100915920461,-0.004967959432769379,-0.007488897623864739
oat-exploration_cost-0p0500,46,diversify,novel_slot,0.0009494806049780643,0.0016050035843806233,0.0011198371718888838
oat-exploration_cost-0p0500,46,diversify,provider_balance,0.0013608880349741488,0.0030793382943930213,0.0022327732978750046
oat-exploration_cost-0p0500,46,novel_slot,provider_balance,0.0013265935799282118,0.0038726939917694005,0.002486314774568463
oat-exploration_cost-0p1500,42,repeat_cap,explore_slot,-0.021310981496759238,-0.01921031059020754,-0.020498784416250724
oat-exploration_cost-0p1500,42,repeat_cap,tail_slot,-0.01685202892520133,-0.010816247699612203,-0.013714791809663056
oat-exploration_cost-0p1500,42,repeat_cap,diversify,-0.0004986837769154938,0.0032807080415303575,0.00145549096482635
oat-exploration_cost-0p1500,42,repeat_cap,novel_slot,-0.013059764128134433,-0.0059040350642224,-0.008634713621249375
oat-exploration_cost-0p1500,42,repeat_cap,provider_balance,4.507811803952948e-06,0.001357034485464194,0.0007911843304972387
oat-exploration_cost-0p1500,42,explore_slot,tail_slot,-0.0009014884836700177,0.0012971747562134255,0.0003363424943470546
oat-exploration_cost-0p1500,42,explore_slot,diversify,-0.0035656671104383362,-0.0031043139923882424,-0.0033437261870668095
oat-exploration_cost-0p1500,42,explore_slot,novel_slot,-0.001052794845471299,2.2624750365014216e-05,-0.0005463342200939981
oat-exploration_cost-0p1500,42,explore_slot,provider_balance,-0.00292658247658595,-0.0017712560991746402,-0.00235307423627767
oat-exploration_cost-0p1500,42,tail_slot,diversify,-0.004486482487254279,-0.0030822255761610135,-0.003538734613567683
oat-exploration_cost-0p1500,42,tail_slot,novel_slot,-0.004219303544287225,-0.001024030385695832,-0.0030597807627956142
oat-exploration_cost-0p1500,42,tail_slot,provider_balance,-0.008981331215222913,-0.004409436996007936,-0.007400832729873198
oat-exploration_cost-0p1500,42,diversify,novel_slot,0.0007014993771566892,0.001489465410140738,0.0011769076357376067
oat-exploration_cost-0p1500,42,diversify,provider_balance,0.0006083273869617804,0.0028037508811730913,0.001972639213049694
oat-exploration_cost-0p1500,42,novel_slot,provider_balance,0.002069867663676108,0.005501414384233098,0.004042878631767142
oat-exploration_cost-0p1500,43,repeat_cap,explore_slot,-0.02197578399106505,-0.017753118122454368,-0.02040271011533
oat-exploration_cost-0p1500,43,repeat_cap,tail_slot,-0.01653344839104876,-0.014336161068071328,-0.015779076992283644
oat-exploration_cost-0p1500,43,repeat_cap,diversify,-0.00045639757945673,0.0012705015424382847,0.0005222745819458908
oat-exploration_cost-0p1500,43,repeat_cap,novel_slot,-0.01428396643169909,-0.007800411003559263,-0.010978805729883752
oat-exploration_cost-0p1500,43,repeat_cap,provider_balance,-0.005044809699106405,0.00221410877224774,-0.0003963768222916039
oat-exploration_cost-0p1500,43,explore_slot,tail_slot,-0.0007323444052538244,0.0022969082041483764,0.00047218250270646817
oat-exploration_cost-0p1500,43,explore_slot,diversify,-0.003781862512091786,-0.0030172325742006973,-0.0033249835628331482
oat-exploration_cost-0p1500,43,explore_slot,novel_slot,-0.001036385412025755,0.0022101967316778617,0.0002202043601812139
oat-exploration_cost-0p1500,43,explore_slot,provider_balance,-0.0036492591091150687,-0.0025876274456242045,-0.003068003169784222
oat-exploration_cost-0p1500,43,tail_slot,diversify,-0.0037376616924997374,-0.0021701059840480846,-0.0030107625942580483
oat-exploration_cost-0p1500,43,tail_slot,novel_slot,-0.0041259884929257164,-0.0011191045993479121,-0.002675218198631984
oat-exploration_cost-0p1500,43,tail_slot,provider_balance,-0.010841837456973676,-0.005687214402220594,-0.007346917472844999
oat-exploration_cost-0p1500,43,diversify,novel_slot,-0.00015907772080693832,0.001674469906499515,0.0008007042503664894
oat-exploration_cost-0p1500,43,diversify,provider_balance,0.0014638920282977169,0.002945507154594101,0.0018967017446689374
oat-exploration_cost-0p1500,43,novel_slot,provider_balance,9.927242260783552e-06,0.0052905328362910144,0.002785732255620611
oat-exploration_cost-0p1500,44,repeat_cap,explore_slot,-0.020965939872617807,-0.019007106918586283,-0.020255492353567484
oat-exploration_cost-0p1500,44,repeat_cap,tail_slot,-0.016578010224207365,-0.0140127869420672,-0.01504720466374079
oat-exploration_cost-0p1500,44,repeat_cap,diversify,-0.0005063892137410386,0.002142149986992344,0.0004817512804602285
oat-exploration_cost-0p1500,44,repeat_cap,novel_slot,-0.015164446404532397,-0.006697343710450259,-0.011278173033066195
oat-exploration_cost-0p1500,44,repeat_cap,provider_balance,0.00010529602707639801,0.0031241276389440157,0.0010720718444851543
oat-exploration_cost-0p1500,44,explore_slot,tail_slot,-0.0018386279639174287,0.0015592354233084306,-5.985874008831185e-05
oat-exploration_cost-0p1500,44,explore_slot,diversify,-0.003793997001561188,-0.0017164595363404788,-0.0028250561008573627
oat-exploration_cost-0p1500,44,explore_slot,novel_slot,-0.0016032556305101847,0.00019739051251022846,-0.0005432692756518374
oat-exploration_cost-0p1500,44,explore_slot,provider_balance,-0.0027633974143555402,-0.0017486971885924618,-0.0022521152862119117
oat-exploration_cost-0p1500,44,tail_slot,diversify,-0.0029931543023517314,-0.001707809038108104,-0.0022341421211239066
oat-exploration_cost-0p1500,44,tail_slot,novel_slot,-0.003829766079006084,-0.0021068207715889,-0.0029783778852220627
oat-exploration_cost-0p1500,44,tail_slot,provider_balance,-0.00932838706252505,-0.006756296545236029,-0.007858584848888886
oat-exploration_cost-0p1500,44,diversify,novel_slot,-0.00024154200013590021,0.001363695664028908,0.0008317343042278911
oat-exploration_cost-0p1500,44,diversify,provider_balance,0.0016486647457340346,0.00342551925997959,0.0026414910068729026
oat-exploration_cost-0p1500,44,novel_slot,provider_balance,0.001059021047704072,0.0035490786259462083,0.0024180231727717384
oat-exploration_cost-0p1500,45,repeat_cap,explore_slot,-0.02210155429598435,-0.019264067422460042,-0.02061377282768559
oat-exploration_cost-0p1500,45,repeat_cap,tail_slot,-0.01525313821302717,-0.013094219345108403,-0.014089199969903737
oat-exploration_cost-0p1500,45,repeat_cap,diversify,9.721346338102503e-05,0.0016026248391639768,0.0007529530946160817
oat-exploration_cost-0p1500,45,repeat_cap,novel_slot,-0.013551090934194243,-0.0071741019188603745,-0.011550561035196152
oat-exploration_cost-0p1500,45,repeat_cap,provider_balance,-0.000974476642201616,0.002951482108872855,0.0003799011197358747
oat-exploration_cost-0p1500,45,explore_slot,tail_slot,-0.0006093132762433064,0.00031724845175746445,-0.00026630996307562045
oat-exploration_cost-0p1500,45,explore_slot,diversify,-0.004268268146032675,-0.0019437457480746025,-0.003231165861116072
oat-exploration_cost-0p1500,45,explore_slot,novel_slot,-0.0007449368924383887,0.00020997247889320374,-0.00035542274932003824
oat-exploration_cost-0p1500,45,explore_slot,provider_balance,-0.0034177262593273216,-0.0024301143499914097,-0.0031292424670219697
oat-exploration_cost-0p1500,45,tail_slot,diversify,-0.004290714414906579,-0.0015611019927594552,-0.0029811320733372482
oat-exploration_cost-0p1500,45,tail_slot,novel_slot,-0.004244732992645654,-0.002216061881278379,-0.003151666124573148
oat-exploration_cost-0p1500,45,tail_slot,provider_balance,-0.009626942329125154,-0.00784854321740416,-0.00849444426098196
oat-exploration_cost-0p1500,45,diversify,novel_slot,-0.00036915787299363924,0.00206099357409989,0.0013440972271170249
oat-exploration_cost-0p1500,45,diversify,provider_balance,0.0019130397098513227,0.0033452054596156736,0.002661865366813694
oat-exploration_cost-0p1500,45,novel_slot,provider_balance,0.0019719179219248022,0.00356071030272894,0.0028121914281711707
oat-exploration_cost-0p1500,46,repeat_cap,explore_slot,-0.02071046340453002,-0.018471593456539207,-0.019868680719847716
oat-exploration_cost-0p1500,46,repeat_cap,tail_slot,-0.014799817493646353,-0.013908843955539105,-0.014347902038475607
oat-exploration_cost-0p1500,46,repeat_cap,diversify,-0.000767294883918592,0.00203406194565277,0.0007620991631691106
oat-exploration_cost-0p1500,46,repeat_cap,novel_slot,-0.015026281565595238,-0.011779165301929613,-0.013463936954566292
oat-exploration_cost-0p1500,46,repeat_cap,provider_balance,-0.0004923643577183089,0.0036805169831982155,0.0020600834563088096
oat-exploration_cost-0p1500,46,explore_slot,tail_slot,-0.0008739107141654795,-0.00023407953731541123,-0.0004671105205763402
oat-exploration_cost-0p1500,46,explore_slot,diversify,-0.0033570784327991146,-0.0023894309912031162,-0.002832063708888854
oat-exploration_cost-0p1500,46,explore_slot,novel_slot,-0.0015094674858635799,-0.000541626639385629,-0.0009703625749767427
oat-exploration_cost-0p1500,46,explore_slot,provider_balance,-0.003141004872768446,-0.0018532732040326546,-0.0025663218271637545
oat-exploration_cost-0p1500,46,tail_slot,diversify,-0.0032954641240017383,-0.0014797479262402611,-0.0024580985870026294
oat-exploration_cost-0p1500,46,tail_slot,novel_slot,-0.003509994047957816,-0.0015675097567507369,-0.002961033966437721
oat-exploration_cost-0p1500,46,tail_slot,provider_balance,-0.009454100915920456,-0.004967959432769376,-0.0074888976238647355
oat-exploration_cost-0p1500,46,diversify,novel_slot,0.0009494806049780654,0.0016050035843806168,0.0011198371718888823
oat-exploration_cost-0p1500,46,diversify,provider_balance,0.0013608880349741466,0.003079338294393018,0.0022327732978750024
oat-exploration_cost-0p1500,46,novel_slot,provider_balance,0.001326593579928209,0.0038726939917694014,0.002486314774568461
